miRNA_1	miRNA_2	bifan_target_1	bifan_target_2
MIR100	MIR10B	MTF1	ZNF148
MIR100	MIR125A	MTF1	PRDM1
MIR100	MIR125A	STK26	TAOK1
MIR100	MIR125B1	MTF1	PRDM1
MIR100	MIR125B1	USP9X	USP15
MIR100	MIR125B2	MTF1	PRDM1
MIR10A	MIR125A	IRF2BP2	MYT1L
MIR10A	MIR99B	IGF1R	EPHA7
MIR125A	MIR99A	PPP1CB	PPP2CA
MIR125A	MIR99B	PPP1CB	PPP2CA
MIR105-1	MIR105-2	ACVR2A	BMPR1B
MIR105-1	MIR105-2	PDE10A	PDE4D
MIR105-1	MIR105-2	SSH1	DUSP13
MIR105-1	MIR105-2	LRRC8B	SHOC2
MIR105-1	MIR105-2	IGF1R	EPHA4
MIR105-1	MIR105-2	IGF1R	EPHA5
MIR105-1	MIR105-2	IGF1R	ERBB4
MIR105-1	MIR105-2	HOXA3	HOXA1
MIR105-1	MIR105-2	HOXA3	HOXA13
MIR105-1	MIR105-2	EPHA4	ERBB4
MIR105-1	MIR105-2	KRAS	RAP2C
MIR105-1	MIR105-2	KRAS	RERG
MIR105-1	MIR105-2	ERBB4	EPHA5
MIR105-1	MIR105-2	OSBPL8	OSBPL2
MIR105-1	MIR105-2	DUSP13	SSH2
MIR105-1	MIR105-2	USP15	USP37
MIR105-1	MIR105-2	PTPRG	PTPN13
MIR105-1	MIR105-2	ZNF490	ZNF621
MIR105-1	MIR105-2	CDK6	CDK12
MIR105-1	MIR105-2	TM9SF2	TM9SF3
MIR105-1	MIR105-2	CDH2	PCDH9
MIR105-1	MIR105-2	RAB3C	RAB2A
MIR105-1	MIR105-2	RAB3C	RAB22A
MIR105-1	MIR105-2	RAB3C	RAB6A
MIR105-1	MIR105-2	CHRFAM7A	GABRB3
MIR105-1	MIR105-2	CHRFAM7A	CHRNA7
MIR105-1	MIR105-2	RAB2A	RAB22A
MIR105-1	MIR105-2	RAB2A	RAB3B
MIR105-1	MIR105-2	RAB2A	RAB6A
MIR105-1	MIR105-2	RAB22A	RAB3B
MIR105-1	MIR105-2	RAB22A	RAB6A
MIR105-1	MIR105-2	RBMS1	ELAVL3
MIR105-1	MIR105-2	SLC25A36	SLC25A37
MIR105-1	MIR105-2	RERG	RAP2C
MIR105-1	MIR105-2	KBTBD11	KLHL7
MIR105-1	MIR105-2	KBTBD11	KLHL28
MIR105-1	MIR105-2	KLHL28	KLHL7
MIR105-1	MIR105-2	CHRNA7	GABRB3
MIR105-1	MIR105-2	ACSL6	ACSL3
MIR105-1	MIR105-2	HOXA1	HOXA13
MIR105-1	MIR105-2	RAB3B	RAB6A
MIR106A	MIR20A	NEDD4L	HECTD2
MIR106A	MIR20A	DENND5B	PKD2
MIR106A	MIR20A	EZH1	KMT2B
MIR106A	MIR20A	RAB5B	RAB22A
MIR106A	MIR20A	LAMA3	NTN4
MIR106A	MIR20A	E2F1	E2F5
MIR106A	MIR20A	HIPK1	DYRK1A
MIR106A	MIR20A	RAP2C	RASL11B
MIR106A	MIR20A	KLHL28	KLHL2
MIR106A	MIR20A	ZBTB7A	ZNF367
MIR106A	MIR20A	ZFYVE26	RUFY2
MIR106A	MIR20B	NEDD4L	HECTD2
MIR106A	MIR20B	DENND5B	PKD2
MIR106A	MIR20B	TGFBR2	BMPR2
MIR106A	MIR20B	EZH1	KMT2B
MIR106A	MIR20B	RAB5B	RAB22A
MIR106A	MIR20B	E2F1	E2F5
MIR106A	MIR20B	PTPN4	PTPRF
MIR106A	MIR20B	RAP2C	RASL11B
MIR106A	MIR20B	KLHL28	KLHL2
MIR106A	MIR20B	ZBTB7A	ZNF367
MIR106A	MIR20B	ZFYVE26	RUFY2
MIR106A	MIR20B	DCUN1D4	DCUN1D3
MIR106A	MIR93	NEDD4L	HECTD2
MIR106A	MIR93	RAP1A	RAP2C
MIR106A	MIR93	RAP1A	RASL11B
MIR106A	MIR93	LAMA3	NTN4
MIR106A	MIR93	E2F1	E2F5
MIR106A	MIR93	RAP2C	RASL11B
MIR106A	MIR93	KLHL28	KLHL2
MIR106A	MIR93	ZBTB7A	ZNF367
MIR106A	MIR93	ZFYVE26	RUFY2
MIR18B	MIR20A	RAB22A	RAB10
MIR18B	MIR20B	RAB22A	RAB10
MIR18B	MIR20B	EPHA7	FLT3
MIR20A	MIR106B	ACVR2B	TGFBR2
MIR20A	MIR106B	DENND5B	PKD2
MIR20A	MIR106B	NKIRAS1	RAP2C
MIR20A	MIR106B	NKIRAS1	RASL11B
MIR20A	MIR106B	EHMT1	EZH1
MIR20A	MIR106B	RAB5B	RAB22A
MIR20A	MIR106B	LAMA3	NTN4
MIR20A	MIR106B	E2F1	E2F5
MIR20A	MIR106B	RAP2C	RASL11B
MIR20A	MIR106B	KLHL28	KLHL2
MIR20A	MIR106B	ZBTB7A	ZNF367
MIR20A	MIR106B	ZFYVE26	RUFY2
MIR20A	MIR17	NEDD4L	HECTD2
MIR20A	MIR17	NKIRAS1	RAP2C
MIR20A	MIR17	NKIRAS1	RASL11B
MIR20A	MIR17	ANKIB1	RNF19A
MIR20A	MIR17	EZH1	KMT2B
MIR20A	MIR17	RAB5B	RAB22A
MIR20A	MIR17	LAMA3	NTN4
MIR20A	MIR17	E2F1	E2F5
MIR20A	MIR17	RAP2C	RASL11B
MIR20A	MIR17	KLHL28	KLHL2
MIR20A	MIR17	ZBTB7A	ZNF367
MIR20A	MIR17	ZFYVE26	RUFY2
MIR20B	MIR106B	DENND5B	PKD2
MIR20B	MIR106B	CCND1	CCNG2
MIR20B	MIR106B	NKIRAS1	RAP2C
MIR20B	MIR106B	NKIRAS1	RASL11B
MIR20B	MIR106B	RAB5B	RAB22A
MIR20B	MIR106B	E2F1	E2F5
MIR20B	MIR106B	RAP2C	RASL11B
MIR20B	MIR106B	KLHL28	KLHL2
MIR20B	MIR106B	ZBTB7A	ZNF367
MIR20B	MIR106B	ZFYVE26	RUFY2
MIR20B	MIR17	NEDD4L	HECTD2
MIR20B	MIR17	TGFBR1	TGFBR2
MIR20B	MIR17	NKIRAS1	RAP2C
MIR20B	MIR17	NKIRAS1	RAP2A
MIR20B	MIR17	NKIRAS1	RASL11B
MIR20B	MIR17	DPYSL2	DPYSL5
MIR20B	MIR17	EZH1	KMT2B
MIR20B	MIR17	RAB5B	RAB22A
MIR20B	MIR17	E2F1	E2F5
MIR20B	MIR17	RAP2A	RASL11B
MIR20B	MIR17	RAP2C	RASL11B
MIR20B	MIR17	KLHL28	KLHL2
MIR20B	MIR17	ZBTB7A	ZNF367
MIR20B	MIR17	ZFYVE26	RUFY2
MIR93	MIR106B	LAMA3	NTN4
MIR93	MIR106B	E2F1	E2F5
MIR93	MIR106B	RAP2C	RASL11B
MIR93	MIR106B	KLHL28	KLHL2
MIR93	MIR106B	ZBTB7A	ZNF367
MIR93	MIR106B	ZFYVE26	RUFY2
MIR93	MIR17	NEDD4L	HECTD2
MIR93	MIR17	DPYSL2	DPYSL5
MIR93	MIR17	LAMA3	NTN4
MIR93	MIR17	E2F1	E2F5
MIR93	MIR17	USP3	USP33
MIR93	MIR17	RAP2C	RASL11B
MIR93	MIR17	KLHL28	KLHL2
MIR93	MIR17	ZBTB7A	ZNF367
MIR93	MIR17	ZFYVE26	RUFY2
MIR1185-1	MIR1185-2	PPP6C	PPP2CB
MIR1185-1	MIR1185-2	XIAP	NAIP
MIR1185-1	MIR1185-2	SLC2A13	SLC2A3
MIR1185-1	MIR1185-2	SLC2A13	SLC2A14
MIR1185-1	MIR1185-2	DUSP6	STYX
MIR1185-1	MIR1185-2	GATA2	TRPS1
MIR1185-1	MIR1185-2	EPHA6	TEK
MIR1185-1	MIR1185-2	EPHA6	NTRK3
MIR1185-1	MIR1185-2	EPHA6	ERBB4
MIR1185-1	MIR1185-2	IRX3	IRX5
MIR1185-1	MIR1185-2	QKI	KHDRBS3
MIR1185-1	MIR1185-2	FOXO3	FOXC1
MIR1185-1	MIR1185-2	FOXO3	FOXJ2
MIR1185-1	MIR1185-2	FOXO3	FOXM1
MIR1185-1	MIR1185-2	FOXO3	FOXP1
MIR1185-1	MIR1185-2	USP9X	USP37
MIR1185-1	MIR1185-2	MYO1E	TMF1
MIR1185-1	MIR1185-2	KMT2C	ASH1L
MIR1185-1	MIR1185-2	KMT2C	NSD3
MIR1185-1	MIR1185-2	NSD3	ASH1L
MIR1185-1	MIR1185-2	ERBB4	TEK
MIR1185-1	MIR1185-2	ERBB4	NTRK3
MIR1185-1	MIR1185-2	SET	TSPYL1
MIR1185-1	MIR1185-2	FOXJ2	FOXC1
MIR1185-1	MIR1185-2	FOXJ2	FOXM1
MIR1185-1	MIR1185-2	FOXJ2	FOXP1
MIR1185-1	MIR1185-2	RAB18	RAB2A
MIR1185-1	MIR1185-2	RAB18	RAB14
MIR1185-1	MIR1185-2	DDX3X	EIF4A2
MIR1185-1	MIR1185-2	LIFR	IL6ST
MIR1185-1	MIR1185-2	TEK	NTRK3
MIR1185-1	MIR1185-2	FOXC1	FOXM1
MIR1185-1	MIR1185-2	FOXC1	FOXP1
MIR1185-1	MIR1185-2	CSMD2	PAPPA2
MIR1185-1	MIR1185-2	POU2F1	POU4F2
MIR1185-1	MIR1185-2	RAB2A	RAB14
MIR1185-1	MIR1185-2	SLC2A14	SLC2A3
MIR1185-1	MIR1185-2	SOS2	RAPGEF5
MIR1185-1	MIR1185-2	FOXP1	FOXM1
MIR1185-1	MIR1185-2	ROBO2	CNTN2
MIR1185-1	MIR323B	FOXJ2	FOXP1
MIR1185-1	MIR409	GATA2	TRPS1
MIR1185-1	MIR495	POU2F1	POU4F2
MIR1185-1	MIR543	EIF4A2	DDX3X
MIR1185-1	MIR655	POU2F1	POU4F2
MIR1185-2	MIR323B	FOXJ2	FOXP1
MIR1185-2	MIR409	GATA2	TRPS1
MIR1185-2	MIR495	POU2F1	POU4F2
MIR1185-2	MIR543	DDX3X	EIF4A2
MIR1185-2	MIR655	POU2F1	POU4F2
MIR1193	MIR381	USP1	USP15
MIR1193	MIR494	PPM1D	PPM1E
MIR1193	MIR889	USP1	USP15
MIR1197	MIR487A	THRB	RARB
MIR1197	MIR487B	THRB	RARB
MIR1197	MIR496	THRB	RARB
MIR154	MIR485	PDE10A	PDE4D
MIR154	MIR485	ELAVL2	RBMS1
MIR154	MIR487A	PDE10A	PDE4D
MIR154	MIR487A	MYO1B	TMF1
MIR154	MIR487A	ELAVL2	RBMS1
MIR154	MIR487A	ZYG11A	ZER1
MIR154	MIR539	PDE10A	PDE4D
MIR154	MIR539	ELAVL2	RBMS1
MIR299	MIR379	KDM2B	KDM7A
MIR299	MIR381	RAP1A	RAP2C
MIR299	MIR410	CASK	MPP2
MIR299	MIR411	KDM2B	KDM7A
MIR323A	MIR539	KLF12	KLF6
MIR323A	MIR654	ASH1L	KMT2A
MIR323B	MIR381	HNRNPR	RBM24
MIR323B	MIR410	TAOK1	PAK2
MIR323B	MIR410	TOGARAM1	CLASP2
MIR323B	MIR410	ZNF552	ZNF562
MIR323B	MIR410	PPM1E	PPM1A
MIR323B	MIR411	USP6	USP34
MIR323B	MIR411	USP34	USP32
MIR323B	MIR494	ZNF552	ZNF562
MIR329-1	MIR329-2	SHPRH	CHD7
MIR329-1	MIR329-2	PSD3	MON2
MIR329-1	MIR329-2	RAP2B	RALA
MIR329-1	MIR329-2	RAP2B	RAP1B
MIR329-1	MIR329-2	SMAD2	SMAD4
MIR329-1	MIR329-2	KLHL5	KLHL42
MIR329-1	MIR329-2	KLHL5	KLHL2
MIR329-1	MIR329-2	KLHL5	BACH2
MIR329-1	MIR329-2	ACVR1C	BMPR2
MIR329-1	MIR329-2	SSH1	DUSP10
MIR329-1	MIR329-2	GABRB2	CHRNA7
MIR329-1	MIR329-2	RALA	RAP1B
MIR329-1	MIR329-2	CILK1	NLK
MIR329-1	MIR329-2	ZNF681	ZNF268
MIR329-1	MIR329-2	ZNF681	ZNF621
MIR329-1	MIR329-2	ZNF681	ZNF33B
MIR329-1	MIR329-2	EPHA4	FLT1
MIR329-1	MIR329-2	PRLR	IL6ST
MIR329-1	MIR329-2	CELF6	CELF2
MIR329-1	MIR329-2	CELF6	CELF1
MIR329-1	MIR329-2	NAA50	NAA30
MIR329-1	MIR329-2	SLC4A7	SLC4A4
MIR329-1	MIR329-2	USP15	USP28
MIR329-1	MIR329-2	USP15	USP36
MIR329-1	MIR329-2	USP15	USP3
MIR329-1	MIR329-2	PTPRG	PTPRJ
MIR329-1	MIR329-2	PTPRG	PTPN1
MIR329-1	MIR329-2	BMP2	INHBB
MIR329-1	MIR329-2	UBXN7	FAF2
MIR329-1	MIR329-2	PDE4D	PDE5A
MIR329-1	MIR329-2	PDE4D	PDE3A
MIR329-1	MIR329-2	ZFX	ZNF480
MIR329-1	MIR329-2	PTPN1	PTPRJ
MIR329-1	MIR329-2	PDE3A	PDE5A
MIR329-1	MIR329-2	CDK14	PRPF4B
MIR329-1	MIR329-2	TARDBP	RBMS3
MIR329-1	MIR329-2	ZNF33B	ZNF268
MIR329-1	MIR329-2	ZNF33B	ZNF621
MIR329-1	MIR329-2	USP28	USP36
MIR329-1	MIR329-2	USP28	USP3
MIR329-1	MIR329-2	YAF2	RYBP
MIR329-1	MIR329-2	ADARB2	ADAD1
MIR329-1	MIR329-2	PCDHAC1	PCDH17
MIR329-1	MIR329-2	PCDHAC1	PCDHA4
MIR329-1	MIR329-2	ZNF268	ZNF621
MIR329-1	MIR329-2	FLT1	EPHB1
MIR329-1	MIR329-2	BACH2	KLHL42
MIR329-1	MIR329-2	BACH2	KLHL2
MIR329-1	MIR329-2	USP3	USP36
MIR329-1	MIR329-2	GNAQ	GNAL
MIR329-1	MIR329-2	ARL4A	ARL8B
MIR329-1	MIR329-2	KLHL42	KLHL2
MIR329-1	MIR329-2	ROBO1	IGDCC3
MIR329-1	MIR329-2	ANGEL2	CNOT6L
MIR329-1	MIR329-2	LHX9	ZFHX4
MIR329-1	MIR377	USP3	USP28
MIR329-1	MIR380	BACH2	KLHL2
MIR329-1	MIR382	ACVR1C	BMPR2
MIR329-1	MIR410	BMPR2	ACVR1C
MIR329-1	MIR411	YAF2	RYBP
MIR329-1	MIR412	USP15	USP28
MIR329-1	MIR485	RYBP	YAF2
MIR329-1	MIR485	PDE4D	PDE3A
MIR329-1	MIR494	YAF2	RYBP
MIR329-1	MIR495	BACH2	KLHL5
MIR329-1	MIR543	KLHL5	BACH2
MIR329-1	MIR655	USP15	USP3
MIR329-1	MIR758	RYBP	YAF2
MIR329-2	MIR377	USP3	USP28
MIR329-2	MIR380	BACH2	KLHL2
MIR329-2	MIR382	ACVR1C	BMPR2
MIR329-2	MIR410	BMPR2	ACVR1C
MIR329-2	MIR411	YAF2	RYBP
MIR329-2	MIR412	USP15	USP28
MIR329-2	MIR485	RYBP	YAF2
MIR329-2	MIR485	PDE4D	PDE3A
MIR329-2	MIR494	YAF2	RYBP
MIR329-2	MIR495	BACH2	KLHL5
MIR329-2	MIR543	KLHL5	BACH2
MIR329-2	MIR655	USP15	USP3
MIR329-2	MIR758	RYBP	YAF2
MIR377	MIR539	MTF1	ZNF148
MIR379	MIR411	SMURF1	UBR5
MIR379	MIR411	CADM1	CADM2
MIR379	MIR411	IGF1R	ERBB4
MIR379	MIR411	KDM2B	KDM7A
MIR379	MIR411	LHX6	ZFHX4
MIR379	MIR411	DUSP10	DUSP1
MIR379	MIR411	PTPN9	PTPRD
MIR379	MIR494	ZFHX4	LHX6
MIR380	MIR412	FLNA	MICAL2
MIR381	MIR889	USP1	USP15
MIR382	MIR410	BMPR2	ACVR1C
MIR382	MIR889	DDX3Y	DDX3X
MIR409	MIR487B	LRP6	LRP8
MIR409	MIR495	ZFHX4	LHX2
MIR410	MIR494	PRR20A	PRR20B
MIR410	MIR494	PRR20A	PRR20D
MIR410	MIR494	PRR20A	PRR20C
MIR410	MIR494	PRR20A	PRR20E
MIR410	MIR494	ZNF814	ZNF37A
MIR410	MIR494	PRR20C	PRR20B
MIR410	MIR494	PRR20C	PRR20D
MIR410	MIR494	PRR20C	PRR20E
MIR410	MIR494	KCNJ16	KCNJ9
MIR410	MIR494	ZFX	ZNF562
MIR410	MIR494	ZFX	ZNF552
MIR410	MIR494	PRR20E	PRR20B
MIR410	MIR494	PRR20E	PRR20D
MIR410	MIR494	ZNF552	ZNF562
MIR410	MIR494	PRR20B	PRR20D
MIR411	MIR485	AGO1	AGO4
MIR411	MIR485	YAF2	RYBP
MIR411	MIR494	LHX6	ZFHX4
MIR411	MIR494	YAF2	RYBP
MIR411	MIR654	AGO4	AGO1
MIR411	MIR758	YAF2	RYBP
MIR412	MIR758	GRIK3	GRIN2A
MIR485	MIR487A	PDE10A	PDE4D
MIR485	MIR487A	ELAVL2	RBMS1
MIR485	MIR494	ZIC2	GLIS3
MIR485	MIR494	YAF2	RYBP
MIR485	MIR495	NSD2	KMT2C
MIR485	MIR539	PDE10A	PDE4D
MIR485	MIR539	ELAVL2	RBMS1
MIR485	MIR539	MTF1	SNAI2
MIR485	MIR539	UBE2Q1	UBE2E3
MIR485	MIR654	AGO1	AGO4
MIR485	MIR656	IGF2BP2	NOVA1
MIR485	MIR758	YAF2	RYBP
MIR487A	MIR487B	MOB3B	MOB1B
MIR487A	MIR487B	ZNF33A	ZNF544
MIR487A	MIR487B	SMN1	SMN2
MIR487A	MIR487B	THRB	RARB
MIR487A	MIR487B	EPB41L3	FRMD3
MIR487A	MIR487B	OLFM3	GLDN
MIR487A	MIR487B	KAT2B	BAZ2A
MIR487A	MIR487B	HACE1	NEDD4
MIR487A	MIR487B	FRMD3	EPB41L2
MIR487A	MIR496	THRB	RARB
MIR487A	MIR539	PDE10A	PDE4D
MIR487A	MIR539	ELAVL2	RBMS1
MIR487B	MIR496	THRB	RARB
MIR494	MIR656	BTAF1	ATRX
MIR494	MIR758	ATRX	BTAF1
MIR494	MIR758	YAF2	RYBP
MIR495	MIR543	KLHL5	BACH2
MIR495	MIR655	POU4F2	POU2F1
MIR495	MIR889	LAMC1	ATRN
MIR496	MIR758	IRF2BP2	MYT1L
MIR539	MIR889	PCDHA10	PCDHA4
MIR539	MIR889	SCML2	PHC3
MIR654	MIR656	ZNF275	ZNF714
MIR656	MIR758	BTAF1	ATRX
MIR758	MIR889	USP9X	USP15
MIR1283-1	MIR1283-2	SRSF1	SRSF6
MIR1283-1	MIR1283-2	ERBB4	EPHA3
MIR1283-1	MIR1283-2	LRCH4	PHLPP1
MIR1283-1	MIR1283-2	RFX3	RFX4
MIR1283-1	MIR1283-2	ATP2A2	ATP2B1
MIR1283-1	MIR516B1	ATP2B1	ATP2A2
MIR1283-1	MIR516B2	ATP2B1	ATP2A2
MIR1283-2	MIR516B1	ATP2B1	ATP2A2
MIR1283-2	MIR516B2	ATP2B1	ATP2A2
MIR1323	MIR302C	KBTBD8	KLHL28
MIR1323	MIR372	KLHL28	KLHL15
MIR1323	MIR519C	ZBTB18	ZNF148
MIR1323	MIR520F	ZBTB18	ZNF148
MIR1323	MIR525	PAK5	STK39
MIR302A	MIR302B	NR2C2	NR2F2
MIR302A	MIR302B	E2F7	E2F5
MIR302A	MIR302B	ZBTB5	ZNF367
MIR302A	MIR302B	UBE2B	UBE2W
MIR302A	MIR302B	GLIS3	AEBP2
MIR302A	MIR302B	LEFTY1	GDF11
MIR302A	MIR302B	LEFTY1	LEFTY2
MIR302A	MIR302B	MTF1	ZNF148
MIR302A	MIR302B	CUL3	CACUL1
MIR302A	MIR302B	RAB22A	RAB11A
MIR302A	MIR302B	GDF11	LEFTY2
MIR302A	MIR302B	ZBTB41	PRDM4
MIR302A	MIR302C	ELAVL2	TARDBP
MIR302A	MIR302C	ZBTB5	ZNF367
MIR302A	MIR302C	UBE2B	UBE2W
MIR302A	MIR302C	GLIS3	AEBP2
MIR302A	MIR302C	LRP1B	VLDLR
MIR302A	MIR302C	MTF1	ZNF148
MIR302A	MIR302C	HNRNPF	HNRNPH1
MIR302A	MIR302C	RAB22A	RAB11A
MIR302A	MIR302D	NR2C2	NR2F2
MIR302A	MIR302D	ELAVL2	TARDBP
MIR302A	MIR302D	ZBTB5	ZNF367
MIR302A	MIR302D	GLIS3	AEBP2
MIR302A	MIR302D	MINK1	PAK2
MIR302A	MIR302D	LEFTY1	GDF11
MIR302A	MIR302D	LEFTY1	LEFTY2
MIR302A	MIR302D	MTF1	ZNF148
MIR302A	MIR302D	RAB22A	RAB11A
MIR302A	MIR302D	GDF11	LEFTY2
MIR302A	MIR302D	ZBTB41	PRDM4
MIR302A	MIR372	ELAVL2	TARDBP
MIR302A	MIR372	ELAVL2	RBMS3
MIR302A	MIR372	E2F7	E2F5
MIR302A	MIR372	ZBTB5	ZNF367
MIR302A	MIR372	GLIS3	AEBP2
MIR302A	MIR372	TARDBP	RBMS3
MIR302A	MIR372	MTF1	ZNF148
MIR302A	MIR372	GDF11	LEFTY2
MIR302A	MIR372	ZBTB41	PRDM4
MIR302A	MIR373	ELAVL2	TARDBP
MIR302A	MIR373	E2F7	E2F5
MIR302A	MIR373	ZBTB5	ZNF367
MIR302A	MIR373	UBE2B	UBE2W
MIR302A	MIR373	MINK1	PAK2
MIR302A	MIR373	LEFTY1	GDF11
MIR302A	MIR373	LEFTY1	LEFTY2
MIR302A	MIR373	MTF1	ZNF148
MIR302A	MIR373	CUL3	CACUL1
MIR302A	MIR373	RAB22A	RAB11A
MIR302A	MIR373	GDF11	LEFTY2
MIR302A	MIR373	ZBTB41	PRDM4
MIR302A	MIR512-1	RHOC	RHOT1
MIR302A	MIR512-2	RHOC	RHOT1
MIR302A	MIR518A1	TARDBP	RBMS3
MIR302A	MIR518A2	TARDBP	RBMS3
MIR302A	MIR519B	USP15	USP48
MIR302A	MIR519C	USP15	USP48
MIR302A	MIR519E	UBE2B	UBE2V2
MIR302A	MIR520A	E2F7	E2F5
MIR302A	MIR520A	ZBTB5	ZNF367
MIR302A	MIR520A	GLIS3	AEBP2
MIR302A	MIR520A	LEFTY1	GDF11
MIR302A	MIR520A	LEFTY1	LEFTY2
MIR302A	MIR520A	RAB22A	RAB11A
MIR302A	MIR520A	GDF11	LEFTY2
MIR302A	MIR520A	ZBTB41	PRDM4
MIR302A	MIR520B	E2F7	E2F5
MIR302A	MIR520B	ZBTB5	ZNF367
MIR302A	MIR520B	UBE2B	UBE2W
MIR302A	MIR520B	GLIS3	AEBP2
MIR302A	MIR520B	LEFTY1	GDF11
MIR302A	MIR520B	LEFTY1	LEFTY2
MIR302A	MIR520B	ZNF678	ZNF2
MIR302A	MIR520B	MTF1	ZNF148
MIR302A	MIR520B	RAB22A	RAB11A
MIR302A	MIR520B	GDF11	LEFTY2
MIR302A	MIR520B	ZBTB41	PRDM4
MIR302A	MIR520C	E2F7	E2F5
MIR302A	MIR520C	ZBTB5	ZNF367
MIR302A	MIR520C	UBE2B	UBE2W
MIR302A	MIR520C	GLIS3	AEBP2
MIR302A	MIR520C	LEFTY1	GDF11
MIR302A	MIR520C	LEFTY1	LEFTY2
MIR302A	MIR520C	MTF1	ZNF148
MIR302A	MIR520C	RAB22A	RAB11A
MIR302A	MIR520C	GDF11	LEFTY2
MIR302A	MIR520C	ZBTB41	PRDM4
MIR302A	MIR520D	ELAVL2	TARDBP
MIR302A	MIR520D	E2F7	E2F5
MIR302A	MIR520D	ZBTB5	ZNF367
MIR302A	MIR520D	UBE2B	UBE2W
MIR302A	MIR520D	GLIS3	AEBP2
MIR302A	MIR520D	LRP1B	VLDLR
MIR302A	MIR520D	MTF1	ZNF148
MIR302A	MIR520D	RAB22A	RAB11A
MIR302A	MIR520D	GDF11	LEFTY2
MIR302A	MIR520D	ZBTB41	PRDM4
MIR302A	MIR520E	E2F7	E2F5
MIR302A	MIR520E	ZBTB5	ZNF367
MIR302A	MIR520E	UBE2B	UBE2W
MIR302A	MIR520E	GLIS3	AEBP2
MIR302A	MIR520E	LEFTY1	GDF11
MIR302A	MIR520E	LEFTY1	LEFTY2
MIR302A	MIR520E	MTF1	ZNF148
MIR302A	MIR520E	RAB22A	RAB11A
MIR302A	MIR520E	GDF11	LEFTY2
MIR302A	MIR520E	ZBTB41	PRDM4
MIR302A	MIR520F	PRDM4	ZBTB41
MIR302A	MIR520F	MTF1	ZNF148
MIR302A	MIR520F	AEBP2	GLIS3
MIR302A	MIR520F	PAK2	MINK1
MIR302A	MIR520G	NR2C2	NR2F2
MIR302A	MIR524	RAB22A	RAB11A
MIR302B	MIR302C	ZBTB5	ZNF367
MIR302B	MIR302C	UBE2B	UBE2W
MIR302B	MIR302C	GLIS3	AEBP2
MIR302B	MIR302C	MTF1	ZNF148
MIR302B	MIR302C	RAB22A	RAB11A
MIR302B	MIR302D	NR2C2	NR2F2
MIR302B	MIR302D	GALNT13	GALNT3
MIR302B	MIR302D	ATRNL1	LAMA3
MIR302B	MIR302D	ATRNL1	TMEFF1
MIR302B	MIR302D	ZBTB5	ZNF367
MIR302B	MIR302D	SRSF1	RSRC2
MIR302B	MIR302D	ZNF143	ZNF148
MIR302B	MIR302D	ZNF143	MTF1
MIR302B	MIR302D	TLL2	NRXN3
MIR302B	MIR302D	SOX6	SOX11
MIR302B	MIR302D	GLIS3	AEBP2
MIR302B	MIR302D	TGFBR2	ACVR1
MIR302B	MIR302D	LEFTY1	GDF11
MIR302B	MIR302D	LEFTY1	LEFTY2
MIR302B	MIR302D	ERBB4	PDGFRA
MIR302B	MIR302D	PPM1B	PDP1
MIR302B	MIR302D	EHMT1	KMT2A
MIR302B	MIR302D	GULP1	FAM43A
MIR302B	MIR302D	MTF1	ZNF148
MIR302B	MIR302D	ATP2C1	ATP2B1
MIR302B	MIR302D	LAMA3	TMEFF1
MIR302B	MIR302D	RAB22A	RAB11A
MIR302B	MIR302D	GDF11	LEFTY2
MIR302B	MIR302D	ZBTB41	PRDM4
MIR302B	MIR302D	PDP1	PPM1A
MIR302B	MIR372	E2F7	E2F5
MIR302B	MIR372	ZBTB5	ZNF367
MIR302B	MIR372	GLIS3	AEBP2
MIR302B	MIR372	MTF1	ZNF148
MIR302B	MIR372	RAB22A	RAB33B
MIR302B	MIR372	GDF11	LEFTY2
MIR302B	MIR372	ZBTB41	PRDM4
MIR302B	MIR373	NR2C2	NR2E1
MIR302B	MIR373	E2F7	E2F5
MIR302B	MIR373	ZBTB5	ZNF367
MIR302B	MIR373	UBE2B	UBE2W
MIR302B	MIR373	LEFTY1	GDF11
MIR302B	MIR373	LEFTY1	LEFTY2
MIR302B	MIR373	MTF1	ZNF148
MIR302B	MIR373	CUL3	CACUL1
MIR302B	MIR373	RAB22A	RAB11A
MIR302B	MIR373	GDF11	LEFTY2
MIR302B	MIR373	ZBTB41	PRDM4
MIR302B	MIR520A	E2F7	E2F5
MIR302B	MIR520A	ZBTB5	ZNF367
MIR302B	MIR520A	GLIS3	AEBP2
MIR302B	MIR520A	LEFTY1	GDF11
MIR302B	MIR520A	LEFTY1	LEFTY2
MIR302B	MIR520A	LAMA3	NTN4
MIR302B	MIR520A	RAB22A	RAB11A
MIR302B	MIR520A	GDF11	LEFTY2
MIR302B	MIR520A	ZBTB41	PRDM4
MIR302B	MIR520B	E2F7	E2F5
MIR302B	MIR520B	ZBTB5	ZNF367
MIR302B	MIR520B	UBE2B	UBE2W
MIR302B	MIR520B	GLIS3	AEBP2
MIR302B	MIR520B	LEFTY1	GDF11
MIR302B	MIR520B	LEFTY1	LEFTY2
MIR302B	MIR520B	MTF1	ZNF148
MIR302B	MIR520B	RAB22A	RAB11A
MIR302B	MIR520B	GDF11	LEFTY2
MIR302B	MIR520B	ZBTB41	PRDM4
MIR302B	MIR520C	E2F7	E2F5
MIR302B	MIR520C	ZBTB5	ZNF367
MIR302B	MIR520C	UBE2B	UBE2W
MIR302B	MIR520C	GLIS3	AEBP2
MIR302B	MIR520C	LEFTY1	GDF11
MIR302B	MIR520C	LEFTY1	LEFTY2
MIR302B	MIR520C	MTF1	ZNF148
MIR302B	MIR520C	RAB22A	RAB11A
MIR302B	MIR520C	GDF11	LEFTY2
MIR302B	MIR520C	ZBTB41	PRDM4
MIR302B	MIR520D	E2F7	E2F5
MIR302B	MIR520D	ZBTB5	ZNF367
MIR302B	MIR520D	UBE2B	UBE2W
MIR302B	MIR520D	GLIS3	AEBP2
MIR302B	MIR520D	MTF1	ZNF148
MIR302B	MIR520D	RAB22A	RAB11A
MIR302B	MIR520D	GDF11	LEFTY2
MIR302B	MIR520D	ZBTB41	PRDM4
MIR302B	MIR520E	NR2C2	NR2E1
MIR302B	MIR520E	E2F7	E2F5
MIR302B	MIR520E	ZBTB5	ZNF367
MIR302B	MIR520E	UBE2B	UBE2W
MIR302B	MIR520E	GLIS3	AEBP2
MIR302B	MIR520E	LEFTY1	GDF11
MIR302B	MIR520E	LEFTY1	LEFTY2
MIR302B	MIR520E	MTF1	ZNF148
MIR302B	MIR520E	RAB22A	RAB11A
MIR302B	MIR520E	GDF11	LEFTY2
MIR302B	MIR520E	ZBTB41	PRDM4
MIR302B	MIR520F	PRDM4	ZBTB41
MIR302B	MIR520F	MTF1	ZNF148
MIR302B	MIR520F	AEBP2	GLIS3
MIR302B	MIR520G	NR2C2	NR2F2
MIR302B	MIR524	RAB22A	RAB11A
MIR302C	MIR302D	ELAVL2	TARDBP
MIR302C	MIR302D	ZBTB5	ZNF367
MIR302C	MIR302D	GLIS3	AEBP2
MIR302C	MIR302D	PHC3	MBTD1
MIR302C	MIR302D	MTF1	ZNF148
MIR302C	MIR302D	RAB22A	RAB11A
MIR302C	MIR372	ELAVL2	TARDBP
MIR302C	MIR372	ZBTB5	ZNF367
MIR302C	MIR372	GLIS3	AEBP2
MIR302C	MIR372	MTF1	ZNF148
MIR302C	MIR372	TRIM2	TRIM36
MIR302C	MIR372	HIPK3	DYRK2
MIR302C	MIR373	ELAVL2	TARDBP
MIR302C	MIR373	ZBTB5	ZNF367
MIR302C	MIR373	UBE2B	UBE2W
MIR302C	MIR373	ASF1A	ASF1B
MIR302C	MIR373	MTF1	ZNF148
MIR302C	MIR373	TRIM2	TRIM36
MIR302C	MIR373	RAB22A	RAB11A
MIR302C	MIR373	HIPK3	DYRK2
MIR302C	MIR512-1	ERBB4	EPHA5
MIR302C	MIR512-1	DYRK2	HIPK3
MIR302C	MIR512-2	ERBB4	EPHA5
MIR302C	MIR512-2	DYRK2	HIPK3
MIR302C	MIR519A1	MAP3K2	MAP2K4
MIR302C	MIR519C	MAP3K2	MAP2K4
MIR302C	MIR520A	PSD3	MON2
MIR302C	MIR520A	ZBTB5	ZNF367
MIR302C	MIR520A	SAR1B	ARF6
MIR302C	MIR520A	GLIS3	AEBP2
MIR302C	MIR520A	PHC3	MBTD1
MIR302C	MIR520A	RNF38	RNF6
MIR302C	MIR520A	RAB22A	RAB11A
MIR302C	MIR520B	ZBTB5	ZNF367
MIR302C	MIR520B	UBE2B	UBE2W
MIR302C	MIR520B	GLIS3	AEBP2
MIR302C	MIR520B	MTF1	ZNF148
MIR302C	MIR520B	RAB22A	RAB11A
MIR302C	MIR520B	ASH1L	KMT2A
MIR302C	MIR520C	ZBTB5	ZNF367
MIR302C	MIR520C	UBE2B	UBE2W
MIR302C	MIR520C	GLIS3	AEBP2
MIR302C	MIR520C	MTF1	ZNF148
MIR302C	MIR520C	MAP2K4	MAP3K2
MIR302C	MIR520C	RAB22A	RAB11A
MIR302C	MIR520C	HIPK3	DYRK2
MIR302C	MIR520D	ELAVL2	TARDBP
MIR302C	MIR520D	ZBTB5	ZNF367
MIR302C	MIR520D	UBE2B	UBE2W
MIR302C	MIR520D	GLIS3	AEBP2
MIR302C	MIR520D	LRP1B	VLDLR
MIR302C	MIR520D	MTF1	ZNF148
MIR302C	MIR520D	RAB22A	RAB11A
MIR302C	MIR520D	ASH1L	KMT2A
MIR302C	MIR520D	MTMR3	SBF2
MIR302C	MIR520E	ZBTB5	ZNF367
MIR302C	MIR520E	UBE2B	UBE2W
MIR302C	MIR520E	GLIS3	AEBP2
MIR302C	MIR520E	MTF1	ZNF148
MIR302C	MIR520E	RAB22A	RAB11A
MIR302C	MIR520F	RNF38	RNF6
MIR302C	MIR520F	ARF6	SAR1B
MIR302C	MIR520F	ASH1L	KMT2A
MIR302C	MIR520F	MTF1	ZNF148
MIR302C	MIR520F	AEBP2	GLIS3
MIR302C	MIR522	DYRK2	HIPK3
MIR302C	MIR522	SUV39H2	KMT2A
MIR302C	MIR522	RBMX	HNRNPDL
MIR302C	MIR523	SUV39H2	KMT2A
MIR302C	MIR524	RAB22A	RAB11A
MIR302C	MIR525	PSD3	MON2
MIR302D	MIR372	ELAVL2	TARDBP
MIR302D	MIR372	ZBTB5	ZNF367
MIR302D	MIR372	GLIS3	AEBP2
MIR302D	MIR372	MTF1	ZNF148
MIR302D	MIR372	GDF11	LEFTY2
MIR302D	MIR372	ZBTB41	PRDM4
MIR302D	MIR373	ELAVL2	TARDBP
MIR302D	MIR373	ZBTB5	ZNF367
MIR302D	MIR373	MINK1	PAK2
MIR302D	MIR373	LEFTY1	GDF11
MIR302D	MIR373	LEFTY1	LEFTY2
MIR302D	MIR373	MTF1	ZNF148
MIR302D	MIR373	IRF2	IRF9
MIR302D	MIR373	RAB22A	RAB11A
MIR302D	MIR373	GDF11	LEFTY2
MIR302D	MIR373	ZBTB41	PRDM4
MIR302D	MIR512-1	CDK6	CDK19
MIR302D	MIR512-2	CDK6	CDK19
MIR302D	MIR520A	ZBTB5	ZNF367
MIR302D	MIR520A	GLIS3	AEBP2
MIR302D	MIR520A	LEFTY1	GDF11
MIR302D	MIR520A	LEFTY1	LEFTY2
MIR302D	MIR520A	PHC3	MBTD1
MIR302D	MIR520A	IRF2	IRF9
MIR302D	MIR520A	RAB22A	RAB11A
MIR302D	MIR520A	GDF11	LEFTY2
MIR302D	MIR520A	ZBTB41	PRDM4
MIR302D	MIR520B	ZBTB5	ZNF367
MIR302D	MIR520B	GLIS3	AEBP2
MIR302D	MIR520B	LEFTY1	GDF11
MIR302D	MIR520B	LEFTY1	LEFTY2
MIR302D	MIR520B	MTF1	ZNF148
MIR302D	MIR520B	IRF2	IRF9
MIR302D	MIR520B	RAB22A	RAB11A
MIR302D	MIR520B	GDF11	LEFTY2
MIR302D	MIR520B	ZBTB41	PRDM4
MIR302D	MIR520C	ZBTB5	ZNF367
MIR302D	MIR520C	GLIS3	AEBP2
MIR302D	MIR520C	LEFTY1	GDF11
MIR302D	MIR520C	LEFTY1	LEFTY2
MIR302D	MIR520C	MTF1	ZNF148
MIR302D	MIR520C	IRF2	IRF9
MIR302D	MIR520C	RAB22A	RAB11A
MIR302D	MIR520C	GDF11	LEFTY2
MIR302D	MIR520C	ZBTB41	PRDM4
MIR302D	MIR520D	ELAVL2	TARDBP
MIR302D	MIR520D	ZBTB5	ZNF367
MIR302D	MIR520D	GLIS3	AEBP2
MIR302D	MIR520D	CDK6	CDK19
MIR302D	MIR520D	MTF1	ZNF148
MIR302D	MIR520D	IRF2	IRF9
MIR302D	MIR520D	RAB22A	RAB11A
MIR302D	MIR520D	GDF11	LEFTY2
MIR302D	MIR520D	ZBTB41	PRDM4
MIR302D	MIR520E	ZBTB5	ZNF367
MIR302D	MIR520E	GLIS3	AEBP2
MIR302D	MIR520E	LEFTY1	GDF11
MIR302D	MIR520E	LEFTY1	LEFTY2
MIR302D	MIR520E	MTF1	ZNF148
MIR302D	MIR520E	IRF2	IRF9
MIR302D	MIR520E	RAB22A	RAB11A
MIR302D	MIR520E	GDF11	LEFTY2
MIR302D	MIR520E	ZBTB41	PRDM4
MIR302D	MIR520F	IRF2	IRF9
MIR302D	MIR520F	PRDM4	ZBTB41
MIR302D	MIR520F	MTF1	ZNF148
MIR302D	MIR520F	AEBP2	GLIS3
MIR302D	MIR520F	PAK2	MINK1
MIR302D	MIR520G	NR2C2	NR2F2
MIR302D	MIR524	RAB22A	RAB11A
MIR371A	MIR512-1	ZKSCAN8	ZNF213
MIR371A	MIR512-2	ZKSCAN8	ZNF213
MIR371A	MIR515-1	MYO5A	MYO6
MIR371A	MIR515-2	MYO5A	MYO6
MIR371A	MIR519D	BMPR2	BMPR1B
MIR371A	MIR519E	SMARCAD1	CHD7
MIR371A	MIR521-1	TLL2	NETO1
MIR371A	MIR521-2	TLL2	NETO1
MIR371A	MIR526B	RIMKLA	RIMKLB
MIR372	MIR373	ELAVL2	TARDBP
MIR372	MIR373	E2F7	E2F5
MIR372	MIR373	ZBTB5	ZNF367
MIR372	MIR373	LHX6	LMO3
MIR372	MIR373	MTF1	ZNF148
MIR372	MIR373	TRIM2	TRIM36
MIR372	MIR373	TRIM2	TRIM33
MIR372	MIR373	GDF11	LEFTY2
MIR372	MIR373	ZBTB41	PRDM4
MIR372	MIR373	TRIM33	TRIM36
MIR372	MIR373	HIPK3	DYRK2
MIR372	MIR512-1	DYRK2	HIPK3
MIR372	MIR512-2	DYRK2	HIPK3
MIR372	MIR515-1	UBE2K	UBE2B
MIR372	MIR515-2	UBE2K	UBE2B
MIR372	MIR518A1	TARDBP	RBMS3
MIR372	MIR518A2	TARDBP	RBMS3
MIR372	MIR519E	UBE2K	UBE2B
MIR372	MIR520A	E2F7	E2F5
MIR372	MIR520A	ZBTB5	ZNF367
MIR372	MIR520A	GLIS3	AEBP2
MIR372	MIR520A	EZH1	KMT2A
MIR372	MIR520A	GDF11	LEFTY2
MIR372	MIR520A	ZBTB41	PRDM4
MIR372	MIR520B	E2F7	E2F5
MIR372	MIR520B	ZBTB5	ZNF367
MIR372	MIR520B	GLIS3	AEBP2
MIR372	MIR520B	MTF1	ZNF148
MIR372	MIR520B	EZH1	KMT2A
MIR372	MIR520B	GDF11	LEFTY2
MIR372	MIR520B	ZBTB41	PRDM4
MIR372	MIR520C	E2F7	E2F5
MIR372	MIR520C	ZBTB5	ZNF367
MIR372	MIR520C	GLIS3	AEBP2
MIR372	MIR520C	LHX6	LMO3
MIR372	MIR520C	MTF1	ZNF148
MIR372	MIR520C	EZH1	KMT2A
MIR372	MIR520C	GDF11	LEFTY2
MIR372	MIR520C	ZBTB41	PRDM4
MIR372	MIR520C	HIPK3	DYRK2
MIR372	MIR520D	ELAVL2	TARDBP
MIR372	MIR520D	E2F7	E2F5
MIR372	MIR520D	ZBTB5	ZNF367
MIR372	MIR520D	GALNT3	GALNT7
MIR372	MIR520D	GLIS3	AEBP2
MIR372	MIR520D	MTF1	ZNF148
MIR372	MIR520D	EZH1	KMT2A
MIR372	MIR520D	GDF11	LEFTY2
MIR372	MIR520D	ZBTB41	PRDM4
MIR372	MIR520E	E2F7	E2F5
MIR372	MIR520E	ZBTB5	ZNF367
MIR372	MIR520E	GLIS3	AEBP2
MIR372	MIR520E	MTF1	ZNF148
MIR372	MIR520E	GDF11	LEFTY2
MIR372	MIR520E	ZBTB41	PRDM4
MIR372	MIR520F	PRDM4	ZBTB41
MIR372	MIR520F	LHX6	LMO3
MIR372	MIR520F	MTF1	ZNF148
MIR372	MIR520F	AEBP2	GLIS3
MIR372	MIR520F	RALGPS2	RGL1
MIR372	MIR522	DYRK2	HIPK3
MIR372	MIR525	TRIM33	TRIM2
MIR372	MIR526B	TRIM36	TRIM33
MIR372	MIR526B	EZH1	KMT2A
MIR373	MIR512-1	RNF38	RLIM
MIR373	MIR512-1	DYRK2	HIPK3
MIR373	MIR512-2	RNF38	RLIM
MIR373	MIR512-2	DYRK2	HIPK3
MIR373	MIR519A1	SLAIN1	SLAIN2
MIR373	MIR520A	E2F7	E2F5
MIR373	MIR520A	ZBTB5	ZNF367
MIR373	MIR520A	LEFTY1	GDF11
MIR373	MIR520A	LEFTY1	LEFTY2
MIR373	MIR520A	PAK2	PAK5
MIR373	MIR520A	IRF2	IRF9
MIR373	MIR520A	RAB22A	RAB11A
MIR373	MIR520A	GDF11	LEFTY2
MIR373	MIR520A	ZBTB41	PRDM4
MIR373	MIR520B	E2F7	E2F5
MIR373	MIR520B	ZBTB5	ZNF367
MIR373	MIR520B	UBE2B	UBE2W
MIR373	MIR520B	LEFTY1	GDF11
MIR373	MIR520B	LEFTY1	LEFTY2
MIR373	MIR520B	MTF1	ZNF148
MIR373	MIR520B	IRF2	IRF9
MIR373	MIR520B	RAB22A	RAB11A
MIR373	MIR520B	GDF11	LEFTY2
MIR373	MIR520B	ZBTB41	PRDM4
MIR373	MIR520C	E2F7	E2F5
MIR373	MIR520C	ZBTB5	ZNF367
MIR373	MIR520C	UBE2B	UBE2W
MIR373	MIR520C	LEFTY1	GDF11
MIR373	MIR520C	LEFTY1	LEFTY2
MIR373	MIR520C	LHX6	LMO3
MIR373	MIR520C	MTF1	ZNF148
MIR373	MIR520C	IRF2	IRF9
MIR373	MIR520C	RAB22A	RAB11A
MIR373	MIR520C	GDF11	LEFTY2
MIR373	MIR520C	ZBTB41	PRDM4
MIR373	MIR520C	HIPK3	DYRK2
MIR373	MIR520D	ELAVL2	TARDBP
MIR373	MIR520D	E2F7	E2F5
MIR373	MIR520D	ZBTB5	ZNF367
MIR373	MIR520D	UBE2B	UBE2W
MIR373	MIR520D	MTF1	ZNF148
MIR373	MIR520D	IRF2	IRF9
MIR373	MIR520D	RAB22A	RAB11A
MIR373	MIR520D	GDF11	LEFTY2
MIR373	MIR520D	ZBTB41	PRDM4
MIR373	MIR520E	NR2C2	NR2E1
MIR373	MIR520E	E2F7	E2F5
MIR373	MIR520E	ZBTB5	ZNF367
MIR373	MIR520E	UBE2B	UBE2W
MIR373	MIR520E	LEFTY1	GDF11
MIR373	MIR520E	LEFTY1	LEFTY2
MIR373	MIR520E	MTF1	ZNF148
MIR373	MIR520E	IRF2	IRF9
MIR373	MIR520E	RAB22A	RAB11A
MIR373	MIR520E	GDF11	LEFTY2
MIR373	MIR520E	ZBTB41	PRDM4
MIR373	MIR520F	IRF2	IRF9
MIR373	MIR520F	PRDM4	ZBTB41
MIR373	MIR520F	LHX6	LMO3
MIR373	MIR520F	PAK5	MINK1
MIR373	MIR520F	PAK5	PAK2
MIR373	MIR520F	MTF1	ZNF148
MIR373	MIR520F	PAK2	MINK1
MIR373	MIR522	DYRK2	HIPK3
MIR373	MIR524	RAB11A	RAB22A
MIR373	MIR525	TRIM33	TRIM2
MIR373	MIR526B	TRIM36	TRIM33
MIR498	MIR518C	HIPK1	DYRK1A
MIR498	MIR520D	HIPK1	DYRK1A
MIR498	MIR520D	STRBP	PRKRA
MIR498	MIR520G	HIPK1	DYRK1A
MIR498	MIR522	HIPK1	DYRK1A
MIR498	MIR524	HIPK1	DYRK1A
MIR498	MIR524	STRBP	PRKRA
MIR512-1	MIR512-2	NEDD4L	ITCH
MIR512-1	MIR512-2	NEDD4L	UBR5
MIR512-1	MIR512-2	PSD3	ARFGEF2
MIR512-1	MIR512-2	ZNF649	IKZF2
MIR512-1	MIR512-2	ZSCAN25	ZNF213
MIR512-1	MIR512-2	ZSCAN25	ZKSCAN8
MIR512-1	MIR512-2	EPHA7	IGF1R
MIR512-1	MIR512-2	EPHA7	EPHA5
MIR512-1	MIR512-2	EPHA7	NTRK2
MIR512-1	MIR512-2	EPHA7	ERBB4
MIR512-1	MIR512-2	RLIM	RNF38
MIR512-1	MIR512-2	CHD2	HLTF
MIR512-1	MIR512-2	CHD2	ATRX
MIR512-1	MIR512-2	CHD2	CHD9
MIR512-1	MIR512-2	CHD9	HLTF
MIR512-1	MIR512-2	CHD9	ATRX
MIR512-1	MIR512-2	IGF1R	EPHA5
MIR512-1	MIR512-2	IGF1R	NTRK2
MIR512-1	MIR512-2	IGF1R	ERBB4
MIR512-1	MIR512-2	DCX	MAPKAPK3
MIR512-1	MIR512-2	THRB	RARG
MIR512-1	MIR512-2	THRB	PPARA
MIR512-1	MIR512-2	ARL5B	ARL8B
MIR512-1	MIR512-2	RHOT1	RND3
MIR512-1	MIR512-2	RHOT1	RHOC
MIR512-1	MIR512-2	KMT2C	NSD3
MIR512-1	MIR512-2	ADAMTS5	ADAMTSL3
MIR512-1	MIR512-2	ERBB4	EPHA5
MIR512-1	MIR512-2	ERBB4	NTRK2
MIR512-1	MIR512-2	KCND2	KCNC1
MIR512-1	MIR512-2	HLTF	ATRX
MIR512-1	MIR512-2	KPNA4	KPNA6
MIR512-1	MIR512-2	PTPRT	PTPN4
MIR512-1	MIR512-2	BOC	NEO1
MIR512-1	MIR512-2	RHOC	RND3
MIR512-1	MIR512-2	ZFYVE16	RUFY3
MIR512-1	MIR512-2	CDK6	CDK19
MIR512-1	MIR512-2	RARG	PPARA
MIR512-1	MIR512-2	ITCH	UBR5
MIR512-1	MIR512-2	RAB7A	RAB10
MIR512-1	MIR512-2	RAB7A	RAB3B
MIR512-1	MIR512-2	RAB10	RAB3B
MIR512-1	MIR512-2	PTPN4	PTPRM
MIR512-1	MIR512-2	HIPK3	DYRK2
MIR512-1	MIR512-2	ZNF213	ZKSCAN8
MIR512-1	MIR512-2	PHF14	MLLT6
MIR512-1	MIR512-2	NTRK2	EPHA5
MIR512-1	MIR512-2	MSN	NF2
MIR512-1	MIR512-2	DTNA	DMD
MIR512-1	MIR517A	HLTF	ATRX
MIR512-1	MIR518A1	KPNA4	KPNA6
MIR512-1	MIR518A2	KPNA4	KPNA6
MIR512-1	MIR519D	PTPRT	PTPN4
MIR512-1	MIR520C	DYRK2	HIPK3
MIR512-1	MIR520D	CDK6	CDK19
MIR512-1	MIR520D	ADAMTSL3	ADAMTS5
MIR512-1	MIR522	DYRK2	HIPK3
MIR512-1	MIR524	ADAMTSL3	ADAMTS5
MIR512-1	MIR526B	NEDD4L	UBR5
MIR512-1	MIR526B	NTRK2	EPHA7
MIR512-1	MIR527	KPNA6	KPNA4
MIR512-2	MIR517A	HLTF	ATRX
MIR512-2	MIR518A1	KPNA4	KPNA6
MIR512-2	MIR518A2	KPNA4	KPNA6
MIR512-2	MIR519D	PTPRT	PTPN4
MIR512-2	MIR520C	DYRK2	HIPK3
MIR512-2	MIR520D	CDK6	CDK19
MIR512-2	MIR520D	ADAMTSL3	ADAMTS5
MIR512-2	MIR522	DYRK2	HIPK3
MIR512-2	MIR524	ADAMTSL3	ADAMTS5
MIR512-2	MIR526B	NEDD4L	UBR5
MIR512-2	MIR526B	NTRK2	EPHA7
MIR512-2	MIR527	KPNA6	KPNA4
MIR515-1	MIR515-1	NEDD4L	UBE3C
MIR515-1	MIR515-1	ACVR2B	TGFBR2
MIR515-1	MIR515-1	ZNF680	ZNF92
MIR515-1	MIR515-1	ETV1	ETS1
MIR515-1	MIR515-1	RAP2B	RAP1B
MIR515-1	MIR515-1	RAP2B	KRAS
MIR515-1	MIR515-1	RAP2B	RIT1
MIR515-1	MIR515-1	RAP2B	NRAS
MIR515-1	MIR515-1	RSF1	KAT6A
MIR515-1	MIR515-1	UBE2B	UBE2K
MIR515-1	MIR515-1	UBE2B	UBE2Z
MIR515-1	MIR515-1	UBE2B	UBE2H
MIR515-1	MIR515-1	SEMA3E	SEMA6D
MIR515-1	MIR515-1	EPHA7	FGFR2
MIR515-1	MIR515-1	EPHA7	PDGFRA
MIR515-1	MIR515-1	MAPK6	CILK1
MIR515-1	MIR515-1	NRAS	RAP2C
MIR515-1	MIR515-1	NRAS	RAP1B
MIR515-1	MIR515-1	NRAS	RIT1
MIR515-1	MIR515-1	SYNE1	DMD
MIR515-1	MIR515-1	ZNF681	ZFP3
MIR515-1	MIR515-1	ZNF681	ZNF493
MIR515-1	MIR515-1	ZNF681	ZNF28
MIR515-1	MIR515-1	USP1	USP24
MIR515-1	MIR515-1	KRAS	RAP2C
MIR515-1	MIR515-1	KRAS	RAP1B
MIR515-1	MIR515-1	KRAS	RIT1
MIR515-1	MIR515-1	MYO1E	MYO6
MIR515-1	MIR515-1	MYO1E	MYO5A
MIR515-1	MIR515-1	KCNA4	KCND2
MIR515-1	MIR515-1	SLC4A7	SLC4A4
MIR515-1	MIR515-1	SMARCAD1	SMARCA2
MIR515-1	MIR515-1	ZNF493	ZFP3
MIR515-1	MIR515-1	ZNF493	ZNF28
MIR515-1	MIR515-1	PTPRG	PTPN3
MIR515-1	MIR515-1	LHX6	ZFHX3
MIR515-1	MIR515-1	TC2N	SYT1
MIR515-1	MIR515-1	RORA	NR1D2
MIR515-1	MIR515-1	ARHGEF12	ARHGEF3
MIR515-1	MIR515-1	RAB2A	RAB30
MIR515-1	MIR515-1	ZNF148	ZBTB20
MIR515-1	MIR515-1	DCLK3	CAMKK1
MIR515-1	MIR515-1	SCN8A	CACNA1D
MIR515-1	MIR515-1	FOXJ3	FOXF1
MIR515-1	MIR515-1	FEZF1	ZNF280B
MIR515-1	MIR515-1	MYO6	MYO5A
MIR515-1	MIR515-1	RAP2C	RAP1B
MIR515-1	MIR515-1	RAP2C	RIT1
MIR515-1	MIR515-1	UBE2K	UBE2Z
MIR515-1	MIR515-1	UBE2K	UBE2H
MIR515-1	MIR515-1	RIT1	RAP1B
MIR515-1	MIR515-1	UBE2Z	UBE2H
MIR515-1	MIR515-1	ZFP3	ZNF28
MIR515-1	MIR515-1	FGFR2	EPHB2
MIR515-1	MIR515-1	FGFR2	PDGFRA
MIR515-1	MIR515-1	EPHB2	PDGFRA
MIR515-1	MIR515-1	BAZ2A	BAZ1B
MIR515-1	MIR515-2	NEDD4L	UBE3C
MIR515-1	MIR515-2	ACVR2B	TGFBR2
MIR515-1	MIR515-2	ZNF680	ZNF92
MIR515-1	MIR515-2	ETV1	ETS1
MIR515-1	MIR515-2	RAP2B	RAP1B
MIR515-1	MIR515-2	RAP2B	KRAS
MIR515-1	MIR515-2	RAP2B	RIT1
MIR515-1	MIR515-2	RAP2B	NRAS
MIR515-1	MIR515-2	RSF1	KAT6A
MIR515-1	MIR515-2	UBE2B	UBE2K
MIR515-1	MIR515-2	UBE2B	UBE2Z
MIR515-1	MIR515-2	UBE2B	UBE2H
MIR515-1	MIR515-2	SEMA3E	SEMA6D
MIR515-1	MIR515-2	EPHA7	FGFR2
MIR515-1	MIR515-2	EPHA7	PDGFRA
MIR515-1	MIR515-2	MAPK6	CILK1
MIR515-1	MIR515-2	NRAS	RAP2C
MIR515-1	MIR515-2	NRAS	RAP1B
MIR515-1	MIR515-2	NRAS	RIT1
MIR515-1	MIR515-2	SYNE1	DMD
MIR515-1	MIR515-2	ZNF681	ZFP3
MIR515-1	MIR515-2	ZNF681	ZNF493
MIR515-1	MIR515-2	ZNF681	ZNF28
MIR515-1	MIR515-2	USP1	USP24
MIR515-1	MIR515-2	KRAS	RAP2C
MIR515-1	MIR515-2	KRAS	RAP1B
MIR515-1	MIR515-2	KRAS	RIT1
MIR515-1	MIR515-2	MYO1E	MYO6
MIR515-1	MIR515-2	MYO1E	MYO5A
MIR515-1	MIR515-2	KCNA4	KCND2
MIR515-1	MIR515-2	SLC4A7	SLC4A4
MIR515-1	MIR515-2	SMARCAD1	SMARCA2
MIR515-1	MIR515-2	ZNF493	ZFP3
MIR515-1	MIR515-2	ZNF493	ZNF28
MIR515-1	MIR515-2	PTPRG	PTPN3
MIR515-1	MIR515-2	LHX6	ZFHX3
MIR515-1	MIR515-2	TC2N	SYT1
MIR515-1	MIR515-2	RORA	NR1D2
MIR515-1	MIR515-2	ARHGEF12	ARHGEF3
MIR515-1	MIR515-2	RAB2A	RAB30
MIR515-1	MIR515-2	ZNF148	ZBTB20
MIR515-1	MIR515-2	DCLK3	CAMKK1
MIR515-1	MIR515-2	SCN8A	CACNA1D
MIR515-1	MIR515-2	FOXJ3	FOXF1
MIR515-1	MIR515-2	FEZF1	ZNF280B
MIR515-1	MIR515-2	MYO6	MYO5A
MIR515-1	MIR515-2	RAP2C	RAP1B
MIR515-1	MIR515-2	RAP2C	RIT1
MIR515-1	MIR515-2	UBE2K	UBE2Z
MIR515-1	MIR515-2	UBE2K	UBE2H
MIR515-1	MIR515-2	RIT1	RAP1B
MIR515-1	MIR515-2	UBE2Z	UBE2H
MIR515-1	MIR515-2	ZFP3	ZNF28
MIR515-1	MIR515-2	FGFR2	EPHB2
MIR515-1	MIR515-2	FGFR2	PDGFRA
MIR515-1	MIR515-2	EPHB2	PDGFRA
MIR515-1	MIR515-2	BAZ2A	BAZ1B
MIR515-1	MIR516B1	RAP2B	RAP1B
MIR515-1	MIR516B2	RAP2B	RAP1B
MIR515-1	MIR518C	NRAS	RAP1B
MIR515-1	MIR519D	RAP2B	NRAS
MIR515-1	MIR519D	EPHA7	FGFR2
MIR515-1	MIR519D	NRAS	RAP2C
MIR515-1	MIR519E	NEDD4L	UBE3C
MIR515-1	MIR519E	ACVR2B	TGFBR2
MIR515-1	MIR519E	ZNF680	ZNF92
MIR515-1	MIR519E	RAP2B	RAP1B
MIR515-1	MIR519E	RAP2B	KRAS
MIR515-1	MIR519E	RAP2B	RIT1
MIR515-1	MIR519E	RSF1	KAT6A
MIR515-1	MIR519E	SEMA3E	SEMA6D
MIR515-1	MIR519E	UBE2B	UBE2K
MIR515-1	MIR519E	UBE2B	UBE2Z
MIR515-1	MIR519E	UBE2B	UBE2H
MIR515-1	MIR519E	EPHA7	FGFR2
MIR515-1	MIR519E	EPHA7	PDGFRA
MIR515-1	MIR519E	ZNF681	ZFP3
MIR515-1	MIR519E	ZNF681	ZNF493
MIR515-1	MIR519E	ZNF681	ZNF28
MIR515-1	MIR519E	KRAS	RAP2C
MIR515-1	MIR519E	KRAS	RAP1B
MIR515-1	MIR519E	KRAS	RIT1
MIR515-1	MIR519E	KCNA4	KCND2
MIR515-1	MIR519E	ZNF493	ZFP3
MIR515-1	MIR519E	ZNF493	ZNF28
MIR515-1	MIR519E	PTPRG	PTPN3
MIR515-1	MIR519E	RORA	NR1D2
MIR515-1	MIR519E	RAB2A	RAB30
MIR515-1	MIR519E	ZNF148	ZBTB20
MIR515-1	MIR519E	DCLK3	CAMKK1
MIR515-1	MIR519E	SCN8A	CACNA1D
MIR515-1	MIR519E	FEZF1	ZNF280B
MIR515-1	MIR519E	RAP2C	RAP1B
MIR515-1	MIR519E	RAP2C	RIT1
MIR515-1	MIR519E	UBE2K	UBE2Z
MIR515-1	MIR519E	UBE2K	UBE2H
MIR515-1	MIR519E	RIT1	RAP1B
MIR515-1	MIR519E	UBE2Z	UBE2H
MIR515-1	MIR519E	ZFP3	ZNF28
MIR515-1	MIR519E	FGFR2	PDGFRA
MIR515-1	MIR519E	BAZ2A	BAZ1B
MIR515-1	MIR520A	ACVR2B	TGFBR2
MIR515-1	MIR520A	ARHGEF3	ARHGEF12
MIR515-1	MIR526B	NEDD4L	UBE3C
MIR515-2	MIR515-2	NEDD4L	UBE3C
MIR515-2	MIR515-2	ACVR2B	TGFBR2
MIR515-2	MIR515-2	ZNF680	ZNF92
MIR515-2	MIR515-2	ETV1	ETS1
MIR515-2	MIR515-2	RAP2B	RAP1B
MIR515-2	MIR515-2	RAP2B	KRAS
MIR515-2	MIR515-2	RAP2B	RIT1
MIR515-2	MIR515-2	RAP2B	NRAS
MIR515-2	MIR515-2	RSF1	KAT6A
MIR515-2	MIR515-2	UBE2B	UBE2K
MIR515-2	MIR515-2	UBE2B	UBE2Z
MIR515-2	MIR515-2	UBE2B	UBE2H
MIR515-2	MIR515-2	SEMA3E	SEMA6D
MIR515-2	MIR515-2	EPHA7	FGFR2
MIR515-2	MIR515-2	EPHA7	PDGFRA
MIR515-2	MIR515-2	MAPK6	CILK1
MIR515-2	MIR515-2	NRAS	RAP2C
MIR515-2	MIR515-2	NRAS	RAP1B
MIR515-2	MIR515-2	NRAS	RIT1
MIR515-2	MIR515-2	SYNE1	DMD
MIR515-2	MIR515-2	ZNF681	ZFP3
MIR515-2	MIR515-2	ZNF681	ZNF493
MIR515-2	MIR515-2	ZNF681	ZNF28
MIR515-2	MIR515-2	USP1	USP24
MIR515-2	MIR515-2	KRAS	RAP2C
MIR515-2	MIR515-2	KRAS	RAP1B
MIR515-2	MIR515-2	KRAS	RIT1
MIR515-2	MIR515-2	MYO1E	MYO6
MIR515-2	MIR515-2	MYO1E	MYO5A
MIR515-2	MIR515-2	KCNA4	KCND2
MIR515-2	MIR515-2	SLC4A7	SLC4A4
MIR515-2	MIR515-2	SMARCAD1	SMARCA2
MIR515-2	MIR515-2	ZNF493	ZFP3
MIR515-2	MIR515-2	ZNF493	ZNF28
MIR515-2	MIR515-2	PTPRG	PTPN3
MIR515-2	MIR515-2	LHX6	ZFHX3
MIR515-2	MIR515-2	TC2N	SYT1
MIR515-2	MIR515-2	RORA	NR1D2
MIR515-2	MIR515-2	ARHGEF12	ARHGEF3
MIR515-2	MIR515-2	RAB2A	RAB30
MIR515-2	MIR515-2	ZNF148	ZBTB20
MIR515-2	MIR515-2	DCLK3	CAMKK1
MIR515-2	MIR515-2	SCN8A	CACNA1D
MIR515-2	MIR515-2	FOXJ3	FOXF1
MIR515-2	MIR515-2	FEZF1	ZNF280B
MIR515-2	MIR515-2	MYO6	MYO5A
MIR515-2	MIR515-2	RAP2C	RAP1B
MIR515-2	MIR515-2	RAP2C	RIT1
MIR515-2	MIR515-2	UBE2K	UBE2Z
MIR515-2	MIR515-2	UBE2K	UBE2H
MIR515-2	MIR515-2	RIT1	RAP1B
MIR515-2	MIR515-2	UBE2Z	UBE2H
MIR515-2	MIR515-2	ZFP3	ZNF28
MIR515-2	MIR515-2	FGFR2	EPHB2
MIR515-2	MIR515-2	FGFR2	PDGFRA
MIR515-2	MIR515-2	EPHB2	PDGFRA
MIR515-2	MIR515-2	BAZ2A	BAZ1B
MIR515-2	MIR516B1	RAP2B	RAP1B
MIR515-2	MIR516B2	RAP2B	RAP1B
MIR515-2	MIR518C	NRAS	RAP1B
MIR515-2	MIR519D	RAP2B	NRAS
MIR515-2	MIR519D	EPHA7	FGFR2
MIR515-2	MIR519D	NRAS	RAP2C
MIR515-2	MIR519E	NEDD4L	UBE3C
MIR515-2	MIR519E	ACVR2B	TGFBR2
MIR515-2	MIR519E	ZNF680	ZNF92
MIR515-2	MIR519E	RAP2B	RAP1B
MIR515-2	MIR519E	RAP2B	KRAS
MIR515-2	MIR519E	RAP2B	RIT1
MIR515-2	MIR519E	RSF1	KAT6A
MIR515-2	MIR519E	SEMA3E	SEMA6D
MIR515-2	MIR519E	UBE2B	UBE2K
MIR515-2	MIR519E	UBE2B	UBE2Z
MIR515-2	MIR519E	UBE2B	UBE2H
MIR515-2	MIR519E	EPHA7	FGFR2
MIR515-2	MIR519E	EPHA7	PDGFRA
MIR515-2	MIR519E	ZNF681	ZFP3
MIR515-2	MIR519E	ZNF681	ZNF493
MIR515-2	MIR519E	ZNF681	ZNF28
MIR515-2	MIR519E	KRAS	RAP2C
MIR515-2	MIR519E	KRAS	RAP1B
MIR515-2	MIR519E	KRAS	RIT1
MIR515-2	MIR519E	KCNA4	KCND2
MIR515-2	MIR519E	ZNF493	ZFP3
MIR515-2	MIR519E	ZNF493	ZNF28
MIR515-2	MIR519E	PTPRG	PTPN3
MIR515-2	MIR519E	RORA	NR1D2
MIR515-2	MIR519E	RAB2A	RAB30
MIR515-2	MIR519E	ZNF148	ZBTB20
MIR515-2	MIR519E	DCLK3	CAMKK1
MIR515-2	MIR519E	SCN8A	CACNA1D
MIR515-2	MIR519E	FEZF1	ZNF280B
MIR515-2	MIR519E	RAP2C	RAP1B
MIR515-2	MIR519E	RAP2C	RIT1
MIR515-2	MIR519E	UBE2K	UBE2Z
MIR515-2	MIR519E	UBE2K	UBE2H
MIR515-2	MIR519E	RIT1	RAP1B
MIR515-2	MIR519E	UBE2Z	UBE2H
MIR515-2	MIR519E	ZFP3	ZNF28
MIR515-2	MIR519E	FGFR2	PDGFRA
MIR515-2	MIR519E	BAZ2A	BAZ1B
MIR515-2	MIR520A	ACVR2B	TGFBR2
MIR515-2	MIR520A	ARHGEF3	ARHGEF12
MIR515-2	MIR526B	NEDD4L	UBE3C
MIR516A1	MIR516A2	SMAD6	SMAD2
MIR516A1	MIR516A2	MAPK6	MAPK11
MIR516A1	MIR516A2	SYT14	SYT1
MIR516A1	MIR516A2	SYT14	SYT4
MIR516A1	MIR516A2	ZKSCAN2	PLAG1
MIR516A1	MIR516A2	SOX6	SOX1
MIR516A1	MIR516A2	TBX18	MGA
MIR516A1	MIR516A2	KRAS	RAP1A
MIR516A1	MIR516A2	PTPRK	PTPRN2
MIR516A1	MIR516A2	SSH2	DUSP5
MIR516A1	MIR516A2	SSH2	DUSP8
MIR516A1	MIR516A2	GXYLT1	XXYLT1
MIR516A1	MIR516A2	KLHL24	KLHL42
MIR516A1	MIR516A2	KLHL24	KLHL3
MIR516A1	MIR516A2	KLHL24	KLHL6
MIR516A1	MIR516A2	SYT4	SYT1
MIR516A1	MIR516A2	FMNL3	DIAPH1
MIR516A1	MIR516A2	RAF1	LRRK2
MIR516A1	MIR516A2	DUSP8	DUSP5
MIR516A1	MIR516A2	CTLA4	CD28
MIR516A1	MIR516A2	RAB6B	RAB11A
MIR516A1	MIR516A2	PPM1F	PPM1H
MIR516A1	MIR516A2	CACNA1C	SCN4A
MIR516A1	MIR516A2	PRKAA2	NUAK1
MIR516A1	MIR516A2	TRIM44	TRIM37
MIR516A1	MIR516A2	TRIM44	TRIM32
MIR516A1	MIR516A2	KLHL42	KLHL3
MIR516A1	MIR516A2	KLHL42	KLHL6
MIR516A1	MIR516A2	TRIM37	TRIM32
MIR516A1	MIR516A2	KLHL3	KLHL6
MIR516A1	MIR516A2	PRPF4B	CDK4
MIR516A1	MIR516B1	PTPRN2	PTPRK
MIR516A1	MIR516B1	SYT1	SYT4
MIR516A1	MIR516B1	SYT1	SYT14
MIR516A1	MIR516B1	SSH2	DUSP5
MIR516A1	MIR516B1	SYT4	SYT14
MIR516A1	MIR516B2	PTPRN2	PTPRK
MIR516A1	MIR516B2	SYT1	SYT4
MIR516A1	MIR516B2	SYT1	SYT14
MIR516A1	MIR516B2	SSH2	DUSP5
MIR516A1	MIR516B2	SYT4	SYT14
MIR516A2	MIR516B1	PTPRN2	PTPRK
MIR516A2	MIR516B1	SYT1	SYT4
MIR516A2	MIR516B1	SYT1	SYT14
MIR516A2	MIR516B1	SSH2	DUSP5
MIR516A2	MIR516B1	SYT4	SYT14
MIR516A2	MIR516B2	PTPRN2	PTPRK
MIR516A2	MIR516B2	SYT1	SYT4
MIR516A2	MIR516B2	SYT1	SYT14
MIR516A2	MIR516B2	SSH2	DUSP5
MIR516A2	MIR516B2	SYT4	SYT14
MIR516B1	MIR516B2	NEDD4L	HECTD4
MIR516B1	MIR516B2	TSPAN33	TSPAN12
MIR516B1	MIR516B2	GRIK3	GRIA2
MIR516B1	MIR516B2	GRIK3	GRIA4
MIR516B1	MIR516B2	RAP2B	RAP1B
MIR516B1	MIR516B2	PCDH7	CDHR3
MIR516B1	MIR516B2	DAZL	DAZ2
MIR516B1	MIR516B2	ADAMTS9	ADAMTSL1
MIR516B1	MIR516B2	CDHR3	PCDH9
MIR516B1	MIR516B2	SYT14	SYT1
MIR516B1	MIR516B2	SYT14	SYT4
MIR516B1	MIR516B2	SYT14	SYT9
MIR516B1	MIR516B2	SDK1	NCAM1
MIR516B1	MIR516B2	TM9SF4	TM9SF3
MIR516B1	MIR516B2	USP34	USP38
MIR516B1	MIR516B2	TOX3	HMGXB4
MIR516B1	MIR516B2	MON2	IQSEC1
MIR516B1	MIR516B2	PRLR	GHR
MIR516B1	MIR516B2	PTPRK	PTPRN2
MIR516B1	MIR516B2	CELF4	CELF2
MIR516B1	MIR516B2	ATF7	CREB5
MIR516B1	MIR516B2	KLHL15	BACH2
MIR516B1	MIR516B2	KLHL15	KLHL3
MIR516B1	MIR516B2	SSH2	DUSP5
MIR516B1	MIR516B2	SYT4	SYT1
MIR516B1	MIR516B2	SYT4	SYT9
MIR516B1	MIR516B2	COL1A1	EDA
MIR516B1	MIR516B2	COL1A1	COL18A1
MIR516B1	MIR516B2	CDK6	PRPF4B
MIR516B1	MIR516B2	KRT77	NEFM
MIR516B1	MIR516B2	KRT77	KRT5
MIR516B1	MIR516B2	KLF5	SP7
MIR516B1	MIR516B2	EDA	COL18A1
MIR516B1	MIR516B2	ATP2A2	ATP2B1
MIR516B1	MIR516B2	NEFM	KRT5
MIR516B1	MIR516B2	SDK2	NCAM1
MIR516B1	MIR516B2	BACH2	KLHL3
MIR516B1	MIR516B2	TRIM2	TRIM44
MIR516B1	MIR516B2	SYT1	SYT9
MIR516B1	MIR516B2	OSBPL3	OSBP
MIR516B1	MIR516B2	MYO5A	MYO1B
MIR516B1	MIR516B2	PIP5K1A	PIP4K2A
MIR516B1	MIR516B2	GRHL2	TFCP2L1
MIR516B1	MIR516B2	NTRK2	PDGFRA
MIR516B1	MIR516B2	NTRK2	EPHB1
MIR516B1	MIR516B2	EPHB1	PDGFRA
MIR516B1	MIR518C	CELF4	CELF2
MIR516B1	MIR518D	CELF4	CELF2
MIR516B1	MIR518E	CELF2	CELF4
MIR516B1	MIR518F	CELF2	CELF4
MIR516B1	MIR519E	RAP2B	RAP1B
MIR516B1	MIR520E	TRIM44	TRIM2
MIR516B1	MIR524	CDK6	PRPF4B
MIR516B1	MIR527	PCDH7	CDHR3
MIR516B2	MIR518C	CELF4	CELF2
MIR516B2	MIR518D	CELF4	CELF2
MIR516B2	MIR518E	CELF2	CELF4
MIR516B2	MIR518F	CELF2	CELF4
MIR516B2	MIR519E	RAP2B	RAP1B
MIR516B2	MIR520E	TRIM44	TRIM2
MIR516B2	MIR524	CDK6	PRPF4B
MIR516B2	MIR527	PCDH7	CDHR3
MIR517A	MIR517B	SLC16A1	SLC16A9
MIR517A	MIR517B	DCX	MAPKAPK5
MIR517A	MIR517B	CLMP	VSTM2B
MIR517A	MIR517B	THRB	NR1D2
MIR517A	MIR517B	ZNF124	ZNF264
MIR517A	MIR517B	HOXA5	HOXB13
MIR517A	MIR517B	MTMR2	MTMR9
MIR517A	MIR517B	CUL4A	CUL3
MIR517A	MIR517B	FOXC1	FOXK1
MIR517A	MIR517B	FOXC1	FOXJ3
MIR517A	MIR517B	TNIK	STK39
MIR517A	MIR517B	CUL3	CUL4B
MIR517A	MIR517B	FOXK1	FOXJ3
MIR517A	MIR517B	FEZ2	FEZ1
MIR517A	MIR517B	RNF14	ARIH1
MIR517A	MIR517C	SLC16A1	SLC16A9
MIR517A	MIR517C	DCX	MAPKAPK5
MIR517A	MIR517C	CLMP	VSTM2B
MIR517A	MIR517C	THRB	NR1D2
MIR517A	MIR517C	USP1	USP15
MIR517A	MIR517C	ZNF124	ZNF264
MIR517A	MIR517C	HOXA5	HOXB13
MIR517A	MIR517C	MTMR2	MTMR9
MIR517A	MIR517C	HLTF	RAD54L
MIR517A	MIR517C	CUL4A	CUL3
MIR517A	MIR517C	FOXC1	FOXK1
MIR517A	MIR517C	FOXC1	FOXJ3
MIR517A	MIR517C	TNIK	STK39
MIR517A	MIR517C	LARP7	LARP1B
MIR517A	MIR517C	SCN1A	CACNA1A
MIR517A	MIR517C	CUL3	CUL4B
MIR517A	MIR517C	SEMA4D	SEMA3A
MIR517A	MIR517C	FOXK1	FOXJ3
MIR517A	MIR517C	FEZ2	FEZ1
MIR517A	MIR517C	RNF14	ARIH1
MIR517A	MIR517C	EPHA5	PDGFRA
MIR517B	MIR517C	SLC16A1	SLC16A9
MIR517B	MIR517C	DCX	MAPKAPK5
MIR517B	MIR517C	CLMP	VSTM2B
MIR517B	MIR517C	THRB	NR1D2
MIR517B	MIR517C	ZNF124	ZNF264
MIR517B	MIR517C	HOXA5	HOXB13
MIR517B	MIR517C	MTMR2	MTMR9
MIR517B	MIR517C	CUL4A	CUL3
MIR517B	MIR517C	FOXC1	FOXK1
MIR517B	MIR517C	FOXC1	FOXJ3
MIR517B	MIR517C	TNIK	STK39
MIR517B	MIR517C	CUL3	CUL4B
MIR517B	MIR517C	FOXK1	FOXJ3
MIR517B	MIR517C	FEZ2	FEZ1
MIR517B	MIR517C	MYLK3	CAMK2G
MIR517B	MIR517C	RNF14	ARIH1
MIR517C	MIR518A1	FOXK1	FOXO3
MIR517C	MIR518A2	FOXK1	FOXO3
MIR518A1	MIR518A2	SRPK2	MAPK1
MIR518A1	MIR518A2	CCNK	CCNL2
MIR518A1	MIR518A2	ACVR2B	ACVR1
MIR518A1	MIR518A2	HOXC8	HOXA3
MIR518A1	MIR518A2	HOXC8	HOXC5
MIR518A1	MIR518A2	RAB8B	RAB18
MIR518A1	MIR518A2	PLCL2	PLCB1
MIR518A1	MIR518A2	DCC	ROBO1
MIR518A1	MIR518A2	ADAMTS6	ADAMTS5
MIR518A1	MIR518A2	HOXA3	HOXC5
MIR518A1	MIR518A2	SOX21	SOX11
MIR518A1	MIR518A2	FOXO3	FOXK1
MIR518A1	MIR518A2	RBMS3	TARDBP
MIR518A1	MIR518A2	SALL1	BCL11A
MIR518A1	MIR518A2	SALL1	BCL11B
MIR518A1	MIR518A2	PDGFD	NRXN1
MIR518A1	MIR518A2	TAOK1	STK4
MIR518A1	MIR518A2	POU3F2	POU4F2
MIR518A1	MIR518A2	KPNA4	KPNA6
MIR518A1	MIR518A2	KPNA4	KPNA1
MIR518A1	MIR518A2	RPS6KB1	RPS6KA3
MIR518A1	MIR518A2	SOCS6	SOCS3
MIR518A1	MIR518A2	COL21A1	EDA
MIR518A1	MIR518A2	CPEB4	CPEB1
MIR518A1	MIR518A2	SLC27A2	ACSL4
MIR518A1	MIR518A2	FRMD6	EPB41L1
MIR518A1	MIR518A2	ZNF827	ZNF282
MIR518A1	MIR518A2	SOS2	RAPGEF5
MIR518A1	MIR518A2	KPNA3	KPNA6
MIR518A1	MIR518A2	KPNA3	KPNA1
MIR518A1	MIR518B	HOXC8	HOXA3
MIR518A1	MIR518B	CPEB4	CPEB1
MIR518A1	MIR518B	ZNF282	ZNF827
MIR518A1	MIR518C	HOXC8	HOXA3
MIR518A1	MIR518C	CPEB4	CPEB1
MIR518A1	MIR518C	ZNF282	ZNF827
MIR518A1	MIR518D	HOXC8	HOXA3
MIR518A1	MIR518D	CPEB4	CPEB1
MIR518A1	MIR518D	ZNF827	ZNF282
MIR518A1	MIR518E	CPEB4	CPEB1
MIR518A1	MIR518F	CCNK	CCNL2
MIR518A1	MIR518F	HOXC8	HOXA3
MIR518A1	MIR518F	CPEB4	CPEB1
MIR518A1	MIR518F	ZNF282	ZNF827
MIR518A1	MIR520G	KPNA3	KPNA1
MIR518A1	MIR520G	SALL1	BCL11B
MIR518A1	MIR520H	KPNA3	KPNA1
MIR518A1	MIR524	ADAMTS6	ADAMTS5
MIR518A1	MIR525	EPB41L1	FRMD6
MIR518A1	MIR526A1	CPEB4	CPEB1
MIR518A1	MIR527	RAB8B	RAB18
MIR518A1	MIR527	TAOK1	STK4
MIR518A1	MIR527	KPNA4	KPNA6
MIR518A1	MIR527	KPNA3	KPNA6
MIR518A2	MIR518B	HOXC8	HOXA3
MIR518A2	MIR518B	CPEB4	CPEB1
MIR518A2	MIR518B	ZNF282	ZNF827
MIR518A2	MIR518C	HOXC8	HOXA3
MIR518A2	MIR518C	CPEB4	CPEB1
MIR518A2	MIR518C	ZNF282	ZNF827
MIR518A2	MIR518D	HOXC8	HOXA3
MIR518A2	MIR518D	CPEB4	CPEB1
MIR518A2	MIR518D	ZNF827	ZNF282
MIR518A2	MIR518E	CPEB4	CPEB1
MIR518A2	MIR518F	CCNK	CCNL2
MIR518A2	MIR518F	HOXC8	HOXA3
MIR518A2	MIR518F	CPEB4	CPEB1
MIR518A2	MIR518F	ZNF282	ZNF827
MIR518A2	MIR520G	KPNA3	KPNA1
MIR518A2	MIR520G	SALL1	BCL11B
MIR518A2	MIR520H	KPNA3	KPNA1
MIR518A2	MIR524	ADAMTS6	ADAMTS5
MIR518A2	MIR525	EPB41L1	FRMD6
MIR518A2	MIR526A1	CPEB4	CPEB1
MIR518A2	MIR527	RAB8B	RAB18
MIR518A2	MIR527	TAOK1	STK4
MIR518A2	MIR527	KPNA4	KPNA6
MIR518A2	MIR527	KPNA3	KPNA6
MIR518B	MIR518C	HOXC8	HOXA3
MIR518B	MIR518C	CPEB4	CPEB1
MIR518B	MIR518C	ZNF282	ZNF827
MIR518B	MIR518D	HOXC8	HOXA3
MIR518B	MIR518D	CPEB4	CPEB1
MIR518B	MIR518D	ZNF282	ZNF827
MIR518B	MIR518E	CPEB4	CPEB1
MIR518B	MIR518F	HOXC8	HOXA3
MIR518B	MIR518F	CPEB4	CPEB1
MIR518B	MIR518F	ZNF282	ZNF827
MIR518B	MIR519C	BCL11A	ZNF217
MIR518B	MIR526A1	CPEB4	CPEB1
MIR518C	MIR518D	HOXC8	HOXA3
MIR518C	MIR518D	ZFP91	ZNF148
MIR518C	MIR518D	CELF4	CELF2
MIR518C	MIR518D	CPEB4	CPEB1
MIR518C	MIR518D	ZNF827	ZNF282
MIR518C	MIR518E	PTPRU	PTPN3
MIR518C	MIR518E	CELF4	CELF2
MIR518C	MIR518E	CPEB4	CPEB1
MIR518C	MIR518F	HOXC8	HOXA3
MIR518C	MIR518F	CELF4	CELF2
MIR518C	MIR518F	CPEB4	CPEB1
MIR518C	MIR518F	ZNF827	ZNF282
MIR518C	MIR519A1	CPEB1	CPEB3
MIR518C	MIR519A2	CPEB1	CPEB3
MIR518C	MIR519B	CPEB1	CPEB3
MIR518C	MIR519C	CPEB1	CPEB3
MIR518C	MIR520C	ZMYND11	PHF21A
MIR518C	MIR520D	HIPK1	DYRK1A
MIR518C	MIR520G	HIPK1	DYRK1A
MIR518C	MIR522	HIPK1	DYRK1A
MIR518C	MIR524	HIPK1	DYRK1A
MIR518C	MIR524	NRP2	NRXN1
MIR518C	MIR526A1	CPEB4	CPEB1
MIR518D	MIR518E	CLK4	HIPK3
MIR518D	MIR518E	CLK4	HIPK1
MIR518D	MIR518E	ADGRB3	ADGRL3
MIR518D	MIR518E	FLT3	AXL
MIR518D	MIR518E	SOBP	RAI2
MIR518D	MIR518E	NRXN3	CNTNAP1
MIR518D	MIR518E	CBX4	CBX8
MIR518D	MIR518E	CELF4	CELF2
MIR518D	MIR518E	CPEB4	CPEB1
MIR518D	MIR518E	CNTNAP1	NRXN1
MIR518D	MIR518E	MYO3B	MYO10
MIR518D	MIR518E	MYO3B	MYO5A
MIR518D	MIR518E	PTPN21	PTPRU
MIR518D	MIR518E	PTPN21	PTPN2
MIR518D	MIR518E	MYO5A	MYO10
MIR518D	MIR518E	PTPRU	PTPN2
MIR518D	MIR518F	CLK4	HIPK3
MIR518D	MIR518F	CLK4	HIPK1
MIR518D	MIR518F	HOXC8	HOXA3
MIR518D	MIR518F	ADGRL2	ADGRB3
MIR518D	MIR518F	RHOA	RAC1
MIR518D	MIR518F	ADGRB3	ADGRL3
MIR518D	MIR518F	FLT3	AXL
MIR518D	MIR518F	SOBP	RAI2
MIR518D	MIR518F	CBX4	CBX8
MIR518D	MIR518F	CELF4	CELF2
MIR518D	MIR518F	CPEB4	CPEB1
MIR518D	MIR518F	ZNF827	ZNF282
MIR518D	MIR518F	MYO3B	MYO10
MIR518D	MIR518F	MYO3B	MYO5A
MIR518D	MIR518F	PTPN21	PTPN2
MIR518D	MIR518F	NRCAM	ROBO1
MIR518D	MIR518F	MYO5A	MYO10
MIR518D	MIR518F	KLHL3	KLHL7
MIR518D	MIR519A1	CLK4	HIPK3
MIR518D	MIR519A1	CLK4	HIPK1
MIR518D	MIR519A1	ADGRB3	ADGRL3
MIR518D	MIR519A1	FLT3	AXL
MIR518D	MIR519A1	SOBP	RAI2
MIR518D	MIR519A1	CBX4	CBX8
MIR518D	MIR519A1	MYO3B	MYO5A
MIR518D	MIR519B	CLK4	HIPK3
MIR518D	MIR519B	CLK4	HIPK1
MIR518D	MIR519B	ADGRL2	ADGRB3
MIR518D	MIR519B	ADGRB3	ADGRL3
MIR518D	MIR519B	FLT3	AXL
MIR518D	MIR519B	SOBP	RAI2
MIR518D	MIR519B	NRXN3	CNTNAP1
MIR518D	MIR519B	CBX4	CBX8
MIR518D	MIR519B	MYO3B	MYO5A
MIR518D	MIR519B	PTPN21	PTPN2
MIR518D	MIR519B	CALN1	CALM1
MIR518D	MIR519C	CLK4	HIPK3
MIR518D	MIR519C	CLK4	HIPK1
MIR518D	MIR519C	ADGRL2	ADGRB3
MIR518D	MIR519C	ADGRB3	ADGRL3
MIR518D	MIR519C	FLT3	AXL
MIR518D	MIR519C	SOBP	RAI2
MIR518D	MIR519C	NRXN3	CNTNAP1
MIR518D	MIR519C	CBX4	CBX8
MIR518D	MIR519C	MYO3B	MYO5A
MIR518D	MIR519C	PTPN21	PTPN2
MIR518D	MIR519C	CALN1	CALM1
MIR518D	MIR520C	CLK4	HIPK3
MIR518D	MIR520C	CLK4	HIPK1
MIR518D	MIR520C	ADGRL2	ADGRB3
MIR518D	MIR520C	ADGRB3	ADGRL3
MIR518D	MIR520C	FLT3	AXL
MIR518D	MIR520C	SOBP	RAI2
MIR518D	MIR520C	NRXN3	CNTNAP1
MIR518D	MIR520C	CBX4	CBX8
MIR518D	MIR520C	MYO3B	MYO5A
MIR518D	MIR520C	CALN1	CALM1
MIR518D	MIR520G	CBX4	CBX8
MIR518D	MIR522	CLK4	HIPK3
MIR518D	MIR522	CLK4	HIPK1
MIR518D	MIR522	ADGRL2	ADGRB3
MIR518D	MIR522	ADGRB3	ADGRL3
MIR518D	MIR522	FLT3	AXL
MIR518D	MIR522	SOBP	RAI2
MIR518D	MIR522	NRXN3	CNTNAP1
MIR518D	MIR522	CBX4	CBX8
MIR518D	MIR522	MYO3B	MYO5A
MIR518D	MIR523	CLK4	HIPK3
MIR518D	MIR523	CLK4	HIPK1
MIR518D	MIR523	ADGRL2	ADGRB3
MIR518D	MIR523	ADGRB3	ADGRL3
MIR518D	MIR523	FLT3	IGF1R
MIR518D	MIR523	FLT3	AXL
MIR518D	MIR523	IGF1R	AXL
MIR518D	MIR523	SOBP	RAI2
MIR518D	MIR523	NRXN3	CNTNAP1
MIR518D	MIR523	CBX4	CBX8
MIR518D	MIR523	MYO3B	MYO5A
MIR518D	MIR526A1	CLK4	HIPK3
MIR518D	MIR526A1	CLK4	HIPK1
MIR518D	MIR526A1	ADGRL2	ADGRB3
MIR518D	MIR526A1	ADGRB3	ADGRL3
MIR518D	MIR526A1	FLT3	AXL
MIR518D	MIR526A1	SOBP	RAI2
MIR518D	MIR526A1	NRXN3	CNTNAP1
MIR518D	MIR526A1	CBX4	CBX8
MIR518D	MIR526A1	CPEB4	CPEB1
MIR518D	MIR526A1	MYO3B	MYO10
MIR518D	MIR526A1	MYO3B	MYO5A
MIR518D	MIR526A1	TBC1D8B	TBC1D10B
MIR518D	MIR526A1	MYO5A	MYO10
MIR518D	MIR526A1	CALN1	CALM1
MIR518D	MIR526A2	CLK4	HIPK3
MIR518D	MIR526A2	CLK4	HIPK1
MIR518D	MIR526A2	ADGRL2	ADGRB3
MIR518D	MIR526A2	ADGRB3	ADGRL3
MIR518D	MIR526A2	FLT3	AXL
MIR518D	MIR526A2	SOBP	RAI2
MIR518D	MIR526A2	NRXN3	CNTNAP1
MIR518D	MIR526A2	CBX4	CBX8
MIR518D	MIR526A2	MYO3B	MYO5A
MIR518D	MIR526A2	CALN1	CALM1
MIR518E	MIR518F	CLK4	HIPK3
MIR518E	MIR518F	CLK4	HIPK1
MIR518E	MIR518F	ADGRB3	ADGRL3
MIR518E	MIR518F	FLT3	AXL
MIR518E	MIR518F	SOBP	RAI2
MIR518E	MIR518F	CDH8	CDHR1
MIR518E	MIR518F	CBX4	CBX8
MIR518E	MIR518F	CELF4	CELF2
MIR518E	MIR518F	CPEB4	CPEB1
MIR518E	MIR518F	PHF12	PHF21A
MIR518E	MIR518F	MYO3B	MYO10
MIR518E	MIR518F	MYO3B	MYO5A
MIR518E	MIR518F	PTPN21	PTPN2
MIR518E	MIR518F	MYO5A	MYO10
MIR518E	MIR519A1	CLK4	HIPK3
MIR518E	MIR519A1	CLK4	HIPK1
MIR518E	MIR519A1	ADGRB3	ADGRL3
MIR518E	MIR519A1	FLT3	AXL
MIR518E	MIR519A1	SOBP	RAI2
MIR518E	MIR519A1	CDH8	CDHR1
MIR518E	MIR519A1	CBX4	CBX8
MIR518E	MIR519A1	MYO3B	MYO5A
MIR518E	MIR519B	CLK4	HIPK3
MIR518E	MIR519B	CLK4	HIPK1
MIR518E	MIR519B	ADGRB3	ADGRL3
MIR518E	MIR519B	FLT3	AXL
MIR518E	MIR519B	SOBP	RAI2
MIR518E	MIR519B	NRXN3	CNTNAP1
MIR518E	MIR519B	CDH8	CDHR1
MIR518E	MIR519B	CBX4	CBX8
MIR518E	MIR519B	USP8	USP48
MIR518E	MIR519B	MYO3B	MYO5A
MIR518E	MIR519B	PTPN21	PTPN2
MIR518E	MIR519C	CLK4	HIPK3
MIR518E	MIR519C	CLK4	HIPK1
MIR518E	MIR519C	ADGRB3	ADGRL3
MIR518E	MIR519C	FLT3	AXL
MIR518E	MIR519C	SOBP	RAI2
MIR518E	MIR519C	NRXN3	CNTNAP1
MIR518E	MIR519C	CDH8	CDHR1
MIR518E	MIR519C	CBX4	CBX8
MIR518E	MIR519C	USP8	USP48
MIR518E	MIR519C	MYO3B	MYO5A
MIR518E	MIR519C	PTPN21	PTPN2
MIR518E	MIR520C	CLK4	HIPK3
MIR518E	MIR520C	CLK4	HIPK1
MIR518E	MIR520C	ADGRB3	ADGRL3
MIR518E	MIR520C	FLT3	AXL
MIR518E	MIR520C	SOBP	RAI2
MIR518E	MIR520C	NRXN3	CNTNAP1
MIR518E	MIR520C	CBX4	CBX8
MIR518E	MIR520C	MYO3B	MYO5A
MIR518E	MIR520G	CBX4	CBX8
MIR518E	MIR520G	CACNA1C	SCN1A
MIR518E	MIR522	CLK4	HIPK3
MIR518E	MIR522	CLK4	HIPK1
MIR518E	MIR522	ADGRB3	ADGRL3
MIR518E	MIR522	FLT3	AXL
MIR518E	MIR522	ELAVL1	HNRNPR
MIR518E	MIR522	AHI1	PAFAH1B1
MIR518E	MIR522	SOBP	RAI2
MIR518E	MIR522	NRXN3	CNTNAP1
MIR518E	MIR522	CDH8	CDHR1
MIR518E	MIR522	CBX4	CBX8
MIR518E	MIR522	ZNF275	ZNF45
MIR518E	MIR522	MYO3B	MYO5A
MIR518E	MIR523	CLK4	HIPK3
MIR518E	MIR523	CLK4	HIPK1
MIR518E	MIR523	ADGRB3	ADGRL3
MIR518E	MIR523	FLT3	AXL
MIR518E	MIR523	AHI1	PAFAH1B1
MIR518E	MIR523	SOBP	RAI2
MIR518E	MIR523	NRXN3	CNTNAP1
MIR518E	MIR523	CDH8	CDHR1
MIR518E	MIR523	CBX4	CBX8
MIR518E	MIR523	MYO3B	MYO5A
MIR518E	MIR526A1	CLK4	HIPK3
MIR518E	MIR526A1	CLK4	HIPK1
MIR518E	MIR526A1	ADGRB3	ADGRL3
MIR518E	MIR526A1	FLT3	AXL
MIR518E	MIR526A1	SOBP	RAI2
MIR518E	MIR526A1	NRXN3	CNTNAP1
MIR518E	MIR526A1	CBX4	CBX8
MIR518E	MIR526A1	CPEB4	CPEB1
MIR518E	MIR526A1	MYO3B	MYO10
MIR518E	MIR526A1	MYO3B	MYO5A
MIR518E	MIR526A1	MYO5A	MYO10
MIR518E	MIR526A2	CLK4	HIPK3
MIR518E	MIR526A2	CLK4	HIPK1
MIR518E	MIR526A2	ADGRB3	ADGRL3
MIR518E	MIR526A2	FLT3	AXL
MIR518E	MIR526A2	SOBP	RAI2
MIR518E	MIR526A2	NRXN3	CNTNAP1
MIR518E	MIR526A2	CBX4	CBX8
MIR518E	MIR526A2	MYO3B	MYO5A
MIR518F	MIR519A1	CLK4	HIPK3
MIR518F	MIR519A1	CLK4	HIPK1
MIR518F	MIR519A1	ADGRB3	ADGRL3
MIR518F	MIR519A1	FLT3	AXL
MIR518F	MIR519A1	SOBP	RAI2
MIR518F	MIR519A1	CDH8	CDHR1
MIR518F	MIR519A1	CBX4	CBX8
MIR518F	MIR519A1	MYO3B	MYO5A
MIR518F	MIR519A1	ZBTB41	ZNF592
MIR518F	MIR519B	CLK4	HIPK3
MIR518F	MIR519B	CLK4	HIPK1
MIR518F	MIR519B	ADGRL2	ADGRB3
MIR518F	MIR519B	ADGRB3	ADGRL3
MIR518F	MIR519B	FLT3	AXL
MIR518F	MIR519B	SOBP	RAI2
MIR518F	MIR519B	CDH8	CDHR1
MIR518F	MIR519B	CBX4	CBX8
MIR518F	MIR519B	MYO3B	MYO5A
MIR518F	MIR519B	PTPN21	PTPN2
MIR518F	MIR519C	CLK4	HIPK3
MIR518F	MIR519C	CLK4	HIPK1
MIR518F	MIR519C	ADGRL2	ADGRB3
MIR518F	MIR519C	ADGRB3	ADGRL3
MIR518F	MIR519C	FLT3	AXL
MIR518F	MIR519C	SOBP	RAI2
MIR518F	MIR519C	CDH8	CDHR1
MIR518F	MIR519C	CBX4	CBX8
MIR518F	MIR519C	MYO3B	MYO5A
MIR518F	MIR519C	PTPN21	PTPN2
MIR518F	MIR520C	CLK4	HIPK3
MIR518F	MIR520C	CLK4	HIPK1
MIR518F	MIR520C	ADGRL2	ADGRB3
MIR518F	MIR520C	ADGRB3	ADGRL3
MIR518F	MIR520C	FLT3	AXL
MIR518F	MIR520C	SOBP	RAI2
MIR518F	MIR520C	CBX4	CBX8
MIR518F	MIR520C	MYO3B	MYO5A
MIR518F	MIR520G	CBX4	CBX8
MIR518F	MIR522	CLK4	HIPK3
MIR518F	MIR522	CLK4	HIPK1
MIR518F	MIR522	ADGRL2	ADGRB3
MIR518F	MIR522	ADGRB3	ADGRL3
MIR518F	MIR522	FLT3	AXL
MIR518F	MIR522	SOBP	RAI2
MIR518F	MIR522	CDH8	CDHR1
MIR518F	MIR522	CBX4	CBX8
MIR518F	MIR522	MYO3B	MYO5A
MIR518F	MIR523	CLK4	HIPK3
MIR518F	MIR523	CLK4	HIPK1
MIR518F	MIR523	ADGRL2	ADGRB3
MIR518F	MIR523	ADGRB3	ADGRL3
MIR518F	MIR523	FLT3	AXL
MIR518F	MIR523	SOBP	RAI2
MIR518F	MIR523	CDH8	CDHR1
MIR518F	MIR523	CBX4	CBX8
MIR518F	MIR523	MYO3B	MYO5A
MIR518F	MIR526A1	CLK4	HIPK3
MIR518F	MIR526A1	CLK4	HIPK1
MIR518F	MIR526A1	ADGRL2	ADGRB3
MIR518F	MIR526A1	ADGRB3	ADGRL3
MIR518F	MIR526A1	FLT3	AXL
MIR518F	MIR526A1	SOBP	RAI2
MIR518F	MIR526A1	CBX4	CBX8
MIR518F	MIR526A1	CPEB4	CPEB1
MIR518F	MIR526A1	MYO3B	MYO10
MIR518F	MIR526A1	MYO3B	MYO5A
MIR518F	MIR526A1	MYO5A	MYO10
MIR518F	MIR526A2	CLK4	HIPK3
MIR518F	MIR526A2	CLK4	HIPK1
MIR518F	MIR526A2	ADGRL2	ADGRB3
MIR518F	MIR526A2	ADGRB3	ADGRL3
MIR518F	MIR526A2	FLT3	AXL
MIR518F	MIR526A2	SOBP	RAI2
MIR518F	MIR526A2	CBX4	CBX8
MIR518F	MIR526A2	MYO3B	MYO5A
MIR519A1	MIR519A2	CHD5	CHD9
MIR519A1	MIR519A2	TGFBR2	BMPR2
MIR519A1	MIR519A2	USP15	USP3
MIR519A1	MIR519A2	CPEB3	CPEB1
MIR519A1	MIR519A2	SMAD7	SMAD5
MIR519A1	MIR519B	CHD5	CHD9
MIR519A1	MIR519B	CLK4	HIPK3
MIR519A1	MIR519B	CLK4	HIPK1
MIR519A1	MIR519B	ADGRB3	ADGRL3
MIR519A1	MIR519B	FLT3	EPHA4
MIR519A1	MIR519B	FLT3	AXL
MIR519A1	MIR519B	EPHA4	AXL
MIR519A1	MIR519B	TGFBR2	BMPR2
MIR519A1	MIR519B	SOBP	RAI2
MIR519A1	MIR519B	NRXN3	DCBLD2
MIR519A1	MIR519B	CDH8	CDHR1
MIR519A1	MIR519B	CBX4	CBX8
MIR519A1	MIR519B	USP15	USP8
MIR519A1	MIR519B	USP15	USP3
MIR519A1	MIR519B	USP8	USP3
MIR519A1	MIR519B	CPEB3	CPEB1
MIR519A1	MIR519B	MYO3B	MYO5A
MIR519A1	MIR519B	PTPN21	PTPN4
MIR519A1	MIR519B	AGO1	AGO4
MIR519A1	MIR519B	SMAD7	SMAD5
MIR519A1	MIR519C	CHD5	CHD9
MIR519A1	MIR519C	CLK4	HIPK3
MIR519A1	MIR519C	CLK4	HIPK1
MIR519A1	MIR519C	ADGRB3	ADGRL3
MIR519A1	MIR519C	FLT3	EPHA4
MIR519A1	MIR519C	FLT3	AXL
MIR519A1	MIR519C	EPHA4	AXL
MIR519A1	MIR519C	TGFBR2	BMPR2
MIR519A1	MIR519C	SOBP	RAI2
MIR519A1	MIR519C	NRXN3	DCBLD2
MIR519A1	MIR519C	CDH8	CDHR1
MIR519A1	MIR519C	CBX4	CBX8
MIR519A1	MIR519C	USP15	USP8
MIR519A1	MIR519C	USP15	USP3
MIR519A1	MIR519C	USP8	USP3
MIR519A1	MIR519C	MAP2K4	MAP3K2
MIR519A1	MIR519C	CPEB3	CPEB1
MIR519A1	MIR519C	MYO3B	MYO5A
MIR519A1	MIR519C	PTPN21	PTPN4
MIR519A1	MIR519C	C18orf25	RNF111
MIR519A1	MIR519C	AGO1	AGO4
MIR519A1	MIR520C	CLK4	HIPK3
MIR519A1	MIR520C	CLK4	HIPK1
MIR519A1	MIR520C	ADGRB3	ADGRL3
MIR519A1	MIR520C	FLT3	AXL
MIR519A1	MIR520C	SOBP	RAI2
MIR519A1	MIR520C	CBX4	CBX8
MIR519A1	MIR520C	MAP2K4	MAP3K2
MIR519A1	MIR520C	MYO3B	MYO5A
MIR519A1	MIR520G	CBX4	CBX8
MIR519A1	MIR520G	SORL1	SORCS1
MIR519A1	MIR522	CLK4	HIPK3
MIR519A1	MIR522	CLK4	HIPK1
MIR519A1	MIR522	ADGRB3	ADGRL3
MIR519A1	MIR522	FLT3	AXL
MIR519A1	MIR522	SOBP	RAI2
MIR519A1	MIR522	CDH8	CDHR1
MIR519A1	MIR522	CBX4	CBX8
MIR519A1	MIR522	MYO3B	MYO5A
MIR519A1	MIR523	CLK4	HIPK3
MIR519A1	MIR523	CLK4	HIPK1
MIR519A1	MIR523	ADGRB3	ADGRL3
MIR519A1	MIR523	FLT3	AXL
MIR519A1	MIR523	SOBP	RAI2
MIR519A1	MIR523	CDH8	CDHR1
MIR519A1	MIR523	CBX4	CBX8
MIR519A1	MIR523	MYO3B	MYO5A
MIR519A1	MIR526A1	CLK4	HIPK3
MIR519A1	MIR526A1	CLK4	HIPK1
MIR519A1	MIR526A1	ADGRB3	ADGRL3
MIR519A1	MIR526A1	FLT3	AXL
MIR519A1	MIR526A1	SOBP	RAI2
MIR519A1	MIR526A1	CBX4	CBX8
MIR519A1	MIR526A1	MYO3B	MYO5A
MIR519A1	MIR526A2	CLK4	HIPK3
MIR519A1	MIR526A2	CLK4	HIPK1
MIR519A1	MIR526A2	ADGRB3	ADGRL3
MIR519A1	MIR526A2	FLT3	AXL
MIR519A1	MIR526A2	SOBP	RAI2
MIR519A1	MIR526A2	CBX4	CBX8
MIR519A1	MIR526A2	MYO3B	MYO5A
MIR519A2	MIR519B	CHD5	CHD9
MIR519A2	MIR519B	TGFBR2	BMPR2
MIR519A2	MIR519B	USP15	USP3
MIR519A2	MIR519B	CPEB3	CPEB1
MIR519A2	MIR519B	SMAD7	SMAD5
MIR519A2	MIR519C	CHD5	CHD9
MIR519A2	MIR519C	TGFBR2	BMPR2
MIR519A2	MIR519C	USP15	USP3
MIR519A2	MIR519C	CPEB3	CPEB1
MIR519A2	MIR520B	BRPF3	JADE2
MIR519A2	MIR520B	ZNF678	ZNF250
MIR519A2	MIR520B	ZBTB41	WIZ
MIR519B	MIR519C	CHD5	CHD9
MIR519B	MIR519C	CLK4	HIPK3
MIR519B	MIR519C	CLK4	HIPK1
MIR519B	MIR519C	ADGRL2	ADGRB3
MIR519B	MIR519C	ADGRB3	ADGRL3
MIR519B	MIR519C	FLT3	EPHA4
MIR519B	MIR519C	FLT3	AXL
MIR519B	MIR519C	EPHA4	AXL
MIR519B	MIR519C	TGFBR2	BMPR2
MIR519B	MIR519C	SOBP	RAI2
MIR519B	MIR519C	NRXN3	DCBLD2
MIR519B	MIR519C	NRXN3	CNTNAP1
MIR519B	MIR519C	CDH8	CDHR1
MIR519B	MIR519C	CBX4	CBX8
MIR519B	MIR519C	USP15	USP48
MIR519B	MIR519C	USP15	USP8
MIR519B	MIR519C	USP15	USP3
MIR519B	MIR519C	USP8	USP48
MIR519B	MIR519C	USP8	USP3
MIR519B	MIR519C	DCBLD2	CNTNAP1
MIR519B	MIR519C	CPEB3	CPEB1
MIR519B	MIR519C	STAU2	ADARB1
MIR519B	MIR519C	MYO3B	MYO5A
MIR519B	MIR519C	PTPN21	PTPN4
MIR519B	MIR519C	PTPN21	PTPRD
MIR519B	MIR519C	PTPN21	PTPN2
MIR519B	MIR519C	USP3	USP48
MIR519B	MIR519C	AGO1	AGO4
MIR519B	MIR519C	HIVEP2	BCL11A
MIR519B	MIR519C	PTPRD	PTPN4
MIR519B	MIR519C	PTPRD	PTPN2
MIR519B	MIR519C	PTPN4	PTPN2
MIR519B	MIR519C	CALN1	CALM1
MIR519B	MIR519D	PTPRD	PTPN4
MIR519B	MIR520C	CLK4	HIPK3
MIR519B	MIR520C	CLK4	HIPK1
MIR519B	MIR520C	ADGRL2	ADGRB3
MIR519B	MIR520C	ADGRB3	ADGRL3
MIR519B	MIR520C	FLT3	AXL
MIR519B	MIR520C	SOBP	RAI2
MIR519B	MIR520C	NRXN3	CNTNAP1
MIR519B	MIR520C	CBX4	CBX8
MIR519B	MIR520C	MYO3B	MYO5A
MIR519B	MIR520C	CALN1	CALM1
MIR519B	MIR520G	CBX4	CBX8
MIR519B	MIR522	CLK4	HIPK3
MIR519B	MIR522	CLK4	HIPK1
MIR519B	MIR522	ADGRL2	ADGRB3
MIR519B	MIR522	ADGRB3	ADGRL3
MIR519B	MIR522	FLT3	AXL
MIR519B	MIR522	SOBP	RAI2
MIR519B	MIR522	NRXN3	CNTNAP1
MIR519B	MIR522	CDH8	CDHR1
MIR519B	MIR522	CBX4	CBX8
MIR519B	MIR522	MYO3B	MYO5A
MIR519B	MIR523	CLK4	HIPK3
MIR519B	MIR523	CLK4	HIPK1
MIR519B	MIR523	ADGRL2	ADGRB3
MIR519B	MIR523	ADGRB3	ADGRL3
MIR519B	MIR523	FLT3	AXL
MIR519B	MIR523	SOBP	RAI2
MIR519B	MIR523	NRXN3	CNTNAP1
MIR519B	MIR523	CDH8	CDHR1
MIR519B	MIR523	CBX4	CBX8
MIR519B	MIR523	MYO3B	MYO5A
MIR519B	MIR526A1	CLK4	HIPK3
MIR519B	MIR526A1	CLK4	HIPK1
MIR519B	MIR526A1	ADGRL2	ADGRB3
MIR519B	MIR526A1	ADGRB3	ADGRL3
MIR519B	MIR526A1	FLT3	AXL
MIR519B	MIR526A1	SOBP	RAI2
MIR519B	MIR526A1	NRXN3	CNTNAP1
MIR519B	MIR526A1	CBX4	CBX8
MIR519B	MIR526A1	MYO3B	MYO5A
MIR519B	MIR526A1	CALN1	CALM1
MIR519B	MIR526A2	CLK4	HIPK3
MIR519B	MIR526A2	CLK4	HIPK1
MIR519B	MIR526A2	ADGRL2	ADGRB3
MIR519B	MIR526A2	ADGRB3	ADGRL3
MIR519B	MIR526A2	FLT3	AXL
MIR519B	MIR526A2	SOBP	RAI2
MIR519B	MIR526A2	NRXN3	CNTNAP1
MIR519B	MIR526A2	CBX4	CBX8
MIR519B	MIR526A2	MYO3B	MYO5A
MIR519B	MIR526A2	CALN1	CALM1
MIR519B	MIR526B	PTPRD	PTPN4
MIR519C	MIR519D	NAA50	NAA30
MIR519C	MIR519D	PTPRD	PTPN4
MIR519C	MIR520C	CLK4	HIPK3
MIR519C	MIR520C	CLK4	HIPK1
MIR519C	MIR520C	ADGRL2	ADGRB3
MIR519C	MIR520C	ADGRB3	ADGRL3
MIR519C	MIR520C	FLT3	AXL
MIR519C	MIR520C	SOBP	RAI2
MIR519C	MIR520C	NRXN3	CNTNAP1
MIR519C	MIR520C	CBX4	CBX8
MIR519C	MIR520C	MAP2K4	MAP3K2
MIR519C	MIR520C	MYO3B	MYO5A
MIR519C	MIR520C	CALN1	CALM1
MIR519C	MIR520F	ZBTB18	ZNF148
MIR519C	MIR520G	CBX4	CBX8
MIR519C	MIR522	CLK4	HIPK3
MIR519C	MIR522	CLK4	HIPK1
MIR519C	MIR522	ADGRL2	ADGRB3
MIR519C	MIR522	ADGRB3	ADGRL3
MIR519C	MIR522	FLT3	AXL
MIR519C	MIR522	SOBP	RAI2
MIR519C	MIR522	NRXN3	CNTNAP1
MIR519C	MIR522	CDH8	CDHR1
MIR519C	MIR522	CBX4	CBX8
MIR519C	MIR522	MYO3B	MYO5A
MIR519C	MIR523	CLK4	HIPK3
MIR519C	MIR523	CLK4	HIPK1
MIR519C	MIR523	ADGRL2	ADGRB3
MIR519C	MIR523	ADGRB3	ADGRL3
MIR519C	MIR523	FLT3	AXL
MIR519C	MIR523	SOBP	RAI2
MIR519C	MIR523	NRXN3	CNTNAP1
MIR519C	MIR523	CDH8	CDHR1
MIR519C	MIR523	CBX4	CBX8
MIR519C	MIR523	MYO3B	MYO5A
MIR519C	MIR526A1	CLK4	HIPK3
MIR519C	MIR526A1	CLK4	HIPK1
MIR519C	MIR526A1	ADGRL2	ADGRB3
MIR519C	MIR526A1	ADGRB3	ADGRL3
MIR519C	MIR526A1	FLT3	AXL
MIR519C	MIR526A1	SOBP	RAI2
MIR519C	MIR526A1	NRXN3	CNTNAP1
MIR519C	MIR526A1	CBX4	CBX8
MIR519C	MIR526A1	MYO3B	MYO5A
MIR519C	MIR526A1	CALN1	CALM1
MIR519C	MIR526A2	CLK4	HIPK3
MIR519C	MIR526A2	CLK4	HIPK1
MIR519C	MIR526A2	ADGRL2	ADGRB3
MIR519C	MIR526A2	ADGRB3	ADGRL3
MIR519C	MIR526A2	FLT3	AXL
MIR519C	MIR526A2	SOBP	RAI2
MIR519C	MIR526A2	NRXN3	CNTNAP1
MIR519C	MIR526A2	CBX4	CBX8
MIR519C	MIR526A2	MYO3B	MYO5A
MIR519C	MIR526A2	CALN1	CALM1
MIR519C	MIR526B	PTPRD	PTPN4
MIR519D	MIR519E	EPHA7	FGFR2
MIR519D	MIR520E	RAB22A	RAB5B
MIR519D	MIR520E	ZNFX1	HELZ
MIR519D	MIR526B	RAB5B	RAB22A
MIR519D	MIR526B	E2F1	E2F5
MIR519D	MIR526B	PTPRD	PTPN4
MIR519D	MIR526B	RAP2C	RASL11B
MIR519D	MIR526B	KLHL28	KLHL2
MIR519D	MIR526B	ZBTB7A	ZNF367
MIR519D	MIR526B	ZFYVE26	RUFY2
MIR519D	MIR526B	ZNFX1	HELZ
MIR519E	MIR520A	ACVR2B	TGFBR2
MIR519E	MIR526B	NEDD4L	UBE3C
MIR520A	MIR520B	E2F7	E2F5
MIR520A	MIR520B	ZBTB5	ZNF367
MIR520A	MIR520B	PRRG4	PRRG1
MIR520A	MIR520B	GLIS3	AEBP2
MIR520A	MIR520B	LEFTY1	GDF11
MIR520A	MIR520B	LEFTY1	LEFTY2
MIR520A	MIR520B	EZH1	KMT2A
MIR520A	MIR520B	IRF2	IRF9
MIR520A	MIR520B	RAB22A	RAB11A
MIR520A	MIR520B	GDF11	LEFTY2
MIR520A	MIR520B	ZBTB41	PRDM4
MIR520A	MIR520C	E2F7	E2F5
MIR520A	MIR520C	ZBTB5	ZNF367
MIR520A	MIR520C	PRRG4	PRRG1
MIR520A	MIR520C	GLIS3	AEBP2
MIR520A	MIR520C	LEFTY1	GDF11
MIR520A	MIR520C	LEFTY1	LEFTY2
MIR520A	MIR520C	EZH1	KMT2A
MIR520A	MIR520C	IRF2	IRF9
MIR520A	MIR520C	RAB22A	RAB11A
MIR520A	MIR520C	GDF11	LEFTY2
MIR520A	MIR520C	ZBTB41	PRDM4
MIR520A	MIR520D	E2F7	E2F5
MIR520A	MIR520D	ZBTB5	ZNF367
MIR520A	MIR520D	PRRG4	PRRG1
MIR520A	MIR520D	GLIS3	AEBP2
MIR520A	MIR520D	EZH1	KMT2A
MIR520A	MIR520D	IRF2	IRF9
MIR520A	MIR520D	RAB22A	RAB11A
MIR520A	MIR520D	GDF11	LEFTY2
MIR520A	MIR520D	ZBTB41	PRDM4
MIR520A	MIR520E	E2F7	E2F5
MIR520A	MIR520E	ZBTB5	ZNF367
MIR520A	MIR520E	PRRG4	PRRG1
MIR520A	MIR520E	GLIS3	AEBP2
MIR520A	MIR520E	LEFTY1	GDF11
MIR520A	MIR520E	LEFTY1	LEFTY2
MIR520A	MIR520E	IRF2	IRF9
MIR520A	MIR520E	RAB22A	RAB11A
MIR520A	MIR520E	GDF11	LEFTY2
MIR520A	MIR520E	ZBTB41	PRDM4
MIR520A	MIR520F	IRF2	IRF9
MIR520A	MIR520F	RNF38	RNF6
MIR520A	MIR520F	PRDM4	ZBTB41
MIR520A	MIR520F	ARF6	SAR1B
MIR520A	MIR520F	PAK5	PAK2
MIR520A	MIR520F	AEBP2	GLIS3
MIR520A	MIR524	RAB22A	RAB11A
MIR520A	MIR525	PSD3	MON2
MIR520A	MIR525	FN1	TNN
MIR520A	MIR525	KLF13	SP8
MIR520A	MIR525	ARF6	ARF3
MIR520A	MIR525	DRP2	DTNA
MIR520A	MIR525	PTPN14	PTPRB
MIR520A	MIR526B	TRIM33	TRIM8
MIR520A	MIR526B	EZH1	KMT2A
MIR520B	MIR520C	E2F7	E2F5
MIR520B	MIR520C	ZBTB5	ZNF367
MIR520B	MIR520C	UBE2B	UBE2W
MIR520B	MIR520C	PRRG4	PRRG1
MIR520B	MIR520C	GLIS3	AEBP2
MIR520B	MIR520C	LEFTY1	GDF11
MIR520B	MIR520C	LEFTY1	LEFTY2
MIR520B	MIR520C	MTF1	ZNF148
MIR520B	MIR520C	EZH1	KMT2A
MIR520B	MIR520C	IRF2	IRF9
MIR520B	MIR520C	RAB22A	RAB11A
MIR520B	MIR520C	GDF11	LEFTY2
MIR520B	MIR520C	ZBTB41	PRDM4
MIR520B	MIR520D	E2F7	E2F5
MIR520B	MIR520D	ZBTB5	ZNF367
MIR520B	MIR520D	UBE2B	UBE2W
MIR520B	MIR520D	PRRG4	PRRG1
MIR520B	MIR520D	GLIS3	AEBP2
MIR520B	MIR520D	MTF1	ZNF148
MIR520B	MIR520D	EZH1	ASH1L
MIR520B	MIR520D	EZH1	KMT2A
MIR520B	MIR520D	IRF2	IRF9
MIR520B	MIR520D	RAB22A	RAB11A
MIR520B	MIR520D	ASH1L	KMT2A
MIR520B	MIR520D	GDF11	LEFTY2
MIR520B	MIR520D	ZBTB41	PRDM4
MIR520B	MIR520E	E2F7	E2F5
MIR520B	MIR520E	ZBTB5	ZNF367
MIR520B	MIR520E	UBE2B	UBE2W
MIR520B	MIR520E	PRRG4	PRRG1
MIR520B	MIR520E	GLIS3	AEBP2
MIR520B	MIR520E	LEFTY1	GDF11
MIR520B	MIR520E	LEFTY1	LEFTY2
MIR520B	MIR520E	MTF1	ZNF148
MIR520B	MIR520E	IRF2	IRF9
MIR520B	MIR520E	RAB22A	RAB11A
MIR520B	MIR520E	GDF11	LEFTY2
MIR520B	MIR520E	ZBTB41	PRDM4
MIR520B	MIR520F	IRF2	IRF9
MIR520B	MIR520F	PRDM4	ZBTB41
MIR520B	MIR520F	KMT2A	ASH1L
MIR520B	MIR520F	MTF1	ZNF148
MIR520B	MIR520F	AEBP2	GLIS3
MIR520B	MIR524	RAB11A	RAB22A
MIR520B	MIR526B	KMT2A	EZH1
MIR520B	MIR526B	TRIM36	TRIM8
MIR520C	MIR520D	E2F7	E2F5
MIR520C	MIR520D	ZBTB5	ZNF367
MIR520C	MIR520D	UBE2B	UBE2W
MIR520C	MIR520D	PRRG4	PRRG1
MIR520C	MIR520D	GLIS3	AEBP2
MIR520C	MIR520D	MTF1	ZNF148
MIR520C	MIR520D	EZH1	KMT2A
MIR520C	MIR520D	HIPK1	DYRK2
MIR520C	MIR520D	IRF2	IRF9
MIR520C	MIR520D	RAB22A	RAB11A
MIR520C	MIR520D	GDF11	LEFTY2
MIR520C	MIR520D	ZBTB41	PRDM4
MIR520C	MIR520E	E2F7	E2F5
MIR520C	MIR520E	ZBTB5	ZNF367
MIR520C	MIR520E	UBE2B	UBE2W
MIR520C	MIR520E	PRRG4	PRRG1
MIR520C	MIR520E	GLIS3	AEBP2
MIR520C	MIR520E	LEFTY1	GDF11
MIR520C	MIR520E	LEFTY1	LEFTY2
MIR520C	MIR520E	MTF1	ZNF148
MIR520C	MIR520E	IRF2	IRF9
MIR520C	MIR520E	RAB22A	RAB11A
MIR520C	MIR520E	GDF11	LEFTY2
MIR520C	MIR520E	ZBTB41	PRDM4
MIR520C	MIR520F	IRF2	IRF9
MIR520C	MIR520F	PRDM4	ZBTB41
MIR520C	MIR520F	LHX6	LMO3
MIR520C	MIR520F	MTF1	ZNF148
MIR520C	MIR520F	AEBP2	GLIS3
MIR520C	MIR520G	CBX4	CBX8
MIR520C	MIR522	CLK4	HIPK3
MIR520C	MIR522	CLK4	DYRK2
MIR520C	MIR522	CLK4	HIPK1
MIR520C	MIR522	ADGRL2	ADGRB3
MIR520C	MIR522	ADGRB3	ADGRL3
MIR520C	MIR522	FLT3	AXL
MIR520C	MIR522	SOBP	RAI2
MIR520C	MIR522	NRXN3	CNTNAP1
MIR520C	MIR522	CBX4	CBX8
MIR520C	MIR522	MYO3B	MYO5A
MIR520C	MIR522	HIPK1	DYRK2
MIR520C	MIR522	HIPK3	DYRK2
MIR520C	MIR523	CLK4	HIPK3
MIR520C	MIR523	CLK4	HIPK1
MIR520C	MIR523	ADGRL2	ADGRB3
MIR520C	MIR523	ADGRB3	ADGRL3
MIR520C	MIR523	FLT3	AXL
MIR520C	MIR523	SOBP	RAI2
MIR520C	MIR523	NRXN3	CNTNAP1
MIR520C	MIR523	CBX4	CBX8
MIR520C	MIR523	MYO3B	MYO5A
MIR520C	MIR524	RAB11A	RAB22A
MIR520C	MIR526A1	CLK4	HIPK3
MIR520C	MIR526A1	CLK4	HIPK1
MIR520C	MIR526A1	ADGRL2	ADGRB3
MIR520C	MIR526A1	ADGRB3	ADGRL3
MIR520C	MIR526A1	FLT3	AXL
MIR520C	MIR526A1	SOBP	RAI2
MIR520C	MIR526A1	NRXN3	CNTNAP1
MIR520C	MIR526A1	CBX4	CBX8
MIR520C	MIR526A1	MYO3B	MYO5A
MIR520C	MIR526A1	CALN1	CALM1
MIR520C	MIR526A2	CLK4	HIPK3
MIR520C	MIR526A2	CLK4	HIPK1
MIR520C	MIR526A2	ADGRL2	ADGRB3
MIR520C	MIR526A2	ADGRB3	ADGRL3
MIR520C	MIR526A2	FLT3	AXL
MIR520C	MIR526A2	SOBP	RAI2
MIR520C	MIR526A2	NRXN3	CNTNAP1
MIR520C	MIR526A2	CBX4	CBX8
MIR520C	MIR526A2	MYO3B	MYO5A
MIR520C	MIR526A2	CALN1	CALM1
MIR520C	MIR526B	EZH1	KMT2A
MIR520D	MIR520E	E2F7	E2F5
MIR520D	MIR520E	ZBTB5	ZNF367
MIR520D	MIR520E	UBE2B	UBE2W
MIR520D	MIR520E	PRRG4	PRRG1
MIR520D	MIR520E	GLIS3	AEBP2
MIR520D	MIR520E	HECTD2	SMURF2
MIR520D	MIR520E	MTF1	ZNF148
MIR520D	MIR520E	IRF2	IRF9
MIR520D	MIR520E	RAB22A	RAB11A
MIR520D	MIR520E	GDF11	LEFTY2
MIR520D	MIR520E	ZBTB41	PRDM4
MIR520D	MIR520F	IRF2	IRF9
MIR520D	MIR520F	PRDM4	ZBTB41
MIR520D	MIR520F	KMT2A	ASH1L
MIR520D	MIR520F	RSRC2	SRSF6
MIR520D	MIR520F	MTF1	ZNF148
MIR520D	MIR520F	AEBP2	GLIS3
MIR520D	MIR520G	HIPK1	DYRK1A
MIR520D	MIR520G	NBEA	WDFY3
MIR520D	MIR522	HIPK1	DYRK2
MIR520D	MIR522	HIPK1	DYRK1A
MIR520D	MIR522	DYRK1A	DYRK2
MIR520D	MIR524	NBEA	WDFY3
MIR520D	MIR524	CREM	CREB3L2
MIR520D	MIR524	SOX4	SOX8
MIR520D	MIR524	SOX4	SOX9
MIR520D	MIR524	RAB12	RAB11A
MIR520D	MIR524	RAB12	RAB22A
MIR520D	MIR524	STRBP	PRKRA
MIR520D	MIR524	PRKRA	ZFR
MIR520D	MIR524	ADAMTS5	ADAMTSL3
MIR520D	MIR524	TAOK1	MAP4K3
MIR520D	MIR524	HIPK1	DYRK1A
MIR520D	MIR524	RAB22A	RAB11A
MIR520D	MIR524	MTM1	SBF2
MIR520D	MIR524	UBR5	SMURF2
MIR520D	MIR526B	NBEA	WDFY3
MIR520D	MIR526B	EZH1	KMT2A
MIR520E	MIR520F	IRF2	IRF9
MIR520E	MIR520F	PRDM4	ZBTB41
MIR520E	MIR520F	MTF1	ZNF148
MIR520E	MIR520F	AEBP2	GLIS3
MIR520E	MIR524	RAB22A	RAB11A
MIR520E	MIR526B	RAB22A	RAB5B
MIR520E	MIR526B	NPR3	GUCY1A1
MIR520E	MIR526B	RPS6KA5	RPS6KA3
MIR520E	MIR526B	ZNFX1	HELZ
MIR520F	MIR526B	KIF26B	KIF23
MIR520G	MIR520H	NPAS3	HIF1A
MIR520G	MIR520H	RAB8B	RAB21
MIR520G	MIR520H	RABGAP1	TBC1D9
MIR520G	MIR520H	RABGAP1	TBC1D15
MIR520G	MIR520H	LIMK1	MAP3K9
MIR520G	MIR520H	ZFP91	ZBTB1
MIR520G	MIR520H	TRIM13	TRIM8
MIR520G	MIR520H	TBC1D15	TBC1D9
MIR520G	MIR520H	DYRK1A	HIPK3
MIR520G	MIR520H	KLF12	KLF10
MIR520G	MIR520H	KPNA3	KPNA1
MIR520G	MIR522	HIPK1	DYRK1A
MIR520G	MIR522	DYRK1A	HIPK3
MIR520G	MIR522	CBX4	CBX8
MIR520G	MIR523	CBX4	CBX8
MIR520G	MIR524	HIPK1	DYRK1A
MIR520G	MIR524	NBEA	WDFY3
MIR520G	MIR524	NSD2	ASH1L
MIR520G	MIR526A1	CBX4	CBX8
MIR520G	MIR526A2	CBX4	CBX8
MIR520G	MIR526B	NBEA	WDFY3
MIR520H	MIR522	DYRK1A	HIPK3
MIR521-1	MIR521-2	TLL2	NETO1
MIR521-1	MIR521-2	DAZAP1	HNRNPA2B1
MIR521-1	MIR521-2	GRIK5	GRIA1
MIR521-1	MIR521-2	ERBIN	LRRC27
MIR521-1	MIR521-2	CAMK2D	DCLK1
MIR522	MIR523	CLK4	HIPK3
MIR522	MIR523	CLK4	HIPK1
MIR522	MIR523	ADGRL2	ADGRB3
MIR522	MIR523	ADGRB3	ADGRL3
MIR522	MIR523	FLT3	AXL
MIR522	MIR523	AHI1	PAFAH1B1
MIR522	MIR523	SOBP	RAI2
MIR522	MIR523	NRXN3	CNTNAP1
MIR522	MIR523	CDH8	CDHR1
MIR522	MIR523	CBX4	CBX8
MIR522	MIR523	MYO3B	MYO5A
MIR522	MIR523	KMT2A	SUV39H2
MIR522	MIR524	HIPK1	DYRK1A
MIR522	MIR526A1	CLK4	HIPK3
MIR522	MIR526A1	CLK4	HIPK1
MIR522	MIR526A1	ADGRL2	ADGRB3
MIR522	MIR526A1	ADGRB3	ADGRL3
MIR522	MIR526A1	FLT3	AXL
MIR522	MIR526A1	SOBP	RAI2
MIR522	MIR526A1	NRXN3	CNTNAP1
MIR522	MIR526A1	CBX4	CBX8
MIR522	MIR526A1	MYO3B	MYO5A
MIR522	MIR526A2	CLK4	HIPK3
MIR522	MIR526A2	CLK4	HIPK1
MIR522	MIR526A2	ADGRL2	ADGRB3
MIR522	MIR526A2	ADGRB3	ADGRL3
MIR522	MIR526A2	FLT3	AXL
MIR522	MIR526A2	SOBP	RAI2
MIR522	MIR526A2	NRXN3	CNTNAP1
MIR522	MIR526A2	CBX4	CBX8
MIR522	MIR526A2	MYO3B	MYO5A
MIR523	MIR526A1	CLK4	HIPK3
MIR523	MIR526A1	CLK4	HIPK1
MIR523	MIR526A1	ADGRL2	ADGRB3
MIR523	MIR526A1	ADGRB3	ADGRL3
MIR523	MIR526A1	FLT3	AXL
MIR523	MIR526A1	SOBP	RAI2
MIR523	MIR526A1	NRXN3	CNTNAP1
MIR523	MIR526A1	CBX4	CBX8
MIR523	MIR526A1	MYO3B	MYO5A
MIR523	MIR526A2	CLK4	HIPK3
MIR523	MIR526A2	CLK4	HIPK1
MIR523	MIR526A2	ADGRL2	ADGRB3
MIR523	MIR526A2	ADGRB3	ADGRL3
MIR523	MIR526A2	FLT3	AXL
MIR523	MIR526A2	SOBP	RAI2
MIR523	MIR526A2	NRXN3	CNTNAP1
MIR523	MIR526A2	CBX4	CBX8
MIR523	MIR526A2	MYO3B	MYO5A
MIR524	MIR525	SLITRK2	SLITRK4
MIR524	MIR525	DUSP15	SSH2
MIR524	MIR525	TLX3	HOXC6
MIR524	MIR525	MYO3A	MYO10
MIR524	MIR526B	NBEA	WDFY3
MIR526A1	MIR526A2	CLK4	HIPK3
MIR526A1	MIR526A2	CLK4	HIPK1
MIR526A1	MIR526A2	ADGRL2	ADGRB3
MIR526A1	MIR526A2	ADGRB3	ADGRL3
MIR526A1	MIR526A2	FLT3	AXL
MIR526A1	MIR526A2	SOBP	RAI2
MIR526A1	MIR526A2	NRXN3	CNTNAP1
MIR526A1	MIR526A2	CBX4	CBX8
MIR526A1	MIR526A2	MYO3B	MYO5A
MIR526A1	MIR526A2	CALN1	CALM1
MIR130A	MIR130B	CHD5	BTAF1
MIR130A	MIR130B	RAB8B	RAB34
MIR130A	MIR130B	RAB8B	RAB30
MIR130A	MIR130B	RAB8B	RAB5A
MIR130A	MIR130B	RAB5A	RAB34
MIR130A	MIR130B	RAB5A	RAB30
MIR130A	MIR130B	LRP8	LRP12
MIR130A	MIR130B	TGFBR2	ACVR1
MIR130A	MIR130B	TGFBR2	BMPR2
MIR130A	MIR130B	RAB34	RAB30
MIR130A	MIR130B	CPEB4	CPEB1
MIR130A	MIR130B	ACVR1	BMPR2
MIR130A	MIR130B	HPRT1	PGM2L1
MIR130A	MIR130B	LDLR	LRP12
MIR130A	MIR130B	CPEB3	CPEB1
MIR130A	MIR130B	BACH2	KBTBD8
MIR130A	MIR130B	AGO1	AGO4
MIR130A	MIR130B	PHF14	JADE1
MIR130A	MIR130B	PHF14	MLLT6
MIR130A	MIR130B	MTMR9	SBF2
MIR130A	MIR130B	CPEB2	CPEB1
MIR130A	MIR130B	JADE1	MLLT6
MIR130A	MIR301A	RAB5A	RAB30
MIR130A	MIR301A	TGFBR2	ACVR1
MIR130A	MIR301A	MTF1	ZBTB18
MIR130A	MIR301A	HPRT1	PGM2L1
MIR130A	MIR301A	CPEB3	CPEB1
MIR130A	MIR301A	AGO1	AGO4
MIR130A	MIR301A	PHF14	JADE1
MIR130A	MIR301A	MTMR9	SBF2
MIR130A	MIR301A	CPEB2	CPEB1
MIR130A	MIR301B	CHD5	BTAF1
MIR130A	MIR301B	RAB5A	RAB30
MIR130A	MIR301B	TGFBR2	ACVR1
MIR130A	MIR301B	TGFBR2	BMPR2
MIR130A	MIR301B	ACVR1	BMPR2
MIR130A	MIR301B	MTF1	ZBTB18
MIR130A	MIR301B	HPRT1	PGM2L1
MIR130A	MIR301B	CPEB3	CPEB1
MIR130A	MIR301B	AGO1	AGO4
MIR130A	MIR301B	MTMR9	SBF2
MIR130A	MIR301B	CPEB2	CPEB1
MIR130A	MIR454	CHD5	BTAF1
MIR130A	MIR454	RAB5A	RAB30
MIR130A	MIR454	LRP8	LRP12
MIR130A	MIR454	TGFBR2	ACVR1
MIR130A	MIR454	HPRT1	PGM2L1
MIR130A	MIR454	LDLR	LRP12
MIR130A	MIR454	CPEB3	CPEB1
MIR130A	MIR454	HIVEP2	ZNF217
MIR130A	MIR454	MTMR9	SBF2
MIR130B	MIR301A	RAB5A	RAB30
MIR130B	MIR301A	TGFBR2	ACVR1
MIR130B	MIR301A	APPL1	ARAP2
MIR130B	MIR301A	HPRT1	PGM2L1
MIR130B	MIR301A	CPEB3	CPEB1
MIR130B	MIR301A	SOS2	RALGPS2
MIR130B	MIR301A	AGO1	AGO4
MIR130B	MIR301A	PHF14	JADE1
MIR130B	MIR301A	MTMR9	SBF2
MIR130B	MIR301A	CPEB2	CPEB1
MIR130B	MIR301B	CHD5	BTAF1
MIR130B	MIR301B	RAB5A	RAB30
MIR130B	MIR301B	TGFBR2	ACVR1
MIR130B	MIR301B	TGFBR2	BMPR2
MIR130B	MIR301B	APPL1	ARAP2
MIR130B	MIR301B	ACVR1	BMPR2
MIR130B	MIR301B	HPRT1	PGM2L1
MIR130B	MIR301B	CPEB3	CPEB1
MIR130B	MIR301B	AGO1	AGO4
MIR130B	MIR301B	MTMR9	SBF2
MIR130B	MIR301B	CPEB2	CPEB1
MIR130B	MIR454	CHD5	BTAF1
MIR130B	MIR454	RAB5A	RAB30
MIR130B	MIR454	LRP8	LRP12
MIR130B	MIR454	TGFBR2	ACVR1
MIR130B	MIR454	SNX5	SNX2
MIR130B	MIR454	HPRT1	PGM2L1
MIR130B	MIR454	LDLR	LRP12
MIR130B	MIR454	CPEB3	CPEB1
MIR130B	MIR454	MTMR9	SBF2
MIR301A	MIR454	SPOPL	BTBD3
MIR301A	MIR454	RAB5A	RAB30
MIR301A	MIR454	TGFBR2	ACVR1
MIR301A	MIR454	HPRT1	PGM2L1
MIR301A	MIR454	TAB2	BTF3L4
MIR301A	MIR454	CPEB3	CPEB1
MIR301A	MIR454	MTMR9	SBF2
MIR301B	MIR454	CHD5	BTAF1
MIR301B	MIR454	SPOPL	BTBD3
MIR301B	MIR454	RAB5A	RAB30
MIR301B	MIR454	TGFBR2	ACVR1
MIR301B	MIR454	HPRT1	PGM2L1
MIR301B	MIR454	CPEB3	CPEB1
MIR301B	MIR454	MTMR9	SBF2
MIR132	MIR212	SOX4	SOX5
MIR132	MIR212	USP9X	USP38
MIR132	MIR212	BTAF1	CHD1
MIR132	MIR212	USP9Y	USP38
MIR132	MIR212	SLC6A1	SLC6A5
MIR132	MIR212	SOX5	SOX11
MIR200B	MIR200A	IGF2BP3	NOVA1
MIR200B	MIR200A	SHPRH	CHD7
MIR200B	MIR200A	ELAVL2	HNRNPR
MIR200B	MIR200A	DSTYK	WNK1
MIR200B	MIR200A	KLF9	KLF6
MIR200B	MIR200A	RBAK	ZNF714
MIR200B	MIR200A	RBAK	ZNF493
MIR200B	MIR200A	RBAK	ZNF254
MIR200B	MIR200A	UBQLN1	UBQLN2
MIR200B	MIR200A	ZNF714	ZNF493
MIR200B	MIR200A	ZNF714	ZNF254
MIR200B	MIR200A	SRSF6	SRSF7
MIR200B	MIR200A	PRDM6	ZNF148
MIR200B	MIR200A	ZNF493	ZNF254
MIR200B	MIR200A	FOXC1	FOXD1
MIR200B	MIR200A	ZNF208	ZNF91
MIR200B	MIR200A	ALX4	PAX6
MIR200B	MIR200A	CNKSR2	IPCEF1
MIR200B	MIR200A	DNAJC27	RAB22A
MIR200B	MIR200A	DNAJC27	RAB1A
MIR200B	MIR200A	RAB22A	RAB1A
MIR200B	MIR429	ETS1	FLI1
MIR200B	MIR429	LRP1B	VLDLR
MIR200B	MIR429	NOVA1	FUBP3
MIR200B	MIR429	RAP2C	RAP1B
MIR200C	MIR200A	ELAVL2	SYNCRIP
MIR200C	MIR200A	ELAVL2	RBMS1
MIR200C	MIR200A	RBMS1	SYNCRIP
MIR200C	MIR429	ETS1	FLI1
MIR200C	MIR429	LRP1B	VLDLR
MIR200C	MIR429	NOVA1	FUBP3
MIR200C	MIR429	ADIPOR2	MMD
MIR200C	MIR429	RAP2C	RAP1B
MIR15A	MIR16-1	SGK1	LATS2
MIR15A	MIR16-1	FGF7	FGF2
MIR15A	MIR16-1	MOB3B	MOB4
MIR15A	MIR16-1	CCND1	CCNE1
MIR15A	MIR16-1	EPHA7	FGFR1
MIR15A	MIR16-1	EPHA7	INSR
MIR15A	MIR16-1	KIF21A	KIF23
MIR15A	MIR16-1	RNF217	ANKIB1
MIR15A	MIR16-1	CCNE1	CCND2
MIR15A	MIR16-1	FBXW7	BTRC
MIR15A	MIR16-1	INSR	FGFR1
MIR15A	MIR16-1	PTPRR	PTPN3
MIR15A	MIR16-2	SGK1	LATS2
MIR15A	MIR16-2	FGF7	FGF2
MIR15A	MIR16-2	MOB3B	MOB4
MIR15A	MIR16-2	CCND1	CCNE1
MIR15A	MIR16-2	EPHA7	FGFR1
MIR15A	MIR16-2	EPHA7	INSR
MIR15A	MIR16-2	KIF21A	KIF23
MIR15A	MIR16-2	CDK17	CDK6
MIR15A	MIR16-2	CCNE1	CCND2
MIR15A	MIR16-2	FBXW7	BTRC
MIR15A	MIR16-2	INSR	FGFR1
MIR15A	MIR16-2	PTPRR	PTPN3
MIR15A	MIR195	SGK1	LATS2
MIR15A	MIR195	DMTF1	MYB
MIR15A	MIR195	FGF7	FGF2
MIR15A	MIR195	MOB3B	MOB4
MIR15A	MIR195	CCND1	CCNE1
MIR15A	MIR195	KIF21A	KIF1B
MIR15A	MIR195	KIF21A	KIF23
MIR15A	MIR195	CDK17	CDK6
MIR15A	MIR195	CCNE1	CCND2
MIR15A	MIR195	FBXW7	BTRC
MIR15A	MIR195	KIF1B	KIF23
MIR15A	MIR195	INSR	FGFR1
MIR15A	MIR503	KIF5C	KIF23
MIR15A	MIR503	FGF7	FGF2
MIR15A	MIR503	MOB4	MOB3B
MIR16-1	MIR15B	CCNJL	CCNE1
MIR16-1	MIR15B	CCNJL	CCND1
MIR16-1	MIR15B	CCNJL	CCND2
MIR16-1	MIR15B	SGK1	LATS2
MIR16-1	MIR15B	FGF7	FGF2
MIR16-1	MIR15B	MOB3B	MOB4
MIR16-1	MIR15B	CCND1	CCNE1
MIR16-1	MIR15B	KIF21A	KIF23
MIR16-1	MIR15B	RNF217	ANKIB1
MIR16-1	MIR15B	RNF217	ARIH1
MIR16-1	MIR15B	ANKIB1	ARIH1
MIR16-1	MIR15B	CCNE1	CCND2
MIR16-1	MIR15B	FBXW7	BTRC
MIR16-1	MIR15B	INSR	FGFR1
MIR16-1	MIR15B	PTPRR	PTPN3
MIR16-1	MIR424	CCNJL	CCND1
MIR16-1	MIR424	CCNJL	CCND2
MIR16-1	MIR424	SGK1	LATS2
MIR16-1	MIR424	FGF7	FGF2
MIR16-1	MIR424	MOB3B	MOB4
MIR16-1	MIR424	EPHA7	FGFR1
MIR16-1	MIR424	EPHA7	INSR
MIR16-1	MIR424	KIF21A	KIF23
MIR16-1	MIR424	RNF217	ANKIB1
MIR16-1	MIR424	RNF217	ARIH1
MIR16-1	MIR424	JAG1	DLL1
MIR16-1	MIR424	USP15	USP3
MIR16-1	MIR424	USP15	USP25
MIR16-1	MIR424	ANKIB1	ARIH1
MIR16-1	MIR424	USP25	USP3
MIR16-1	MIR424	FBXW7	BTRC
MIR16-1	MIR424	INSR	FGFR1
MIR16-1	MIR424	PTPRR	PTPN3
MIR16-1	MIR424	PPM1D	PPM1A
MIR16-1	MIR497	SGK1	LATS2
MIR16-1	MIR497	FGF7	FGF2
MIR16-1	MIR497	CCND1	CCNE1
MIR16-1	MIR497	KIF21A	KIF23
MIR16-1	MIR497	RNF217	ARIH1
MIR16-1	MIR497	USP15	USP3
MIR16-1	MIR497	USP15	USP25
MIR16-1	MIR497	CCNE1	CCND2
MIR16-1	MIR497	USP25	USP3
MIR16-1	MIR497	FBXW7	BTRC
MIR16-1	MIR497	INSR	FGFR1
MIR16-2	MIR15B	CCNJL	CCNE1
MIR16-2	MIR15B	CCNJL	CCND1
MIR16-2	MIR15B	CCNJL	CCND2
MIR16-2	MIR15B	SGK1	LATS2
MIR16-2	MIR15B	FGF7	FGF2
MIR16-2	MIR15B	MOB3B	MOB4
MIR16-2	MIR15B	CCND1	CCNE1
MIR16-2	MIR15B	KIF21A	KIF23
MIR16-2	MIR15B	RNF217	ARIH1
MIR16-2	MIR15B	CCNE1	CCND2
MIR16-2	MIR15B	FBXW7	BTRC
MIR16-2	MIR15B	INSR	FGFR1
MIR16-2	MIR15B	PTPRR	PTPN3
MIR16-2	MIR424	CCNJL	CCND1
MIR16-2	MIR424	CCNJL	CCND2
MIR16-2	MIR424	SGK1	LATS2
MIR16-2	MIR424	FGF7	FGF2
MIR16-2	MIR424	MOB3B	MOB4
MIR16-2	MIR424	EPHA7	FGFR1
MIR16-2	MIR424	EPHA7	INSR
MIR16-2	MIR424	KIF21A	KIF23
MIR16-2	MIR424	RNF217	ARIH1
MIR16-2	MIR424	USP25	USP3
MIR16-2	MIR424	FBXW7	BTRC
MIR16-2	MIR424	INSR	FGFR1
MIR16-2	MIR424	PTPRR	PTPN3
MIR16-2	MIR424	PPM1D	PPM1A
MIR16-2	MIR497	SGK1	LATS2
MIR16-2	MIR497	FGF7	FGF2
MIR16-2	MIR497	CCND1	CCNE1
MIR16-2	MIR497	KIF21A	KIF23
MIR16-2	MIR497	RNF217	ARIH1
MIR16-2	MIR497	CCNE1	CCND2
MIR16-2	MIR497	USP25	USP3
MIR16-2	MIR497	FBXW7	BTRC
MIR16-2	MIR497	INSR	FGFR1
MIR195	MIR15B	CCNJL	CCNE1
MIR195	MIR15B	CCNJL	CCND1
MIR195	MIR15B	CCNJL	CCND2
MIR195	MIR15B	SGK1	LATS2
MIR195	MIR15B	DMTF1	MYB
MIR195	MIR15B	FGF7	FGF2
MIR195	MIR15B	MOB3B	MOB4
MIR195	MIR15B	CCND1	CCNE1
MIR195	MIR15B	KIF21A	KIF23
MIR195	MIR15B	RNF217	ARIH1
MIR195	MIR15B	CCNE1	CCND2
MIR195	MIR15B	FBXW7	BTRC
MIR195	MIR15B	INSR	FGFR1
MIR195	MIR424	CCNJL	CCND1
MIR195	MIR424	CCNJL	CCND2
MIR195	MIR424	SGK1	LATS2
MIR195	MIR424	DMTF1	MYB
MIR195	MIR424	FGF7	FGF2
MIR195	MIR424	MOB3B	MOB4
MIR195	MIR424	KIF21A	KIF23
MIR195	MIR424	RNF217	ARIH1
MIR195	MIR424	USP25	USP3
MIR195	MIR424	FBXW7	BTRC
MIR195	MIR424	INSR	FGFR1
MIR195	MIR497	SGK1	LATS2
MIR195	MIR497	DMTF1	MYB
MIR195	MIR497	FGF7	FGF2
MIR195	MIR497	CCND1	CCNE1
MIR195	MIR497	KIF21A	KIF23
MIR195	MIR497	RNF217	ARIH1
MIR195	MIR497	CCNE1	CCND2
MIR195	MIR497	USP25	USP3
MIR195	MIR497	FBXW7	BTRC
MIR195	MIR497	INSR	FGFR1
MIR503	MIR15B	FGF7	FGF2
MIR503	MIR15B	MOB4	MOB3B
MIR503	MIR424	KIF5C	KIF23
MIR503	MIR424	FGF7	FGF2
MIR503	MIR424	MOB4	MOB3B
MIR503	MIR424	USP48	USP25
MIR503	MIR424	PPM1D	PPM1A
MIR503	MIR497	ACVR2B	BMPR1A
MIR503	MIR497	KIF5C	KIF23
MIR503	MIR497	FGF7	FGF2
MIR503	MIR497	XPO4	XPO7
MIR181A1	MIR181B1	HOXC8	HOXA1
MIR181A1	MIR181B1	KLHL5	KLHL2
MIR181A1	MIR181B1	KRAS	RAP1B
MIR181A1	MIR181B1	OSBPL8	OSBPL3
MIR181A1	MIR181B1	ARF6	ARL5A
MIR181A1	MIR181B1	DDX3X	DDX3Y
MIR181A1	MIR181B1	PRKCD	AKT3
MIR181A1	MIR181B1	PCDHAC1	PCDHA4
MIR181A1	MIR181B1	ZNF268	ZNF780B
MIR181A1	MIR181B1	TRIM2	TRIM71
MIR181A1	MIR181B2	HOXC8	HOXA1
MIR181A1	MIR181B2	KLHL5	KLHL2
MIR181A1	MIR181B2	KRAS	RAP1B
MIR181A1	MIR181B2	OSBPL8	OSBPL3
MIR181A1	MIR181B2	ARF6	ARL5A
MIR181A1	MIR181B2	DDX3X	DDX3Y
MIR181A1	MIR181B2	PRKCD	AKT3
MIR181A1	MIR181B2	PCDHAC1	PCDHA4
MIR181A1	MIR181B2	ZNF268	ZNF780B
MIR181A1	MIR181B2	TRIM2	TRIM71
MIR181A1	MIR181D	HOXC8	HOXA1
MIR181A1	MIR181D	HOXC8	HOXD1
MIR181A1	MIR181D	KRAS	RAP1B
MIR181A1	MIR181D	OSBPL8	OSBPL3
MIR181A1	MIR181D	ARF6	ARL5A
MIR181A1	MIR181D	DDX3X	DDX3Y
MIR181A1	MIR181D	ZNF3	ZNF780B
MIR181A1	MIR181D	PCDHAC1	PCDHA4
MIR181A1	MIR181D	ZNF268	ZNF780B
MIR181A1	MIR181D	TRIM2	TRIM71
MIR181B1	MIR181A2	HOXC8	HOXA1
MIR181B1	MIR181A2	KLHL5	KLHL2
MIR181B1	MIR181A2	KRAS	RAP1B
MIR181B1	MIR181A2	OSBPL8	OSBPL3
MIR181B1	MIR181A2	DDX3X	DDX3Y
MIR181B1	MIR181A2	ARF6	ARL5A
MIR181B1	MIR181A2	PRKCD	AKT3
MIR181B1	MIR181A2	PCDHAC1	PCDHA4
MIR181B1	MIR181A2	ZNF268	ZNF780B
MIR181B1	MIR181A2	TRIM2	TRIM71
MIR181B1	MIR181C	HOXC8	HOXA1
MIR181B1	MIR181C	KLHL5	KLHL2
MIR181B1	MIR181C	THRB	RORA
MIR181B1	MIR181C	KRAS	RAP1B
MIR181B1	MIR181C	OSBPL8	OSBPL3
MIR181B1	MIR181C	KPNB1	TNPO1
MIR181B1	MIR181C	ARF6	ARL5A
MIR181B1	MIR181C	DDX3X	DDX3Y
MIR181B1	MIR181C	PRKCD	AKT3
MIR181B1	MIR181C	PCDHAC1	PCDHA4
MIR181B1	MIR181C	ZNF268	ZNF780B
MIR181B2	MIR181A2	HOXC8	HOXA1
MIR181B2	MIR181A2	KLHL5	KLHL2
MIR181B2	MIR181A2	KRAS	RAP1B
MIR181B2	MIR181A2	OSBPL8	OSBPL3
MIR181B2	MIR181A2	ARF6	ARL5A
MIR181B2	MIR181A2	DDX3X	DDX3Y
MIR181B2	MIR181A2	PRKCD	AKT3
MIR181B2	MIR181A2	PCDHAC1	PCDHA4
MIR181B2	MIR181A2	ZNF268	ZNF780B
MIR181B2	MIR181A2	TRIM2	TRIM71
MIR181B2	MIR181C	HOXC8	HOXA1
MIR181B2	MIR181C	KLHL5	KLHL2
MIR181B2	MIR181C	THRB	RORA
MIR181B2	MIR181C	KRAS	RAP1B
MIR181B2	MIR181C	OSBPL8	OSBPL3
MIR181B2	MIR181C	KPNB1	TNPO1
MIR181B2	MIR181C	ARF6	ARL5A
MIR181B2	MIR181C	DDX3X	DDX3Y
MIR181B2	MIR181C	PRKCD	AKT3
MIR181B2	MIR181C	PCDHAC1	PCDHA4
MIR181B2	MIR181C	ZNF268	ZNF780B
MIR181D	MIR181A2	HOXC8	HOXA1
MIR181D	MIR181A2	HOXC8	HOXD1
MIR181D	MIR181A2	KRAS	RAP1B
MIR181D	MIR181A2	OSBPL8	OSBPL3
MIR181D	MIR181A2	DDX3X	DDX3Y
MIR181D	MIR181A2	ARF6	ARL5A
MIR181D	MIR181A2	PCDHAC1	PCDHA4
MIR181D	MIR181A2	ZNF268	ZNF780B
MIR181D	MIR181A2	TRIM2	TRIM71
MIR181D	MIR181C	HOXC8	HOXA1
MIR181D	MIR181C	HOXC8	HOXD1
MIR181D	MIR181C	E2F7	E2F5
MIR181D	MIR181C	THRB	RORA
MIR181D	MIR181C	KRAS	RAP1B
MIR181D	MIR181C	OSBPL8	OSBPL3
MIR181D	MIR181C	KPNB1	TNPO1
MIR181D	MIR181C	ARF6	ARL5A
MIR181D	MIR181C	DDX3X	DDX3Y
MIR181D	MIR181C	PCDHAC1	PCDHA4
MIR181D	MIR181C	ZNF268	ZNF780B
MIR182	MIR183	PHLPP2	ERBIN
MIR183	MIR96	BACH2	KLHL7
MIR365A	MIR193B	ETV1	EHF
MIR365B	MIR193B	EHF	ETV1
MIR19A	MIR19B1	RAB8B	RAB18
MIR19A	MIR19B1	SOX4	SOX6
MIR19A	MIR19B1	GNA13	GNAQ
MIR19A	MIR19B1	KLF13	KLF10
MIR19A	MIR19B1	KCNA4	KCND2
MIR19A	MIR19B1	RAP1A	RAP2C
MIR19A	MIR19B1	PRDM6	ZBTB18
MIR19A	MIR19B1	LRP2	LDLR
MIR19A	MIR19B1	ACVR1	BMPR2
MIR19A	MIR19B1	BTAF1	SMARCA2
MIR19A	MIR19B1	ASAP2	AGFG1
MIR19A	MIR19B1	BCL11B	HIVEP2
MIR19A	MIR19B1	BCL11B	ZNF217
MIR19A	MIR19B1	HIVEP2	BCL11A
MIR19A	MIR19B1	HIVEP2	ZNF217
MIR19A	MIR19B1	ZNF217	BCL11A
MIR19A	MIR19B1	RAP2C	RAP1B
MIR19A	MIR19B1	TGIF1	PBX1
MIR19A	MIR19B2	RAB8B	RAB18
MIR19A	MIR19B2	SOX4	SOX6
MIR19A	MIR19B2	GNA13	GNAQ
MIR19A	MIR19B2	KLF13	KLF10
MIR19A	MIR19B2	PDGFD	NRXN1
MIR19A	MIR19B2	KCNA4	KCND2
MIR19A	MIR19B2	RAP1A	RAP2C
MIR19A	MIR19B2	PRDM6	ZBTB18
MIR19A	MIR19B2	PRDM6	ZBTB20
MIR19A	MIR19B2	LRP2	LDLR
MIR19A	MIR19B2	ACVR1	BMPR2
MIR19A	MIR19B2	BTAF1	SMARCA2
MIR19A	MIR19B2	BCL11B	HIVEP2
MIR19A	MIR19B2	BCL11B	ZNF217
MIR19A	MIR19B2	HIVEP2	BCL11A
MIR19A	MIR19B2	HIVEP2	ZNF217
MIR19A	MIR19B2	ZNF217	BCL11A
MIR19A	MIR19B2	RAP2C	RAP1B
MIR19A	MIR19B2	HNRNPR	RBMS3
MIR19A	MIR19B2	ZBTB20	ZBTB18
MIR19A	MIR19B2	TGIF1	PBX1
MIR208A	MIR208B	MAP3K21	TESK2
MIR208A	MIR208B	SRPK2	MAPK6
MIR208A	MIR208B	SRPK2	NLK
MIR208A	MIR208B	PPP3CA	PPP6C
MIR208A	MIR208B	ELAVL2	RBMS3
MIR208A	MIR208B	FOXP2	FOXG1
MIR208A	MIR208B	PPP6C	PPP3CB
MIR208A	MIR208B	PCDH7	CDH2
MIR208A	MIR208B	LIN28B	YBX1
MIR208A	MIR208B	UBE2B	UBE2K
MIR208A	MIR208B	UBE2B	UBE2V2
MIR208A	MIR208B	UBE2B	UBE2N
MIR208A	MIR208B	MAPK6	NLK
MIR208A	MIR208B	ASB7	ANK2
MIR208A	MIR208B	SOX4	SOX6
MIR208A	MIR208B	SOX4	SOX5
MIR208A	MIR208B	PTPRE	PTPN4
MIR208A	MIR208B	PTPRE	PTPRG
MIR208A	MIR208B	CHD9	SMARCA2
MIR208A	MIR208B	SAR1B	ARL4A
MIR208A	MIR208B	ARID5B	ARID4B
MIR208A	MIR208B	UBE2V2	UBE2K
MIR208A	MIR208B	UBE2V2	UBE2N
MIR208A	MIR208B	USP14	USP24
MIR208A	MIR208B	USP14	USP47
MIR208A	MIR208B	PIP4K2B	PIP5K1C
MIR208A	MIR208B	USP47	USP24
MIR208A	MIR208B	SYNJ1	SH2D1A
MIR208A	MIR208B	PPM1B	PPM1D
MIR208A	MIR208B	DDX3X	DDX3Y
MIR208A	MIR208B	PTPRG	PTPN4
MIR208A	MIR208B	MTX3	FAXC
MIR208A	MIR208B	ELAVL4	RBMS3
MIR208A	MIR208B	CDK14	CDK6
MIR208A	MIR208B	BCL11B	ZNF516
MIR208A	MIR208B	SFRP1	FZD4
MIR208A	MIR208B	SFRP1	FZD8
MIR208A	MIR208B	CDCA4	SERTAD2
MIR208A	MIR208B	EPHA3	INSR
MIR208A	MIR208B	ZNF483	ZNF250
MIR208A	MIR208B	INSR	EPHA5
MIR208A	MIR208B	DOCK9	DOCK5
MIR208A	MIR208B	MEIS1	PKNOX1
MIR208A	MIR208B	MTMR3	MTM1
MIR208A	MIR208B	RAB5C	RAB21
MIR208A	MIR208B	ZBTB20	PRDM10
MIR208A	MIR208B	UBE2K	UBE2N
MIR219B	MIR219A2	SERF1A	SERF1B
MIR219B	MIR219A2	SRPK2	NLK
MIR219B	MIR219A2	TP53TG3	TP53TG3B
MIR219B	MIR219A2	GABPA	ETS2
MIR219B	MIR219A2	EIF4A1	DDX3X
MIR219B	MIR219A2	PDE3B	PDE1C
MIR219B	MIR219A2	SOX21	SOX5
MIR219B	MIR219A2	UBE2D1	UBE2QL1
MIR219B	MIR219A2	EPHA4	ERBB3
MIR219B	MIR219A2	EPHA4	ERBB4
MIR219B	MIR219A2	EPHA4	DDR1
MIR219B	MIR219A2	FMNL2	DAAM1
MIR219B	MIR219A2	UBE2D4	UBE2QL1
MIR219B	MIR219A2	ERBB4	DDR1
MIR219B	MIR219A2	TRIM39	MID1
MIR219B	MIR219A2	TRIM39	TRIM65
MIR219B	MIR219A2	FOXA3	FOXD4L5
MIR219B	MIR219A2	TCP1	PIKFYVE
MIR219B	MIR219A2	ZNF490	ZNF655
MIR219B	MIR219A2	ZNF490	ZNF254
MIR219B	MIR219A2	TARDBP	ELAVL3
MIR219B	MIR219A2	ZNF655	ZNF254
MIR219B	MIR219A2	ERBB3	DDR1
MIR219B	MIR219A2	CHRFAM7A	GABRR1
MIR219B	MIR219A2	CHRFAM7A	CHRNA7
MIR219B	MIR219A2	SLC6A6	SLC6A14
MIR219B	MIR219A2	STEAP4	STEAP2
MIR219B	MIR219A2	MID1	TRIM65
MIR219B	MIR219A2	USP3	USP2
MIR219B	MIR219A2	USP3	USP48
MIR219B	MIR219A2	GDF6	BMP3
MIR219B	MIR219A2	USP2	USP48
MIR219B	MIR219A2	CHRNA7	GABRR1
MIR219A2	MIR219A2	NBEA	WDFY3
MIR219A2	MIR219A2	GABPA	ERG
MIR219A2	MIR219A2	GABPA	ETS2
MIR219A2	MIR219A2	RBM24	TARDBP
MIR219A2	MIR219A2	RBM24	ELAVL3
MIR219A2	MIR219A2	PDE3B	PDE4D
MIR219A2	MIR219A2	PDE3B	PDE1C
MIR219A2	MIR219A2	FGF12	FGF9
MIR219A2	MIR219A2	SDK1	DSCAM
MIR219A2	MIR219A2	RNF2	BMI1
MIR219A2	MIR219A2	THRB	RORA
MIR219A2	MIR219A2	THRB	RORB
MIR219A2	MIR219A2	MINK1	SLK
MIR219A2	MIR219A2	MINK1	MAP3K1
MIR219A2	MIR219A2	MINK1	TAOK1
MIR219A2	MIR219A2	TAOK1	SLK
MIR219A2	MIR219A2	TAOK1	MAP3K1
MIR219A2	MIR219A2	USP47	USP2
MIR219A2	MIR219A2	USP47	USP48
MIR219A2	MIR219A2	USP47	USP9X
MIR219A2	MIR219A2	USP47	USP3
MIR219A2	MIR219A2	COL9A1	COL3A1
MIR219A2	MIR219A2	DDX3X	EIF4A1
MIR219A2	MIR219A2	HACE1	NEDD4
MIR219A2	MIR219A2	HACE1	UBE3A
MIR219A2	MIR219A2	NLK	MAPK8
MIR219A2	MIR219A2	NLK	SRPK2
MIR219A2	MIR219A2	UBE3A	NEDD4
MIR219A2	MIR219A2	KBTBD8	KLHL24
MIR219A2	MIR219A2	KLF3	KLF9
MIR219A2	MIR219A2	SYNJ2	INPP5J
MIR219A2	MIR219A2	NTNG2	MEGF9
MIR219A2	MIR219A2	SERF1B	SERF1A
MIR219A2	MIR219A2	ELAVL3	TARDBP
MIR219A2	MIR219A2	AOPEP	TRHDE
MIR219A2	MIR219A2	USP2	USP48
MIR219A2	MIR219A2	USP2	USP9X
MIR219A2	MIR219A2	USP2	USP3
MIR219A2	MIR219A2	CHRNA7	GABRP
MIR219A2	MIR219A2	CHRNA7	GABRR1
MIR219A2	MIR219A2	CHRNA7	CHRFAM7A
MIR219A2	MIR219A2	MYO5A	CGNL1
MIR219A2	MIR219A2	IPO5	TNPO1
MIR219A2	MIR219A2	FZD4	FZD5
MIR219A2	MIR219A2	ZNF592	ZNF697
MIR219A2	MIR219A2	GABRR1	CHRFAM7A
MIR219A2	MIR219A2	ERMN	FRMD4B
MIR219A2	MIR219A2	PIK3CG	PI4KA
MIR219A2	MIR219A2	SOX21	SOX6
MIR219A2	MIR219A2	SOX21	SOX4
MIR219A2	MIR219A2	SOX21	SOX5
MIR219A2	MIR219A2	NRXN3	DCBLD2
MIR219A2	MIR219A2	DAAM1	FMNL2
MIR219A2	MIR219A2	FOXA3	FOXJ3
MIR219A2	MIR219A2	FOXA3	FOXD4L5
MIR219A2	MIR219A2	SLC30A7	SLC30A4
MIR219A2	MIR219A2	PDE4D	PDE1C
MIR219A2	MIR219A2	HNRNPA2B1	DAZAP1
MIR219A2	MIR219A2	HNRNPA2B1	TIAL1
MIR219A2	MIR219A2	FOXJ3	FOXD4L5
MIR219A2	MIR219A2	ETS2	ERG
MIR219A2	MIR219A2	STEAP2	STEAP4
MIR219A2	MIR219A2	ZNF254	ZNF490
MIR219A2	MIR219A2	ZNF254	ZNF655
MIR219A2	MIR219A2	ZBTB20	VEZF1
MIR219A2	MIR219A2	ZBTB20	ZNF148
MIR219A2	MIR219A2	ZBTB20	ZBTB18
MIR219A2	MIR219A2	FUBP3	HNRNPK
MIR219A2	MIR219A2	BMP3	GDF6
MIR219A2	MIR219A2	RAB6A	RAB35
MIR219A2	MIR219A2	SRPK2	MAPK8
MIR219A2	MIR219A2	TAB3	BTF3
MIR219A2	MIR219A2	TP53TG3	TP53TG3B
MIR219A2	MIR219A2	SOX4	SOX6
MIR219A2	MIR219A2	SOX4	SOX5
MIR219A2	MIR219A2	VEZF1	ZNF148
MIR219A2	MIR219A2	VEZF1	ZBTB18
MIR219A2	MIR219A2	UBE2D1	UBE2QL1
MIR219A2	MIR219A2	USP9X	USP48
MIR219A2	MIR219A2	USP9X	USP3
MIR219A2	MIR219A2	NSD3	ASH1L
MIR219A2	MIR219A2	NSD3	SUV39H2
MIR219A2	MIR219A2	ERBB4	EPHA4
MIR219A2	MIR219A2	ERBB4	PDGFRA
MIR219A2	MIR219A2	ERBB4	ROR1
MIR219A2	MIR219A2	ERBB4	DDR1
MIR219A2	MIR219A2	TCP1	PIKFYVE
MIR219A2	MIR219A2	ANKIB1	RNF19A
MIR219A2	MIR219A2	CHRFAM7A	GABRP
MIR219A2	MIR219A2	SULF1	ARSG
MIR219A2	MIR219A2	SLC6A6	SLC6A14
MIR219A2	MIR219A2	DDR1	ERBB3
MIR219A2	MIR219A2	DDR1	EPHA4
MIR219A2	MIR219A2	DDR1	PDGFRA
MIR219A2	MIR219A2	DDR1	ROR1
MIR219A2	MIR219A2	MID1	TRIM65
MIR219A2	MIR219A2	MID1	TRIM39
MIR219A2	MIR219A2	TRIM65	TRIM39
MIR219A2	MIR219A2	DGKD	DGKI
MIR219A2	MIR219A2	ZBTB18	ZNF148
MIR219A2	MIR219A2	TIAL1	DAZAP1
MIR219A2	MIR219A2	PDGFRA	ERBB3
MIR219A2	MIR219A2	PDGFRA	EPHA4
MIR219A2	MIR219A2	PDGFRA	ROR1
MIR219A2	MIR219A2	PGM2L1	PGM3
MIR219A2	MIR219A2	EPHA4	ERBB3
MIR219A2	MIR219A2	EPHA4	ROR1
MIR219A2	MIR219A2	UBE2D4	UBE2QL1
MIR219A2	MIR219A2	MAP3K1	SLK
MIR219A2	MIR219A2	ZNF490	ZNF655
MIR219A2	MIR219A2	ERBB3	ROR1
MIR219A2	MIR219A2	USP3	USP48
MIR219A2	MIR219A2	ASH1L	SUV39H2
MIR219A2	MIR219A2	ZFYVE1	ZFYVE26
MIR221	MIR222	PCDHA2	PCDHA6
MIR221	MIR222	PCDHA2	PCDHA8
MIR221	MIR222	PCDHA2	PCDHA5
MIR221	MIR222	PCDHA2	PCDHA4
MIR221	MIR222	PCDHA2	PCDHA1
MIR221	MIR222	PCDHA2	PCDHA13
MIR221	MIR222	PCDHA2	PCDHAC1
MIR221	MIR222	PCDHA2	PCDHA11
MIR221	MIR222	PCDHA2	PCDHA10
MIR221	MIR222	PCDHA2	PCDHA12
MIR221	MIR222	PCDHA2	PCDHA3
MIR221	MIR222	RBM24	SYNCRIP
MIR221	MIR222	ETS1	ETV3
MIR221	MIR222	SEMA6D	SEMA3A
MIR221	MIR222	QKI	KHDRBS2
MIR221	MIR222	PCDHA10	PCDHA6
MIR221	MIR222	PCDHA10	PCDH17
MIR221	MIR222	PCDHA10	PCDHA8
MIR221	MIR222	PCDHA10	PCDHA5
MIR221	MIR222	PCDHA10	PCDHA4
MIR221	MIR222	PCDHA10	PCDHA1
MIR221	MIR222	PCDHA10	PCDHA13
MIR221	MIR222	PCDHA10	PCDHAC1
MIR221	MIR222	PCDHA10	PCDHA11
MIR221	MIR222	PCDHA10	PCDHA12
MIR221	MIR222	PCDHA10	PCDHA3
MIR221	MIR222	PCDHA3	PCDHA6
MIR221	MIR222	PCDHA3	PCDH17
MIR221	MIR222	PCDHA3	PCDHA8
MIR221	MIR222	PCDHA3	PCDHA5
MIR221	MIR222	PCDHA3	PCDHA4
MIR221	MIR222	PCDHA3	PCDHA1
MIR221	MIR222	PCDHA3	PCDHA13
MIR221	MIR222	PCDHA3	PCDHAC1
MIR221	MIR222	PCDHA3	PCDHA11
MIR221	MIR222	PCDHA3	PCDHA12
MIR221	MIR222	ERBB4	KDR
MIR221	MIR222	ERBB4	KIT
MIR221	MIR222	KDR	KIT
MIR221	MIR222	PCDHA5	PCDHA6
MIR221	MIR222	PCDHA5	PCDHA8
MIR221	MIR222	PCDHA5	PCDHA4
MIR221	MIR222	PCDHA5	PCDHA1
MIR221	MIR222	PCDHA5	PCDHA13
MIR221	MIR222	PCDHA5	PCDHAC1
MIR221	MIR222	PCDHA5	PCDHA11
MIR221	MIR222	PCDHA5	PCDHA12
MIR221	MIR222	PCDHA8	PCDHA6
MIR221	MIR222	PCDHA8	PCDHA4
MIR221	MIR222	PCDHA8	PCDHA1
MIR221	MIR222	PCDHA8	PCDHA13
MIR221	MIR222	PCDHA8	PCDHAC1
MIR221	MIR222	PCDHA8	PCDHA11
MIR221	MIR222	PCDHA8	PCDHA12
MIR221	MIR222	PCDHA12	PCDHA6
MIR221	MIR222	PCDHA12	PCDH17
MIR221	MIR222	PCDHA12	PCDHA4
MIR221	MIR222	PCDHA12	PCDHA1
MIR221	MIR222	PCDHA12	PCDHA13
MIR221	MIR222	PCDHA12	PCDHAC1
MIR221	MIR222	PCDHA12	PCDHA11
MIR221	MIR222	PCDHAC1	PCDHA6
MIR221	MIR222	PCDHAC1	PCDH17
MIR221	MIR222	PCDHAC1	PCDHA4
MIR221	MIR222	PCDHAC1	PCDHA1
MIR221	MIR222	PCDHAC1	PCDHA13
MIR221	MIR222	PCDHAC1	PCDHA11
MIR221	MIR222	HIPK1	DYRK1A
MIR221	MIR222	NAP1L5	NAP1L1
MIR221	MIR222	KPNA1	KPNA2
MIR221	MIR222	PCDHA13	PCDHA6
MIR221	MIR222	PCDHA13	PCDH17
MIR221	MIR222	PCDHA13	PCDHA4
MIR221	MIR222	PCDHA13	PCDHA1
MIR221	MIR222	PCDHA13	PCDHA11
MIR221	MIR222	PCDHA6	PCDHA4
MIR221	MIR222	PCDHA6	PCDHA1
MIR221	MIR222	PCDHA6	PCDHA11
MIR221	MIR222	PCDHA1	PCDHA4
MIR221	MIR222	PCDHA1	PCDHA11
MIR221	MIR222	PCDH17	PCDHA11
MIR221	MIR222	PCDHA11	PCDHA4
MIR221	MIR222	DCUN1D4	DCUN1D1
MIR25	MIR92A1	PCDH11Y	PCDH11X
MIR25	MIR92A1	KLF4	KLF2
MIR25	MIR92A1	KLHL15	KBTBD8
MIR25	MIR92A1	KLHL15	KLHL14
MIR25	MIR92A1	PPCS	CNIH1
MIR25	MIR92A1	KLHL14	KBTBD8
MIR25	MIR92A1	DUSP10	DUSP5
MIR25	MIR92A1	TMF1	MYO1B
MIR25	MIR92A1	ITGAV	ITGA6
MIR25	MIR92A1	ITGA6	ITGA5
MIR25	MIR92A2	PCDH11Y	PCDH11X
MIR25	MIR92A2	KLF4	KLF2
MIR25	MIR92A2	KLHL15	KBTBD8
MIR25	MIR92A2	KLHL15	KLHL14
MIR25	MIR92A2	PPCS	CNIH1
MIR25	MIR92A2	KLHL14	KBTBD8
MIR25	MIR92A2	DUSP10	DUSP5
MIR25	MIR92A2	LATS2	DMPK
MIR25	MIR92A2	TMF1	MYO1B
MIR25	MIR92A2	ITGAV	ITGA6
MIR25	MIR92A2	ITGA6	ITGA5
MIR25	MIR92B	PCDH11Y	PCDH11X
MIR25	MIR92B	HIVEP1	BCL11B
MIR25	MIR92B	RAB23	RAB11B
MIR25	MIR92B	KLF4	KLF2
MIR25	MIR92B	KLHL15	KLHL14
MIR25	MIR92B	PPCS	CNIH1
MIR25	MIR92B	UBE2W	UBE2Z
MIR25	MIR92B	TMF1	MYO1B
MIR92A1	MIR363	KLF4	KLF2
MIR92A1	MIR363	KLHL14	BACH2
MIR92A1	MIR363	DUSP10	DUSP5
MIR92A1	MIR363	SLC25A32	SLC25A23
MIR92A1	MIR363	TMF1	MYO1B
MIR92A1	MIR363	ITGAV	ITGA6
MIR92A1	MIR367	KLF4	KLF2
MIR92A1	MIR367	PPCS	CNIH1
MIR92A1	MIR367	TMF1	MYO1B
MIR92A1	MIR367	HIPK3	DYRK2
MIR92A1	MIR367	ITGAV	ITGA6
MIR92A1	MIR367	ITGA6	ITGA5
MIR92A2	MIR363	KLF4	KLF2
MIR92A2	MIR363	MTF1	HIC2
MIR92A2	MIR363	DUSP10	DUSP5
MIR92A2	MIR363	TMF1	MYO1B
MIR92A2	MIR363	ITGAV	ITGA6
MIR92A2	MIR367	KLF4	KLF2
MIR92A2	MIR367	PPCS	CNIH1
MIR92A2	MIR367	TMF1	MYO1B
MIR92A2	MIR367	HIPK3	DYRK2
MIR92A2	MIR367	ITGAV	ITGA6
MIR92A2	MIR367	ITGA6	ITGA5
MIR92B	MIR363	KLF4	KLF2
MIR92B	MIR363	UBE2W	UBE2Z
MIR92B	MIR363	TMF1	MYO1B
MIR92B	MIR367	HIVEP1	BCL11B
MIR92B	MIR367	KLF4	KLF2
MIR92B	MIR367	PPCS	CNIH1
MIR92B	MIR367	UBE2W	UBE2Z
MIR92B	MIR367	TMF1	MYO1B
MIR29A	MIR29B1	NPAS3	HIF3A
MIR29A	MIR29B1	COL7A1	COL11A1
MIR29A	MIR29B1	COL7A1	COL5A3
MIR29A	MIR29B1	COL7A1	COL4A4
MIR29A	MIR29B1	COL7A1	COL9A1
MIR29A	MIR29B1	COL7A1	COL5A1
MIR29A	MIR29B1	COL7A1	COL1A2
MIR29A	MIR29B1	COL7A1	COL3A1
MIR29A	MIR29B1	COL7A1	COL4A5
MIR29A	MIR29B1	COL7A1	COL5A2
MIR29A	MIR29B1	COL7A1	COL15A1
MIR29A	MIR29B1	COL1A2	COL11A1
MIR29A	MIR29B1	COL1A2	COL5A3
MIR29A	MIR29B1	COL1A2	COL4A4
MIR29A	MIR29B1	COL1A2	COL9A1
MIR29A	MIR29B1	COL1A2	COL5A1
MIR29A	MIR29B1	COL1A2	COL4A5
MIR29A	MIR29B1	COL1A2	COL15A1
MIR29A	MIR29B1	ADAMTS9	ADAMTS2
MIR29A	MIR29B1	ADAMTS9	ADAMTS17
MIR29A	MIR29B1	COL4A4	COL11A1
MIR29A	MIR29B1	COL4A4	COL5A3
MIR29A	MIR29B1	COL4A4	COL9A1
MIR29A	MIR29B1	COL4A4	COL5A1
MIR29A	MIR29B1	COL4A4	COL3A1
MIR29A	MIR29B1	COL4A4	COL4A5
MIR29A	MIR29B1	COL4A4	COL5A2
MIR29A	MIR29B1	COL4A4	COL15A1
MIR29A	MIR29B1	RNF39	TRIM63
MIR29A	MIR29B1	COL9A1	COL11A1
MIR29A	MIR29B1	COL9A1	COL5A3
MIR29A	MIR29B1	COL9A1	COL5A1
MIR29A	MIR29B1	COL9A1	COL3A1
MIR29A	MIR29B1	COL9A1	COL4A5
MIR29A	MIR29B1	COL9A1	COL5A2
MIR29A	MIR29B1	COL9A1	COL15A1
MIR29A	MIR29B1	PI15	CRISPLD1
MIR29A	MIR29B1	COL11A1	COL5A3
MIR29A	MIR29B1	COL11A1	COL3A1
MIR29A	MIR29B1	COL11A1	COL4A5
MIR29A	MIR29B1	COL11A1	COL5A2
MIR29A	MIR29B1	COL11A1	COL15A1
MIR29A	MIR29B1	ADAMTS17	ADAMTS2
MIR29A	MIR29B1	RAB15	RAB30
MIR29A	MIR29B1	NEXMIF	REV3L
MIR29A	MIR29B1	COL5A2	COL5A3
MIR29A	MIR29B1	COL5A2	COL5A1
MIR29A	MIR29B1	COL5A2	COL3A1
MIR29A	MIR29B1	COL5A2	COL4A5
MIR29A	MIR29B1	COL5A2	COL15A1
MIR29A	MIR29B1	COL15A1	COL5A3
MIR29A	MIR29B1	COL15A1	COL5A1
MIR29A	MIR29B1	COL15A1	COL3A1
MIR29A	MIR29B1	COL15A1	COL4A5
MIR29A	MIR29B1	COL4A5	COL5A3
MIR29A	MIR29B1	COL4A5	COL5A1
MIR29A	MIR29B1	COL4A5	COL3A1
MIR29A	MIR29B1	COL3A1	COL5A3
MIR29A	MIR29B1	COL3A1	COL5A1
MIR29A	MIR29B1	C1QTNF6	COL19A1
MIR29A	MIR29B1	COL5A1	COL5A3
MIR29A	MIR29B2	NPAS3	HIF3A
MIR29A	MIR29B2	COL7A1	COL11A1
MIR29A	MIR29B2	COL7A1	COL5A3
MIR29A	MIR29B2	COL7A1	COL4A4
MIR29A	MIR29B2	COL7A1	COL9A1
MIR29A	MIR29B2	COL7A1	COL5A1
MIR29A	MIR29B2	COL7A1	COL1A2
MIR29A	MIR29B2	COL7A1	COL3A1
MIR29A	MIR29B2	COL7A1	COL4A5
MIR29A	MIR29B2	COL7A1	COL5A2
MIR29A	MIR29B2	COL7A1	COL15A1
MIR29A	MIR29B2	COL1A2	COL11A1
MIR29A	MIR29B2	COL1A2	COL5A3
MIR29A	MIR29B2	COL1A2	COL4A4
MIR29A	MIR29B2	COL1A2	COL9A1
MIR29A	MIR29B2	COL1A2	COL5A1
MIR29A	MIR29B2	COL1A2	COL4A5
MIR29A	MIR29B2	COL1A2	COL15A1
MIR29A	MIR29B2	ADAMTS9	ADAMTS2
MIR29A	MIR29B2	ADAMTS9	ADAMTS17
MIR29A	MIR29B2	COL4A4	COL11A1
MIR29A	MIR29B2	COL4A4	COL5A3
MIR29A	MIR29B2	COL4A4	COL9A1
MIR29A	MIR29B2	COL4A4	COL5A1
MIR29A	MIR29B2	COL4A4	COL3A1
MIR29A	MIR29B2	COL4A4	COL4A5
MIR29A	MIR29B2	COL4A4	COL5A2
MIR29A	MIR29B2	COL4A4	COL15A1
MIR29A	MIR29B2	RNF39	TRIM63
MIR29A	MIR29B2	COL9A1	COL11A1
MIR29A	MIR29B2	COL9A1	COL5A3
MIR29A	MIR29B2	COL9A1	COL5A1
MIR29A	MIR29B2	COL9A1	COL3A1
MIR29A	MIR29B2	COL9A1	COL4A5
MIR29A	MIR29B2	COL9A1	COL5A2
MIR29A	MIR29B2	COL9A1	COL15A1
MIR29A	MIR29B2	PI15	CRISPLD1
MIR29A	MIR29B2	COL11A1	COL5A3
MIR29A	MIR29B2	COL11A1	COL3A1
MIR29A	MIR29B2	COL11A1	COL4A5
MIR29A	MIR29B2	COL11A1	COL5A2
MIR29A	MIR29B2	COL11A1	COL15A1
MIR29A	MIR29B2	ADAMTS17	ADAMTS2
MIR29A	MIR29B2	RAB15	RAB30
MIR29A	MIR29B2	NEXMIF	REV3L
MIR29A	MIR29B2	COL5A2	COL5A3
MIR29A	MIR29B2	COL5A2	COL5A1
MIR29A	MIR29B2	COL5A2	COL3A1
MIR29A	MIR29B2	COL5A2	COL4A5
MIR29A	MIR29B2	COL5A2	COL15A1
MIR29A	MIR29B2	COL15A1	COL5A3
MIR29A	MIR29B2	COL15A1	COL5A1
MIR29A	MIR29B2	COL15A1	COL3A1
MIR29A	MIR29B2	COL15A1	COL4A5
MIR29A	MIR29B2	COL4A5	COL5A3
MIR29A	MIR29B2	COL4A5	COL5A1
MIR29A	MIR29B2	COL4A5	COL3A1
MIR29A	MIR29B2	COL3A1	COL5A3
MIR29A	MIR29B2	COL3A1	COL5A1
MIR29A	MIR29B2	C1QTNF6	COL19A1
MIR29A	MIR29B2	COL5A1	COL5A3
MIR29B1	MIR29C	NPAS3	HIF3A
MIR29B1	MIR29C	COL7A1	COL11A1
MIR29B1	MIR29C	COL7A1	COL5A3
MIR29B1	MIR29C	COL7A1	COL4A4
MIR29B1	MIR29C	COL7A1	COL5A1
MIR29B1	MIR29C	COL7A1	COL3A1
MIR29B1	MIR29C	COL7A1	COL4A5
MIR29B1	MIR29C	COL7A1	COL5A2
MIR29B1	MIR29C	ADAMTS9	ADAMTS2
MIR29B1	MIR29C	ADAMTS9	ADAMTS17
MIR29B1	MIR29C	COL4A4	COL11A1
MIR29B1	MIR29C	COL4A4	COL5A3
MIR29B1	MIR29C	COL4A4	COL5A1
MIR29B1	MIR29C	COL4A4	COL3A1
MIR29B1	MIR29C	COL4A4	COL4A5
MIR29B1	MIR29C	COL4A4	COL5A2
MIR29B1	MIR29C	RNF39	TRIM63
MIR29B1	MIR29C	PI15	CRISPLD1
MIR29B1	MIR29C	COL11A1	COL5A3
MIR29B1	MIR29C	COL11A1	COL3A1
MIR29B1	MIR29C	COL11A1	COL4A5
MIR29B1	MIR29C	COL11A1	COL5A2
MIR29B1	MIR29C	KLHL8	KLHL28
MIR29B1	MIR29C	ADAMTS17	ADAMTS2
MIR29B1	MIR29C	RAB15	RAB30
MIR29B1	MIR29C	NEXMIF	REV3L
MIR29B1	MIR29C	COL5A2	COL5A3
MIR29B1	MIR29C	COL5A2	COL5A1
MIR29B1	MIR29C	COL5A2	COL3A1
MIR29B1	MIR29C	COL5A2	COL4A5
MIR29B1	MIR29C	COL4A5	COL5A3
MIR29B1	MIR29C	COL4A5	COL5A1
MIR29B1	MIR29C	COL4A5	COL3A1
MIR29B1	MIR29C	COL3A1	COL5A3
MIR29B1	MIR29C	COL3A1	COL5A1
MIR29B1	MIR29C	C1QTNF6	COL19A1
MIR29B1	MIR29C	COL5A1	COL5A3
MIR29B2	MIR29C	NPAS3	HIF3A
MIR29B2	MIR29C	COL7A1	COL11A1
MIR29B2	MIR29C	COL7A1	COL5A3
MIR29B2	MIR29C	COL7A1	COL4A4
MIR29B2	MIR29C	COL7A1	COL5A1
MIR29B2	MIR29C	COL7A1	COL3A1
MIR29B2	MIR29C	COL7A1	COL4A5
MIR29B2	MIR29C	COL7A1	COL5A2
MIR29B2	MIR29C	ADAMTS9	ADAMTS2
MIR29B2	MIR29C	ADAMTS9	ADAMTS17
MIR29B2	MIR29C	COL4A4	COL11A1
MIR29B2	MIR29C	COL4A4	COL5A3
MIR29B2	MIR29C	COL4A4	COL5A1
MIR29B2	MIR29C	COL4A4	COL3A1
MIR29B2	MIR29C	COL4A4	COL4A5
MIR29B2	MIR29C	COL4A4	COL5A2
MIR29B2	MIR29C	RNF39	TRIM63
MIR29B2	MIR29C	PI15	CRISPLD1
MIR29B2	MIR29C	COL11A1	COL5A3
MIR29B2	MIR29C	COL11A1	COL3A1
MIR29B2	MIR29C	COL11A1	COL4A5
MIR29B2	MIR29C	COL11A1	COL5A2
MIR29B2	MIR29C	KLHL8	KLHL28
MIR29B2	MIR29C	ADAMTS17	ADAMTS2
MIR29B2	MIR29C	RAB15	RAB30
MIR29B2	MIR29C	NEXMIF	REV3L
MIR29B2	MIR29C	COL5A2	COL5A3
MIR29B2	MIR29C	COL5A2	COL5A1
MIR29B2	MIR29C	COL5A2	COL3A1
MIR29B2	MIR29C	COL5A2	COL4A5
MIR29B2	MIR29C	COL4A5	COL5A3
MIR29B2	MIR29C	COL4A5	COL5A1
MIR29B2	MIR29C	COL4A5	COL3A1
MIR29B2	MIR29C	COL3A1	COL5A3
MIR29B2	MIR29C	COL3A1	COL5A1
MIR29B2	MIR29C	C1QTNF6	COL19A1
MIR29B2	MIR29C	COL5A1	COL5A3
MIR3065	MIR338	DAB2IP	RASA1
MIR30A	MIR30B	CCNK	CCNT2
MIR30A	MIR30B	LRRC8D	SHOC2
MIR30A	MIR30B	PRDM1	SNAI1
MIR30A	MIR30B	GALNT3	GALNT7
MIR30A	MIR30B	GALNT3	GALNT1
MIR30A	MIR30B	GALNT1	GALNT7
MIR30A	MIR30B	FZD3	FRZB
MIR30A	MIR30B	UBE2V2	UBE2J1
MIR30A	MIR30B	RFX6	RFX7
MIR30A	MIR30B	RORA	RARB
MIR30A	MIR30B	RORA	RARG
MIR30A	MIR30B	RALB	RAP1B
MIR30A	MIR30B	RALB	RRAD
MIR30A	MIR30B	RALB	RHEBL1
MIR30A	MIR30B	KLHL20	KLHL28
MIR30A	MIR30B	SCN9A	SCN2A
MIR30A	MIR30B	RHEBL1	RAP1B
MIR30A	MIR30B	RHEBL1	RRAD
MIR30A	MIR30B	RRAD	RAP1B
MIR30A	MIR30C1	ZCCHC2	ZCCHC14
MIR30A	MIR30C1	LRRC8D	SHOC2
MIR30A	MIR30C1	PRDM1	SNAI1
MIR30A	MIR30C1	GALNT3	GALNT7
MIR30A	MIR30C1	GALNT3	GALNT1
MIR30A	MIR30C1	GALNT1	GALNT7
MIR30A	MIR30C1	FZD3	FRZB
MIR30A	MIR30C1	UBE2V2	UBE2J1
MIR30A	MIR30C1	RFX6	RFX7
MIR30A	MIR30C1	RORA	RARB
MIR30A	MIR30C1	RORA	RARG
MIR30A	MIR30C1	KLHL20	KLHL28
MIR30A	MIR30C1	SCN9A	SCN2A
MIR30A	MIR30C1	RHEBL1	RAP2C
MIR30A	MIR30C1	RHEBL1	RAP1B
MIR30A	MIR30C1	RHEBL1	RRAD
MIR30A	MIR30C1	RAP2C	RAP1B
MIR30A	MIR30C1	RAP2C	RRAD
MIR30A	MIR30C1	RRAD	RAP1B
MIR30A	MIR30C2	ZCCHC2	ZCCHC14
MIR30A	MIR30C2	LRRC8D	SHOC2
MIR30A	MIR30C2	PRDM1	SNAI1
MIR30A	MIR30C2	GALNT3	GALNT7
MIR30A	MIR30C2	GALNT3	GALNT1
MIR30A	MIR30C2	GALNT1	GALNT7
MIR30A	MIR30C2	FZD3	FRZB
MIR30A	MIR30C2	UBE2V2	UBE2J1
MIR30A	MIR30C2	RFX6	RFX7
MIR30A	MIR30C2	RORA	RARB
MIR30A	MIR30C2	RORA	RARG
MIR30A	MIR30C2	KLHL20	KLHL28
MIR30A	MIR30C2	SCN9A	SCN2A
MIR30A	MIR30C2	RHEBL1	RAP2C
MIR30A	MIR30C2	RHEBL1	RAP1B
MIR30A	MIR30C2	RHEBL1	RRAD
MIR30A	MIR30C2	RAP2C	RAP1B
MIR30A	MIR30C2	RAP2C	RRAD
MIR30A	MIR30C2	RRAD	RAP1B
MIR30B	MIR30D	CCNK	CCNT2
MIR30B	MIR30D	GALNT3	GALNT7
MIR30B	MIR30D	GALNT3	GALNT1
MIR30B	MIR30D	GALNT1	GALNT7
MIR30B	MIR30D	FZD3	FRZB
MIR30B	MIR30D	UBE2V2	UBE2J1
MIR30B	MIR30D	RFX6	RFX7
MIR30B	MIR30D	RORA	RARB
MIR30B	MIR30D	RORA	RARG
MIR30B	MIR30D	RALB	RAP1B
MIR30B	MIR30D	RALB	RRAD
MIR30B	MIR30D	RALB	RHEBL1
MIR30B	MIR30D	KLHL20	KLHL28
MIR30B	MIR30D	SCN9A	SCN2A
MIR30B	MIR30D	RHEBL1	RAP1B
MIR30B	MIR30D	RHEBL1	RRAD
MIR30B	MIR30D	RRAD	RAP1B
MIR30B	MIR30E	CCNK	CCNT2
MIR30B	MIR30E	GALNT1	GALNT7
MIR30B	MIR30E	FZD3	FRZB
MIR30B	MIR30E	UBE2V2	UBE2I
MIR30B	MIR30E	UBE2V2	UBE2J1
MIR30B	MIR30E	RFX6	RFX7
MIR30B	MIR30E	RORA	RARB
MIR30B	MIR30E	RORA	RARG
MIR30B	MIR30E	RALB	RAP1B
MIR30B	MIR30E	RALB	RRAD
MIR30B	MIR30E	RALB	RHEBL1
MIR30B	MIR30E	KLHL20	KLHL28
MIR30B	MIR30E	UBE2J1	UBE2I
MIR30B	MIR30E	SCN9A	SCN2A
MIR30B	MIR30E	RHEBL1	RAP1B
MIR30B	MIR30E	RHEBL1	RRAD
MIR30B	MIR30E	RRAD	RAP1B
MIR30C1	MIR30D	GALNT3	GALNT7
MIR30C1	MIR30D	GALNT3	GALNT1
MIR30C1	MIR30D	GALNT1	GALNT7
MIR30C1	MIR30D	TLL2	NRXN3
MIR30C1	MIR30D	FZD3	FRZB
MIR30C1	MIR30D	UBE2V2	UBE2J1
MIR30C1	MIR30D	RFX6	RFX7
MIR30C1	MIR30D	RORA	RARB
MIR30C1	MIR30D	RORA	RARG
MIR30C1	MIR30D	KLHL20	KLHL28
MIR30C1	MIR30D	SCN9A	SCN2A
MIR30C1	MIR30D	RHEBL1	RAP2C
MIR30C1	MIR30D	RHEBL1	RAP1B
MIR30C1	MIR30D	RHEBL1	RRAD
MIR30C1	MIR30D	RAP2C	RAP1B
MIR30C1	MIR30D	RAP2C	RRAD
MIR30C1	MIR30D	RRAD	RAP1B
MIR30C1	MIR30E	GALNT1	GALNT7
MIR30C1	MIR30E	TLL2	NRXN3
MIR30C1	MIR30E	FZD3	FRZB
MIR30C1	MIR30E	GNA13	GNAI2
MIR30C1	MIR30E	UBE2V2	UBE2I
MIR30C1	MIR30E	UBE2V2	UBE2J1
MIR30C1	MIR30E	RFX6	RFX7
MIR30C1	MIR30E	RORA	RARB
MIR30C1	MIR30E	RORA	RARG
MIR30C1	MIR30E	KLHL20	KLHL28
MIR30C1	MIR30E	UBE2J1	UBE2I
MIR30C1	MIR30E	SCN9A	SCN2A
MIR30C1	MIR30E	RHEBL1	RAP2C
MIR30C1	MIR30E	RHEBL1	RAP1B
MIR30C1	MIR30E	RHEBL1	RRAD
MIR30C1	MIR30E	RAP2C	RAP1B
MIR30C1	MIR30E	RAP2C	RRAD
MIR30C1	MIR30E	RRAD	RAP1B
MIR30C2	MIR30D	GALNT3	GALNT7
MIR30C2	MIR30D	GALNT3	GALNT1
MIR30C2	MIR30D	GALNT1	GALNT7
MIR30C2	MIR30D	TLL2	NRXN3
MIR30C2	MIR30D	FZD3	FRZB
MIR30C2	MIR30D	UBE2V2	UBE2J1
MIR30C2	MIR30D	RFX6	RFX7
MIR30C2	MIR30D	RORA	RARB
MIR30C2	MIR30D	RORA	RARG
MIR30C2	MIR30D	KLHL20	KLHL28
MIR30C2	MIR30D	SCN9A	SCN2A
MIR30C2	MIR30D	RHEBL1	RAP2C
MIR30C2	MIR30D	RHEBL1	RAP1B
MIR30C2	MIR30D	RHEBL1	RRAD
MIR30C2	MIR30D	RAP2C	RAP1B
MIR30C2	MIR30D	RAP2C	RRAD
MIR30C2	MIR30D	RRAD	RAP1B
MIR30C2	MIR30E	GALNT1	GALNT7
MIR30C2	MIR30E	TLL2	NRXN3
MIR30C2	MIR30E	FZD3	FRZB
MIR30C2	MIR30E	GNA13	GNAI2
MIR30C2	MIR30E	UBE2V2	UBE2I
MIR30C2	MIR30E	UBE2V2	UBE2J1
MIR30C2	MIR30E	RFX6	RFX7
MIR30C2	MIR30E	RORA	RARB
MIR30C2	MIR30E	RORA	RARG
MIR30C2	MIR30E	KLHL20	KLHL28
MIR30C2	MIR30E	UBE2J1	UBE2I
MIR30C2	MIR30E	SCN9A	SCN2A
MIR30C2	MIR30E	RHEBL1	RAP2C
MIR30C2	MIR30E	RHEBL1	RAP1B
MIR30C2	MIR30E	RHEBL1	RRAD
MIR30C2	MIR30E	RAP2C	RAP1B
MIR30C2	MIR30E	RAP2C	RRAD
MIR30C2	MIR30E	RRAD	RAP1B
MIR3180-1	MIR3180-1	ZBTB33	ZNF280D
MIR3180-1	MIR3180-1	NBEA	NBEAL2
MIR3180-1	MIR3180-1	SLC29A3	SLC29A4
MIR3180-1	MIR3180-1	LIMK1	MAP3K13
MIR3180-1	MIR3180-1	KCNC3	KCNQ2
MIR3180-1	MIR3180-1	ST6GALNAC4	ST6GALNAC1
MIR3180-1	MIR3180-1	IGF1R	DDR1
MIR3180-1	MIR3180-1	CHRNA4	GABRA4
MIR3180-1	MIR3180-1	FZD2	FZD4
MIR3180-1	MIR3180-1	SOX3	SOX11
MIR3180-1	MIR3180-1	SOX3	SOX12
MIR3180-1	MIR3180-1	TRIM48	MEFV
MIR3180-1	MIR3180-1	TRIM48	TRIM7
MIR3180-1	MIR3180-1	MINK1	MAP4K2
MIR3180-1	MIR3180-1	HOXB9	TLX3
MIR3180-1	MIR3180-1	TLX3	HOXD10
MIR3180-1	MIR3180-1	COL24A1	COLQ
MIR3180-1	MIR3180-1	OTP	PAX2
MIR3180-1	MIR3180-1	OTP	OTX1
MIR3180-1	MIR3180-1	PAX2	OTX1
MIR3180-1	MIR3180-1	FBXL16	FBXL18
MIR3180-1	MIR3180-1	ARL13B	ARFRP1
MIR3180-1	MIR3180-1	LHX6	ZFHX4
MIR3180-1	MIR3180-1	TRIM7	MEFV
MIR3180-1	MIR3180-1	ADCY1	ADCY2
MIR3180-1	MIR3180-1	SLC25A1	SLC25A33
MIR3180-1	MIR3180-1	KMT2D	NSD2
MIR3180-1	MIR3180-1	RABGAP1L	TBC1D14
MIR3180-1	MIR3180-1	NEUROG1	NEUROD2
MIR3180-1	MIR3180-1	INA	GFAP
MIR3180-1	MIR3180-1	DUSP8	SSH3
MIR3180-1	MIR3180-1	SPTBN4	DTNA
MIR3180-1	MIR3180-1	DIRAS2	REM2
MIR3180-1	MIR3180-1	MAPKBP1	WDR5
MIR3180-1	MIR3180-1	PPM1H	PPM1D
MIR3180-1	MIR3180-1	PRDM10	ZBTB32
MIR3180-1	MIR3180-1	PRDM10	ZNF653
MIR3180-1	MIR3180-1	PRDM10	SCRT1
MIR3180-1	MIR3180-1	SCRT1	ZBTB32
MIR3180-1	MIR3180-1	SCRT1	ZNF653
MIR3180-1	MIR3180-1	ZNF653	ZBTB32
MIR3180-1	MIR3180-1	SOX12	SOX11
MIR3180-1	MIR3180-1	KIF21B	KIF2A
MIR3180-1	MIR3180-2	ZBTB33	ZNF280D
MIR3180-1	MIR3180-2	NBEA	NBEAL2
MIR3180-1	MIR3180-2	SLC29A3	SLC29A4
MIR3180-1	MIR3180-2	LIMK1	MAP3K13
MIR3180-1	MIR3180-2	KCNC3	KCNQ2
MIR3180-1	MIR3180-2	ST6GALNAC4	ST6GALNAC1
MIR3180-1	MIR3180-2	IGF1R	DDR1
MIR3180-1	MIR3180-2	CHRNA4	GABRA4
MIR3180-1	MIR3180-2	FZD2	FZD4
MIR3180-1	MIR3180-2	SOX3	SOX11
MIR3180-1	MIR3180-2	SOX3	SOX12
MIR3180-1	MIR3180-2	TRIM48	MEFV
MIR3180-1	MIR3180-2	TRIM48	TRIM7
MIR3180-1	MIR3180-2	MINK1	MAP4K2
MIR3180-1	MIR3180-2	HOXB9	TLX3
MIR3180-1	MIR3180-2	TLX3	HOXD10
MIR3180-1	MIR3180-2	COL24A1	COLQ
MIR3180-1	MIR3180-2	OTP	PAX2
MIR3180-1	MIR3180-2	OTP	OTX1
MIR3180-1	MIR3180-2	PAX2	OTX1
MIR3180-1	MIR3180-2	FBXL16	FBXL18
MIR3180-1	MIR3180-2	ARL13B	ARFRP1
MIR3180-1	MIR3180-2	LHX6	ZFHX4
MIR3180-1	MIR3180-2	TRIM7	MEFV
MIR3180-1	MIR3180-2	ADCY1	ADCY2
MIR3180-1	MIR3180-2	SLC25A1	SLC25A33
MIR3180-1	MIR3180-2	KMT2D	NSD2
MIR3180-1	MIR3180-2	RABGAP1L	TBC1D14
MIR3180-1	MIR3180-2	NEUROG1	NEUROD2
MIR3180-1	MIR3180-2	INA	GFAP
MIR3180-1	MIR3180-2	DUSP8	SSH3
MIR3180-1	MIR3180-2	SPTBN4	DTNA
MIR3180-1	MIR3180-2	DIRAS2	REM2
MIR3180-1	MIR3180-2	MAPKBP1	WDR5
MIR3180-1	MIR3180-2	PPM1H	PPM1D
MIR3180-1	MIR3180-2	PRDM10	ZBTB32
MIR3180-1	MIR3180-2	PRDM10	ZNF653
MIR3180-1	MIR3180-2	PRDM10	SCRT1
MIR3180-1	MIR3180-2	SCRT1	ZBTB32
MIR3180-1	MIR3180-2	SCRT1	ZNF653
MIR3180-1	MIR3180-2	ZNF653	ZBTB32
MIR3180-1	MIR3180-2	SOX12	SOX11
MIR3180-1	MIR3180-2	KIF21B	KIF2A
MIR3180-1	MIR3180-3	ZBTB33	ZNF280D
MIR3180-1	MIR3180-3	NBEA	NBEAL2
MIR3180-1	MIR3180-3	SLC29A3	SLC29A4
MIR3180-1	MIR3180-3	LIMK1	MAP3K13
MIR3180-1	MIR3180-3	KCNC3	KCNQ2
MIR3180-1	MIR3180-3	ST6GALNAC4	ST6GALNAC1
MIR3180-1	MIR3180-3	IGF1R	DDR1
MIR3180-1	MIR3180-3	CHRNA4	GABRA4
MIR3180-1	MIR3180-3	FZD2	FZD4
MIR3180-1	MIR3180-3	SOX3	SOX11
MIR3180-1	MIR3180-3	SOX3	SOX12
MIR3180-1	MIR3180-3	TRIM48	MEFV
MIR3180-1	MIR3180-3	TRIM48	TRIM7
MIR3180-1	MIR3180-3	MINK1	MAP4K2
MIR3180-1	MIR3180-3	HOXB9	TLX3
MIR3180-1	MIR3180-3	TLX3	HOXD10
MIR3180-1	MIR3180-3	COL24A1	COLQ
MIR3180-1	MIR3180-3	OTP	PAX2
MIR3180-1	MIR3180-3	OTP	OTX1
MIR3180-1	MIR3180-3	PAX2	OTX1
MIR3180-1	MIR3180-3	FBXL16	FBXL18
MIR3180-1	MIR3180-3	ARL13B	ARFRP1
MIR3180-1	MIR3180-3	LHX6	ZFHX4
MIR3180-1	MIR3180-3	TRIM7	MEFV
MIR3180-1	MIR3180-3	ADCY1	ADCY2
MIR3180-1	MIR3180-3	SLC25A1	SLC25A33
MIR3180-1	MIR3180-3	KMT2D	NSD2
MIR3180-1	MIR3180-3	RABGAP1L	TBC1D14
MIR3180-1	MIR3180-3	NEUROG1	NEUROD2
MIR3180-1	MIR3180-3	INA	GFAP
MIR3180-1	MIR3180-3	DUSP8	SSH3
MIR3180-1	MIR3180-3	SPTBN4	DTNA
MIR3180-1	MIR3180-3	DIRAS2	REM2
MIR3180-1	MIR3180-3	MAPKBP1	WDR5
MIR3180-1	MIR3180-3	PPM1H	PPM1D
MIR3180-1	MIR3180-3	PRDM10	ZBTB32
MIR3180-1	MIR3180-3	PRDM10	ZNF653
MIR3180-1	MIR3180-3	PRDM10	SCRT1
MIR3180-1	MIR3180-3	SCRT1	ZBTB32
MIR3180-1	MIR3180-3	SCRT1	ZNF653
MIR3180-1	MIR3180-3	ZNF653	ZBTB32
MIR3180-1	MIR3180-3	SOX12	SOX11
MIR3180-1	MIR3180-3	KIF21B	KIF2A
MIR3180-2	MIR3180-3	ZBTB33	ZNF280D
MIR3180-2	MIR3180-3	NBEA	NBEAL2
MIR3180-2	MIR3180-3	SLC29A3	SLC29A4
MIR3180-2	MIR3180-3	LIMK1	MAP3K13
MIR3180-2	MIR3180-3	KCNC3	KCNQ2
MIR3180-2	MIR3180-3	ST6GALNAC4	ST6GALNAC1
MIR3180-2	MIR3180-3	IGF1R	DDR1
MIR3180-2	MIR3180-3	CHRNA4	GABRA4
MIR3180-2	MIR3180-3	FZD2	FZD4
MIR3180-2	MIR3180-3	SOX3	SOX11
MIR3180-2	MIR3180-3	SOX3	SOX12
MIR3180-2	MIR3180-3	TRIM48	MEFV
MIR3180-2	MIR3180-3	TRIM48	TRIM7
MIR3180-2	MIR3180-3	MINK1	MAP4K2
MIR3180-2	MIR3180-3	HOXB9	TLX3
MIR3180-2	MIR3180-3	TLX3	HOXD10
MIR3180-2	MIR3180-3	COL24A1	COLQ
MIR3180-2	MIR3180-3	OTP	PAX2
MIR3180-2	MIR3180-3	OTP	OTX1
MIR3180-2	MIR3180-3	PAX2	OTX1
MIR3180-2	MIR3180-3	FBXL16	FBXL18
MIR3180-2	MIR3180-3	ARL13B	ARFRP1
MIR3180-2	MIR3180-3	LHX6	ZFHX4
MIR3180-2	MIR3180-3	TRIM7	MEFV
MIR3180-2	MIR3180-3	ADCY1	ADCY2
MIR3180-2	MIR3180-3	SLC25A1	SLC25A33
MIR3180-2	MIR3180-3	KMT2D	NSD2
MIR3180-2	MIR3180-3	RABGAP1L	TBC1D14
MIR3180-2	MIR3180-3	NEUROG1	NEUROD2
MIR3180-2	MIR3180-3	INA	GFAP
MIR3180-2	MIR3180-3	DUSP8	SSH3
MIR3180-2	MIR3180-3	SPTBN4	DTNA
MIR3180-2	MIR3180-3	DIRAS2	REM2
MIR3180-2	MIR3180-3	MAPKBP1	WDR5
MIR3180-2	MIR3180-3	PPM1H	PPM1D
MIR3180-2	MIR3180-3	PRDM10	ZBTB32
MIR3180-2	MIR3180-3	PRDM10	ZNF653
MIR3180-2	MIR3180-3	PRDM10	SCRT1
MIR3180-2	MIR3180-3	SCRT1	ZBTB32
MIR3180-2	MIR3180-3	SCRT1	ZNF653
MIR3180-2	MIR3180-3	ZNF653	ZBTB32
MIR3180-2	MIR3180-3	SOX12	SOX11
MIR3180-2	MIR3180-3	KIF21B	KIF2A
MIR3180-3	MIR3180-3	ZBTB33	ZNF280D
MIR3180-3	MIR3180-3	NBEA	NBEAL2
MIR3180-3	MIR3180-3	SLC29A3	SLC29A4
MIR3180-3	MIR3180-3	LIMK1	MAP3K13
MIR3180-3	MIR3180-3	KCNC3	KCNQ2
MIR3180-3	MIR3180-3	ST6GALNAC4	ST6GALNAC1
MIR3180-3	MIR3180-3	IGF1R	DDR1
MIR3180-3	MIR3180-3	CHRNA4	GABRA4
MIR3180-3	MIR3180-3	FZD2	FZD4
MIR3180-3	MIR3180-3	SOX3	SOX11
MIR3180-3	MIR3180-3	SOX3	SOX12
MIR3180-3	MIR3180-3	TRIM48	MEFV
MIR3180-3	MIR3180-3	TRIM48	TRIM7
MIR3180-3	MIR3180-3	MINK1	MAP4K2
MIR3180-3	MIR3180-3	HOXB9	TLX3
MIR3180-3	MIR3180-3	TLX3	HOXD10
MIR3180-3	MIR3180-3	COL24A1	COLQ
MIR3180-3	MIR3180-3	OTP	PAX2
MIR3180-3	MIR3180-3	OTP	OTX1
MIR3180-3	MIR3180-3	PAX2	OTX1
MIR3180-3	MIR3180-3	FBXL16	FBXL18
MIR3180-3	MIR3180-3	ARL13B	ARFRP1
MIR3180-3	MIR3180-3	LHX6	ZFHX4
MIR3180-3	MIR3180-3	TRIM7	MEFV
MIR3180-3	MIR3180-3	ADCY1	ADCY2
MIR3180-3	MIR3180-3	SLC25A1	SLC25A33
MIR3180-3	MIR3180-3	KMT2D	NSD2
MIR3180-3	MIR3180-3	RABGAP1L	TBC1D14
MIR3180-3	MIR3180-3	NEUROG1	NEUROD2
MIR3180-3	MIR3180-3	INA	GFAP
MIR3180-3	MIR3180-3	DUSP8	SSH3
MIR3180-3	MIR3180-3	SPTBN4	DTNA
MIR3180-3	MIR3180-3	DIRAS2	REM2
MIR3180-3	MIR3180-3	MAPKBP1	WDR5
MIR3180-3	MIR3180-3	PPM1H	PPM1D
MIR3180-3	MIR3180-3	PRDM10	ZBTB32
MIR3180-3	MIR3180-3	PRDM10	ZNF653
MIR3180-3	MIR3180-3	PRDM10	SCRT1
MIR3180-3	MIR3180-3	SCRT1	ZBTB32
MIR3180-3	MIR3180-3	SCRT1	ZNF653
MIR3180-3	MIR3180-3	ZNF653	ZBTB32
MIR3180-3	MIR3180-3	SOX12	SOX11
MIR3180-3	MIR3180-3	KIF21B	KIF2A
MIR320A	MIR320B1	PCDHA2	PCDHA6
MIR320A	MIR320B1	PCDHA2	PCDHA9
MIR320A	MIR320B1	PCDHA2	PCDHA8
MIR320A	MIR320B1	PCDHA2	PCDHA7
MIR320A	MIR320B1	PCDHA2	PCDHA5
MIR320A	MIR320B1	PCDHA2	PCDHA4
MIR320A	MIR320B1	PCDHA2	PCDHA1
MIR320A	MIR320B1	PCDHA2	PCDHA13
MIR320A	MIR320B1	PCDHA2	PCDHAC2
MIR320A	MIR320B1	PCDHA2	PCDHAC1
MIR320A	MIR320B1	PCDHA2	PCDHA11
MIR320A	MIR320B1	PCDHA2	PCDHA10
MIR320A	MIR320B1	PCDHA2	PCDHA12
MIR320A	MIR320B1	PCDHA2	PCDHA3
MIR320A	MIR320B1	PCDHAC2	PCDHA6
MIR320A	MIR320B1	PCDHAC2	PCDHA9
MIR320A	MIR320B1	PCDHAC2	PCDHA8
MIR320A	MIR320B1	PCDHAC2	PCDHA7
MIR320A	MIR320B1	PCDHAC2	PCDHA5
MIR320A	MIR320B1	PCDHAC2	PCDHA4
MIR320A	MIR320B1	PCDHAC2	PCDHA1
MIR320A	MIR320B1	PCDHAC2	PCDHA13
MIR320A	MIR320B1	PCDHAC2	PCDHAC1
MIR320A	MIR320B1	PCDHAC2	PCDHA11
MIR320A	MIR320B1	PCDHAC2	PCDHA10
MIR320A	MIR320B1	PCDHAC2	PCDHA12
MIR320A	MIR320B1	PCDHAC2	PCDHA3
MIR320A	MIR320B1	YWHAQ	YWHAH
MIR320A	MIR320B1	DAZAP1	MSI2
MIR320A	MIR320B1	PCDHA10	PCDHA6
MIR320A	MIR320B1	PCDHA10	PCDHA9
MIR320A	MIR320B1	PCDHA10	PCDHA8
MIR320A	MIR320B1	PCDHA10	PCDHA7
MIR320A	MIR320B1	PCDHA10	PCDHA5
MIR320A	MIR320B1	PCDHA10	PCDHA4
MIR320A	MIR320B1	PCDHA10	PCDHA1
MIR320A	MIR320B1	PCDHA10	PCDHA13
MIR320A	MIR320B1	PCDHA10	PCDHAC1
MIR320A	MIR320B1	PCDHA10	PCDHA11
MIR320A	MIR320B1	PCDHA10	PCDHA12
MIR320A	MIR320B1	PCDHA10	PCDHA3
MIR320A	MIR320B1	PCDHA3	PCDHA6
MIR320A	MIR320B1	PCDHA3	PCDHA9
MIR320A	MIR320B1	PCDHA3	PCDHA8
MIR320A	MIR320B1	PCDHA3	PCDHA7
MIR320A	MIR320B1	PCDHA3	PCDHA5
MIR320A	MIR320B1	PCDHA3	PCDHA4
MIR320A	MIR320B1	PCDHA3	PCDHA1
MIR320A	MIR320B1	PCDHA3	PCDHA13
MIR320A	MIR320B1	PCDHA3	PCDHAC1
MIR320A	MIR320B1	PCDHA3	PCDHA11
MIR320A	MIR320B1	PCDHA3	PCDHA12
MIR320A	MIR320B1	KLF13	KLF5
MIR320A	MIR320B1	N4BP1	ZC3H12C
MIR320A	MIR320B1	PCDHA9	PCDHA6
MIR320A	MIR320B1	PCDHA9	PCDHA8
MIR320A	MIR320B1	PCDHA9	PCDHA7
MIR320A	MIR320B1	PCDHA9	PCDHA5
MIR320A	MIR320B1	PCDHA9	PCDHA4
MIR320A	MIR320B1	PCDHA9	PCDHA1
MIR320A	MIR320B1	PCDHA9	PCDHA13
MIR320A	MIR320B1	PCDHA9	PCDHAC1
MIR320A	MIR320B1	PCDHA9	PCDHA11
MIR320A	MIR320B1	PCDHA9	PCDHA12
MIR320A	MIR320B1	KLHL36	KLHL15
MIR320A	MIR320B1	RAP1A	RIT1
MIR320A	MIR320B1	HLTF	ATRX
MIR320A	MIR320B1	RAB18	RAB11A
MIR320A	MIR320B1	PCDHA5	PCDHA6
MIR320A	MIR320B1	PCDHA5	PCDHA8
MIR320A	MIR320B1	PCDHA5	PCDHA7
MIR320A	MIR320B1	PCDHA5	PCDHA4
MIR320A	MIR320B1	PCDHA5	PCDHA1
MIR320A	MIR320B1	PCDHA5	PCDHA13
MIR320A	MIR320B1	PCDHA5	PCDHAC1
MIR320A	MIR320B1	PCDHA5	PCDHA11
MIR320A	MIR320B1	PCDHA5	PCDHA12
MIR320A	MIR320B1	KLHL15	KLHL14
MIR320A	MIR320B1	PCDHA8	PCDHA6
MIR320A	MIR320B1	PCDHA8	PCDHA7
MIR320A	MIR320B1	PCDHA8	PCDHA4
MIR320A	MIR320B1	PCDHA8	PCDHA1
MIR320A	MIR320B1	PCDHA8	PCDHA13
MIR320A	MIR320B1	PCDHA8	PCDHAC1
MIR320A	MIR320B1	PCDHA8	PCDHA11
MIR320A	MIR320B1	PCDHA8	PCDHA12
MIR320A	MIR320B1	PCDHA12	PCDHA6
MIR320A	MIR320B1	PCDHA12	PCDHA7
MIR320A	MIR320B1	PCDHA12	PCDHA4
MIR320A	MIR320B1	PCDHA12	PCDHA1
MIR320A	MIR320B1	PCDHA12	PCDHA13
MIR320A	MIR320B1	PCDHA12	PCDHAC1
MIR320A	MIR320B1	PCDHA12	PCDHA11
MIR320A	MIR320B1	CDK6	CDK13
MIR320A	MIR320B1	YWHAH	YWHAZ
MIR320A	MIR320B1	PCDHAC1	PCDHA6
MIR320A	MIR320B1	PCDHAC1	PCDHA7
MIR320A	MIR320B1	PCDHAC1	PCDHA4
MIR320A	MIR320B1	PCDHAC1	PCDHA1
MIR320A	MIR320B1	PCDHAC1	PCDHA13
MIR320A	MIR320B1	PCDHAC1	PCDHA11
MIR320A	MIR320B1	PCDHA13	PCDHA6
MIR320A	MIR320B1	PCDHA13	PCDHA7
MIR320A	MIR320B1	PCDHA13	PCDHA4
MIR320A	MIR320B1	PCDHA13	PCDHA1
MIR320A	MIR320B1	PCDHA13	PCDHA11
MIR320A	MIR320B1	PCDHA6	PCDHA7
MIR320A	MIR320B1	PCDHA6	PCDHA4
MIR320A	MIR320B1	PCDHA6	PCDHA1
MIR320A	MIR320B1	PCDHA6	PCDHA11
MIR320A	MIR320B1	PCDHA1	PCDHA7
MIR320A	MIR320B1	PCDHA1	PCDHA4
MIR320A	MIR320B1	PCDHA1	PCDHA11
MIR320A	MIR320B1	PCDHA7	PCDHA4
MIR320A	MIR320B1	PCDHA7	PCDHA11
MIR320A	MIR320B1	PCDHA11	PCDHA4
MIR320A	MIR320B2	PCDHA2	PCDHA6
MIR320A	MIR320B2	PCDHA2	PCDHA9
MIR320A	MIR320B2	PCDHA2	PCDHA8
MIR320A	MIR320B2	PCDHA2	PCDHA7
MIR320A	MIR320B2	PCDHA2	PCDHA5
MIR320A	MIR320B2	PCDHA2	PCDHA4
MIR320A	MIR320B2	PCDHA2	PCDHA1
MIR320A	MIR320B2	PCDHA2	PCDHA13
MIR320A	MIR320B2	PCDHA2	PCDHAC2
MIR320A	MIR320B2	PCDHA2	PCDHAC1
MIR320A	MIR320B2	PCDHA2	PCDHA11
MIR320A	MIR320B2	PCDHA2	PCDHA10
MIR320A	MIR320B2	PCDHA2	PCDHA12
MIR320A	MIR320B2	PCDHA2	PCDHA3
MIR320A	MIR320B2	PCDHAC2	PCDHA6
MIR320A	MIR320B2	PCDHAC2	PCDHA9
MIR320A	MIR320B2	PCDHAC2	PCDHA8
MIR320A	MIR320B2	PCDHAC2	PCDHA7
MIR320A	MIR320B2	PCDHAC2	PCDHA5
MIR320A	MIR320B2	PCDHAC2	PCDHA4
MIR320A	MIR320B2	PCDHAC2	PCDHA1
MIR320A	MIR320B2	PCDHAC2	PCDHA13
MIR320A	MIR320B2	PCDHAC2	PCDHAC1
MIR320A	MIR320B2	PCDHAC2	PCDHA11
MIR320A	MIR320B2	PCDHAC2	PCDHA10
MIR320A	MIR320B2	PCDHAC2	PCDHA12
MIR320A	MIR320B2	PCDHAC2	PCDHA3
MIR320A	MIR320B2	YWHAQ	YWHAH
MIR320A	MIR320B2	DAZAP1	MSI2
MIR320A	MIR320B2	PCDHA10	PCDHA6
MIR320A	MIR320B2	PCDHA10	PCDHA9
MIR320A	MIR320B2	PCDHA10	PCDHA8
MIR320A	MIR320B2	PCDHA10	PCDHA7
MIR320A	MIR320B2	PCDHA10	PCDHA5
MIR320A	MIR320B2	PCDHA10	PCDHA4
MIR320A	MIR320B2	PCDHA10	PCDHA1
MIR320A	MIR320B2	PCDHA10	PCDHA13
MIR320A	MIR320B2	PCDHA10	PCDHAC1
MIR320A	MIR320B2	PCDHA10	PCDHA11
MIR320A	MIR320B2	PCDHA10	PCDHA12
MIR320A	MIR320B2	PCDHA10	PCDHA3
MIR320A	MIR320B2	PCDHA3	PCDHA6
MIR320A	MIR320B2	PCDHA3	PCDHA9
MIR320A	MIR320B2	PCDHA3	PCDHA8
MIR320A	MIR320B2	PCDHA3	PCDHA7
MIR320A	MIR320B2	PCDHA3	PCDHA5
MIR320A	MIR320B2	PCDHA3	PCDHA4
MIR320A	MIR320B2	PCDHA3	PCDHA1
MIR320A	MIR320B2	PCDHA3	PCDHA13
MIR320A	MIR320B2	PCDHA3	PCDHAC1
MIR320A	MIR320B2	PCDHA3	PCDHA11
MIR320A	MIR320B2	PCDHA3	PCDHA12
MIR320A	MIR320B2	KLF13	KLF5
MIR320A	MIR320B2	N4BP1	ZC3H12C
MIR320A	MIR320B2	PCDHA9	PCDHA6
MIR320A	MIR320B2	PCDHA9	PCDHA8
MIR320A	MIR320B2	PCDHA9	PCDHA7
MIR320A	MIR320B2	PCDHA9	PCDHA5
MIR320A	MIR320B2	PCDHA9	PCDHA4
MIR320A	MIR320B2	PCDHA9	PCDHA1
MIR320A	MIR320B2	PCDHA9	PCDHA13
MIR320A	MIR320B2	PCDHA9	PCDHAC1
MIR320A	MIR320B2	PCDHA9	PCDHA11
MIR320A	MIR320B2	PCDHA9	PCDHA12
MIR320A	MIR320B2	KLHL36	KLHL15
MIR320A	MIR320B2	RAP1A	RIT1
MIR320A	MIR320B2	HLTF	ATRX
MIR320A	MIR320B2	RAB18	RAB11A
MIR320A	MIR320B2	PCDHA5	PCDHA6
MIR320A	MIR320B2	PCDHA5	PCDHA8
MIR320A	MIR320B2	PCDHA5	PCDHA7
MIR320A	MIR320B2	PCDHA5	PCDHA4
MIR320A	MIR320B2	PCDHA5	PCDHA1
MIR320A	MIR320B2	PCDHA5	PCDHA13
MIR320A	MIR320B2	PCDHA5	PCDHAC1
MIR320A	MIR320B2	PCDHA5	PCDHA11
MIR320A	MIR320B2	PCDHA5	PCDHA12
MIR320A	MIR320B2	KLHL15	KLHL14
MIR320A	MIR320B2	PCDHA8	PCDHA6
MIR320A	MIR320B2	PCDHA8	PCDHA7
MIR320A	MIR320B2	PCDHA8	PCDHA4
MIR320A	MIR320B2	PCDHA8	PCDHA1
MIR320A	MIR320B2	PCDHA8	PCDHA13
MIR320A	MIR320B2	PCDHA8	PCDHAC1
MIR320A	MIR320B2	PCDHA8	PCDHA11
MIR320A	MIR320B2	PCDHA8	PCDHA12
MIR320A	MIR320B2	PCDHA12	PCDHA6
MIR320A	MIR320B2	PCDHA12	PCDHA7
MIR320A	MIR320B2	PCDHA12	PCDHA4
MIR320A	MIR320B2	PCDHA12	PCDHA1
MIR320A	MIR320B2	PCDHA12	PCDHA13
MIR320A	MIR320B2	PCDHA12	PCDHAC1
MIR320A	MIR320B2	PCDHA12	PCDHA11
MIR320A	MIR320B2	CDK6	CDK13
MIR320A	MIR320B2	YWHAH	YWHAZ
MIR320A	MIR320B2	PCDHAC1	PCDHA6
MIR320A	MIR320B2	PCDHAC1	PCDHA7
MIR320A	MIR320B2	PCDHAC1	PCDHA4
MIR320A	MIR320B2	PCDHAC1	PCDHA1
MIR320A	MIR320B2	PCDHAC1	PCDHA13
MIR320A	MIR320B2	PCDHAC1	PCDHA11
MIR320A	MIR320B2	PCDHA13	PCDHA6
MIR320A	MIR320B2	PCDHA13	PCDHA7
MIR320A	MIR320B2	PCDHA13	PCDHA4
MIR320A	MIR320B2	PCDHA13	PCDHA1
MIR320A	MIR320B2	PCDHA13	PCDHA11
MIR320A	MIR320B2	PCDHA6	PCDHA7
MIR320A	MIR320B2	PCDHA6	PCDHA4
MIR320A	MIR320B2	PCDHA6	PCDHA1
MIR320A	MIR320B2	PCDHA6	PCDHA11
MIR320A	MIR320B2	PCDHA1	PCDHA7
MIR320A	MIR320B2	PCDHA1	PCDHA4
MIR320A	MIR320B2	PCDHA1	PCDHA11
MIR320A	MIR320B2	PCDHA7	PCDHA4
MIR320A	MIR320B2	PCDHA7	PCDHA11
MIR320A	MIR320B2	PCDHA11	PCDHA4
MIR320A	MIR320C1	PCDHA2	PCDHA6
MIR320A	MIR320C1	PCDHA2	PCDHA9
MIR320A	MIR320C1	PCDHA2	PCDHA8
MIR320A	MIR320C1	PCDHA2	PCDHA7
MIR320A	MIR320C1	PCDHA2	PCDHA5
MIR320A	MIR320C1	PCDHA2	PCDHA4
MIR320A	MIR320C1	PCDHA2	PCDHA1
MIR320A	MIR320C1	PCDHA2	PCDHA13
MIR320A	MIR320C1	PCDHA2	PCDHAC2
MIR320A	MIR320C1	PCDHA2	PCDHAC1
MIR320A	MIR320C1	PCDHA2	PCDHA11
MIR320A	MIR320C1	PCDHA2	PCDHA10
MIR320A	MIR320C1	PCDHA2	PCDHA12
MIR320A	MIR320C1	PCDHA2	PCDHA3
MIR320A	MIR320C1	PCDHAC2	PCDHA6
MIR320A	MIR320C1	PCDHAC2	PCDHA9
MIR320A	MIR320C1	PCDHAC2	PCDHA8
MIR320A	MIR320C1	PCDHAC2	PCDHA7
MIR320A	MIR320C1	PCDHAC2	PCDHA5
MIR320A	MIR320C1	PCDHAC2	PCDHA4
MIR320A	MIR320C1	PCDHAC2	PCDHA1
MIR320A	MIR320C1	PCDHAC2	PCDHA13
MIR320A	MIR320C1	PCDHAC2	PCDHAC1
MIR320A	MIR320C1	PCDHAC2	PCDHA11
MIR320A	MIR320C1	PCDHAC2	PCDHA10
MIR320A	MIR320C1	PCDHAC2	PCDHA12
MIR320A	MIR320C1	PCDHAC2	PCDHA3
MIR320A	MIR320C1	YWHAQ	YWHAH
MIR320A	MIR320C1	DAZAP1	MSI2
MIR320A	MIR320C1	PCDHA10	PCDHA6
MIR320A	MIR320C1	PCDHA10	PCDHA9
MIR320A	MIR320C1	PCDHA10	PCDHA8
MIR320A	MIR320C1	PCDHA10	PCDHA7
MIR320A	MIR320C1	PCDHA10	PCDHA5
MIR320A	MIR320C1	PCDHA10	PCDHA4
MIR320A	MIR320C1	PCDHA10	PCDHA1
MIR320A	MIR320C1	PCDHA10	PCDHA13
MIR320A	MIR320C1	PCDHA10	PCDHAC1
MIR320A	MIR320C1	PCDHA10	PCDHA11
MIR320A	MIR320C1	PCDHA10	PCDHA12
MIR320A	MIR320C1	PCDHA10	PCDHA3
MIR320A	MIR320C1	PCDHA3	PCDHA6
MIR320A	MIR320C1	PCDHA3	PCDHA9
MIR320A	MIR320C1	PCDHA3	PCDHA8
MIR320A	MIR320C1	PCDHA3	PCDHA7
MIR320A	MIR320C1	PCDHA3	PCDHA5
MIR320A	MIR320C1	PCDHA3	PCDHA4
MIR320A	MIR320C1	PCDHA3	PCDHA1
MIR320A	MIR320C1	PCDHA3	PCDHA13
MIR320A	MIR320C1	PCDHA3	PCDHAC1
MIR320A	MIR320C1	PCDHA3	PCDHA11
MIR320A	MIR320C1	PCDHA3	PCDHA12
MIR320A	MIR320C1	KLF13	KLF5
MIR320A	MIR320C1	N4BP1	ZC3H12C
MIR320A	MIR320C1	PCDHA9	PCDHA6
MIR320A	MIR320C1	PCDHA9	PCDHA8
MIR320A	MIR320C1	PCDHA9	PCDHA7
MIR320A	MIR320C1	PCDHA9	PCDHA5
MIR320A	MIR320C1	PCDHA9	PCDHA4
MIR320A	MIR320C1	PCDHA9	PCDHA1
MIR320A	MIR320C1	PCDHA9	PCDHA13
MIR320A	MIR320C1	PCDHA9	PCDHAC1
MIR320A	MIR320C1	PCDHA9	PCDHA11
MIR320A	MIR320C1	PCDHA9	PCDHA12
MIR320A	MIR320C1	KLHL36	KLHL15
MIR320A	MIR320C1	RAP1A	RIT1
MIR320A	MIR320C1	HLTF	ATRX
MIR320A	MIR320C1	PCDHA5	PCDHA6
MIR320A	MIR320C1	PCDHA5	PCDHA8
MIR320A	MIR320C1	PCDHA5	PCDHA7
MIR320A	MIR320C1	PCDHA5	PCDHA4
MIR320A	MIR320C1	PCDHA5	PCDHA1
MIR320A	MIR320C1	PCDHA5	PCDHA13
MIR320A	MIR320C1	PCDHA5	PCDHAC1
MIR320A	MIR320C1	PCDHA5	PCDHA11
MIR320A	MIR320C1	PCDHA5	PCDHA12
MIR320A	MIR320C1	KLHL15	KLHL14
MIR320A	MIR320C1	PCDHA8	PCDHA6
MIR320A	MIR320C1	PCDHA8	PCDHA7
MIR320A	MIR320C1	PCDHA8	PCDHA4
MIR320A	MIR320C1	PCDHA8	PCDHA1
MIR320A	MIR320C1	PCDHA8	PCDHA13
MIR320A	MIR320C1	PCDHA8	PCDHAC1
MIR320A	MIR320C1	PCDHA8	PCDHA11
MIR320A	MIR320C1	PCDHA8	PCDHA12
MIR320A	MIR320C1	PCDHA12	PCDHA6
MIR320A	MIR320C1	PCDHA12	PCDHA7
MIR320A	MIR320C1	PCDHA12	PCDHA4
MIR320A	MIR320C1	PCDHA12	PCDHA1
MIR320A	MIR320C1	PCDHA12	PCDHA13
MIR320A	MIR320C1	PCDHA12	PCDHAC1
MIR320A	MIR320C1	PCDHA12	PCDHA11
MIR320A	MIR320C1	CDK6	CDK13
MIR320A	MIR320C1	YWHAH	YWHAZ
MIR320A	MIR320C1	PCDHAC1	PCDHA6
MIR320A	MIR320C1	PCDHAC1	PCDHA7
MIR320A	MIR320C1	PCDHAC1	PCDHA4
MIR320A	MIR320C1	PCDHAC1	PCDHA1
MIR320A	MIR320C1	PCDHAC1	PCDHA13
MIR320A	MIR320C1	PCDHAC1	PCDHA11
MIR320A	MIR320C1	PCDHA13	PCDHA6
MIR320A	MIR320C1	PCDHA13	PCDHA7
MIR320A	MIR320C1	PCDHA13	PCDHA4
MIR320A	MIR320C1	PCDHA13	PCDHA1
MIR320A	MIR320C1	PCDHA13	PCDHA11
MIR320A	MIR320C1	PCDHA6	PCDHA7
MIR320A	MIR320C1	PCDHA6	PCDHA4
MIR320A	MIR320C1	PCDHA6	PCDHA1
MIR320A	MIR320C1	PCDHA6	PCDHA11
MIR320A	MIR320C1	PCDHA1	PCDHA7
MIR320A	MIR320C1	PCDHA1	PCDHA4
MIR320A	MIR320C1	PCDHA1	PCDHA11
MIR320A	MIR320C1	PCDHA7	PCDHA4
MIR320A	MIR320C1	PCDHA7	PCDHA11
MIR320A	MIR320C1	PCDHA11	PCDHA4
MIR320A	MIR320C2	PCDHA2	PCDHA6
MIR320A	MIR320C2	PCDHA2	PCDHA9
MIR320A	MIR320C2	PCDHA2	PCDHA8
MIR320A	MIR320C2	PCDHA2	PCDHA7
MIR320A	MIR320C2	PCDHA2	PCDHA5
MIR320A	MIR320C2	PCDHA2	PCDHA4
MIR320A	MIR320C2	PCDHA2	PCDHA1
MIR320A	MIR320C2	PCDHA2	PCDHA13
MIR320A	MIR320C2	PCDHA2	PCDHAC2
MIR320A	MIR320C2	PCDHA2	PCDHAC1
MIR320A	MIR320C2	PCDHA2	PCDHA11
MIR320A	MIR320C2	PCDHA2	PCDHA10
MIR320A	MIR320C2	PCDHA2	PCDHA12
MIR320A	MIR320C2	PCDHA2	PCDHA3
MIR320A	MIR320C2	PCDHAC2	PCDHA6
MIR320A	MIR320C2	PCDHAC2	PCDHA9
MIR320A	MIR320C2	PCDHAC2	PCDHA8
MIR320A	MIR320C2	PCDHAC2	PCDHA7
MIR320A	MIR320C2	PCDHAC2	PCDHA5
MIR320A	MIR320C2	PCDHAC2	PCDHA4
MIR320A	MIR320C2	PCDHAC2	PCDHA1
MIR320A	MIR320C2	PCDHAC2	PCDHA13
MIR320A	MIR320C2	PCDHAC2	PCDHAC1
MIR320A	MIR320C2	PCDHAC2	PCDHA11
MIR320A	MIR320C2	PCDHAC2	PCDHA10
MIR320A	MIR320C2	PCDHAC2	PCDHA12
MIR320A	MIR320C2	PCDHAC2	PCDHA3
MIR320A	MIR320C2	YWHAQ	YWHAH
MIR320A	MIR320C2	DAZAP1	MSI2
MIR320A	MIR320C2	PCDHA10	PCDHA6
MIR320A	MIR320C2	PCDHA10	PCDHA9
MIR320A	MIR320C2	PCDHA10	PCDHA8
MIR320A	MIR320C2	PCDHA10	PCDHA7
MIR320A	MIR320C2	PCDHA10	PCDHA5
MIR320A	MIR320C2	PCDHA10	PCDHA4
MIR320A	MIR320C2	PCDHA10	PCDHA1
MIR320A	MIR320C2	PCDHA10	PCDHA13
MIR320A	MIR320C2	PCDHA10	PCDHAC1
MIR320A	MIR320C2	PCDHA10	PCDHA11
MIR320A	MIR320C2	PCDHA10	PCDHA12
MIR320A	MIR320C2	PCDHA10	PCDHA3
MIR320A	MIR320C2	PCDHA3	PCDHA6
MIR320A	MIR320C2	PCDHA3	PCDHA9
MIR320A	MIR320C2	PCDHA3	PCDHA8
MIR320A	MIR320C2	PCDHA3	PCDHA7
MIR320A	MIR320C2	PCDHA3	PCDHA5
MIR320A	MIR320C2	PCDHA3	PCDHA4
MIR320A	MIR320C2	PCDHA3	PCDHA1
MIR320A	MIR320C2	PCDHA3	PCDHA13
MIR320A	MIR320C2	PCDHA3	PCDHAC1
MIR320A	MIR320C2	PCDHA3	PCDHA11
MIR320A	MIR320C2	PCDHA3	PCDHA12
MIR320A	MIR320C2	KLF13	KLF5
MIR320A	MIR320C2	N4BP1	ZC3H12C
MIR320A	MIR320C2	PCDHA9	PCDHA6
MIR320A	MIR320C2	PCDHA9	PCDHA8
MIR320A	MIR320C2	PCDHA9	PCDHA7
MIR320A	MIR320C2	PCDHA9	PCDHA5
MIR320A	MIR320C2	PCDHA9	PCDHA4
MIR320A	MIR320C2	PCDHA9	PCDHA1
MIR320A	MIR320C2	PCDHA9	PCDHA13
MIR320A	MIR320C2	PCDHA9	PCDHAC1
MIR320A	MIR320C2	PCDHA9	PCDHA11
MIR320A	MIR320C2	PCDHA9	PCDHA12
MIR320A	MIR320C2	KLHL36	KLHL15
MIR320A	MIR320C2	RAP1A	RIT1
MIR320A	MIR320C2	HLTF	ATRX
MIR320A	MIR320C2	PCDHA5	PCDHA6
MIR320A	MIR320C2	PCDHA5	PCDHA8
MIR320A	MIR320C2	PCDHA5	PCDHA7
MIR320A	MIR320C2	PCDHA5	PCDHA4
MIR320A	MIR320C2	PCDHA5	PCDHA1
MIR320A	MIR320C2	PCDHA5	PCDHA13
MIR320A	MIR320C2	PCDHA5	PCDHAC1
MIR320A	MIR320C2	PCDHA5	PCDHA11
MIR320A	MIR320C2	PCDHA5	PCDHA12
MIR320A	MIR320C2	KLHL15	KLHL14
MIR320A	MIR320C2	PCDHA8	PCDHA6
MIR320A	MIR320C2	PCDHA8	PCDHA7
MIR320A	MIR320C2	PCDHA8	PCDHA4
MIR320A	MIR320C2	PCDHA8	PCDHA1
MIR320A	MIR320C2	PCDHA8	PCDHA13
MIR320A	MIR320C2	PCDHA8	PCDHAC1
MIR320A	MIR320C2	PCDHA8	PCDHA11
MIR320A	MIR320C2	PCDHA8	PCDHA12
MIR320A	MIR320C2	PCDHA12	PCDHA6
MIR320A	MIR320C2	PCDHA12	PCDHA7
MIR320A	MIR320C2	PCDHA12	PCDHA4
MIR320A	MIR320C2	PCDHA12	PCDHA1
MIR320A	MIR320C2	PCDHA12	PCDHA13
MIR320A	MIR320C2	PCDHA12	PCDHAC1
MIR320A	MIR320C2	PCDHA12	PCDHA11
MIR320A	MIR320C2	CDK6	CDK13
MIR320A	MIR320C2	YWHAH	YWHAZ
MIR320A	MIR320C2	PCDHAC1	PCDHA6
MIR320A	MIR320C2	PCDHAC1	PCDHA7
MIR320A	MIR320C2	PCDHAC1	PCDHA4
MIR320A	MIR320C2	PCDHAC1	PCDHA1
MIR320A	MIR320C2	PCDHAC1	PCDHA13
MIR320A	MIR320C2	PCDHAC1	PCDHA11
MIR320A	MIR320C2	PCDHA13	PCDHA6
MIR320A	MIR320C2	PCDHA13	PCDHA7
MIR320A	MIR320C2	PCDHA13	PCDHA4
MIR320A	MIR320C2	PCDHA13	PCDHA1
MIR320A	MIR320C2	PCDHA13	PCDHA11
MIR320A	MIR320C2	PCDHA6	PCDHA7
MIR320A	MIR320C2	PCDHA6	PCDHA4
MIR320A	MIR320C2	PCDHA6	PCDHA1
MIR320A	MIR320C2	PCDHA6	PCDHA11
MIR320A	MIR320C2	PCDHA1	PCDHA7
MIR320A	MIR320C2	PCDHA1	PCDHA4
MIR320A	MIR320C2	PCDHA1	PCDHA11
MIR320A	MIR320C2	PCDHA7	PCDHA4
MIR320A	MIR320C2	PCDHA7	PCDHA11
MIR320A	MIR320C2	PCDHA11	PCDHA4
MIR320B1	MIR320B2	PCDHA2	PCDHA6
MIR320B1	MIR320B2	PCDHA2	PCDHA9
MIR320B1	MIR320B2	PCDHA2	PCDHA8
MIR320B1	MIR320B2	PCDHA2	PCDHA7
MIR320B1	MIR320B2	PCDHA2	PCDHA5
MIR320B1	MIR320B2	PCDHA2	PCDHA4
MIR320B1	MIR320B2	PCDHA2	PCDHA1
MIR320B1	MIR320B2	PCDHA2	PCDHA13
MIR320B1	MIR320B2	PCDHA2	PCDHAC2
MIR320B1	MIR320B2	PCDHA2	PCDHAC1
MIR320B1	MIR320B2	PCDHA2	PCDHA11
MIR320B1	MIR320B2	PCDHA2	PCDHA10
MIR320B1	MIR320B2	PCDHA2	PCDHA12
MIR320B1	MIR320B2	PCDHA2	PCDHA3
MIR320B1	MIR320B2	PCDHAC2	PCDHA6
MIR320B1	MIR320B2	PCDHAC2	PCDHA9
MIR320B1	MIR320B2	PCDHAC2	PCDHA8
MIR320B1	MIR320B2	PCDHAC2	PCDHA7
MIR320B1	MIR320B2	PCDHAC2	PCDHA5
MIR320B1	MIR320B2	PCDHAC2	PCDHA4
MIR320B1	MIR320B2	PCDHAC2	PCDHA1
MIR320B1	MIR320B2	PCDHAC2	PCDHA13
MIR320B1	MIR320B2	PCDHAC2	PCDHAC1
MIR320B1	MIR320B2	PCDHAC2	PCDHA11
MIR320B1	MIR320B2	PCDHAC2	PCDHA10
MIR320B1	MIR320B2	PCDHAC2	PCDHA12
MIR320B1	MIR320B2	PCDHAC2	PCDHA3
MIR320B1	MIR320B2	RBM24	RBMS3
MIR320B1	MIR320B2	YWHAQ	YWHAH
MIR320B1	MIR320B2	DAZAP1	MSI2
MIR320B1	MIR320B2	PCDHA10	PCDHA6
MIR320B1	MIR320B2	PCDHA10	PCDHA9
MIR320B1	MIR320B2	PCDHA10	PCDHA8
MIR320B1	MIR320B2	PCDHA10	PCDHA7
MIR320B1	MIR320B2	PCDHA10	PCDHA5
MIR320B1	MIR320B2	PCDHA10	PCDHA4
MIR320B1	MIR320B2	PCDHA10	PCDHA1
MIR320B1	MIR320B2	PCDHA10	PCDHA13
MIR320B1	MIR320B2	PCDHA10	PCDHAC1
MIR320B1	MIR320B2	PCDHA10	PCDHA11
MIR320B1	MIR320B2	PCDHA10	PCDHA12
MIR320B1	MIR320B2	PCDHA10	PCDHA3
MIR320B1	MIR320B2	PCDHA3	PCDHA6
MIR320B1	MIR320B2	PCDHA3	PCDHA9
MIR320B1	MIR320B2	PCDHA3	PCDHA8
MIR320B1	MIR320B2	PCDHA3	PCDHA7
MIR320B1	MIR320B2	PCDHA3	PCDHA5
MIR320B1	MIR320B2	PCDHA3	PCDHA4
MIR320B1	MIR320B2	PCDHA3	PCDHA1
MIR320B1	MIR320B2	PCDHA3	PCDHA13
MIR320B1	MIR320B2	PCDHA3	PCDHAC1
MIR320B1	MIR320B2	PCDHA3	PCDHA11
MIR320B1	MIR320B2	PCDHA3	PCDHA12
MIR320B1	MIR320B2	GNA13	GNAI1
MIR320B1	MIR320B2	KLF13	KLF5
MIR320B1	MIR320B2	N4BP1	ZC3H12C
MIR320B1	MIR320B2	PCDHA9	PCDHA6
MIR320B1	MIR320B2	PCDHA9	PCDHA8
MIR320B1	MIR320B2	PCDHA9	PCDHA7
MIR320B1	MIR320B2	PCDHA9	PCDHA5
MIR320B1	MIR320B2	PCDHA9	PCDHA4
MIR320B1	MIR320B2	PCDHA9	PCDHA1
MIR320B1	MIR320B2	PCDHA9	PCDHA13
MIR320B1	MIR320B2	PCDHA9	PCDHAC1
MIR320B1	MIR320B2	PCDHA9	PCDHA11
MIR320B1	MIR320B2	PCDHA9	PCDHA12
MIR320B1	MIR320B2	KLHL36	KLHL15
MIR320B1	MIR320B2	RAP1A	RIT1
MIR320B1	MIR320B2	SOBP	RAI2
MIR320B1	MIR320B2	HLTF	ATRX
MIR320B1	MIR320B2	RAB18	RAB11A
MIR320B1	MIR320B2	PCDHA5	PCDHA6
MIR320B1	MIR320B2	PCDHA5	PCDHA8
MIR320B1	MIR320B2	PCDHA5	PCDHA7
MIR320B1	MIR320B2	PCDHA5	PCDHA4
MIR320B1	MIR320B2	PCDHA5	PCDHA1
MIR320B1	MIR320B2	PCDHA5	PCDHA13
MIR320B1	MIR320B2	PCDHA5	PCDHAC1
MIR320B1	MIR320B2	PCDHA5	PCDHA11
MIR320B1	MIR320B2	PCDHA5	PCDHA12
MIR320B1	MIR320B2	KLHL15	KLHL14
MIR320B1	MIR320B2	PCDHA8	PCDHA6
MIR320B1	MIR320B2	PCDHA8	PCDHA7
MIR320B1	MIR320B2	PCDHA8	PCDHA4
MIR320B1	MIR320B2	PCDHA8	PCDHA1
MIR320B1	MIR320B2	PCDHA8	PCDHA13
MIR320B1	MIR320B2	PCDHA8	PCDHAC1
MIR320B1	MIR320B2	PCDHA8	PCDHA11
MIR320B1	MIR320B2	PCDHA8	PCDHA12
MIR320B1	MIR320B2	PCDHA12	PCDHA6
MIR320B1	MIR320B2	PCDHA12	PCDHA7
MIR320B1	MIR320B2	PCDHA12	PCDHA4
MIR320B1	MIR320B2	PCDHA12	PCDHA1
MIR320B1	MIR320B2	PCDHA12	PCDHA13
MIR320B1	MIR320B2	PCDHA12	PCDHAC1
MIR320B1	MIR320B2	PCDHA12	PCDHA11
MIR320B1	MIR320B2	CDK6	CDK13
MIR320B1	MIR320B2	YWHAH	YWHAZ
MIR320B1	MIR320B2	PCDHAC1	PCDHA6
MIR320B1	MIR320B2	PCDHAC1	PCDHA7
MIR320B1	MIR320B2	PCDHAC1	PCDHA4
MIR320B1	MIR320B2	PCDHAC1	PCDHA1
MIR320B1	MIR320B2	PCDHAC1	PCDHA13
MIR320B1	MIR320B2	PCDHAC1	PCDHA11
MIR320B1	MIR320B2	PCDHA13	PCDHA6
MIR320B1	MIR320B2	PCDHA13	PCDHA7
MIR320B1	MIR320B2	PCDHA13	PCDHA4
MIR320B1	MIR320B2	PCDHA13	PCDHA1
MIR320B1	MIR320B2	PCDHA13	PCDHA11
MIR320B1	MIR320B2	PCDHA6	PCDHA7
MIR320B1	MIR320B2	PCDHA6	PCDHA4
MIR320B1	MIR320B2	PCDHA6	PCDHA1
MIR320B1	MIR320B2	PCDHA6	PCDHA11
MIR320B1	MIR320B2	PCDHA1	PCDHA7
MIR320B1	MIR320B2	PCDHA1	PCDHA4
MIR320B1	MIR320B2	PCDHA1	PCDHA11
MIR320B1	MIR320B2	PCDHA7	PCDHA4
MIR320B1	MIR320B2	PCDHA7	PCDHA11
MIR320B1	MIR320B2	PCDHA11	PCDHA4
MIR320B1	MIR320C1	PCDHA2	PCDHA6
MIR320B1	MIR320C1	PCDHA2	PCDHA9
MIR320B1	MIR320C1	PCDHA2	PCDHA8
MIR320B1	MIR320C1	PCDHA2	PCDHA7
MIR320B1	MIR320C1	PCDHA2	PCDHA5
MIR320B1	MIR320C1	PCDHA2	PCDHA4
MIR320B1	MIR320C1	PCDHA2	PCDHA1
MIR320B1	MIR320C1	PCDHA2	PCDHA13
MIR320B1	MIR320C1	PCDHA2	PCDHAC2
MIR320B1	MIR320C1	PCDHA2	PCDHAC1
MIR320B1	MIR320C1	PCDHA2	PCDHA11
MIR320B1	MIR320C1	PCDHA2	PCDHA10
MIR320B1	MIR320C1	PCDHA2	PCDHA12
MIR320B1	MIR320C1	PCDHA2	PCDHA3
MIR320B1	MIR320C1	PCDHAC2	PCDHA6
MIR320B1	MIR320C1	PCDHAC2	PCDHA9
MIR320B1	MIR320C1	PCDHAC2	PCDHA8
MIR320B1	MIR320C1	PCDHAC2	PCDHA7
MIR320B1	MIR320C1	PCDHAC2	PCDHA5
MIR320B1	MIR320C1	PCDHAC2	PCDHA4
MIR320B1	MIR320C1	PCDHAC2	PCDHA1
MIR320B1	MIR320C1	PCDHAC2	PCDHA13
MIR320B1	MIR320C1	PCDHAC2	PCDHAC1
MIR320B1	MIR320C1	PCDHAC2	PCDHA11
MIR320B1	MIR320C1	PCDHAC2	PCDHA10
MIR320B1	MIR320C1	PCDHAC2	PCDHA12
MIR320B1	MIR320C1	PCDHAC2	PCDHA3
MIR320B1	MIR320C1	RBM24	RBMS3
MIR320B1	MIR320C1	YWHAQ	YWHAH
MIR320B1	MIR320C1	DAZAP1	MSI2
MIR320B1	MIR320C1	PCDHA10	PCDHA6
MIR320B1	MIR320C1	PCDHA10	PCDHA9
MIR320B1	MIR320C1	PCDHA10	PCDHA8
MIR320B1	MIR320C1	PCDHA10	PCDHA7
MIR320B1	MIR320C1	PCDHA10	PCDHA5
MIR320B1	MIR320C1	PCDHA10	PCDHA4
MIR320B1	MIR320C1	PCDHA10	PCDHA1
MIR320B1	MIR320C1	PCDHA10	PCDHA13
MIR320B1	MIR320C1	PCDHA10	PCDHAC1
MIR320B1	MIR320C1	PCDHA10	PCDHA11
MIR320B1	MIR320C1	PCDHA10	PCDHA12
MIR320B1	MIR320C1	PCDHA10	PCDHA3
MIR320B1	MIR320C1	PCDHA3	PCDHA6
MIR320B1	MIR320C1	PCDHA3	PCDHA9
MIR320B1	MIR320C1	PCDHA3	PCDHA8
MIR320B1	MIR320C1	PCDHA3	PCDHA7
MIR320B1	MIR320C1	PCDHA3	PCDHA5
MIR320B1	MIR320C1	PCDHA3	PCDHA4
MIR320B1	MIR320C1	PCDHA3	PCDHA1
MIR320B1	MIR320C1	PCDHA3	PCDHA13
MIR320B1	MIR320C1	PCDHA3	PCDHAC1
MIR320B1	MIR320C1	PCDHA3	PCDHA11
MIR320B1	MIR320C1	PCDHA3	PCDHA12
MIR320B1	MIR320C1	KLF13	KLF5
MIR320B1	MIR320C1	N4BP1	ZC3H12C
MIR320B1	MIR320C1	PCDHA9	PCDHA6
MIR320B1	MIR320C1	PCDHA9	PCDHA8
MIR320B1	MIR320C1	PCDHA9	PCDHA7
MIR320B1	MIR320C1	PCDHA9	PCDHA5
MIR320B1	MIR320C1	PCDHA9	PCDHA4
MIR320B1	MIR320C1	PCDHA9	PCDHA1
MIR320B1	MIR320C1	PCDHA9	PCDHA13
MIR320B1	MIR320C1	PCDHA9	PCDHAC1
MIR320B1	MIR320C1	PCDHA9	PCDHA11
MIR320B1	MIR320C1	PCDHA9	PCDHA12
MIR320B1	MIR320C1	KLHL36	KLHL15
MIR320B1	MIR320C1	RAP1A	RIT1
MIR320B1	MIR320C1	HLTF	ATRX
MIR320B1	MIR320C1	PCDHA5	PCDHA6
MIR320B1	MIR320C1	PCDHA5	PCDHA8
MIR320B1	MIR320C1	PCDHA5	PCDHA7
MIR320B1	MIR320C1	PCDHA5	PCDHA4
MIR320B1	MIR320C1	PCDHA5	PCDHA1
MIR320B1	MIR320C1	PCDHA5	PCDHA13
MIR320B1	MIR320C1	PCDHA5	PCDHAC1
MIR320B1	MIR320C1	PCDHA5	PCDHA11
MIR320B1	MIR320C1	PCDHA5	PCDHA12
MIR320B1	MIR320C1	KLHL15	KLHL14
MIR320B1	MIR320C1	PCDHA8	PCDHA6
MIR320B1	MIR320C1	PCDHA8	PCDHA7
MIR320B1	MIR320C1	PCDHA8	PCDHA4
MIR320B1	MIR320C1	PCDHA8	PCDHA1
MIR320B1	MIR320C1	PCDHA8	PCDHA13
MIR320B1	MIR320C1	PCDHA8	PCDHAC1
MIR320B1	MIR320C1	PCDHA8	PCDHA11
MIR320B1	MIR320C1	PCDHA8	PCDHA12
MIR320B1	MIR320C1	PCDHA12	PCDHA6
MIR320B1	MIR320C1	PCDHA12	PCDHA7
MIR320B1	MIR320C1	PCDHA12	PCDHA4
MIR320B1	MIR320C1	PCDHA12	PCDHA1
MIR320B1	MIR320C1	PCDHA12	PCDHA13
MIR320B1	MIR320C1	PCDHA12	PCDHAC1
MIR320B1	MIR320C1	PCDHA12	PCDHA11
MIR320B1	MIR320C1	CDK6	CDK13
MIR320B1	MIR320C1	YWHAH	YWHAZ
MIR320B1	MIR320C1	PCDHAC1	PCDHA6
MIR320B1	MIR320C1	PCDHAC1	PCDHA7
MIR320B1	MIR320C1	PCDHAC1	PCDHA4
MIR320B1	MIR320C1	PCDHAC1	PCDHA1
MIR320B1	MIR320C1	PCDHAC1	PCDHA13
MIR320B1	MIR320C1	PCDHAC1	PCDHA11
MIR320B1	MIR320C1	PCDHA13	PCDHA6
MIR320B1	MIR320C1	PCDHA13	PCDHA7
MIR320B1	MIR320C1	PCDHA13	PCDHA4
MIR320B1	MIR320C1	PCDHA13	PCDHA1
MIR320B1	MIR320C1	PCDHA13	PCDHA11
MIR320B1	MIR320C1	PCDHA6	PCDHA7
MIR320B1	MIR320C1	PCDHA6	PCDHA4
MIR320B1	MIR320C1	PCDHA6	PCDHA1
MIR320B1	MIR320C1	PCDHA6	PCDHA11
MIR320B1	MIR320C1	PCDHA1	PCDHA7
MIR320B1	MIR320C1	PCDHA1	PCDHA4
MIR320B1	MIR320C1	PCDHA1	PCDHA11
MIR320B1	MIR320C1	PCDHA7	PCDHA4
MIR320B1	MIR320C1	PCDHA7	PCDHA11
MIR320B1	MIR320C1	PCDHA11	PCDHA4
MIR320B1	MIR320C2	PCDHA2	PCDHA6
MIR320B1	MIR320C2	PCDHA2	PCDHA9
MIR320B1	MIR320C2	PCDHA2	PCDHA8
MIR320B1	MIR320C2	PCDHA2	PCDHA7
MIR320B1	MIR320C2	PCDHA2	PCDHA5
MIR320B1	MIR320C2	PCDHA2	PCDHA4
MIR320B1	MIR320C2	PCDHA2	PCDHA1
MIR320B1	MIR320C2	PCDHA2	PCDHA13
MIR320B1	MIR320C2	PCDHA2	PCDHAC2
MIR320B1	MIR320C2	PCDHA2	PCDHAC1
MIR320B1	MIR320C2	PCDHA2	PCDHA11
MIR320B1	MIR320C2	PCDHA2	PCDHA10
MIR320B1	MIR320C2	PCDHA2	PCDHA12
MIR320B1	MIR320C2	PCDHA2	PCDHA3
MIR320B1	MIR320C2	PCDHAC2	PCDHA6
MIR320B1	MIR320C2	PCDHAC2	PCDHA9
MIR320B1	MIR320C2	PCDHAC2	PCDHA8
MIR320B1	MIR320C2	PCDHAC2	PCDHA7
MIR320B1	MIR320C2	PCDHAC2	PCDHA5
MIR320B1	MIR320C2	PCDHAC2	PCDHA4
MIR320B1	MIR320C2	PCDHAC2	PCDHA1
MIR320B1	MIR320C2	PCDHAC2	PCDHA13
MIR320B1	MIR320C2	PCDHAC2	PCDHAC1
MIR320B1	MIR320C2	PCDHAC2	PCDHA11
MIR320B1	MIR320C2	PCDHAC2	PCDHA10
MIR320B1	MIR320C2	PCDHAC2	PCDHA12
MIR320B1	MIR320C2	PCDHAC2	PCDHA3
MIR320B1	MIR320C2	RBM24	RBMS3
MIR320B1	MIR320C2	YWHAQ	YWHAH
MIR320B1	MIR320C2	DAZAP1	MSI2
MIR320B1	MIR320C2	PCDHA10	PCDHA6
MIR320B1	MIR320C2	PCDHA10	PCDHA9
MIR320B1	MIR320C2	PCDHA10	PCDHA8
MIR320B1	MIR320C2	PCDHA10	PCDHA7
MIR320B1	MIR320C2	PCDHA10	PCDHA5
MIR320B1	MIR320C2	PCDHA10	PCDHA4
MIR320B1	MIR320C2	PCDHA10	PCDHA1
MIR320B1	MIR320C2	PCDHA10	PCDHA13
MIR320B1	MIR320C2	PCDHA10	PCDHAC1
MIR320B1	MIR320C2	PCDHA10	PCDHA11
MIR320B1	MIR320C2	PCDHA10	PCDHA12
MIR320B1	MIR320C2	PCDHA10	PCDHA3
MIR320B1	MIR320C2	PCDHA3	PCDHA6
MIR320B1	MIR320C2	PCDHA3	PCDHA9
MIR320B1	MIR320C2	PCDHA3	PCDHA8
MIR320B1	MIR320C2	PCDHA3	PCDHA7
MIR320B1	MIR320C2	PCDHA3	PCDHA5
MIR320B1	MIR320C2	PCDHA3	PCDHA4
MIR320B1	MIR320C2	PCDHA3	PCDHA1
MIR320B1	MIR320C2	PCDHA3	PCDHA13
MIR320B1	MIR320C2	PCDHA3	PCDHAC1
MIR320B1	MIR320C2	PCDHA3	PCDHA11
MIR320B1	MIR320C2	PCDHA3	PCDHA12
MIR320B1	MIR320C2	KLF13	KLF5
MIR320B1	MIR320C2	N4BP1	ZC3H12C
MIR320B1	MIR320C2	PCDHA9	PCDHA6
MIR320B1	MIR320C2	PCDHA9	PCDHA8
MIR320B1	MIR320C2	PCDHA9	PCDHA7
MIR320B1	MIR320C2	PCDHA9	PCDHA5
MIR320B1	MIR320C2	PCDHA9	PCDHA4
MIR320B1	MIR320C2	PCDHA9	PCDHA1
MIR320B1	MIR320C2	PCDHA9	PCDHA13
MIR320B1	MIR320C2	PCDHA9	PCDHAC1
MIR320B1	MIR320C2	PCDHA9	PCDHA11
MIR320B1	MIR320C2	PCDHA9	PCDHA12
MIR320B1	MIR320C2	KLHL36	KLHL15
MIR320B1	MIR320C2	RAP1A	RIT1
MIR320B1	MIR320C2	HLTF	ATRX
MIR320B1	MIR320C2	PCDHA5	PCDHA6
MIR320B1	MIR320C2	PCDHA5	PCDHA8
MIR320B1	MIR320C2	PCDHA5	PCDHA7
MIR320B1	MIR320C2	PCDHA5	PCDHA4
MIR320B1	MIR320C2	PCDHA5	PCDHA1
MIR320B1	MIR320C2	PCDHA5	PCDHA13
MIR320B1	MIR320C2	PCDHA5	PCDHAC1
MIR320B1	MIR320C2	PCDHA5	PCDHA11
MIR320B1	MIR320C2	PCDHA5	PCDHA12
MIR320B1	MIR320C2	KLHL15	KLHL14
MIR320B1	MIR320C2	PCDHA8	PCDHA6
MIR320B1	MIR320C2	PCDHA8	PCDHA7
MIR320B1	MIR320C2	PCDHA8	PCDHA4
MIR320B1	MIR320C2	PCDHA8	PCDHA1
MIR320B1	MIR320C2	PCDHA8	PCDHA13
MIR320B1	MIR320C2	PCDHA8	PCDHAC1
MIR320B1	MIR320C2	PCDHA8	PCDHA11
MIR320B1	MIR320C2	PCDHA8	PCDHA12
MIR320B1	MIR320C2	PCDHA12	PCDHA6
MIR320B1	MIR320C2	PCDHA12	PCDHA7
MIR320B1	MIR320C2	PCDHA12	PCDHA4
MIR320B1	MIR320C2	PCDHA12	PCDHA1
MIR320B1	MIR320C2	PCDHA12	PCDHA13
MIR320B1	MIR320C2	PCDHA12	PCDHAC1
MIR320B1	MIR320C2	PCDHA12	PCDHA11
MIR320B1	MIR320C2	CDK6	CDK13
MIR320B1	MIR320C2	YWHAH	YWHAZ
MIR320B1	MIR320C2	PCDHAC1	PCDHA6
MIR320B1	MIR320C2	PCDHAC1	PCDHA7
MIR320B1	MIR320C2	PCDHAC1	PCDHA4
MIR320B1	MIR320C2	PCDHAC1	PCDHA1
MIR320B1	MIR320C2	PCDHAC1	PCDHA13
MIR320B1	MIR320C2	PCDHAC1	PCDHA11
MIR320B1	MIR320C2	PCDHA13	PCDHA6
MIR320B1	MIR320C2	PCDHA13	PCDHA7
MIR320B1	MIR320C2	PCDHA13	PCDHA4
MIR320B1	MIR320C2	PCDHA13	PCDHA1
MIR320B1	MIR320C2	PCDHA13	PCDHA11
MIR320B1	MIR320C2	PCDHA6	PCDHA7
MIR320B1	MIR320C2	PCDHA6	PCDHA4
MIR320B1	MIR320C2	PCDHA6	PCDHA1
MIR320B1	MIR320C2	PCDHA6	PCDHA11
MIR320B1	MIR320C2	PCDHA1	PCDHA7
MIR320B1	MIR320C2	PCDHA1	PCDHA4
MIR320B1	MIR320C2	PCDHA1	PCDHA11
MIR320B1	MIR320C2	PCDHA7	PCDHA4
MIR320B1	MIR320C2	PCDHA7	PCDHA11
MIR320B1	MIR320C2	PCDHA11	PCDHA4
MIR320B2	MIR320C1	PCDHA2	PCDHA6
MIR320B2	MIR320C1	PCDHA2	PCDHA9
MIR320B2	MIR320C1	PCDHA2	PCDHA8
MIR320B2	MIR320C1	PCDHA2	PCDHA7
MIR320B2	MIR320C1	PCDHA2	PCDHA5
MIR320B2	MIR320C1	PCDHA2	PCDHA4
MIR320B2	MIR320C1	PCDHA2	PCDHA1
MIR320B2	MIR320C1	PCDHA2	PCDHA13
MIR320B2	MIR320C1	PCDHA2	PCDHAC2
MIR320B2	MIR320C1	PCDHA2	PCDHAC1
MIR320B2	MIR320C1	PCDHA2	PCDHA11
MIR320B2	MIR320C1	PCDHA2	PCDHA10
MIR320B2	MIR320C1	PCDHA2	PCDHA12
MIR320B2	MIR320C1	PCDHA2	PCDHA3
MIR320B2	MIR320C1	PCDHAC2	PCDHA6
MIR320B2	MIR320C1	PCDHAC2	PCDHA9
MIR320B2	MIR320C1	PCDHAC2	PCDHA8
MIR320B2	MIR320C1	PCDHAC2	PCDHA7
MIR320B2	MIR320C1	PCDHAC2	PCDHA5
MIR320B2	MIR320C1	PCDHAC2	PCDHA4
MIR320B2	MIR320C1	PCDHAC2	PCDHA1
MIR320B2	MIR320C1	PCDHAC2	PCDHA13
MIR320B2	MIR320C1	PCDHAC2	PCDHAC1
MIR320B2	MIR320C1	PCDHAC2	PCDHA11
MIR320B2	MIR320C1	PCDHAC2	PCDHA10
MIR320B2	MIR320C1	PCDHAC2	PCDHA12
MIR320B2	MIR320C1	PCDHAC2	PCDHA3
MIR320B2	MIR320C1	RBM24	RBMS3
MIR320B2	MIR320C1	YWHAQ	YWHAH
MIR320B2	MIR320C1	DAZAP1	MSI2
MIR320B2	MIR320C1	PCDHA10	PCDHA6
MIR320B2	MIR320C1	PCDHA10	PCDHA9
MIR320B2	MIR320C1	PCDHA10	PCDHA8
MIR320B2	MIR320C1	PCDHA10	PCDHA7
MIR320B2	MIR320C1	PCDHA10	PCDHA5
MIR320B2	MIR320C1	PCDHA10	PCDHA4
MIR320B2	MIR320C1	PCDHA10	PCDHA1
MIR320B2	MIR320C1	PCDHA10	PCDHA13
MIR320B2	MIR320C1	PCDHA10	PCDHAC1
MIR320B2	MIR320C1	PCDHA10	PCDHA11
MIR320B2	MIR320C1	PCDHA10	PCDHA12
MIR320B2	MIR320C1	PCDHA10	PCDHA3
MIR320B2	MIR320C1	PCDHA3	PCDHA6
MIR320B2	MIR320C1	PCDHA3	PCDHA9
MIR320B2	MIR320C1	PCDHA3	PCDHA8
MIR320B2	MIR320C1	PCDHA3	PCDHA7
MIR320B2	MIR320C1	PCDHA3	PCDHA5
MIR320B2	MIR320C1	PCDHA3	PCDHA4
MIR320B2	MIR320C1	PCDHA3	PCDHA1
MIR320B2	MIR320C1	PCDHA3	PCDHA13
MIR320B2	MIR320C1	PCDHA3	PCDHAC1
MIR320B2	MIR320C1	PCDHA3	PCDHA11
MIR320B2	MIR320C1	PCDHA3	PCDHA12
MIR320B2	MIR320C1	KLF13	KLF5
MIR320B2	MIR320C1	N4BP1	ZC3H12C
MIR320B2	MIR320C1	PCDHA9	PCDHA6
MIR320B2	MIR320C1	PCDHA9	PCDHA8
MIR320B2	MIR320C1	PCDHA9	PCDHA7
MIR320B2	MIR320C1	PCDHA9	PCDHA5
MIR320B2	MIR320C1	PCDHA9	PCDHA4
MIR320B2	MIR320C1	PCDHA9	PCDHA1
MIR320B2	MIR320C1	PCDHA9	PCDHA13
MIR320B2	MIR320C1	PCDHA9	PCDHAC1
MIR320B2	MIR320C1	PCDHA9	PCDHA11
MIR320B2	MIR320C1	PCDHA9	PCDHA12
MIR320B2	MIR320C1	KLHL36	KLHL15
MIR320B2	MIR320C1	RAP1A	RIT1
MIR320B2	MIR320C1	HLTF	ATRX
MIR320B2	MIR320C1	PCDHA5	PCDHA6
MIR320B2	MIR320C1	PCDHA5	PCDHA8
MIR320B2	MIR320C1	PCDHA5	PCDHA7
MIR320B2	MIR320C1	PCDHA5	PCDHA4
MIR320B2	MIR320C1	PCDHA5	PCDHA1
MIR320B2	MIR320C1	PCDHA5	PCDHA13
MIR320B2	MIR320C1	PCDHA5	PCDHAC1
MIR320B2	MIR320C1	PCDHA5	PCDHA11
MIR320B2	MIR320C1	PCDHA5	PCDHA12
MIR320B2	MIR320C1	KLHL15	KLHL14
MIR320B2	MIR320C1	PCDHA8	PCDHA6
MIR320B2	MIR320C1	PCDHA8	PCDHA7
MIR320B2	MIR320C1	PCDHA8	PCDHA4
MIR320B2	MIR320C1	PCDHA8	PCDHA1
MIR320B2	MIR320C1	PCDHA8	PCDHA13
MIR320B2	MIR320C1	PCDHA8	PCDHAC1
MIR320B2	MIR320C1	PCDHA8	PCDHA11
MIR320B2	MIR320C1	PCDHA8	PCDHA12
MIR320B2	MIR320C1	PCDHA12	PCDHA6
MIR320B2	MIR320C1	PCDHA12	PCDHA7
MIR320B2	MIR320C1	PCDHA12	PCDHA4
MIR320B2	MIR320C1	PCDHA12	PCDHA1
MIR320B2	MIR320C1	PCDHA12	PCDHA13
MIR320B2	MIR320C1	PCDHA12	PCDHAC1
MIR320B2	MIR320C1	PCDHA12	PCDHA11
MIR320B2	MIR320C1	CDK6	CDK13
MIR320B2	MIR320C1	YWHAH	YWHAZ
MIR320B2	MIR320C1	PCDHAC1	PCDHA6
MIR320B2	MIR320C1	PCDHAC1	PCDHA7
MIR320B2	MIR320C1	PCDHAC1	PCDHA4
MIR320B2	MIR320C1	PCDHAC1	PCDHA1
MIR320B2	MIR320C1	PCDHAC1	PCDHA13
MIR320B2	MIR320C1	PCDHAC1	PCDHA11
MIR320B2	MIR320C1	PCDHA13	PCDHA6
MIR320B2	MIR320C1	PCDHA13	PCDHA7
MIR320B2	MIR320C1	PCDHA13	PCDHA4
MIR320B2	MIR320C1	PCDHA13	PCDHA1
MIR320B2	MIR320C1	PCDHA13	PCDHA11
MIR320B2	MIR320C1	PCDHA6	PCDHA7
MIR320B2	MIR320C1	PCDHA6	PCDHA4
MIR320B2	MIR320C1	PCDHA6	PCDHA1
MIR320B2	MIR320C1	PCDHA6	PCDHA11
MIR320B2	MIR320C1	PCDHA1	PCDHA7
MIR320B2	MIR320C1	PCDHA1	PCDHA4
MIR320B2	MIR320C1	PCDHA1	PCDHA11
MIR320B2	MIR320C1	PCDHA7	PCDHA4
MIR320B2	MIR320C1	PCDHA7	PCDHA11
MIR320B2	MIR320C1	PCDHA11	PCDHA4
MIR320B2	MIR320C2	PCDHA2	PCDHA6
MIR320B2	MIR320C2	PCDHA2	PCDHA9
MIR320B2	MIR320C2	PCDHA2	PCDHA8
MIR320B2	MIR320C2	PCDHA2	PCDHA7
MIR320B2	MIR320C2	PCDHA2	PCDHA5
MIR320B2	MIR320C2	PCDHA2	PCDHA4
MIR320B2	MIR320C2	PCDHA2	PCDHA1
MIR320B2	MIR320C2	PCDHA2	PCDHA13
MIR320B2	MIR320C2	PCDHA2	PCDHAC2
MIR320B2	MIR320C2	PCDHA2	PCDHAC1
MIR320B2	MIR320C2	PCDHA2	PCDHA11
MIR320B2	MIR320C2	PCDHA2	PCDHA10
MIR320B2	MIR320C2	PCDHA2	PCDHA12
MIR320B2	MIR320C2	PCDHA2	PCDHA3
MIR320B2	MIR320C2	PCDHAC2	PCDHA6
MIR320B2	MIR320C2	PCDHAC2	PCDHA9
MIR320B2	MIR320C2	PCDHAC2	PCDHA8
MIR320B2	MIR320C2	PCDHAC2	PCDHA7
MIR320B2	MIR320C2	PCDHAC2	PCDHA5
MIR320B2	MIR320C2	PCDHAC2	PCDHA4
MIR320B2	MIR320C2	PCDHAC2	PCDHA1
MIR320B2	MIR320C2	PCDHAC2	PCDHA13
MIR320B2	MIR320C2	PCDHAC2	PCDHAC1
MIR320B2	MIR320C2	PCDHAC2	PCDHA11
MIR320B2	MIR320C2	PCDHAC2	PCDHA10
MIR320B2	MIR320C2	PCDHAC2	PCDHA12
MIR320B2	MIR320C2	PCDHAC2	PCDHA3
MIR320B2	MIR320C2	RBM24	RBMS3
MIR320B2	MIR320C2	YWHAQ	YWHAH
MIR320B2	MIR320C2	DAZAP1	MSI2
MIR320B2	MIR320C2	PCDHA10	PCDHA6
MIR320B2	MIR320C2	PCDHA10	PCDHA9
MIR320B2	MIR320C2	PCDHA10	PCDHA8
MIR320B2	MIR320C2	PCDHA10	PCDHA7
MIR320B2	MIR320C2	PCDHA10	PCDHA5
MIR320B2	MIR320C2	PCDHA10	PCDHA4
MIR320B2	MIR320C2	PCDHA10	PCDHA1
MIR320B2	MIR320C2	PCDHA10	PCDHA13
MIR320B2	MIR320C2	PCDHA10	PCDHAC1
MIR320B2	MIR320C2	PCDHA10	PCDHA11
MIR320B2	MIR320C2	PCDHA10	PCDHA12
MIR320B2	MIR320C2	PCDHA10	PCDHA3
MIR320B2	MIR320C2	PCDHA3	PCDHA6
MIR320B2	MIR320C2	PCDHA3	PCDHA9
MIR320B2	MIR320C2	PCDHA3	PCDHA8
MIR320B2	MIR320C2	PCDHA3	PCDHA7
MIR320B2	MIR320C2	PCDHA3	PCDHA5
MIR320B2	MIR320C2	PCDHA3	PCDHA4
MIR320B2	MIR320C2	PCDHA3	PCDHA1
MIR320B2	MIR320C2	PCDHA3	PCDHA13
MIR320B2	MIR320C2	PCDHA3	PCDHAC1
MIR320B2	MIR320C2	PCDHA3	PCDHA11
MIR320B2	MIR320C2	PCDHA3	PCDHA12
MIR320B2	MIR320C2	KLF13	KLF5
MIR320B2	MIR320C2	N4BP1	ZC3H12C
MIR320B2	MIR320C2	PCDHA9	PCDHA6
MIR320B2	MIR320C2	PCDHA9	PCDHA8
MIR320B2	MIR320C2	PCDHA9	PCDHA7
MIR320B2	MIR320C2	PCDHA9	PCDHA5
MIR320B2	MIR320C2	PCDHA9	PCDHA4
MIR320B2	MIR320C2	PCDHA9	PCDHA1
MIR320B2	MIR320C2	PCDHA9	PCDHA13
MIR320B2	MIR320C2	PCDHA9	PCDHAC1
MIR320B2	MIR320C2	PCDHA9	PCDHA11
MIR320B2	MIR320C2	PCDHA9	PCDHA12
MIR320B2	MIR320C2	KLHL36	KLHL15
MIR320B2	MIR320C2	RAP1A	RIT1
MIR320B2	MIR320C2	HLTF	ATRX
MIR320B2	MIR320C2	PCDHA5	PCDHA6
MIR320B2	MIR320C2	PCDHA5	PCDHA8
MIR320B2	MIR320C2	PCDHA5	PCDHA7
MIR320B2	MIR320C2	PCDHA5	PCDHA4
MIR320B2	MIR320C2	PCDHA5	PCDHA1
MIR320B2	MIR320C2	PCDHA5	PCDHA13
MIR320B2	MIR320C2	PCDHA5	PCDHAC1
MIR320B2	MIR320C2	PCDHA5	PCDHA11
MIR320B2	MIR320C2	PCDHA5	PCDHA12
MIR320B2	MIR320C2	KLHL15	KLHL14
MIR320B2	MIR320C2	PCDHA8	PCDHA6
MIR320B2	MIR320C2	PCDHA8	PCDHA7
MIR320B2	MIR320C2	PCDHA8	PCDHA4
MIR320B2	MIR320C2	PCDHA8	PCDHA1
MIR320B2	MIR320C2	PCDHA8	PCDHA13
MIR320B2	MIR320C2	PCDHA8	PCDHAC1
MIR320B2	MIR320C2	PCDHA8	PCDHA11
MIR320B2	MIR320C2	PCDHA8	PCDHA12
MIR320B2	MIR320C2	PCDHA12	PCDHA6
MIR320B2	MIR320C2	PCDHA12	PCDHA7
MIR320B2	MIR320C2	PCDHA12	PCDHA4
MIR320B2	MIR320C2	PCDHA12	PCDHA1
MIR320B2	MIR320C2	PCDHA12	PCDHA13
MIR320B2	MIR320C2	PCDHA12	PCDHAC1
MIR320B2	MIR320C2	PCDHA12	PCDHA11
MIR320B2	MIR320C2	CDK6	CDK13
MIR320B2	MIR320C2	YWHAH	YWHAZ
MIR320B2	MIR320C2	PCDHAC1	PCDHA6
MIR320B2	MIR320C2	PCDHAC1	PCDHA7
MIR320B2	MIR320C2	PCDHAC1	PCDHA4
MIR320B2	MIR320C2	PCDHAC1	PCDHA1
MIR320B2	MIR320C2	PCDHAC1	PCDHA13
MIR320B2	MIR320C2	PCDHAC1	PCDHA11
MIR320B2	MIR320C2	PCDHA13	PCDHA6
MIR320B2	MIR320C2	PCDHA13	PCDHA7
MIR320B2	MIR320C2	PCDHA13	PCDHA4
MIR320B2	MIR320C2	PCDHA13	PCDHA1
MIR320B2	MIR320C2	PCDHA13	PCDHA11
MIR320B2	MIR320C2	PCDHA6	PCDHA7
MIR320B2	MIR320C2	PCDHA6	PCDHA4
MIR320B2	MIR320C2	PCDHA6	PCDHA1
MIR320B2	MIR320C2	PCDHA6	PCDHA11
MIR320B2	MIR320C2	PCDHA1	PCDHA7
MIR320B2	MIR320C2	PCDHA1	PCDHA4
MIR320B2	MIR320C2	PCDHA1	PCDHA11
MIR320B2	MIR320C2	PCDHA7	PCDHA4
MIR320B2	MIR320C2	PCDHA7	PCDHA11
MIR320B2	MIR320C2	PCDHA11	PCDHA4
MIR320C1	MIR320C2	PCDHA2	PCDHA6
MIR320C1	MIR320C2	PCDHA2	PCDHA9
MIR320C1	MIR320C2	PCDHA2	PCDHA8
MIR320C1	MIR320C2	PCDHA2	PCDHA7
MIR320C1	MIR320C2	PCDHA2	PCDHA5
MIR320C1	MIR320C2	PCDHA2	PCDHA4
MIR320C1	MIR320C2	PCDHA2	PCDHA1
MIR320C1	MIR320C2	PCDHA2	PCDHA13
MIR320C1	MIR320C2	PCDHA2	PCDHAC2
MIR320C1	MIR320C2	PCDHA2	PCDHAC1
MIR320C1	MIR320C2	PCDHA2	PCDHA11
MIR320C1	MIR320C2	PCDHA2	PCDHA10
MIR320C1	MIR320C2	PCDHA2	PCDHA12
MIR320C1	MIR320C2	PCDHA2	PCDHA3
MIR320C1	MIR320C2	PCDHAC2	PCDHA6
MIR320C1	MIR320C2	PCDHAC2	PCDHA9
MIR320C1	MIR320C2	PCDHAC2	PCDHA8
MIR320C1	MIR320C2	PCDHAC2	PCDHA7
MIR320C1	MIR320C2	PCDHAC2	PCDHA5
MIR320C1	MIR320C2	PCDHAC2	PCDHA4
MIR320C1	MIR320C2	PCDHAC2	PCDHA1
MIR320C1	MIR320C2	PCDHAC2	PCDHA13
MIR320C1	MIR320C2	PCDHAC2	PCDHAC1
MIR320C1	MIR320C2	PCDHAC2	PCDHA11
MIR320C1	MIR320C2	PCDHAC2	PCDHA10
MIR320C1	MIR320C2	PCDHAC2	PCDHA12
MIR320C1	MIR320C2	PCDHAC2	PCDHA3
MIR320C1	MIR320C2	RBM24	RBMS3
MIR320C1	MIR320C2	YWHAQ	YWHAH
MIR320C1	MIR320C2	DAZAP1	MSI2
MIR320C1	MIR320C2	PCDHA10	PCDHA6
MIR320C1	MIR320C2	PCDHA10	PCDHA9
MIR320C1	MIR320C2	PCDHA10	PCDHA8
MIR320C1	MIR320C2	PCDHA10	PCDHA7
MIR320C1	MIR320C2	PCDHA10	PCDHA5
MIR320C1	MIR320C2	PCDHA10	PCDHA4
MIR320C1	MIR320C2	PCDHA10	PCDHA1
MIR320C1	MIR320C2	PCDHA10	PCDHA13
MIR320C1	MIR320C2	PCDHA10	PCDHAC1
MIR320C1	MIR320C2	PCDHA10	PCDHA11
MIR320C1	MIR320C2	PCDHA10	PCDHA12
MIR320C1	MIR320C2	PCDHA10	PCDHA3
MIR320C1	MIR320C2	PCDHA3	PCDHA6
MIR320C1	MIR320C2	PCDHA3	PCDHA9
MIR320C1	MIR320C2	PCDHA3	PCDHA8
MIR320C1	MIR320C2	PCDHA3	PCDHA7
MIR320C1	MIR320C2	PCDHA3	PCDHA5
MIR320C1	MIR320C2	PCDHA3	PCDHA4
MIR320C1	MIR320C2	PCDHA3	PCDHA1
MIR320C1	MIR320C2	PCDHA3	PCDHA13
MIR320C1	MIR320C2	PCDHA3	PCDHAC1
MIR320C1	MIR320C2	PCDHA3	PCDHA11
MIR320C1	MIR320C2	PCDHA3	PCDHA12
MIR320C1	MIR320C2	KLF13	KLF5
MIR320C1	MIR320C2	N4BP1	ZC3H12C
MIR320C1	MIR320C2	PCDHA9	PCDHA6
MIR320C1	MIR320C2	PCDHA9	PCDHA8
MIR320C1	MIR320C2	PCDHA9	PCDHA7
MIR320C1	MIR320C2	PCDHA9	PCDHA5
MIR320C1	MIR320C2	PCDHA9	PCDHA4
MIR320C1	MIR320C2	PCDHA9	PCDHA1
MIR320C1	MIR320C2	PCDHA9	PCDHA13
MIR320C1	MIR320C2	PCDHA9	PCDHAC1
MIR320C1	MIR320C2	PCDHA9	PCDHA11
MIR320C1	MIR320C2	PCDHA9	PCDHA12
MIR320C1	MIR320C2	KLHL36	KLHL15
MIR320C1	MIR320C2	RAP1A	RIT1
MIR320C1	MIR320C2	HLTF	ATRX
MIR320C1	MIR320C2	PCDHA5	PCDHA6
MIR320C1	MIR320C2	PCDHA5	PCDHA8
MIR320C1	MIR320C2	PCDHA5	PCDHA7
MIR320C1	MIR320C2	PCDHA5	PCDHA4
MIR320C1	MIR320C2	PCDHA5	PCDHA1
MIR320C1	MIR320C2	PCDHA5	PCDHA13
MIR320C1	MIR320C2	PCDHA5	PCDHAC1
MIR320C1	MIR320C2	PCDHA5	PCDHA11
MIR320C1	MIR320C2	PCDHA5	PCDHA12
MIR320C1	MIR320C2	KLHL15	KLHL14
MIR320C1	MIR320C2	PCDHA8	PCDHA6
MIR320C1	MIR320C2	PCDHA8	PCDHA7
MIR320C1	MIR320C2	PCDHA8	PCDHA4
MIR320C1	MIR320C2	PCDHA8	PCDHA1
MIR320C1	MIR320C2	PCDHA8	PCDHA13
MIR320C1	MIR320C2	PCDHA8	PCDHAC1
MIR320C1	MIR320C2	PCDHA8	PCDHA11
MIR320C1	MIR320C2	PCDHA8	PCDHA12
MIR320C1	MIR320C2	PCDHA12	PCDHA6
MIR320C1	MIR320C2	PCDHA12	PCDHA7
MIR320C1	MIR320C2	PCDHA12	PCDHA4
MIR320C1	MIR320C2	PCDHA12	PCDHA1
MIR320C1	MIR320C2	PCDHA12	PCDHA13
MIR320C1	MIR320C2	PCDHA12	PCDHAC1
MIR320C1	MIR320C2	PCDHA12	PCDHA11
MIR320C1	MIR320C2	CDK6	CDK13
MIR320C1	MIR320C2	YWHAH	YWHAZ
MIR320C1	MIR320C2	PCDHAC1	PCDHA6
MIR320C1	MIR320C2	PCDHAC1	PCDHA7
MIR320C1	MIR320C2	PCDHAC1	PCDHA4
MIR320C1	MIR320C2	PCDHAC1	PCDHA1
MIR320C1	MIR320C2	PCDHAC1	PCDHA13
MIR320C1	MIR320C2	PCDHAC1	PCDHA11
MIR320C1	MIR320C2	PCDHA13	PCDHA6
MIR320C1	MIR320C2	PCDHA13	PCDHA7
MIR320C1	MIR320C2	PCDHA13	PCDHA4
MIR320C1	MIR320C2	PCDHA13	PCDHA1
MIR320C1	MIR320C2	PCDHA13	PCDHA11
MIR320C1	MIR320C2	PCDHA6	PCDHA7
MIR320C1	MIR320C2	PCDHA6	PCDHA4
MIR320C1	MIR320C2	PCDHA6	PCDHA1
MIR320C1	MIR320C2	PCDHA6	PCDHA11
MIR320C1	MIR320C2	PCDHA1	PCDHA7
MIR320C1	MIR320C2	PCDHA1	PCDHA4
MIR320C1	MIR320C2	PCDHA1	PCDHA11
MIR320C1	MIR320C2	PCDHA7	PCDHA4
MIR320C1	MIR320C2	PCDHA7	PCDHA11
MIR320C1	MIR320C2	PCDHA11	PCDHA4
MIR337	not_found	not_in_G	not_in_G
not_found	MIR376A1	not_in_G	not_in_G
not_found	MIR376A2	not_in_G	not_in_G
not_found	MIR376B	not_in_G	not_in_G
not_found	MIR376C	not_in_G	not_in_G
not_found	MIR506	not_in_G	not_in_G
not_found	MIR507	not_in_G	not_in_G
not_found	MIR508	not_in_G	not_in_G
not_found	MIR509-1	not_in_G	not_in_G
not_found	MIR509-2	not_in_G	not_in_G
not_found	MIR509-3	not_in_G	not_in_G
not_found	MIR510	not_in_G	not_in_G
not_found	MIR513A1	not_in_G	not_in_G
not_found	MIR513A2	not_in_G	not_in_G
not_found	MIR513B	not_in_G	not_in_G
not_found	MIR513C	not_in_G	not_in_G
not_found	MIR514A1	not_in_G	not_in_G
not_found	MIR514A2	not_in_G	not_in_G
not_found	MIR514A3	not_in_G	not_in_G
not_found	MIR514B	not_in_G	not_in_G
not_found	MIR888	not_in_G	not_in_G
not_found	MIR890	not_in_G	not_in_G
not_found	MIR892A	not_in_G	not_in_G
not_found	MIR892B	not_in_G	not_in_G
not_found	MIR892C	not_in_G	not_in_G
MIR34A	MIR34B	MET	EPHA4
MIR34A	MIR34B	MET	PDGFRA
MIR34A	MIR34B	EPHA4	PDGFRA
MIR34A	MIR34C	MET	PDGFRA
MIR34A	MIR34C	MET	AXL
MIR34A	MIR34C	FOXJ2	FOXP1
MIR34A	MIR34C	E2F3	E2F5
MIR34A	MIR34C	TBCK	EVI5L
MIR34A	MIR34C	ACSL4	ACSL1
MIR34A	MIR34C	PTPRD	PTPRM
MIR34A	MIR34C	AXL	PDGFRA
MIR34A	MIR449A	MET	EPHA4
MIR34A	MIR449A	MET	PDGFRA
MIR34A	MIR449A	MET	AXL
MIR34A	MIR449A	EPHA4	PDGFRA
MIR34A	MIR449A	EPHA4	AXL
MIR34A	MIR449A	FOXJ2	FOXP1
MIR34A	MIR449A	E2F3	E2F5
MIR34A	MIR449A	ACSL4	ACSL1
MIR34A	MIR449A	AXL	PDGFRA
MIR34A	MIR449B	MET	PDGFRA
MIR34A	MIR449B	MET	AXL
MIR34A	MIR449B	FOXJ2	FOXP1
MIR34A	MIR449B	E2F3	E2F5
MIR34A	MIR449B	ACSL4	ACSL1
MIR34A	MIR449B	AXL	PDGFRA
MIR34A	MIR449B	RAB21	RAB1A
MIR34A	MIR449C	MET	EPHA4
MIR34A	MIR449C	MET	PDGFRA
MIR34A	MIR449C	EPHA4	PDGFRA
MIR34B	MIR34C	ELAVL2	SYNCRIP
MIR34B	MIR34C	MET	PDGFRA
MIR34B	MIR34C	CDK6	CDK17
MIR34B	MIR449A	MET	EPHA4
MIR34B	MIR449A	MET	PDGFRA
MIR34B	MIR449A	EPHA4	PDGFRA
MIR34B	MIR449B	MET	PDGFRA
MIR34B	MIR449C	ACTL6A	ACTR1A
MIR34B	MIR449C	RPS6KA4	RPS6KB1
MIR34B	MIR449C	MET	EPHA4
MIR34B	MIR449C	MET	PDGFRA
MIR34B	MIR449C	EPHA4	PDGFRA
MIR34B	MIR449C	RHOQ	RHOH
MIR34B	MIR449C	CDK17	CDK6
MIR34B	MIR449C	CDK17	CDK19
MIR34B	MIR449C	TAOK1	STK39
MIR34B	MIR449C	THAP12	ZMYM3
MIR34B	MIR449C	USP15	USP25
MIR34B	MIR449C	CDK6	CDK19
MIR34B	MIR449C	RAB3C	RAB10
MIR34B	MIR449C	RAB3C	RAB14
MIR34B	MIR449C	SLC25A36	SLC25A13
MIR34B	MIR449C	RAB10	RAB14
MIR34C	MIR449A	MET	PDGFRA
MIR34C	MIR449A	MET	AXL
MIR34C	MIR449A	JAG1	DLL1
MIR34C	MIR449A	FOXJ2	FOXP1
MIR34C	MIR449A	E2F3	E2F5
MIR34C	MIR449A	ACSL4	ACSL1
MIR34C	MIR449A	AXL	PDGFRA
MIR34C	MIR449B	ZDHHC21	ZDHHC23
MIR34C	MIR449B	MET	PDGFRA
MIR34C	MIR449B	MET	AXL
MIR34C	MIR449B	JAG1	DLL1
MIR34C	MIR449B	FOXJ2	FOXP1
MIR34C	MIR449B	E2F3	E2F5
MIR34C	MIR449B	ACSL4	ACSL1
MIR34C	MIR449B	AXL	PDGFRA
MIR34C	MIR449C	JAG1	DLL1
MIR34C	MIR449C	MET	PDGFRA
MIR34C	MIR449C	CDK6	CDK17
MIR449A	MIR449B	MET	PDGFRA
MIR449A	MIR449B	MET	AXL
MIR449A	MIR449B	JAG1	DLL1
MIR449A	MIR449B	FOXJ2	FOXP1
MIR449A	MIR449B	E2F3	E2F5
MIR449A	MIR449B	ACSL4	ACSL1
MIR449A	MIR449B	AXL	PDGFRA
MIR449A	MIR449C	JAG1	DLL1
MIR449A	MIR449C	MET	EPHA4
MIR449A	MIR449C	MET	PDGFRA
MIR449A	MIR449C	EPHA4	PDGFRA
MIR449B	MIR449C	JAG1	DLL1
MIR449B	MIR449C	MET	PDGFRA
MIR362	MIR500A	HIPK1	DYRK1A
MIR362	MIR500A	PTPRJ	PTPRD
MIR362	MIR500B	ATP7A	ATP2B4
MIR362	MIR500B	USP15	USP33
MIR362	MIR500B	USP15	USP38
MIR362	MIR500B	VAMP4	VAMP7
MIR362	MIR500B	USP33	USP38
MIR362	MIR500B	NEXMIF	REV3L
MIR362	MIR502	RNF38	RLIM
MIR500A	MIR501	RAB3B	RAB22A
MIR500A	MIR501	ELAVL2	RBMS1
MIR500A	MIR501	UBE2H	UBE2R2
MIR500A	MIR501	DCC	ROBO2
MIR500A	MIR501	CDK6	PRPF4B
MIR500A	MIR501	KBTBD2	GAN
MIR500A	MIR502	KBTBD8	KBTBD2
MIR500A	MIR502	KBTBD8	GAN
MIR500A	MIR502	ELAVL2	RBMS1
MIR500A	MIR502	UBE2H	UBE2R2
MIR500A	MIR502	KBTBD2	GAN
MIR501	MIR502	RNF144A	ARIH1
MIR501	MIR502	ELAVL2	TARDBP
MIR501	MIR502	ELAVL2	RBMS1
MIR501	MIR502	RCC2	HERC1
MIR501	MIR502	UBE2R2	UBE2H
MIR501	MIR502	TRERF1	RCOR1
MIR501	MIR502	KRAS	RAP1A
MIR501	MIR502	TARDBP	RBMS1
MIR501	MIR502	KBTBD2	GAN
MIR501	MIR502	ZFHX4	LMX1A
MIR374A	MIR374B	TCERG1	ARHGAP5
MIR374A	MIR374B	PDE10A	PDE4D
MIR374A	MIR374B	PDE10A	PDE4B
MIR374A	MIR374B	RSF1	KAT6A
MIR374A	MIR374B	DUSP6	STYX
MIR374A	MIR374B	FGF18	FGF5
MIR374A	MIR374B	KPNB1	TNPO1
MIR374A	MIR374B	SMARCAD1	CHD7
MIR374A	MIR374B	WNT5A	WNT16
MIR374A	MIR374B	UBE3A	HECTD1
MIR376A1	MIR376A2	GRIK3	GRIN2A
MIR376A1	MIR376A2	EPHA7	FGFR1
MIR376A1	MIR376A2	EPHA7	IGF1R
MIR376A1	MIR376A2	CHD9	SMARCA2
MIR376A1	MIR376A2	CHD9	BTAF1
MIR376A1	MIR376A2	IGF1R	FGFR1
MIR376A1	MIR376A2	GRIK5	GRIN2A
MIR376A1	MIR376A2	BTAF1	SMARCA2
MIR376A1	MIR376A2	KLF12	KLF15
MIR376A1	MIR376A2	SLC4A4	SLC4A10
MIR376A1	MIR376B	GRIK3	GRIN2A
MIR376A1	MIR376B	CHD9	SMARCA2
MIR376A1	MIR376B	CHD9	BTAF1
MIR376A1	MIR376B	IGF1R	FGFR1
MIR376A1	MIR376B	GRIK5	GRIN2A
MIR376A1	MIR376B	BTAF1	SMARCA2
MIR376A2	MIR376B	GRIK3	GRIN2A
MIR376A2	MIR376B	CHD9	SMARCA2
MIR376A2	MIR376B	CHD9	BTAF1
MIR376A2	MIR376B	IGF1R	FGFR1
MIR376A2	MIR376B	GRIK5	GRIN2A
MIR376A2	MIR376B	BTAF1	SMARCA2
MIR376A2	MIR376B	GLIPR1	CRISPLD2
MIR376B	MIR376C	AR	ESR1
MIR376B	MIR376C	SESTD1	TIAM1
MIR376B	MIR376C	SGK3	LATS2
MIR376B	MIR376C	ZKSCAN3	ZKSCAN8
MIR421	MIR545	CUL4B	CUL3
MIR450A1	MIR450A2	PRDM1	ZNF148
MIR450A1	MIR450A2	PRDM1	HIC2
MIR450A1	MIR450A2	TAOK1	MAP4K5
MIR450A1	MIR450A2	MAP3K13	KSR2
MIR450A1	MIR450A2	ZNF148	HIC2
MIR450A1	MIR450A2	A1CF	HNRNPD
MIR450A1	MIR450A2	A1CF	HNRNPA3
MIR450A1	MIR450A2	A1CF	RBMXL1
MIR450A1	MIR450A2	PLEKHS1	PHLDB2
MIR450A1	MIR450A2	HNRNPA3	HNRNPD
MIR450A1	MIR450A2	HNRNPA3	RBMXL1
MIR450A1	MIR450A2	RBMXL1	HNRNPD
MIR507	MIR509-1	USP47	USP9X
MIR507	MIR509-2	USP47	USP9X
MIR507	MIR510	RAB21	RAB22A
MIR508	MIR890	FOXO1	FOXJ3
MIR509-1	MIR509-1	PCDHA2	PCDHA6
MIR509-1	MIR509-1	PCDHA2	PCDHA4
MIR509-1	MIR509-1	PCDHA2	PCDHA1
MIR509-1	MIR509-1	PCDHA2	PCDHA13
MIR509-1	MIR509-1	PCDHA2	PCDHAC1
MIR509-1	MIR509-1	PCDHA2	PCDHA11
MIR509-1	MIR509-1	PCDHA2	PCDHA10
MIR509-1	MIR509-1	PCDHA2	PCDHA12
MIR509-1	MIR509-1	PCDHA2	PCDHA3
MIR509-1	MIR509-1	ATP8A1	ATP11C
MIR509-1	MIR509-1	SF3B4	ELAVL1
MIR509-1	MIR509-1	SF3B4	TARDBP
MIR509-1	MIR509-1	SF3B4	SYNCRIP
MIR509-1	MIR509-1	SF3B4	RBMS3
MIR509-1	MIR509-1	SYNCRIP	ELAVL1
MIR509-1	MIR509-1	SYNCRIP	TARDBP
MIR509-1	MIR509-1	SYNCRIP	RBMS3
MIR509-1	MIR509-1	RAB8B	RAB11A
MIR509-1	MIR509-1	RAB8B	RAB5C
MIR509-1	MIR509-1	RAB8B	RAB5B
MIR509-1	MIR509-1	RAB8B	RAB6A
MIR509-1	MIR509-1	PCDH8	PCDHA13
MIR509-1	MIR509-1	PCDH8	PCDHAC1
MIR509-1	MIR509-1	PCDH8	PCDHA11
MIR509-1	MIR509-1	PCDH8	PCDHA10
MIR509-1	MIR509-1	PCDH8	PCDHA12
MIR509-1	MIR509-1	PCDH8	PCDHA3
MIR509-1	MIR509-1	PCDH7	CDH6
MIR509-1	MIR509-1	EPHA7	IGF1R
MIR509-1	MIR509-1	EPHA7	NTRK3
MIR509-1	MIR509-1	LRRC8B	PHLPP2
MIR509-1	MIR509-1	ELAVL1	TARDBP
MIR509-1	MIR509-1	ELAVL1	RBMS3
MIR509-1	MIR509-1	IGF1R	NTRK3
MIR509-1	MIR509-1	CILK1	NLK
MIR509-1	MIR509-1	PCDHA10	PCDHA6
MIR509-1	MIR509-1	PCDHA10	PCDH19
MIR509-1	MIR509-1	PCDHA10	PCDHA4
MIR509-1	MIR509-1	PCDHA10	PCDHA1
MIR509-1	MIR509-1	PCDHA10	PCDHA13
MIR509-1	MIR509-1	PCDHA10	PCDHAC1
MIR509-1	MIR509-1	PCDHA10	PCDHA11
MIR509-1	MIR509-1	PCDHA10	PCDHA12
MIR509-1	MIR509-1	PCDHA10	PCDHA3
MIR509-1	MIR509-1	PCDHA3	PCDHA6
MIR509-1	MIR509-1	PCDHA3	PCDH19
MIR509-1	MIR509-1	PCDHA3	PCDHA4
MIR509-1	MIR509-1	PCDHA3	PCDHA1
MIR509-1	MIR509-1	PCDHA3	PCDHA13
MIR509-1	MIR509-1	PCDHA3	PCDHAC1
MIR509-1	MIR509-1	PCDHA3	PCDHA11
MIR509-1	MIR509-1	PCDHA3	PCDHA12
MIR509-1	MIR509-1	USP9X	USP42
MIR509-1	MIR509-1	USP9X	USP15
MIR509-1	MIR509-1	USP9X	USP47
MIR509-1	MIR509-1	CES3	NLGN1
MIR509-1	MIR509-1	RHOT1	RAC1
MIR509-1	MIR509-1	PCDH19	PCDHA13
MIR509-1	MIR509-1	PCDH19	PCDHAC1
MIR509-1	MIR509-1	PCDH19	PCDHA11
MIR509-1	MIR509-1	PCDH19	PCDHA12
MIR509-1	MIR509-1	TAOK1	MAP4K3
MIR509-1	MIR509-1	TAOK1	MAP3K1
MIR509-1	MIR509-1	TAOK1	MAP3K8
MIR509-1	MIR509-1	USP47	USP42
MIR509-1	MIR509-1	USP47	USP15
MIR509-1	MIR509-1	PBX3	MEIS1
MIR509-1	MIR509-1	USP15	USP42
MIR509-1	MIR509-1	MAP3K1	MAP4K3
MIR509-1	MIR509-1	MAP3K1	MAP3K8
MIR509-1	MIR509-1	MAP3K1	TAOK3
MIR509-1	MIR509-1	PCDHA12	PCDHA6
MIR509-1	MIR509-1	PCDHA12	PCDHA4
MIR509-1	MIR509-1	PCDHA12	PCDHA1
MIR509-1	MIR509-1	PCDHA12	PCDHA13
MIR509-1	MIR509-1	PCDHA12	PCDHAC1
MIR509-1	MIR509-1	PCDHA12	PCDHA11
MIR509-1	MIR509-1	ETV6	FLI1
MIR509-1	MIR509-1	TARDBP	RBMS3
MIR509-1	MIR509-1	RAB5B	RAB11A
MIR509-1	MIR509-1	RAB5B	RAB5C
MIR509-1	MIR509-1	RAB5B	RAB6A
MIR509-1	MIR509-1	PCDHAC1	PCDHA6
MIR509-1	MIR509-1	PCDHAC1	PCDHA4
MIR509-1	MIR509-1	PCDHAC1	PCDHA1
MIR509-1	MIR509-1	PCDHAC1	PCDHA13
MIR509-1	MIR509-1	PCDHAC1	PCDHA11
MIR509-1	MIR509-1	ZIC3	AEBP2
MIR509-1	MIR509-1	TAOK3	MAP4K3
MIR509-1	MIR509-1	TAOK3	MAP3K8
MIR509-1	MIR509-1	GRSF1	ESRP1
MIR509-1	MIR509-1	CAMK2D	DCLK1
MIR509-1	MIR509-1	DMRT3	DMRT2
MIR509-1	MIR509-1	MAP3K8	MAP4K3
MIR509-1	MIR509-1	DCLK1	CAMK2G
MIR509-1	MIR509-1	PCDHA13	PCDHA6
MIR509-1	MIR509-1	PCDHA13	PCDHA4
MIR509-1	MIR509-1	PCDHA13	PCDHA1
MIR509-1	MIR509-1	PCDHA13	PCDHA11
MIR509-1	MIR509-1	PCDHA6	PCDHA4
MIR509-1	MIR509-1	PCDHA6	PCDHA1
MIR509-1	MIR509-1	PCDHA6	PCDHA11
MIR509-1	MIR509-1	RAP2C	RIT1
MIR509-1	MIR509-1	RAB5C	RAB11A
MIR509-1	MIR509-1	RAB5C	RAB6A
MIR509-1	MIR509-1	PCDHA1	PCDHA4
MIR509-1	MIR509-1	PCDHA1	PCDHA11
MIR509-1	MIR509-1	ZFAND3	ZFAND5
MIR509-1	MIR509-1	RAB6A	RAB11A
MIR509-1	MIR509-1	PCDHA11	PCDHA4
MIR509-1	MIR509-2	PCDHA2	PCDHA6
MIR509-1	MIR509-2	PCDHA2	PCDHA4
MIR509-1	MIR509-2	PCDHA2	PCDHA1
MIR509-1	MIR509-2	PCDHA2	PCDHA13
MIR509-1	MIR509-2	PCDHA2	PCDHAC1
MIR509-1	MIR509-2	PCDHA2	PCDHA11
MIR509-1	MIR509-2	PCDHA2	PCDHA10
MIR509-1	MIR509-2	PCDHA2	PCDHA12
MIR509-1	MIR509-2	PCDHA2	PCDHA3
MIR509-1	MIR509-2	ATP8A1	ATP11C
MIR509-1	MIR509-2	SF3B4	ELAVL1
MIR509-1	MIR509-2	SF3B4	TARDBP
MIR509-1	MIR509-2	SF3B4	SYNCRIP
MIR509-1	MIR509-2	SF3B4	RBMS3
MIR509-1	MIR509-2	SYNCRIP	ELAVL1
MIR509-1	MIR509-2	SYNCRIP	TARDBP
MIR509-1	MIR509-2	SYNCRIP	RBMS3
MIR509-1	MIR509-2	RAB8B	RAB11A
MIR509-1	MIR509-2	RAB8B	RAB5C
MIR509-1	MIR509-2	RAB8B	RAB5B
MIR509-1	MIR509-2	RAB8B	RAB6A
MIR509-1	MIR509-2	PCDH8	PCDHA13
MIR509-1	MIR509-2	PCDH8	PCDHAC1
MIR509-1	MIR509-2	PCDH8	PCDHA11
MIR509-1	MIR509-2	PCDH8	PCDHA10
MIR509-1	MIR509-2	PCDH8	PCDHA12
MIR509-1	MIR509-2	PCDH8	PCDHA3
MIR509-1	MIR509-2	PCDH7	CDH6
MIR509-1	MIR509-2	EPHA7	IGF1R
MIR509-1	MIR509-2	EPHA7	NTRK3
MIR509-1	MIR509-2	LRRC8B	PHLPP2
MIR509-1	MIR509-2	ELAVL1	TARDBP
MIR509-1	MIR509-2	ELAVL1	RBMS3
MIR509-1	MIR509-2	IGF1R	NTRK3
MIR509-1	MIR509-2	CILK1	NLK
MIR509-1	MIR509-2	PCDHA10	PCDHA6
MIR509-1	MIR509-2	PCDHA10	PCDH19
MIR509-1	MIR509-2	PCDHA10	PCDHA4
MIR509-1	MIR509-2	PCDHA10	PCDHA1
MIR509-1	MIR509-2	PCDHA10	PCDHA13
MIR509-1	MIR509-2	PCDHA10	PCDHAC1
MIR509-1	MIR509-2	PCDHA10	PCDHA11
MIR509-1	MIR509-2	PCDHA10	PCDHA12
MIR509-1	MIR509-2	PCDHA10	PCDHA3
MIR509-1	MIR509-2	PCDHA3	PCDHA6
MIR509-1	MIR509-2	PCDHA3	PCDH19
MIR509-1	MIR509-2	PCDHA3	PCDHA4
MIR509-1	MIR509-2	PCDHA3	PCDHA1
MIR509-1	MIR509-2	PCDHA3	PCDHA13
MIR509-1	MIR509-2	PCDHA3	PCDHAC1
MIR509-1	MIR509-2	PCDHA3	PCDHA11
MIR509-1	MIR509-2	PCDHA3	PCDHA12
MIR509-1	MIR509-2	USP9X	USP42
MIR509-1	MIR509-2	USP9X	USP15
MIR509-1	MIR509-2	USP9X	USP47
MIR509-1	MIR509-2	CES3	NLGN1
MIR509-1	MIR509-2	RHOT1	RAC1
MIR509-1	MIR509-2	PCDH19	PCDHA13
MIR509-1	MIR509-2	PCDH19	PCDHAC1
MIR509-1	MIR509-2	PCDH19	PCDHA11
MIR509-1	MIR509-2	PCDH19	PCDHA12
MIR509-1	MIR509-2	TAOK1	MAP4K3
MIR509-1	MIR509-2	TAOK1	MAP3K1
MIR509-1	MIR509-2	TAOK1	MAP3K8
MIR509-1	MIR509-2	USP47	USP42
MIR509-1	MIR509-2	USP47	USP15
MIR509-1	MIR509-2	PBX3	MEIS1
MIR509-1	MIR509-2	USP15	USP42
MIR509-1	MIR509-2	MAP3K1	MAP4K3
MIR509-1	MIR509-2	MAP3K1	MAP3K8
MIR509-1	MIR509-2	MAP3K1	TAOK3
MIR509-1	MIR509-2	PCDHA12	PCDHA6
MIR509-1	MIR509-2	PCDHA12	PCDHA4
MIR509-1	MIR509-2	PCDHA12	PCDHA1
MIR509-1	MIR509-2	PCDHA12	PCDHA13
MIR509-1	MIR509-2	PCDHA12	PCDHAC1
MIR509-1	MIR509-2	PCDHA12	PCDHA11
MIR509-1	MIR509-2	ETV6	FLI1
MIR509-1	MIR509-2	TARDBP	RBMS3
MIR509-1	MIR509-2	RAB5B	RAB11A
MIR509-1	MIR509-2	RAB5B	RAB5C
MIR509-1	MIR509-2	RAB5B	RAB6A
MIR509-1	MIR509-2	PCDHAC1	PCDHA6
MIR509-1	MIR509-2	PCDHAC1	PCDHA4
MIR509-1	MIR509-2	PCDHAC1	PCDHA1
MIR509-1	MIR509-2	PCDHAC1	PCDHA13
MIR509-1	MIR509-2	PCDHAC1	PCDHA11
MIR509-1	MIR509-2	ZIC3	AEBP2
MIR509-1	MIR509-2	TAOK3	MAP4K3
MIR509-1	MIR509-2	TAOK3	MAP3K8
MIR509-1	MIR509-2	GRSF1	ESRP1
MIR509-1	MIR509-2	CAMK2D	DCLK1
MIR509-1	MIR509-2	DMRT3	DMRT2
MIR509-1	MIR509-2	MAP3K8	MAP4K3
MIR509-1	MIR509-2	DCLK1	CAMK2G
MIR509-1	MIR509-2	PCDHA13	PCDHA6
MIR509-1	MIR509-2	PCDHA13	PCDHA4
MIR509-1	MIR509-2	PCDHA13	PCDHA1
MIR509-1	MIR509-2	PCDHA13	PCDHA11
MIR509-1	MIR509-2	PCDHA6	PCDHA4
MIR509-1	MIR509-2	PCDHA6	PCDHA1
MIR509-1	MIR509-2	PCDHA6	PCDHA11
MIR509-1	MIR509-2	RAP2C	RIT1
MIR509-1	MIR509-2	RAB5C	RAB11A
MIR509-1	MIR509-2	RAB5C	RAB6A
MIR509-1	MIR509-2	PCDHA1	PCDHA4
MIR509-1	MIR509-2	PCDHA1	PCDHA11
MIR509-1	MIR509-2	ZFAND3	ZFAND5
MIR509-1	MIR509-2	RAB6A	RAB11A
MIR509-1	MIR509-2	PCDHA11	PCDHA4
MIR509-1	MIR509-3	PCDHA2	PCDHA6
MIR509-1	MIR509-3	PCDHA2	PCDHA4
MIR509-1	MIR509-3	PCDHA2	PCDHA1
MIR509-1	MIR509-3	PCDHA2	PCDHA13
MIR509-1	MIR509-3	PCDHA2	PCDHAC1
MIR509-1	MIR509-3	PCDHA2	PCDHA11
MIR509-1	MIR509-3	PCDHA2	PCDHA10
MIR509-1	MIR509-3	PCDHA2	PCDHA12
MIR509-1	MIR509-3	PCDHA2	PCDHA3
MIR509-1	MIR509-3	SF3B4	ELAVL1
MIR509-1	MIR509-3	SF3B4	TARDBP
MIR509-1	MIR509-3	SF3B4	SYNCRIP
MIR509-1	MIR509-3	SYNCRIP	ELAVL1
MIR509-1	MIR509-3	SYNCRIP	TARDBP
MIR509-1	MIR509-3	PCDH8	PCDHA13
MIR509-1	MIR509-3	PCDH8	PCDHAC1
MIR509-1	MIR509-3	PCDH8	PCDHA11
MIR509-1	MIR509-3	PCDH8	PCDHA10
MIR509-1	MIR509-3	PCDH8	PCDHA12
MIR509-1	MIR509-3	PCDH8	PCDHA3
MIR509-1	MIR509-3	PCDH7	CDH6
MIR509-1	MIR509-3	ELAVL1	TARDBP
MIR509-1	MIR509-3	IGF1R	NTRK3
MIR509-1	MIR509-3	CILK1	NLK
MIR509-1	MIR509-3	PCDHA10	PCDHA6
MIR509-1	MIR509-3	PCDHA10	PCDH19
MIR509-1	MIR509-3	PCDHA10	PCDHA4
MIR509-1	MIR509-3	PCDHA10	PCDHA1
MIR509-1	MIR509-3	PCDHA10	PCDHA13
MIR509-1	MIR509-3	PCDHA10	PCDHAC1
MIR509-1	MIR509-3	PCDHA10	PCDHA11
MIR509-1	MIR509-3	PCDHA10	PCDHA12
MIR509-1	MIR509-3	PCDHA10	PCDHA3
MIR509-1	MIR509-3	PCDHA3	PCDHA6
MIR509-1	MIR509-3	PCDHA3	PCDH19
MIR509-1	MIR509-3	PCDHA3	PCDHA4
MIR509-1	MIR509-3	PCDHA3	PCDHA1
MIR509-1	MIR509-3	PCDHA3	PCDHA13
MIR509-1	MIR509-3	PCDHA3	PCDHAC1
MIR509-1	MIR509-3	PCDHA3	PCDHA11
MIR509-1	MIR509-3	PCDHA3	PCDHA12
MIR509-1	MIR509-3	CES3	NLGN1
MIR509-1	MIR509-3	RHOT1	RAC1
MIR509-1	MIR509-3	PCDH19	PCDHA13
MIR509-1	MIR509-3	PCDH19	PCDHAC1
MIR509-1	MIR509-3	PCDH19	PCDHA11
MIR509-1	MIR509-3	PCDH19	PCDHA12
MIR509-1	MIR509-3	TAOK1	MAP4K3
MIR509-1	MIR509-3	TAOK1	MAP3K1
MIR509-1	MIR509-3	TAOK1	MAP3K8
MIR509-1	MIR509-3	USP47	USP42
MIR509-1	MIR509-3	USP47	USP15
MIR509-1	MIR509-3	PBX3	MEIS1
MIR509-1	MIR509-3	USP15	USP42
MIR509-1	MIR509-3	MAP3K1	MAP4K3
MIR509-1	MIR509-3	MAP3K1	MAP3K8
MIR509-1	MIR509-3	MAP3K1	TAOK3
MIR509-1	MIR509-3	PCDHA12	PCDHA6
MIR509-1	MIR509-3	PCDHA12	PCDHA4
MIR509-1	MIR509-3	PCDHA12	PCDHA1
MIR509-1	MIR509-3	PCDHA12	PCDHA13
MIR509-1	MIR509-3	PCDHA12	PCDHAC1
MIR509-1	MIR509-3	PCDHA12	PCDHA11
MIR509-1	MIR509-3	RAB5B	RAB11A
MIR509-1	MIR509-3	RAB5B	RAB5C
MIR509-1	MIR509-3	RAB5B	RAB6A
MIR509-1	MIR509-3	PCDHAC1	PCDHA6
MIR509-1	MIR509-3	PCDHAC1	PCDHA4
MIR509-1	MIR509-3	PCDHAC1	PCDHA1
MIR509-1	MIR509-3	PCDHAC1	PCDHA13
MIR509-1	MIR509-3	PCDHAC1	PCDHA11
MIR509-1	MIR509-3	TAOK3	MAP4K3
MIR509-1	MIR509-3	TAOK3	MAP3K8
MIR509-1	MIR509-3	CAMK2D	DCLK1
MIR509-1	MIR509-3	MAP3K8	MAP4K3
MIR509-1	MIR509-3	DCLK1	CAMK2G
MIR509-1	MIR509-3	PCDHA13	PCDHA6
MIR509-1	MIR509-3	PCDHA13	PCDHA4
MIR509-1	MIR509-3	PCDHA13	PCDHA1
MIR509-1	MIR509-3	PCDHA13	PCDHA11
MIR509-1	MIR509-3	PCDHA6	PCDHA4
MIR509-1	MIR509-3	PCDHA6	PCDHA1
MIR509-1	MIR509-3	PCDHA6	PCDHA11
MIR509-1	MIR509-3	RAP2C	RIT1
MIR509-1	MIR509-3	RAB5C	RAB11A
MIR509-1	MIR509-3	RAB5C	RAB6A
MIR509-1	MIR509-3	PCDHA1	PCDHA4
MIR509-1	MIR509-3	PCDHA1	PCDHA11
MIR509-1	MIR509-3	ZFAND3	ZFAND5
MIR509-1	MIR509-3	RAB6A	RAB11A
MIR509-1	MIR509-3	PCDHA11	PCDHA4
MIR509-1	MIR513B	ELAVL1	TARDBP
MIR509-1	MIR513C	SYNCRIP	RBMS3
MIR509-1	MIR514A1	SYNCRIP	ELAVL1
MIR509-1	MIR514A2	SYNCRIP	ELAVL1
MIR509-1	MIR514A3	SYNCRIP	ELAVL1
MIR509-1	MIR892A	PCDHA10	PCDHA4
MIR509-1	MIR892A	PCDHA10	PCDHAC1
MIR509-1	MIR892A	PCDHA10	PCDHA11
MIR509-1	MIR892A	PCDHA4	PCDHAC1
MIR509-1	MIR892A	PCDHA4	PCDHA11
MIR509-1	MIR892A	PCDHAC1	PCDHA11
MIR509-2	MIR509-3	PCDHA2	PCDHA6
MIR509-2	MIR509-3	PCDHA2	PCDHA4
MIR509-2	MIR509-3	PCDHA2	PCDHA1
MIR509-2	MIR509-3	PCDHA2	PCDHA13
MIR509-2	MIR509-3	PCDHA2	PCDHAC1
MIR509-2	MIR509-3	PCDHA2	PCDHA11
MIR509-2	MIR509-3	PCDHA2	PCDHA10
MIR509-2	MIR509-3	PCDHA2	PCDHA12
MIR509-2	MIR509-3	PCDHA2	PCDHA3
MIR509-2	MIR509-3	SF3B4	ELAVL1
MIR509-2	MIR509-3	SF3B4	TARDBP
MIR509-2	MIR509-3	SF3B4	SYNCRIP
MIR509-2	MIR509-3	SYNCRIP	ELAVL1
MIR509-2	MIR509-3	SYNCRIP	TARDBP
MIR509-2	MIR509-3	PCDH8	PCDHA13
MIR509-2	MIR509-3	PCDH8	PCDHAC1
MIR509-2	MIR509-3	PCDH8	PCDHA11
MIR509-2	MIR509-3	PCDH8	PCDHA10
MIR509-2	MIR509-3	PCDH8	PCDHA12
MIR509-2	MIR509-3	PCDH8	PCDHA3
MIR509-2	MIR509-3	PCDH7	CDH6
MIR509-2	MIR509-3	ELAVL1	TARDBP
MIR509-2	MIR509-3	IGF1R	NTRK3
MIR509-2	MIR509-3	CILK1	NLK
MIR509-2	MIR509-3	PCDHA10	PCDHA6
MIR509-2	MIR509-3	PCDHA10	PCDH19
MIR509-2	MIR509-3	PCDHA10	PCDHA4
MIR509-2	MIR509-3	PCDHA10	PCDHA1
MIR509-2	MIR509-3	PCDHA10	PCDHA13
MIR509-2	MIR509-3	PCDHA10	PCDHAC1
MIR509-2	MIR509-3	PCDHA10	PCDHA11
MIR509-2	MIR509-3	PCDHA10	PCDHA12
MIR509-2	MIR509-3	PCDHA10	PCDHA3
MIR509-2	MIR509-3	PCDHA3	PCDHA6
MIR509-2	MIR509-3	PCDHA3	PCDH19
MIR509-2	MIR509-3	PCDHA3	PCDHA4
MIR509-2	MIR509-3	PCDHA3	PCDHA1
MIR509-2	MIR509-3	PCDHA3	PCDHA13
MIR509-2	MIR509-3	PCDHA3	PCDHAC1
MIR509-2	MIR509-3	PCDHA3	PCDHA11
MIR509-2	MIR509-3	PCDHA3	PCDHA12
MIR509-2	MIR509-3	CES3	NLGN1
MIR509-2	MIR509-3	RHOT1	RAC1
MIR509-2	MIR509-3	PCDH19	PCDHA13
MIR509-2	MIR509-3	PCDH19	PCDHAC1
MIR509-2	MIR509-3	PCDH19	PCDHA11
MIR509-2	MIR509-3	PCDH19	PCDHA12
MIR509-2	MIR509-3	TAOK1	MAP4K3
MIR509-2	MIR509-3	TAOK1	MAP3K1
MIR509-2	MIR509-3	TAOK1	MAP3K8
MIR509-2	MIR509-3	USP47	USP42
MIR509-2	MIR509-3	USP47	USP15
MIR509-2	MIR509-3	PBX3	MEIS1
MIR509-2	MIR509-3	USP15	USP42
MIR509-2	MIR509-3	MAP3K1	MAP4K3
MIR509-2	MIR509-3	MAP3K1	MAP3K8
MIR509-2	MIR509-3	MAP3K1	TAOK3
MIR509-2	MIR509-3	PCDHA12	PCDHA6
MIR509-2	MIR509-3	PCDHA12	PCDHA4
MIR509-2	MIR509-3	PCDHA12	PCDHA1
MIR509-2	MIR509-3	PCDHA12	PCDHA13
MIR509-2	MIR509-3	PCDHA12	PCDHAC1
MIR509-2	MIR509-3	PCDHA12	PCDHA11
MIR509-2	MIR509-3	RAB5B	RAB11A
MIR509-2	MIR509-3	RAB5B	RAB5C
MIR509-2	MIR509-3	RAB5B	RAB6A
MIR509-2	MIR509-3	PCDHAC1	PCDHA6
MIR509-2	MIR509-3	PCDHAC1	PCDHA4
MIR509-2	MIR509-3	PCDHAC1	PCDHA1
MIR509-2	MIR509-3	PCDHAC1	PCDHA13
MIR509-2	MIR509-3	PCDHAC1	PCDHA11
MIR509-2	MIR509-3	TAOK3	MAP4K3
MIR509-2	MIR509-3	TAOK3	MAP3K8
MIR509-2	MIR509-3	CAMK2D	DCLK1
MIR509-2	MIR509-3	MAP3K8	MAP4K3
MIR509-2	MIR509-3	DCLK1	CAMK2G
MIR509-2	MIR509-3	PCDHA13	PCDHA6
MIR509-2	MIR509-3	PCDHA13	PCDHA4
MIR509-2	MIR509-3	PCDHA13	PCDHA1
MIR509-2	MIR509-3	PCDHA13	PCDHA11
MIR509-2	MIR509-3	PCDHA6	PCDHA4
MIR509-2	MIR509-3	PCDHA6	PCDHA1
MIR509-2	MIR509-3	PCDHA6	PCDHA11
MIR509-2	MIR509-3	RAP2C	RIT1
MIR509-2	MIR509-3	RAB5C	RAB11A
MIR509-2	MIR509-3	RAB5C	RAB6A
MIR509-2	MIR509-3	PCDHA1	PCDHA4
MIR509-2	MIR509-3	PCDHA1	PCDHA11
MIR509-2	MIR509-3	ZFAND3	ZFAND5
MIR509-2	MIR509-3	RAB6A	RAB11A
MIR509-2	MIR509-3	PCDHA11	PCDHA4
MIR509-2	MIR513B	ELAVL1	TARDBP
MIR509-2	MIR513C	SYNCRIP	RBMS3
MIR509-2	MIR514A1	SYNCRIP	ELAVL1
MIR509-2	MIR514A2	SYNCRIP	ELAVL1
MIR509-2	MIR514A3	SYNCRIP	ELAVL1
MIR509-2	MIR892A	PCDHA10	PCDHA4
MIR509-2	MIR892A	PCDHA10	PCDHAC1
MIR509-2	MIR892A	PCDHA10	PCDHA11
MIR509-2	MIR892A	PCDHA4	PCDHAC1
MIR509-2	MIR892A	PCDHA4	PCDHA11
MIR509-2	MIR892A	PCDHAC1	PCDHA11
MIR509-3	MIR513B	ELAVL1	TARDBP
MIR509-3	MIR514A1	SYNCRIP	ELAVL1
MIR509-3	MIR514A2	SYNCRIP	ELAVL1
MIR509-3	MIR514A3	SYNCRIP	ELAVL1
MIR509-3	MIR892A	PCDHA10	PCDHA4
MIR509-3	MIR892A	PCDHA10	PCDHAC1
MIR509-3	MIR892A	PCDHA10	PCDHA11
MIR509-3	MIR892A	PCDHA4	PCDHAC1
MIR509-3	MIR892A	PCDHA4	PCDHA11
MIR509-3	MIR892A	PCDHAC1	PCDHA11
MIR510	MIR513C	MET	EPHA5
MIR513A1	MIR513A2	GATA3	TRPS1
MIR513A1	MIR513A2	AK2	AK4
MIR513A1	MIR513A2	ELAVL2	TARDBP
MIR513A1	MIR513A2	ELAVL2	RBMS1
MIR513A1	MIR513A2	RAP2B	KRAS
MIR513A1	MIR513A2	SEMA6A	SEMA4F
MIR513A1	MIR513A2	RUNDC3B	ZFYVE16
MIR513A1	MIR513A2	RUNDC3B	RUFY2
MIR513A1	MIR513A2	USP9X	USP21
MIR513A1	MIR513A2	CDK17	CDK14
MIR513A1	MIR513A2	CDK17	CDK6
MIR513A1	MIR513A2	CDK17	PRPF4B
MIR513A1	MIR513A2	KMT2C	NSD2
MIR513A1	MIR513A2	KMT2C	KMT2A
MIR513A1	MIR513A2	ADAMTS5	ADAMTSL3
MIR513A1	MIR513A2	OTUD4	OTUD6B
MIR513A1	MIR513A2	CSNK1G1	CSNK1A1
MIR513A1	MIR513A2	SMARCAD1	SMARCA5
MIR513A1	MIR513A2	SMARCAD1	CHD1
MIR513A1	MIR513A2	SMARCAD1	CHD7
MIR513A1	MIR513A2	SNX4	SNX30
MIR513A1	MIR513A2	HACE1	TRIP12
MIR513A1	MIR513A2	ZFYVE16	RUFY2
MIR513A1	MIR513A2	LIFR	IL6ST
MIR513A1	MIR513A2	CREB1	CREB3L2
MIR513A1	MIR513A2	CDK14	CDK6
MIR513A1	MIR513A2	CDK14	PRPF4B
MIR513A1	MIR513A2	CDK6	PRPF4B
MIR513A1	MIR513A2	TARDBP	RBMS1
MIR513A1	MIR513A2	CHD7	SMARCA5
MIR513A1	MIR513A2	CHD7	CHD1
MIR513A1	MIR513A2	CHD1	SMARCA5
MIR513A1	MIR513A2	BCL11B	ZNF516
MIR513A1	MIR513A2	DYRK1A	CLK2
MIR513A1	MIR513A2	RNF38	RNF6
MIR513A1	MIR513A2	TRIM2	TRIM44
MIR513A1	MIR513A2	TRIM2	TRIM33
MIR513A1	MIR513A2	TRIM44	TRIM33
MIR513A1	MIR513A2	NSD2	KMT2A
MIR513A1	MIR513A2	AGFG1	ACAP2
MIR513A1	MIR513A2	ANGEL2	CNOT6L
MIR513A1	MIR513A2	MTM1	SBF2
MIR513A1	MIR513C	ELAVL2	RBMS1
MIR513A1	MIR513C	RUNDC3B	ZFYVE16
MIR513A1	MIR513C	RUNDC3B	RUFY2
MIR513A1	MIR513C	CDK17	PRPF4B
MIR513A1	MIR513C	SMARCAD1	CHD7
MIR513A1	MIR513C	HACE1	TRIP12
MIR513A1	MIR513C	ZFYVE16	RUFY2
MIR513A1	MIR513C	ANGEL2	CNOT6L
MIR513A1	MIR892B	CDK17	CDK6
MIR513A1	MIR892C	ZFYVE16	RUFY2
MIR513A2	MIR513C	ELAVL2	RBMS1
MIR513A2	MIR513C	RUNDC3B	ZFYVE16
MIR513A2	MIR513C	RUNDC3B	RUFY2
MIR513A2	MIR513C	CDK17	PRPF4B
MIR513A2	MIR513C	SMARCAD1	CHD7
MIR513A2	MIR513C	HACE1	TRIP12
MIR513A2	MIR513C	ZFYVE16	RUFY2
MIR513A2	MIR513C	ANGEL2	CNOT6L
MIR513A2	MIR892B	CDK17	CDK6
MIR513A2	MIR892C	ZFYVE16	RUFY2
MIR513B	MIR513C	GABRB3	GABRA4
MIR513C	MIR514B	KLF9	KLF10
MIR513C	MIR514B	ZNF714	ZNF286A
MIR513C	MIR514B	ZNF714	ZNF81
MIR513C	MIR514B	ABL2	FRK
MIR513C	MIR514B	ZNF81	ZNF286A
MIR513C	MIR892C	ZFYVE16	RUFY2
MIR514A1	MIR514A2	RAB3A	RAB11A
MIR514A1	MIR514A2	GRIA2	GRIN2A
MIR514A1	MIR514A2	BRPF3	JADE1
MIR514A1	MIR514A2	FOXO4	FOXP1
MIR514A1	MIR514A2	SYNCRIP	ELAVL1
MIR514A1	MIR514A2	DUSP6	SSH1
MIR514A1	MIR514A2	TRIM66	TRIM2
MIR514A1	MIR514A2	TRIM66	TRIM34
MIR514A1	MIR514A2	SESTD1	ARHGEF9
MIR514A1	MIR514A2	SDK1	IGDCC3
MIR514A1	MIR514A2	HECTD2	ITCH
MIR514A1	MIR514A2	HECTD2	SMURF2
MIR514A1	MIR514A2	NETO1	NRXN3
MIR514A1	MIR514A2	PTPRG	PTPN11
MIR514A1	MIR514A2	KLHL15	KBTBD8
MIR514A1	MIR514A2	LRCH1	LRRC27
MIR514A1	MIR514A2	CUL2	CUL3
MIR514A1	MIR514A2	SCN3A	SCN2A
MIR514A1	MIR514A2	SCN3A	CACNA1E
MIR514A1	MIR514A2	TRIM34	TRIM2
MIR514A1	MIR514A2	ITCH	SMURF2
MIR514A1	MIR514A2	PTPN11	PTPRZ1
MIR514A1	MIR514A2	CACNA1E	SCN2A
MIR514A1	MIR514A2	NEFL	KRT26
MIR514A1	MIR514A2	BRPF1	JADE1
MIR514A1	MIR514A2	TTBK2	CSNK1G3
MIR514A1	MIR514A3	RAB3A	RAB11A
MIR514A1	MIR514A3	GRIA2	GRIN2A
MIR514A1	MIR514A3	BRPF3	JADE1
MIR514A1	MIR514A3	FOXO4	FOXP1
MIR514A1	MIR514A3	SYNCRIP	ELAVL1
MIR514A1	MIR514A3	DUSP6	SSH1
MIR514A1	MIR514A3	TRIM66	TRIM2
MIR514A1	MIR514A3	TRIM66	TRIM34
MIR514A1	MIR514A3	SESTD1	ARHGEF9
MIR514A1	MIR514A3	SDK1	IGDCC3
MIR514A1	MIR514A3	HECTD2	ITCH
MIR514A1	MIR514A3	HECTD2	SMURF2
MIR514A1	MIR514A3	NETO1	NRXN3
MIR514A1	MIR514A3	PTPRG	PTPN11
MIR514A1	MIR514A3	KLHL15	KBTBD8
MIR514A1	MIR514A3	LRCH1	LRRC27
MIR514A1	MIR514A3	CUL2	CUL3
MIR514A1	MIR514A3	SCN3A	SCN2A
MIR514A1	MIR514A3	SCN3A	CACNA1E
MIR514A1	MIR514A3	TRIM34	TRIM2
MIR514A1	MIR514A3	ITCH	SMURF2
MIR514A1	MIR514A3	PTPN11	PTPRZ1
MIR514A1	MIR514A3	CACNA1E	SCN2A
MIR514A1	MIR514A3	NEFL	KRT26
MIR514A1	MIR514A3	BRPF1	JADE1
MIR514A1	MIR514A3	TTBK2	CSNK1G3
MIR514A1	MIR514B	DUSP6	SSH1
MIR514A1	MIR514B	SESTD1	ARHGEF9
MIR514A2	MIR514A2	RAB3A	RAB11A
MIR514A2	MIR514A2	GRIA2	GRIN2A
MIR514A2	MIR514A2	BRPF3	JADE1
MIR514A2	MIR514A2	FOXO4	FOXP1
MIR514A2	MIR514A2	SYNCRIP	ELAVL1
MIR514A2	MIR514A2	DUSP6	SSH1
MIR514A2	MIR514A2	TRIM66	TRIM2
MIR514A2	MIR514A2	TRIM66	TRIM34
MIR514A2	MIR514A2	SESTD1	ARHGEF9
MIR514A2	MIR514A2	SDK1	IGDCC3
MIR514A2	MIR514A2	HECTD2	ITCH
MIR514A2	MIR514A2	HECTD2	SMURF2
MIR514A2	MIR514A2	NETO1	NRXN3
MIR514A2	MIR514A2	PTPRG	PTPN11
MIR514A2	MIR514A2	KLHL15	KBTBD8
MIR514A2	MIR514A2	LRCH1	LRRC27
MIR514A2	MIR514A2	CUL2	CUL3
MIR514A2	MIR514A2	SCN3A	SCN2A
MIR514A2	MIR514A2	SCN3A	CACNA1E
MIR514A2	MIR514A2	TRIM34	TRIM2
MIR514A2	MIR514A2	ITCH	SMURF2
MIR514A2	MIR514A2	PTPN11	PTPRZ1
MIR514A2	MIR514A2	CACNA1E	SCN2A
MIR514A2	MIR514A2	NEFL	KRT26
MIR514A2	MIR514A2	BRPF1	JADE1
MIR514A2	MIR514A2	TTBK2	CSNK1G3
MIR514A2	MIR514A3	RAB3A	RAB11A
MIR514A2	MIR514A3	GRIA2	GRIN2A
MIR514A2	MIR514A3	BRPF3	JADE1
MIR514A2	MIR514A3	FOXO4	FOXP1
MIR514A2	MIR514A3	SYNCRIP	ELAVL1
MIR514A2	MIR514A3	DUSP6	SSH1
MIR514A2	MIR514A3	TRIM66	TRIM2
MIR514A2	MIR514A3	TRIM66	TRIM34
MIR514A2	MIR514A3	SESTD1	ARHGEF9
MIR514A2	MIR514A3	SDK1	IGDCC3
MIR514A2	MIR514A3	HECTD2	ITCH
MIR514A2	MIR514A3	HECTD2	SMURF2
MIR514A2	MIR514A3	NETO1	NRXN3
MIR514A2	MIR514A3	PTPRG	PTPN11
MIR514A2	MIR514A3	KLHL15	KBTBD8
MIR514A2	MIR514A3	LRCH1	LRRC27
MIR514A2	MIR514A3	CUL2	CUL3
MIR514A2	MIR514A3	SCN3A	SCN2A
MIR514A2	MIR514A3	SCN3A	CACNA1E
MIR514A2	MIR514A3	TRIM34	TRIM2
MIR514A2	MIR514A3	ITCH	SMURF2
MIR514A2	MIR514A3	PTPN11	PTPRZ1
MIR514A2	MIR514A3	CACNA1E	SCN2A
MIR514A2	MIR514A3	NEFL	KRT26
MIR514A2	MIR514A3	BRPF1	JADE1
MIR514A2	MIR514A3	TTBK2	CSNK1G3
MIR514A2	MIR514B	DUSP6	SSH1
MIR514A2	MIR514B	SESTD1	ARHGEF9
MIR514A3	MIR514A3	RAB3A	RAB11A
MIR514A3	MIR514A3	GRIA2	GRIN2A
MIR514A3	MIR514A3	BRPF3	JADE1
MIR514A3	MIR514A3	FOXO4	FOXP1
MIR514A3	MIR514A3	SYNCRIP	ELAVL1
MIR514A3	MIR514A3	DUSP6	SSH1
MIR514A3	MIR514A3	TRIM66	TRIM2
MIR514A3	MIR514A3	TRIM66	TRIM34
MIR514A3	MIR514A3	SESTD1	ARHGEF9
MIR514A3	MIR514A3	SDK1	IGDCC3
MIR514A3	MIR514A3	HECTD2	ITCH
MIR514A3	MIR514A3	HECTD2	SMURF2
MIR514A3	MIR514A3	NETO1	NRXN3
MIR514A3	MIR514A3	PTPRG	PTPN11
MIR514A3	MIR514A3	KLHL15	KBTBD8
MIR514A3	MIR514A3	LRCH1	LRRC27
MIR514A3	MIR514A3	CUL2	CUL3
MIR514A3	MIR514A3	SCN3A	SCN2A
MIR514A3	MIR514A3	SCN3A	CACNA1E
MIR514A3	MIR514A3	TRIM34	TRIM2
MIR514A3	MIR514A3	ITCH	SMURF2
MIR514A3	MIR514A3	PTPN11	PTPRZ1
MIR514A3	MIR514A3	CACNA1E	SCN2A
MIR514A3	MIR514A3	NEFL	KRT26
MIR514A3	MIR514A3	BRPF1	JADE1
MIR514A3	MIR514A3	TTBK2	CSNK1G3
MIR514A3	MIR514B	DUSP6	SSH1
MIR514A3	MIR514B	SESTD1	ARHGEF9
MIR888	MIR892C	DCUN1D5	DCUN1D1
MIR550A1	MIR550A2	CCNJL	CCNA2
MIR550A1	MIR550A2	KIF5C	KIF2A
MIR550A1	MIR550A2	ZNF705A	ZNF763
MIR550A1	MIR550A2	MOB3B	MOB4
MIR550A1	MIR550A2	MAPK6	NLK
MIR550A1	MIR550A2	MAPK6	MAPK14
MIR550A1	MIR550A2	IGF1R	MET
MIR550A1	MIR550A2	IGF1R	PDGFRA
MIR550A1	MIR550A2	IGF1R	NTRK3
MIR550A1	MIR550A2	IGF1R	NTRK2
MIR550A1	MIR550A2	THRB	PPARA
MIR550A1	MIR550A2	RAB34	RAB21
MIR550A1	MIR550A2	RAB34	RAB18
MIR550A1	MIR550A2	RAB34	RAB5B
MIR550A1	MIR550A2	PHC3	MBTD1
MIR550A1	MIR550A2	GNAI3	GNAO1
MIR550A1	MIR550A2	GNAI3	GNAZ
MIR550A1	MIR550A2	NLK	MAPK14
MIR550A1	MIR550A2	SCN1A	CACNA1B
MIR550A1	MIR550A2	DNAJC24	DNAJC16
MIR550A1	MIR550A2	USP27X	USP3
MIR550A1	MIR550A2	USP27X	USP25
MIR550A1	MIR550A2	USP27X	USP1
MIR550A1	MIR550A2	USP25	USP3
MIR550A1	MIR550A2	USP25	USP1
MIR550A1	MIR550A2	CIT	ROCK1
MIR550A1	MIR550A2	KAT2A	BAZ2B
MIR550A1	MIR550A2	KAT2A	BRD3
MIR550A1	MIR550A2	ACTN1	SPTBN1
MIR550A1	MIR550A2	ACTN1	DTNA
MIR550A1	MIR550A2	ACTN1	DTNB
MIR550A1	MIR550A2	ACTN1	DST
MIR550A1	MIR550A2	ACTN1	DMD
MIR550A1	MIR550A2	MAGEA4	MAGEA9
MIR550A1	MIR550A2	MAGEA4	MAGEA6
MIR550A1	MIR550A2	MAGEA4	MAGEA12
MIR550A1	MIR550A2	MAGEA4	MAGEA3
MIR550A1	MIR550A2	MAGEA4	MAGEA9B
MIR550A1	MIR550A2	SYNJ2	INPP5K
MIR550A1	MIR550A2	SEMA4C	SEMA3D
MIR550A1	MIR550A2	GNS	ARSB
MIR550A1	MIR550A2	SMAD4	SMAD5
MIR550A1	MIR550A2	TRIM37	TRIM9
MIR550A1	MIR550A2	TRIM37	TRIM44
MIR550A1	MIR550A2	HERC3	HECTD1
MIR550A1	MIR550A2	VLDLR	LRP1B
MIR550A1	MIR550A2	DTNA	SPTBN1
MIR550A1	MIR550A2	DTNA	DST
MIR550A1	MIR550A2	DTNA	DMD
MIR550A1	MIR550A2	PTPN3	PTPN21
MIR550A1	MIR550A2	HUNK	PRKAA2
MIR550A1	MIR550A2	ZNF562	ZNF552
MIR550A1	MIR550A2	GNAZ	GNAO1
MIR550A1	MIR550A2	KLF6	KLF8
MIR550A1	MIR550A2	MYH10	MYO1E
MIR550A1	MIR550A2	ZNF708	ZNF510
MIR550A1	MIR550A2	ZNF708	RBAK
MIR550A1	MIR550A2	ZNF708	ZNF493
MIR550A1	MIR550A2	ZNF708	ZNF655
MIR550A1	MIR550A2	ITGA2	ITGA1
MIR550A1	MIR550A2	CMTM4	PLLP
MIR550A1	MIR550A2	HIVEP1	ZNF516
MIR550A1	MIR550A2	HIVEP1	BCL11B
MIR550A1	MIR550A2	PCDH20	PCDH9
MIR550A1	MIR550A2	DTNB	SPTBN1
MIR550A1	MIR550A2	DTNB	DST
MIR550A1	MIR550A2	DTNB	DMD
MIR550A1	MIR550A2	SYNCRIP	ELAVL1
MIR550A1	MIR550A2	MEGF8	ATRN
MIR550A1	MIR550A2	ZNF510	RBAK
MIR550A1	MIR550A2	ZNF510	ZNF493
MIR550A1	MIR550A2	ZNF510	ZNF655
MIR550A1	MIR550A2	HEPHL1	NRXN1
MIR550A1	MIR550A2	PLAG1	REST
MIR550A1	MIR550A2	RPS6KB1	RPS6KA1
MIR550A1	MIR550A2	ERBIN	LRRC27
MIR550A1	MIR550A2	SYT4	SYT9
MIR550A1	MIR550A2	ADCY1	NPR3
MIR550A1	MIR550A2	CDK6	CDK14
MIR550A1	MIR550A2	CDK6	CDK13
MIR550A1	MIR550A2	CDK6	PRPF4B
MIR550A1	MIR550A2	YTHDC1	YTHDF3
MIR550A1	MIR550A2	PAK3	STK4
MIR550A1	MIR550A2	PAK3	OXSR1
MIR550A1	MIR550A2	RFX3	RFX7
MIR550A1	MIR550A2	NTRK3	MET
MIR550A1	MIR550A2	NTRK3	PDGFRA
MIR550A1	MIR550A2	ZNF516	BCL11B
MIR550A1	MIR550A2	HIPK1	DYRK2
MIR550A1	MIR550A2	HIPK1	DYRK1A
MIR550A1	MIR550A2	ECHDC2	ECHDC1
MIR550A1	MIR550A2	TRIM44	TRIM9
MIR550A1	MIR550A2	DHFR2	DHFR
MIR550A1	MIR550A2	MGA	TBR1
MIR550A1	MIR550A2	GABRB3	GABRA4
MIR550A1	MIR550A2	MTM1	MTMR7
MIR550A1	MIR550A2	MTM1	MTMR4
MIR550A1	MIR550A2	DDX17	DDX24
MIR550A1	MIR550A2	MAGEA9B	MAGEA9
MIR550A1	MIR550A2	MAGEA9B	MAGEA6
MIR550A1	MIR550A2	MAGEA9B	MAGEA12
MIR550A1	MIR550A2	MAGEA9B	MAGEA3
MIR550A1	MIR550A2	PNRC2	PNRC1
MIR550A1	MIR550A2	SETD2	KMT2C
MIR550A1	MIR550A2	SETD2	NSD2
MIR550A1	MIR550A2	SETD2	KMT2A
MIR550A1	MIR550A2	SETD2	NSD3
MIR550A1	MIR550A2	SETD2	SETBP1
MIR550A1	MIR550A2	PBX1	MEIS1
MIR550A1	MIR550A2	MAGEA9	MAGEA6
MIR550A1	MIR550A2	MAGEA9	MAGEA12
MIR550A1	MIR550A2	MAGEA9	MAGEA3
MIR550A1	MIR550A2	NPAS3	HIF3A
MIR550A1	MIR550A2	PCDH8	PCDH17
MIR550A1	MIR550A2	MET	PDGFRA
MIR550A1	MIR550A2	MET	NTRK2
MIR550A1	MIR550A2	SOX4	SOX2
MIR550A1	MIR550A2	RBAK	ZNF493
MIR550A1	MIR550A2	RBAK	ZNF655
MIR550A1	MIR550A2	PRTG	DSCAML1
MIR550A1	MIR550A2	PPP2R5E	PPP2R5C
MIR550A1	MIR550A2	NSD3	KMT2C
MIR550A1	MIR550A2	NSD3	KMT2A
MIR550A1	MIR550A2	NSD3	SETBP1
MIR550A1	MIR550A2	RAP1A	RAP2C
MIR550A1	MIR550A2	MTMR7	MTMR4
MIR550A1	MIR550A2	ZNF493	ZNF655
MIR550A1	MIR550A2	RAB18	RAB21
MIR550A1	MIR550A2	RAB18	RAB5B
MIR550A1	MIR550A2	CDK14	CDK13
MIR550A1	MIR550A2	CDK14	PRPF4B
MIR550A1	MIR550A2	CACNA1B	SCN11A
MIR550A1	MIR550A2	HTR2C	HTR5A
MIR550A1	MIR550A2	MAGEA12	MAGEA6
MIR550A1	MIR550A2	MAGEA12	MAGEA3
MIR550A1	MIR550A2	NSD2	KMT2C
MIR550A1	MIR550A2	NSD2	KMT2A
MIR550A1	MIR550A2	NSD2	SETBP1
MIR550A1	MIR550A2	OXSR1	STK4
MIR550A1	MIR550A2	NTRK2	PDGFRA
MIR550A1	MIR550A2	KCNQ5	KCNF1
MIR550A1	MIR550A2	CXCR1	CX3CR1
MIR550A1	MIR550A2	SOX11	SOX2
MIR550A1	MIR550A2	MAGEA6	MAGEA3
MIR550A1	MIR550A2	USP1	USP3
MIR550A1	MIR550A2	KMT2C	KMT2A
MIR550A1	MIR550A2	KMT2C	SETBP1
MIR550A1	MIR550A2	BRD3	BAZ2B
MIR550A1	MIR550A2	DST	SPTBN1
MIR550A1	MIR550A2	DST	DMD
MIR550A1	MIR550A2	TBC1D17	TBC1D2B
MIR550A1	MIR550A2	SPTBN1	DMD
MIR550A1	MIR550A2	RAB5B	RAB21
MIR550A1	MIR550A2	DYRK1A	DYRK2
MIR550A1	MIR550A2	KMT2A	SETBP1
MIR550A1	MIR550A2	PRPF4B	CDK13
MIR550A1	MIR550A3	NPAS3	HIF3A
MIR550A1	MIR550A3	HIVEP1	ZNF516
MIR550A1	MIR550A3	HIVEP1	BCL11B
MIR550A1	MIR550A3	ZNF705A	ZNF763
MIR550A1	MIR550A3	SYNCRIP	ELAVL1
MIR550A1	MIR550A3	PCDH8	PCDH17
MIR550A1	MIR550A3	MAPK6	MAPK14
MIR550A1	MIR550A3	IGF1R	PDGFRA
MIR550A1	MIR550A3	IGF1R	NTRK2
MIR550A1	MIR550A3	THRB	PPARA
MIR550A1	MIR550A3	MYO1E	MYH10
MIR550A1	MIR550A3	KMT2C	KMT2A
MIR550A1	MIR550A3	KMT2C	SETD2
MIR550A1	MIR550A3	RAP1A	RAP2C
MIR550A1	MIR550A3	BRD3	KAT2A
MIR550A1	MIR550A3	MTMR7	MTM1
MIR550A1	MIR550A3	RAB18	RAB21
MIR550A1	MIR550A3	RAB18	RAB5B
MIR550A1	MIR550A3	ERBIN	LRRC27
MIR550A1	MIR550A3	CDK6	CDK13
MIR550A1	MIR550A3	CDK6	PRPF4B
MIR550A1	MIR550A3	PAK3	STK4
MIR550A1	MIR550A3	HTR2C	HTR5A
MIR550A1	MIR550A3	GNAI3	GNAO1
MIR550A1	MIR550A3	DNAJC24	DNAJC16
MIR550A1	MIR550A3	RAB5B	RAB21
MIR550A1	MIR550A3	BCL11B	ZNF516
MIR550A1	MIR550A3	DYRK1A	DYRK2
MIR550A1	MIR550A3	ARSB	GNS
MIR550A1	MIR550A3	TRIM44	TRIM9
MIR550A1	MIR550A3	DHFR2	DHFR
MIR550A1	MIR550A3	KMT2A	SETD2
MIR550A1	MIR550A3	NTRK2	PDGFRA
MIR550A1	MIR550A3	PRPF4B	CDK13
MIR550A1	MIR550B2	CCNJL	CCNA2
MIR550A1	MIR550B2	KIF5C	KIF2A
MIR550A1	MIR550B2	ZNF705A	ZNF763
MIR550A1	MIR550B2	MOB3B	MOB4
MIR550A1	MIR550B2	MAPK6	NLK
MIR550A1	MIR550B2	MAPK6	MAPK14
MIR550A1	MIR550B2	IGF1R	MET
MIR550A1	MIR550B2	IGF1R	PDGFRA
MIR550A1	MIR550B2	IGF1R	NTRK3
MIR550A1	MIR550B2	IGF1R	NTRK2
MIR550A1	MIR550B2	THRB	PPARA
MIR550A1	MIR550B2	RAB34	RAB21
MIR550A1	MIR550B2	RAB34	RAB18
MIR550A1	MIR550B2	RAB34	RAB5B
MIR550A1	MIR550B2	PHC3	MBTD1
MIR550A1	MIR550B2	GNAI3	GNAO1
MIR550A1	MIR550B2	GNAI3	GNAZ
MIR550A1	MIR550B2	NLK	MAPK14
MIR550A1	MIR550B2	SCN1A	CACNA1B
MIR550A1	MIR550B2	DNAJC24	DNAJC16
MIR550A1	MIR550B2	USP27X	USP3
MIR550A1	MIR550B2	USP27X	USP25
MIR550A1	MIR550B2	USP27X	USP1
MIR550A1	MIR550B2	USP25	USP3
MIR550A1	MIR550B2	USP25	USP1
MIR550A1	MIR550B2	CIT	ROCK1
MIR550A1	MIR550B2	KAT2A	BAZ2B
MIR550A1	MIR550B2	KAT2A	BRD3
MIR550A1	MIR550B2	ACTN1	SPTBN1
MIR550A1	MIR550B2	ACTN1	DTNA
MIR550A1	MIR550B2	ACTN1	DTNB
MIR550A1	MIR550B2	ACTN1	DST
MIR550A1	MIR550B2	ACTN1	DMD
MIR550A1	MIR550B2	MAGEA4	MAGEA9
MIR550A1	MIR550B2	MAGEA4	MAGEA6
MIR550A1	MIR550B2	MAGEA4	MAGEA12
MIR550A1	MIR550B2	MAGEA4	MAGEA3
MIR550A1	MIR550B2	MAGEA4	MAGEA9B
MIR550A1	MIR550B2	SYNJ2	INPP5K
MIR550A1	MIR550B2	SEMA4C	SEMA3D
MIR550A1	MIR550B2	GNS	ARSB
MIR550A1	MIR550B2	SMAD4	SMAD5
MIR550A1	MIR550B2	TRIM37	TRIM9
MIR550A1	MIR550B2	TRIM37	TRIM44
MIR550A1	MIR550B2	HERC3	HECTD1
MIR550A1	MIR550B2	VLDLR	LRP1B
MIR550A1	MIR550B2	DTNA	SPTBN1
MIR550A1	MIR550B2	DTNA	DST
MIR550A1	MIR550B2	DTNA	DMD
MIR550A1	MIR550B2	PTPN3	PTPN21
MIR550A1	MIR550B2	HUNK	PRKAA2
MIR550A1	MIR550B2	ZNF562	ZNF552
MIR550A1	MIR550B2	GNAZ	GNAO1
MIR550A1	MIR550B2	KLF6	KLF8
MIR550A1	MIR550B2	MYH10	MYO1E
MIR550A1	MIR550B2	ZNF708	ZNF510
MIR550A1	MIR550B2	ZNF708	RBAK
MIR550A1	MIR550B2	ZNF708	ZNF493
MIR550A1	MIR550B2	ZNF708	ZNF655
MIR550A1	MIR550B2	ITGA2	ITGA1
MIR550A1	MIR550B2	CMTM4	PLLP
MIR550A1	MIR550B2	HIVEP1	ZNF516
MIR550A1	MIR550B2	HIVEP1	BCL11B
MIR550A1	MIR550B2	PCDH20	PCDH9
MIR550A1	MIR550B2	DTNB	SPTBN1
MIR550A1	MIR550B2	DTNB	DST
MIR550A1	MIR550B2	DTNB	DMD
MIR550A1	MIR550B2	SYNCRIP	ELAVL1
MIR550A1	MIR550B2	MEGF8	ATRN
MIR550A1	MIR550B2	ZNF510	RBAK
MIR550A1	MIR550B2	ZNF510	ZNF493
MIR550A1	MIR550B2	ZNF510	ZNF655
MIR550A1	MIR550B2	HEPHL1	NRXN1
MIR550A1	MIR550B2	PLAG1	REST
MIR550A1	MIR550B2	RPS6KB1	RPS6KA1
MIR550A1	MIR550B2	ERBIN	LRRC27
MIR550A1	MIR550B2	SYT4	SYT9
MIR550A1	MIR550B2	ADCY1	NPR3
MIR550A1	MIR550B2	CDK6	CDK14
MIR550A1	MIR550B2	CDK6	CDK13
MIR550A1	MIR550B2	CDK6	PRPF4B
MIR550A1	MIR550B2	YTHDC1	YTHDF3
MIR550A1	MIR550B2	PAK3	STK4
MIR550A1	MIR550B2	PAK3	OXSR1
MIR550A1	MIR550B2	RFX3	RFX7
MIR550A1	MIR550B2	NTRK3	MET
MIR550A1	MIR550B2	NTRK3	PDGFRA
MIR550A1	MIR550B2	ZNF516	BCL11B
MIR550A1	MIR550B2	HIPK1	DYRK2
MIR550A1	MIR550B2	HIPK1	DYRK1A
MIR550A1	MIR550B2	ECHDC2	ECHDC1
MIR550A1	MIR550B2	TRIM44	TRIM9
MIR550A1	MIR550B2	DHFR2	DHFR
MIR550A1	MIR550B2	MGA	TBR1
MIR550A1	MIR550B2	GABRB3	GABRA4
MIR550A1	MIR550B2	MTM1	MTMR7
MIR550A1	MIR550B2	MTM1	MTMR4
MIR550A1	MIR550B2	DDX17	DDX24
MIR550A1	MIR550B2	MAGEA9B	MAGEA9
MIR550A1	MIR550B2	MAGEA9B	MAGEA6
MIR550A1	MIR550B2	MAGEA9B	MAGEA12
MIR550A1	MIR550B2	MAGEA9B	MAGEA3
MIR550A1	MIR550B2	PNRC2	PNRC1
MIR550A1	MIR550B2	SETD2	KMT2C
MIR550A1	MIR550B2	SETD2	NSD2
MIR550A1	MIR550B2	SETD2	KMT2A
MIR550A1	MIR550B2	SETD2	NSD3
MIR550A1	MIR550B2	SETD2	SETBP1
MIR550A1	MIR550B2	PBX1	MEIS1
MIR550A1	MIR550B2	MAGEA9	MAGEA6
MIR550A1	MIR550B2	MAGEA9	MAGEA12
MIR550A1	MIR550B2	MAGEA9	MAGEA3
MIR550A1	MIR550B2	NPAS3	HIF3A
MIR550A1	MIR550B2	PCDH8	PCDH17
MIR550A1	MIR550B2	MET	PDGFRA
MIR550A1	MIR550B2	MET	NTRK2
MIR550A1	MIR550B2	SOX4	SOX2
MIR550A1	MIR550B2	RBAK	ZNF493
MIR550A1	MIR550B2	RBAK	ZNF655
MIR550A1	MIR550B2	PRTG	DSCAML1
MIR550A1	MIR550B2	PPP2R5E	PPP2R5C
MIR550A1	MIR550B2	NSD3	KMT2C
MIR550A1	MIR550B2	NSD3	KMT2A
MIR550A1	MIR550B2	NSD3	SETBP1
MIR550A1	MIR550B2	RAP1A	RAP2C
MIR550A1	MIR550B2	MTMR7	MTMR4
MIR550A1	MIR550B2	ZNF493	ZNF655
MIR550A1	MIR550B2	RAB18	RAB21
MIR550A1	MIR550B2	RAB18	RAB5B
MIR550A1	MIR550B2	CDK14	CDK13
MIR550A1	MIR550B2	CDK14	PRPF4B
MIR550A1	MIR550B2	CACNA1B	SCN11A
MIR550A1	MIR550B2	HTR2C	HTR5A
MIR550A1	MIR550B2	MAGEA12	MAGEA6
MIR550A1	MIR550B2	MAGEA12	MAGEA3
MIR550A1	MIR550B2	NSD2	KMT2C
MIR550A1	MIR550B2	NSD2	KMT2A
MIR550A1	MIR550B2	NSD2	SETBP1
MIR550A1	MIR550B2	OXSR1	STK4
MIR550A1	MIR550B2	NTRK2	PDGFRA
MIR550A1	MIR550B2	KCNQ5	KCNF1
MIR550A1	MIR550B2	CXCR1	CX3CR1
MIR550A1	MIR550B2	SOX11	SOX2
MIR550A1	MIR550B2	MAGEA6	MAGEA3
MIR550A1	MIR550B2	USP1	USP3
MIR550A1	MIR550B2	KMT2C	KMT2A
MIR550A1	MIR550B2	KMT2C	SETBP1
MIR550A1	MIR550B2	BRD3	BAZ2B
MIR550A1	MIR550B2	DST	SPTBN1
MIR550A1	MIR550B2	DST	DMD
MIR550A1	MIR550B2	TBC1D17	TBC1D2B
MIR550A1	MIR550B2	SPTBN1	DMD
MIR550A1	MIR550B2	RAB5B	RAB21
MIR550A1	MIR550B2	DYRK1A	DYRK2
MIR550A1	MIR550B2	KMT2A	SETBP1
MIR550A1	MIR550B2	PRPF4B	CDK13
MIR550A2	MIR550A3	NPAS3	HIF3A
MIR550A2	MIR550A3	HIVEP1	ZNF516
MIR550A2	MIR550A3	HIVEP1	BCL11B
MIR550A2	MIR550A3	ZNF705A	ZNF763
MIR550A2	MIR550A3	SYNCRIP	ELAVL1
MIR550A2	MIR550A3	PCDH8	PCDH17
MIR550A2	MIR550A3	MAPK6	MAPK14
MIR550A2	MIR550A3	IGF1R	PDGFRA
MIR550A2	MIR550A3	IGF1R	NTRK2
MIR550A2	MIR550A3	THRB	PPARA
MIR550A2	MIR550A3	MYO1E	MYH10
MIR550A2	MIR550A3	KMT2C	KMT2A
MIR550A2	MIR550A3	KMT2C	SETD2
MIR550A2	MIR550A3	RAP1A	RAP2C
MIR550A2	MIR550A3	BRD3	KAT2A
MIR550A2	MIR550A3	MTMR7	MTM1
MIR550A2	MIR550A3	RAB18	RAB21
MIR550A2	MIR550A3	RAB18	RAB5B
MIR550A2	MIR550A3	ERBIN	LRRC27
MIR550A2	MIR550A3	CDK6	CDK13
MIR550A2	MIR550A3	CDK6	PRPF4B
MIR550A2	MIR550A3	PAK3	STK4
MIR550A2	MIR550A3	HTR2C	HTR5A
MIR550A2	MIR550A3	GNAI3	GNAO1
MIR550A2	MIR550A3	DNAJC24	DNAJC16
MIR550A2	MIR550A3	RAB5B	RAB21
MIR550A2	MIR550A3	BCL11B	ZNF516
MIR550A2	MIR550A3	DYRK1A	DYRK2
MIR550A2	MIR550A3	ARSB	GNS
MIR550A2	MIR550A3	TRIM44	TRIM9
MIR550A2	MIR550A3	DHFR2	DHFR
MIR550A2	MIR550A3	KMT2A	SETD2
MIR550A2	MIR550A3	NTRK2	PDGFRA
MIR550A2	MIR550A3	PRPF4B	CDK13
MIR550A2	MIR550B1	CCNJL	CCNA2
MIR550A2	MIR550B1	KIF5C	KIF2A
MIR550A2	MIR550B1	ZNF705A	ZNF763
MIR550A2	MIR550B1	MOB3B	MOB4
MIR550A2	MIR550B1	MAPK6	NLK
MIR550A2	MIR550B1	MAPK6	MAPK14
MIR550A2	MIR550B1	IGF1R	MET
MIR550A2	MIR550B1	IGF1R	PDGFRA
MIR550A2	MIR550B1	IGF1R	NTRK3
MIR550A2	MIR550B1	IGF1R	NTRK2
MIR550A2	MIR550B1	THRB	PPARA
MIR550A2	MIR550B1	RAB34	RAB21
MIR550A2	MIR550B1	RAB34	RAB18
MIR550A2	MIR550B1	RAB34	RAB5B
MIR550A2	MIR550B1	PHC3	MBTD1
MIR550A2	MIR550B1	GNAI3	GNAO1
MIR550A2	MIR550B1	GNAI3	GNAZ
MIR550A2	MIR550B1	NLK	MAPK14
MIR550A2	MIR550B1	SCN1A	CACNA1B
MIR550A2	MIR550B1	DNAJC24	DNAJC16
MIR550A2	MIR550B1	USP27X	USP3
MIR550A2	MIR550B1	USP27X	USP25
MIR550A2	MIR550B1	USP27X	USP1
MIR550A2	MIR550B1	USP25	USP3
MIR550A2	MIR550B1	USP25	USP1
MIR550A2	MIR550B1	CIT	ROCK1
MIR550A2	MIR550B1	KAT2A	BAZ2B
MIR550A2	MIR550B1	KAT2A	BRD3
MIR550A2	MIR550B1	ACTN1	SPTBN1
MIR550A2	MIR550B1	ACTN1	DTNA
MIR550A2	MIR550B1	ACTN1	DTNB
MIR550A2	MIR550B1	ACTN1	DST
MIR550A2	MIR550B1	ACTN1	DMD
MIR550A2	MIR550B1	MAGEA4	MAGEA9
MIR550A2	MIR550B1	MAGEA4	MAGEA6
MIR550A2	MIR550B1	MAGEA4	MAGEA12
MIR550A2	MIR550B1	MAGEA4	MAGEA3
MIR550A2	MIR550B1	MAGEA4	MAGEA9B
MIR550A2	MIR550B1	SYNJ2	INPP5K
MIR550A2	MIR550B1	SEMA4C	SEMA3D
MIR550A2	MIR550B1	GNS	ARSB
MIR550A2	MIR550B1	SMAD4	SMAD5
MIR550A2	MIR550B1	TRIM37	TRIM9
MIR550A2	MIR550B1	TRIM37	TRIM44
MIR550A2	MIR550B1	HERC3	HECTD1
MIR550A2	MIR550B1	VLDLR	LRP1B
MIR550A2	MIR550B1	DTNA	SPTBN1
MIR550A2	MIR550B1	DTNA	DST
MIR550A2	MIR550B1	DTNA	DMD
MIR550A2	MIR550B1	PTPN3	PTPN21
MIR550A2	MIR550B1	HUNK	PRKAA2
MIR550A2	MIR550B1	ZNF562	ZNF552
MIR550A2	MIR550B1	GNAZ	GNAO1
MIR550A2	MIR550B1	KLF6	KLF8
MIR550A2	MIR550B1	MYH10	MYO1E
MIR550A2	MIR550B1	ZNF708	ZNF510
MIR550A2	MIR550B1	ZNF708	RBAK
MIR550A2	MIR550B1	ZNF708	ZNF493
MIR550A2	MIR550B1	ZNF708	ZNF655
MIR550A2	MIR550B1	ITGA2	ITGA1
MIR550A2	MIR550B1	CMTM4	PLLP
MIR550A2	MIR550B1	HIVEP1	ZNF516
MIR550A2	MIR550B1	HIVEP1	BCL11B
MIR550A2	MIR550B1	PCDH20	PCDH9
MIR550A2	MIR550B1	DTNB	SPTBN1
MIR550A2	MIR550B1	DTNB	DST
MIR550A2	MIR550B1	DTNB	DMD
MIR550A2	MIR550B1	SYNCRIP	ELAVL1
MIR550A2	MIR550B1	MEGF8	ATRN
MIR550A2	MIR550B1	ZNF510	RBAK
MIR550A2	MIR550B1	ZNF510	ZNF493
MIR550A2	MIR550B1	ZNF510	ZNF655
MIR550A2	MIR550B1	HEPHL1	NRXN1
MIR550A2	MIR550B1	PLAG1	REST
MIR550A2	MIR550B1	RPS6KB1	RPS6KA1
MIR550A2	MIR550B1	ERBIN	LRRC27
MIR550A2	MIR550B1	SYT4	SYT9
MIR550A2	MIR550B1	ADCY1	NPR3
MIR550A2	MIR550B1	CDK6	CDK14
MIR550A2	MIR550B1	CDK6	CDK13
MIR550A2	MIR550B1	CDK6	PRPF4B
MIR550A2	MIR550B1	YTHDC1	YTHDF3
MIR550A2	MIR550B1	PAK3	STK4
MIR550A2	MIR550B1	PAK3	OXSR1
MIR550A2	MIR550B1	RFX3	RFX7
MIR550A2	MIR550B1	NTRK3	MET
MIR550A2	MIR550B1	NTRK3	PDGFRA
MIR550A2	MIR550B1	ZNF516	BCL11B
MIR550A2	MIR550B1	HIPK1	DYRK2
MIR550A2	MIR550B1	HIPK1	DYRK1A
MIR550A2	MIR550B1	ECHDC2	ECHDC1
MIR550A2	MIR550B1	TRIM44	TRIM9
MIR550A2	MIR550B1	DHFR2	DHFR
MIR550A2	MIR550B1	MGA	TBR1
MIR550A2	MIR550B1	GABRB3	GABRA4
MIR550A2	MIR550B1	MTM1	MTMR7
MIR550A2	MIR550B1	MTM1	MTMR4
MIR550A2	MIR550B1	DDX17	DDX24
MIR550A2	MIR550B1	MAGEA9B	MAGEA9
MIR550A2	MIR550B1	MAGEA9B	MAGEA6
MIR550A2	MIR550B1	MAGEA9B	MAGEA12
MIR550A2	MIR550B1	MAGEA9B	MAGEA3
MIR550A2	MIR550B1	PNRC2	PNRC1
MIR550A2	MIR550B1	SETD2	KMT2C
MIR550A2	MIR550B1	SETD2	NSD2
MIR550A2	MIR550B1	SETD2	KMT2A
MIR550A2	MIR550B1	SETD2	NSD3
MIR550A2	MIR550B1	SETD2	SETBP1
MIR550A2	MIR550B1	PBX1	MEIS1
MIR550A2	MIR550B1	MAGEA9	MAGEA6
MIR550A2	MIR550B1	MAGEA9	MAGEA12
MIR550A2	MIR550B1	MAGEA9	MAGEA3
MIR550A2	MIR550B1	NPAS3	HIF3A
MIR550A2	MIR550B1	PCDH8	PCDH17
MIR550A2	MIR550B1	MET	PDGFRA
MIR550A2	MIR550B1	MET	NTRK2
MIR550A2	MIR550B1	SOX4	SOX2
MIR550A2	MIR550B1	RBAK	ZNF493
MIR550A2	MIR550B1	RBAK	ZNF655
MIR550A2	MIR550B1	PRTG	DSCAML1
MIR550A2	MIR550B1	PPP2R5E	PPP2R5C
MIR550A2	MIR550B1	NSD3	KMT2C
MIR550A2	MIR550B1	NSD3	KMT2A
MIR550A2	MIR550B1	NSD3	SETBP1
MIR550A2	MIR550B1	RAP1A	RAP2C
MIR550A2	MIR550B1	MTMR7	MTMR4
MIR550A2	MIR550B1	ZNF493	ZNF655
MIR550A2	MIR550B1	RAB18	RAB21
MIR550A2	MIR550B1	RAB18	RAB5B
MIR550A2	MIR550B1	CDK14	CDK13
MIR550A2	MIR550B1	CDK14	PRPF4B
MIR550A2	MIR550B1	CACNA1B	SCN11A
MIR550A2	MIR550B1	HTR2C	HTR5A
MIR550A2	MIR550B1	MAGEA12	MAGEA6
MIR550A2	MIR550B1	MAGEA12	MAGEA3
MIR550A2	MIR550B1	NSD2	KMT2C
MIR550A2	MIR550B1	NSD2	KMT2A
MIR550A2	MIR550B1	NSD2	SETBP1
MIR550A2	MIR550B1	OXSR1	STK4
MIR550A2	MIR550B1	NTRK2	PDGFRA
MIR550A2	MIR550B1	KCNQ5	KCNF1
MIR550A2	MIR550B1	CXCR1	CX3CR1
MIR550A2	MIR550B1	SOX11	SOX2
MIR550A2	MIR550B1	MAGEA6	MAGEA3
MIR550A2	MIR550B1	USP1	USP3
MIR550A2	MIR550B1	KMT2C	KMT2A
MIR550A2	MIR550B1	KMT2C	SETBP1
MIR550A2	MIR550B1	BRD3	BAZ2B
MIR550A2	MIR550B1	DST	SPTBN1
MIR550A2	MIR550B1	DST	DMD
MIR550A2	MIR550B1	TBC1D17	TBC1D2B
MIR550A2	MIR550B1	SPTBN1	DMD
MIR550A2	MIR550B1	RAB5B	RAB21
MIR550A2	MIR550B1	DYRK1A	DYRK2
MIR550A2	MIR550B1	KMT2A	SETBP1
MIR550A2	MIR550B1	PRPF4B	CDK13
MIR550A3	MIR550B1	NPAS3	HIF3A
MIR550A3	MIR550B1	HIVEP1	ZNF516
MIR550A3	MIR550B1	HIVEP1	BCL11B
MIR550A3	MIR550B1	ZNF705A	ZNF763
MIR550A3	MIR550B1	SYNCRIP	ELAVL1
MIR550A3	MIR550B1	PCDH8	PCDH17
MIR550A3	MIR550B1	MAPK6	MAPK14
MIR550A3	MIR550B1	IGF1R	PDGFRA
MIR550A3	MIR550B1	IGF1R	NTRK2
MIR550A3	MIR550B1	THRB	PPARA
MIR550A3	MIR550B1	MYO1E	MYH10
MIR550A3	MIR550B1	KMT2C	KMT2A
MIR550A3	MIR550B1	KMT2C	SETD2
MIR550A3	MIR550B1	RAP1A	RAP2C
MIR550A3	MIR550B1	BRD3	KAT2A
MIR550A3	MIR550B1	MTMR7	MTM1
MIR550A3	MIR550B1	RAB18	RAB21
MIR550A3	MIR550B1	RAB18	RAB5B
MIR550A3	MIR550B1	ERBIN	LRRC27
MIR550A3	MIR550B1	CDK6	CDK13
MIR550A3	MIR550B1	CDK6	PRPF4B
MIR550A3	MIR550B1	PAK3	STK4
MIR550A3	MIR550B1	HTR2C	HTR5A
MIR550A3	MIR550B1	GNAI3	GNAO1
MIR550A3	MIR550B1	DNAJC24	DNAJC16
MIR550A3	MIR550B1	RAB5B	RAB21
MIR550A3	MIR550B1	BCL11B	ZNF516
MIR550A3	MIR550B1	DYRK1A	DYRK2
MIR550A3	MIR550B1	ARSB	GNS
MIR550A3	MIR550B1	TRIM44	TRIM9
MIR550A3	MIR550B1	DHFR2	DHFR
MIR550A3	MIR550B1	KMT2A	SETD2
MIR550A3	MIR550B1	NTRK2	PDGFRA
MIR550A3	MIR550B1	PRPF4B	CDK13
MIR550A3	MIR550B2	NPAS3	HIF3A
MIR550A3	MIR550B2	HIVEP1	ZNF516
MIR550A3	MIR550B2	HIVEP1	BCL11B
MIR550A3	MIR550B2	ZNF705A	ZNF763
MIR550A3	MIR550B2	SYNCRIP	ELAVL1
MIR550A3	MIR550B2	PCDH8	PCDH17
MIR550A3	MIR550B2	MAPK6	MAPK14
MIR550A3	MIR550B2	IGF1R	PDGFRA
MIR550A3	MIR550B2	IGF1R	NTRK2
MIR550A3	MIR550B2	THRB	PPARA
MIR550A3	MIR550B2	MYO1E	MYH10
MIR550A3	MIR550B2	KMT2C	KMT2A
MIR550A3	MIR550B2	KMT2C	SETD2
MIR550A3	MIR550B2	RAP1A	RAP2C
MIR550A3	MIR550B2	BRD3	KAT2A
MIR550A3	MIR550B2	MTMR7	MTM1
MIR550A3	MIR550B2	RAB18	RAB21
MIR550A3	MIR550B2	RAB18	RAB5B
MIR550A3	MIR550B2	ERBIN	LRRC27
MIR550A3	MIR550B2	CDK6	CDK13
MIR550A3	MIR550B2	CDK6	PRPF4B
MIR550A3	MIR550B2	PAK3	STK4
MIR550A3	MIR550B2	HTR2C	HTR5A
MIR550A3	MIR550B2	GNAI3	GNAO1
MIR550A3	MIR550B2	DNAJC24	DNAJC16
MIR550A3	MIR550B2	RAB5B	RAB21
MIR550A3	MIR550B2	BCL11B	ZNF516
MIR550A3	MIR550B2	DYRK1A	DYRK2
MIR550A3	MIR550B2	ARSB	GNS
MIR550A3	MIR550B2	TRIM44	TRIM9
MIR550A3	MIR550B2	DHFR2	DHFR
MIR550A3	MIR550B2	KMT2A	SETD2
MIR550A3	MIR550B2	NTRK2	PDGFRA
MIR550A3	MIR550B2	PRPF4B	CDK13
MIR550B2	MIR550B1	CCNJL	CCNA2
MIR550B2	MIR550B1	KIF5C	KIF2A
MIR550B2	MIR550B1	ZNF705A	ZNF763
MIR550B2	MIR550B1	MOB3B	MOB4
MIR550B2	MIR550B1	MAPK6	NLK
MIR550B2	MIR550B1	MAPK6	MAPK14
MIR550B2	MIR550B1	IGF1R	MET
MIR550B2	MIR550B1	IGF1R	PDGFRA
MIR550B2	MIR550B1	IGF1R	NTRK3
MIR550B2	MIR550B1	IGF1R	NTRK2
MIR550B2	MIR550B1	THRB	PPARA
MIR550B2	MIR550B1	RAB34	RAB21
MIR550B2	MIR550B1	RAB34	RAB18
MIR550B2	MIR550B1	RAB34	RAB5B
MIR550B2	MIR550B1	PHC3	MBTD1
MIR550B2	MIR550B1	GNAI3	GNAO1
MIR550B2	MIR550B1	GNAI3	GNAZ
MIR550B2	MIR550B1	NLK	MAPK14
MIR550B2	MIR550B1	SCN1A	CACNA1B
MIR550B2	MIR550B1	DNAJC24	DNAJC16
MIR550B2	MIR550B1	USP27X	USP3
MIR550B2	MIR550B1	USP27X	USP25
MIR550B2	MIR550B1	USP27X	USP1
MIR550B2	MIR550B1	USP25	USP3
MIR550B2	MIR550B1	USP25	USP1
MIR550B2	MIR550B1	CIT	ROCK1
MIR550B2	MIR550B1	KAT2A	BAZ2B
MIR550B2	MIR550B1	KAT2A	BRD3
MIR550B2	MIR550B1	ACTN1	SPTBN1
MIR550B2	MIR550B1	ACTN1	DTNA
MIR550B2	MIR550B1	ACTN1	DTNB
MIR550B2	MIR550B1	ACTN1	DST
MIR550B2	MIR550B1	ACTN1	DMD
MIR550B2	MIR550B1	MAGEA4	MAGEA9
MIR550B2	MIR550B1	MAGEA4	MAGEA6
MIR550B2	MIR550B1	MAGEA4	MAGEA12
MIR550B2	MIR550B1	MAGEA4	MAGEA3
MIR550B2	MIR550B1	MAGEA4	MAGEA9B
MIR550B2	MIR550B1	SYNJ2	INPP5K
MIR550B2	MIR550B1	SEMA4C	SEMA3D
MIR550B2	MIR550B1	GNS	ARSB
MIR550B2	MIR550B1	SMAD4	SMAD5
MIR550B2	MIR550B1	TRIM37	TRIM9
MIR550B2	MIR550B1	TRIM37	TRIM44
MIR550B2	MIR550B1	HERC3	HECTD1
MIR550B2	MIR550B1	VLDLR	LRP1B
MIR550B2	MIR550B1	DTNA	SPTBN1
MIR550B2	MIR550B1	DTNA	DST
MIR550B2	MIR550B1	DTNA	DMD
MIR550B2	MIR550B1	PTPN3	PTPN21
MIR550B2	MIR550B1	HUNK	PRKAA2
MIR550B2	MIR550B1	ZNF562	ZNF552
MIR550B2	MIR550B1	GNAZ	GNAO1
MIR550B2	MIR550B1	KLF6	KLF8
MIR550B2	MIR550B1	MYH10	MYO1E
MIR550B2	MIR550B1	ZNF708	ZNF510
MIR550B2	MIR550B1	ZNF708	RBAK
MIR550B2	MIR550B1	ZNF708	ZNF493
MIR550B2	MIR550B1	ZNF708	ZNF655
MIR550B2	MIR550B1	ITGA2	ITGA1
MIR550B2	MIR550B1	CMTM4	PLLP
MIR550B2	MIR550B1	HIVEP1	ZNF516
MIR550B2	MIR550B1	HIVEP1	BCL11B
MIR550B2	MIR550B1	PCDH20	PCDH9
MIR550B2	MIR550B1	DTNB	SPTBN1
MIR550B2	MIR550B1	DTNB	DST
MIR550B2	MIR550B1	DTNB	DMD
MIR550B2	MIR550B1	SYNCRIP	ELAVL1
MIR550B2	MIR550B1	MEGF8	ATRN
MIR550B2	MIR550B1	ZNF510	RBAK
MIR550B2	MIR550B1	ZNF510	ZNF493
MIR550B2	MIR550B1	ZNF510	ZNF655
MIR550B2	MIR550B1	HEPHL1	NRXN1
MIR550B2	MIR550B1	PLAG1	REST
MIR550B2	MIR550B1	RPS6KB1	RPS6KA1
MIR550B2	MIR550B1	ERBIN	LRRC27
MIR550B2	MIR550B1	SYT4	SYT9
MIR550B2	MIR550B1	ADCY1	NPR3
MIR550B2	MIR550B1	CDK6	CDK14
MIR550B2	MIR550B1	CDK6	CDK13
MIR550B2	MIR550B1	CDK6	PRPF4B
MIR550B2	MIR550B1	YTHDC1	YTHDF3
MIR550B2	MIR550B1	PAK3	STK4
MIR550B2	MIR550B1	PAK3	OXSR1
MIR550B2	MIR550B1	RFX3	RFX7
MIR550B2	MIR550B1	NTRK3	MET
MIR550B2	MIR550B1	NTRK3	PDGFRA
MIR550B2	MIR550B1	ZNF516	BCL11B
MIR550B2	MIR550B1	HIPK1	DYRK2
MIR550B2	MIR550B1	HIPK1	DYRK1A
MIR550B2	MIR550B1	ECHDC2	ECHDC1
MIR550B2	MIR550B1	TRIM44	TRIM9
MIR550B2	MIR550B1	DHFR2	DHFR
MIR550B2	MIR550B1	MGA	TBR1
MIR550B2	MIR550B1	GABRB3	GABRA4
MIR550B2	MIR550B1	MTM1	MTMR7
MIR550B2	MIR550B1	MTM1	MTMR4
MIR550B2	MIR550B1	DDX17	DDX24
MIR550B2	MIR550B1	MAGEA9B	MAGEA9
MIR550B2	MIR550B1	MAGEA9B	MAGEA6
MIR550B2	MIR550B1	MAGEA9B	MAGEA12
MIR550B2	MIR550B1	MAGEA9B	MAGEA3
MIR550B2	MIR550B1	PNRC2	PNRC1
MIR550B2	MIR550B1	SETD2	KMT2C
MIR550B2	MIR550B1	SETD2	NSD2
MIR550B2	MIR550B1	SETD2	KMT2A
MIR550B2	MIR550B1	SETD2	NSD3
MIR550B2	MIR550B1	SETD2	SETBP1
MIR550B2	MIR550B1	PBX1	MEIS1
MIR550B2	MIR550B1	MAGEA9	MAGEA6
MIR550B2	MIR550B1	MAGEA9	MAGEA12
MIR550B2	MIR550B1	MAGEA9	MAGEA3
MIR550B2	MIR550B1	NPAS3	HIF3A
MIR550B2	MIR550B1	PCDH8	PCDH17
MIR550B2	MIR550B1	MET	PDGFRA
MIR550B2	MIR550B1	MET	NTRK2
MIR550B2	MIR550B1	SOX4	SOX2
MIR550B2	MIR550B1	RBAK	ZNF493
MIR550B2	MIR550B1	RBAK	ZNF655
MIR550B2	MIR550B1	PRTG	DSCAML1
MIR550B2	MIR550B1	PPP2R5E	PPP2R5C
MIR550B2	MIR550B1	NSD3	KMT2C
MIR550B2	MIR550B1	NSD3	KMT2A
MIR550B2	MIR550B1	NSD3	SETBP1
MIR550B2	MIR550B1	RAP1A	RAP2C
MIR550B2	MIR550B1	MTMR7	MTMR4
MIR550B2	MIR550B1	ZNF493	ZNF655
MIR550B2	MIR550B1	RAB18	RAB21
MIR550B2	MIR550B1	RAB18	RAB5B
MIR550B2	MIR550B1	CDK14	CDK13
MIR550B2	MIR550B1	CDK14	PRPF4B
MIR550B2	MIR550B1	CACNA1B	SCN11A
MIR550B2	MIR550B1	HTR2C	HTR5A
MIR550B2	MIR550B1	MAGEA12	MAGEA6
MIR550B2	MIR550B1	MAGEA12	MAGEA3
MIR550B2	MIR550B1	NSD2	KMT2C
MIR550B2	MIR550B1	NSD2	KMT2A
MIR550B2	MIR550B1	NSD2	SETBP1
MIR550B2	MIR550B1	OXSR1	STK4
MIR550B2	MIR550B1	NTRK2	PDGFRA
MIR550B2	MIR550B1	KCNQ5	KCNF1
MIR550B2	MIR550B1	CXCR1	CX3CR1
MIR550B2	MIR550B1	SOX11	SOX2
MIR550B2	MIR550B1	MAGEA6	MAGEA3
MIR550B2	MIR550B1	USP1	USP3
MIR550B2	MIR550B1	KMT2C	KMT2A
MIR550B2	MIR550B1	KMT2C	SETBP1
MIR550B2	MIR550B1	BRD3	BAZ2B
MIR550B2	MIR550B1	DST	SPTBN1
MIR550B2	MIR550B1	DST	DMD
MIR550B2	MIR550B1	TBC1D17	TBC1D2B
MIR550B2	MIR550B1	SPTBN1	DMD
MIR550B2	MIR550B1	RAB5B	RAB21
MIR550B2	MIR550B1	DYRK1A	DYRK2
MIR550B2	MIR550B1	KMT2A	SETBP1
MIR550B2	MIR550B1	PRPF4B	CDK13
MIR98	MIRLET7A1	CDC34	AKTIP
MIR98	MIRLET7A1	ACVR2B	TGFBR1
MIR98	MIRLET7A1	ACVR2B	ACVR1C
MIR98	MIRLET7A1	PSD3	MON2
MIR98	MIRLET7A1	DDX19A	DDX19B
MIR98	MIRLET7A1	MAPK6	CILK1
MIR98	MIRLET7A1	SLC25A24	SLC25A27
MIR98	MIRLET7A1	PTPRE	PTPRD
MIR98	MIRLET7A1	HECTD2	ITCH
MIR98	MIRLET7A1	PRTG	IGDCC3
MIR98	MIRLET7A1	RDX	FRMD4B
MIR98	MIRLET7A1	TAOK1	MAP4K3
MIR98	MIRLET7A1	TAOK1	MAP3K1
MIR98	MIRLET7A1	SMARCAD1	ATRX
MIR98	MIRLET7A1	SMARCAD1	BTAF1
MIR98	MIRLET7A1	SMARCAD1	SMARCA5
MIR98	MIRLET7A1	ZFYVE16	RUFY3
MIR98	MIRLET7A1	ZFYVE16	ZFYVE26
MIR98	MIRLET7A1	E2F6	E2F5
MIR98	MIRLET7A1	MAP3K1	MAP4K3
MIR98	MIRLET7A1	LGR4	LRIG3
MIR98	MIRLET7A1	LGR4	LRIG2
MIR98	MIRLET7A1	BTAF1	ATRX
MIR98	MIRLET7A1	BTAF1	SMARCA5
MIR98	MIRLET7A1	CCND2	CCNJ
MIR98	MIRLET7A1	CCND2	CCNA2
MIR98	MIRLET7A1	USP25	USP38
MIR98	MIRLET7A1	BACH1	KLHL31
MIR98	MIRLET7A1	BACH1	GAN
MIR98	MIRLET7A1	ATRX	SMARCA5
MIR98	MIRLET7A1	KLHL31	GAN
MIR98	MIRLET7A1	TRIM71	TRIM63
MIR98	MIRLET7A1	PDE12	CNOT6L
MIR98	MIRLET7A1	RUFY3	ZFYVE26
MIR98	MIRLET7A1	CCNA2	CCNJ
MIR98	MIRLET7A1	CPEB2	CPEB1
MIR98	MIRLET7A2	DDX19A	DDX19B
MIR98	MIRLET7A2	SLC25A24	SLC25A27
MIR98	MIRLET7A2	PRTG	IGDCC3
MIR98	MIRLET7A2	RDX	FRMD4B
MIR98	MIRLET7A2	TAOK1	MAP4K3
MIR98	MIRLET7A2	TAOK1	MAP3K1
MIR98	MIRLET7A2	SMARCAD1	SMARCA5
MIR98	MIRLET7A2	E2F6	E2F5
MIR98	MIRLET7A2	MAP3K1	MAP4K3
MIR98	MIRLET7A2	LGR4	LRIG3
MIR98	MIRLET7A2	LGR4	LRIG2
MIR98	MIRLET7A2	CCND2	CCNJ
MIR98	MIRLET7A2	BACH1	KLHL31
MIR98	MIRLET7A2	BACH1	GAN
MIR98	MIRLET7A2	KLHL31	GAN
MIR98	MIRLET7A2	PDE12	CNOT6L
MIR98	MIRLET7A2	RUFY3	ZFYVE26
MIR98	MIRLET7A2	CPEB2	CPEB1
MIR98	MIRLET7A3	CDC34	AKTIP
MIR98	MIRLET7A3	ACVR2B	TGFBR1
MIR98	MIRLET7A3	ACVR2B	ACVR1C
MIR98	MIRLET7A3	PSD3	MON2
MIR98	MIRLET7A3	DDX19A	DDX19B
MIR98	MIRLET7A3	MAPK6	CILK1
MIR98	MIRLET7A3	SLC25A24	SLC25A27
MIR98	MIRLET7A3	PTPRE	PTPRD
MIR98	MIRLET7A3	HECTD2	ITCH
MIR98	MIRLET7A3	PRTG	IGDCC3
MIR98	MIRLET7A3	RDX	FRMD4B
MIR98	MIRLET7A3	TAOK1	MAP4K3
MIR98	MIRLET7A3	TAOK1	MAP3K1
MIR98	MIRLET7A3	SMARCAD1	ATRX
MIR98	MIRLET7A3	SMARCAD1	BTAF1
MIR98	MIRLET7A3	SMARCAD1	SMARCA5
MIR98	MIRLET7A3	ZFYVE16	RUFY3
MIR98	MIRLET7A3	ZFYVE16	ZFYVE26
MIR98	MIRLET7A3	E2F6	E2F5
MIR98	MIRLET7A3	MAP3K1	MAP4K3
MIR98	MIRLET7A3	LGR4	LRIG3
MIR98	MIRLET7A3	LGR4	LRIG2
MIR98	MIRLET7A3	BTAF1	ATRX
MIR98	MIRLET7A3	BTAF1	SMARCA5
MIR98	MIRLET7A3	CCND2	CCNJ
MIR98	MIRLET7A3	CCND2	CCNA2
MIR98	MIRLET7A3	USP25	USP38
MIR98	MIRLET7A3	BACH1	KLHL31
MIR98	MIRLET7A3	BACH1	GAN
MIR98	MIRLET7A3	ATRX	SMARCA5
MIR98	MIRLET7A3	KLHL31	GAN
MIR98	MIRLET7A3	TRIM71	TRIM63
MIR98	MIRLET7A3	PDE12	CNOT6L
MIR98	MIRLET7A3	RUFY3	ZFYVE26
MIR98	MIRLET7A3	CCNA2	CCNJ
MIR98	MIRLET7A3	CPEB2	CPEB1
MIR98	MIRLET7C	DDX19A	DDX19B
MIR98	MIRLET7C	PRTG	IGDCC3
MIR98	MIRLET7C	RDX	FRMD4B
MIR98	MIRLET7C	TAOK1	MAP4K3
MIR98	MIRLET7C	TAOK1	MAP3K1
MIR98	MIRLET7C	E2F6	E2F5
MIR98	MIRLET7C	MAP3K1	MAP4K3
MIR98	MIRLET7C	LGR4	LRIG3
MIR98	MIRLET7C	LGR4	LRIG2
MIR98	MIRLET7C	CCND2	CCNJ
MIR98	MIRLET7C	BACH1	KLHL31
MIR98	MIRLET7C	BACH1	GAN
MIR98	MIRLET7C	KLHL31	GAN
MIR98	MIRLET7C	RUFY3	ZFYVE26
MIR98	MIRLET7C	CPEB2	CPEB1
MIR98	MIRLET7D	DDX19A	DDX19B
MIR98	MIRLET7D	SLC25A24	SLC25A27
MIR98	MIRLET7D	PRTG	IGDCC3
MIR98	MIRLET7D	RDX	FRMD4B
MIR98	MIRLET7D	ZFYVE16	RUFY3
MIR98	MIRLET7D	ZFYVE16	ZFYVE26
MIR98	MIRLET7D	MAP3K1	MAP4K3
MIR98	MIRLET7D	LGR4	LRIG3
MIR98	MIRLET7D	LGR4	LRIG2
MIR98	MIRLET7D	CCND2	CCNJ
MIR98	MIRLET7D	BACH1	KLHL31
MIR98	MIRLET7D	BACH1	GAN
MIR98	MIRLET7D	KLHL31	GAN
MIR98	MIRLET7D	RUFY3	ZFYVE26
MIR98	MIRLET7D	CPEB2	CPEB1
MIR98	MIRLET7E	DDX19A	DDX19B
MIR98	MIRLET7E	SLC25A24	SLC25A27
MIR98	MIRLET7E	PRTG	IGDCC3
MIR98	MIRLET7E	RDX	FRMD4B
MIR98	MIRLET7E	E2F6	E2F5
MIR98	MIRLET7E	MAP3K1	MAP4K3
MIR98	MIRLET7E	LGR4	LRIG3
MIR98	MIRLET7E	LGR4	LRIG2
MIR98	MIRLET7E	CCND2	CCNJ
MIR98	MIRLET7E	BACH1	KLHL31
MIR98	MIRLET7E	BACH1	GAN
MIR98	MIRLET7E	KLHL31	GAN
MIR98	MIRLET7E	RUFY3	ZFYVE26
MIR98	MIRLET7E	CPEB2	CPEB1
MIR98	MIRLET7F2	DDX19A	DDX19B
MIR98	MIRLET7F2	SLC25A24	SLC25A27
MIR98	MIRLET7F2	PRTG	IGDCC3
MIR98	MIRLET7F2	RDX	FRMD4B
MIR98	MIRLET7F2	SMARCAD1	ATRX
MIR98	MIRLET7F2	E2F6	E2F5
MIR98	MIRLET7F2	MAP3K1	MAP4K3
MIR98	MIRLET7F2	LGR4	LRIG3
MIR98	MIRLET7F2	LGR4	LRIG2
MIR98	MIRLET7F2	CCND2	CCNJ
MIR98	MIRLET7F2	BACH1	KLHL31
MIR98	MIRLET7F2	BACH1	GAN
MIR98	MIRLET7F2	KLHL31	GAN
MIR98	MIRLET7F2	RUFY3	ZFYVE26
MIR98	MIRLET7F2	CPEB2	CPEB1
MIR98	MIRLET7G	DDX19A	DDX19B
MIR98	MIRLET7G	SLC25A24	SLC25A27
MIR98	MIRLET7G	PRTG	IGDCC3
MIR98	MIRLET7G	RDX	FRMD4B
MIR98	MIRLET7G	SMARCAD1	SMARCA5
MIR98	MIRLET7G	LGR4	LRIG3
MIR98	MIRLET7G	LGR4	LRIG2
MIR98	MIRLET7G	CCND2	CCNJ
MIR98	MIRLET7G	BACH1	GAN
MIR98	MIRLET7G	PDE12	CNOT6L
MIR98	MIRLET7G	RUFY3	ZFYVE26
MIR98	MIRLET7G	CPEB2	CPEB1
MIR98	MIRLET7I	DDX19A	DDX19B
MIR98	MIRLET7I	SLC25A24	SLC25A27
MIR98	MIRLET7I	PRTG	IGDCC3
MIR98	MIRLET7I	RDX	FRMD4B
MIR98	MIRLET7I	MAP3K1	MAP4K3
MIR98	MIRLET7I	LGR4	LRIG3
MIR98	MIRLET7I	LGR4	LRIG2
MIR98	MIRLET7I	CCND2	CCNJ
MIR98	MIRLET7I	BACH1	GAN
MIR98	MIRLET7I	RUFY3	ZFYVE26
MIR98	MIRLET7I	CPEB2	CPEB1
MIRLET7A1	MIRLET7A2	USP44	USP38
MIRLET7A1	MIRLET7A2	DDX19A	DDX19B
MIRLET7A1	MIRLET7A2	SLC25A24	SLC25A27
MIRLET7A1	MIRLET7A2	NRAS	RALB
MIRLET7A1	MIRLET7A2	IGDCC4	PRTG
MIRLET7A1	MIRLET7A2	IGDCC4	IGDCC3
MIRLET7A1	MIRLET7A2	PRTG	IGDCC3
MIRLET7A1	MIRLET7A2	RDX	FRMD4B
MIRLET7A1	MIRLET7A2	TAOK1	MAP4K3
MIRLET7A1	MIRLET7A2	TAOK1	MAP3K1
MIRLET7A1	MIRLET7A2	SOCS1	SOCS6
MIRLET7A1	MIRLET7A2	SMARCAD1	SMARCA5
MIRLET7A1	MIRLET7A2	E2F6	E2F5
MIRLET7A1	MIRLET7A2	MAP3K1	MAP4K3
MIRLET7A1	MIRLET7A2	LGR4	LRIG3
MIRLET7A1	MIRLET7A2	LGR4	LRIG2
MIRLET7A1	MIRLET7A2	CCND2	CCNJ
MIRLET7A1	MIRLET7A2	BACH1	KLHL31
MIRLET7A1	MIRLET7A2	BACH1	KLHDC8B
MIRLET7A1	MIRLET7A2	BACH1	GAN
MIRLET7A1	MIRLET7A2	KLHL31	KLHDC8B
MIRLET7A1	MIRLET7A2	KLHL31	GAN
MIRLET7A1	MIRLET7A2	PDE12	CNOT6L
MIRLET7A1	MIRLET7A2	RUFY3	ZFYVE26
MIRLET7A1	MIRLET7A2	CPEB2	CPEB1
MIRLET7A1	MIRLET7A2	KLHDC8B	GAN
MIRLET7A1	MIRLET7B	USP44	USP25
MIRLET7A1	MIRLET7B	USP44	USP38
MIRLET7A1	MIRLET7B	DDX19A	DDX19B
MIRLET7A1	MIRLET7B	COL1A2	COL11A1
MIRLET7A1	MIRLET7B	MAPK6	CILK1
MIRLET7A1	MIRLET7B	PTPRE	PTPRD
MIRLET7A1	MIRLET7B	NRAS	RALB
MIRLET7A1	MIRLET7B	VEZF1	HIC2
MIRLET7A1	MIRLET7B	HECTD2	ITCH
MIRLET7A1	MIRLET7B	PRTG	NCAM1
MIRLET7A1	MIRLET7B	PRTG	IGDCC3
MIRLET7A1	MIRLET7B	RDX	FRMD4B
MIRLET7A1	MIRLET7B	TAOK1	MAP4K3
MIRLET7A1	MIRLET7B	TAOK1	MAP3K1
MIRLET7A1	MIRLET7B	SMARCAD1	ATRX
MIRLET7A1	MIRLET7B	SMARCAD1	BTAF1
MIRLET7A1	MIRLET7B	SMARCAD1	SMARCA5
MIRLET7A1	MIRLET7B	ZFYVE16	RUFY3
MIRLET7A1	MIRLET7B	ZFYVE16	ZFYVE26
MIRLET7A1	MIRLET7B	E2F6	E2F5
MIRLET7A1	MIRLET7B	MAP3K1	MAP4K3
MIRLET7A1	MIRLET7B	COL11A1	COL3A1
MIRLET7A1	MIRLET7B	LGR4	LRIG3
MIRLET7A1	MIRLET7B	LGR4	LRIG2
MIRLET7A1	MIRLET7B	BTAF1	ATRX
MIRLET7A1	MIRLET7B	BTAF1	SMARCA5
MIRLET7A1	MIRLET7B	CCND2	CCNJ
MIRLET7A1	MIRLET7B	CCND2	CCNA2
MIRLET7A1	MIRLET7B	USP25	USP38
MIRLET7A1	MIRLET7B	BACH1	GAN
MIRLET7A1	MIRLET7B	ATRX	SMARCA5
MIRLET7A1	MIRLET7B	SH3GL3	SORBS1
MIRLET7A1	MIRLET7B	TRIM71	TRIM63
MIRLET7A1	MIRLET7B	PDE12	CNOT6L
MIRLET7A1	MIRLET7B	RUFY3	ZFYVE26
MIRLET7A1	MIRLET7B	NCAM1	IGDCC3
MIRLET7A1	MIRLET7B	CCNA2	CCNJ
MIRLET7A1	MIRLET7B	CPEB2	CPEB1
MIRLET7A1	MIRLET7C	USP44	USP38
MIRLET7A1	MIRLET7C	DDX19A	DDX19B
MIRLET7A1	MIRLET7C	PRTG	IGDCC3
MIRLET7A1	MIRLET7C	RDX	FRMD4B
MIRLET7A1	MIRLET7C	TAOK1	MAP4K3
MIRLET7A1	MIRLET7C	TAOK1	MAP3K1
MIRLET7A1	MIRLET7C	SOCS1	SOCS6
MIRLET7A1	MIRLET7C	E2F6	E2F5
MIRLET7A1	MIRLET7C	MAP3K1	MAP4K3
MIRLET7A1	MIRLET7C	LGR4	LRIG3
MIRLET7A1	MIRLET7C	LGR4	LRIG2
MIRLET7A1	MIRLET7C	CCND2	CCNJ
MIRLET7A1	MIRLET7C	BACH1	KLHL31
MIRLET7A1	MIRLET7C	BACH1	GAN
MIRLET7A1	MIRLET7C	KLHL31	GAN
MIRLET7A1	MIRLET7C	RUFY3	ZFYVE26
MIRLET7A1	MIRLET7C	CPEB2	CPEB1
MIRLET7A1	MIRLET7D	USP44	USP38
MIRLET7A1	MIRLET7D	DDX19A	DDX19B
MIRLET7A1	MIRLET7D	SLC25A24	SLC25A27
MIRLET7A1	MIRLET7D	PRTG	NCAM1
MIRLET7A1	MIRLET7D	PRTG	IGDCC3
MIRLET7A1	MIRLET7D	RDX	FRMD4B
MIRLET7A1	MIRLET7D	ZFYVE16	RUFY3
MIRLET7A1	MIRLET7D	ZFYVE16	ZFYVE26
MIRLET7A1	MIRLET7D	MAP3K1	MAP4K3
MIRLET7A1	MIRLET7D	LGR4	LRIG3
MIRLET7A1	MIRLET7D	LGR4	LRIG2
MIRLET7A1	MIRLET7D	CCND2	CCNJ
MIRLET7A1	MIRLET7D	BACH1	KLHL31
MIRLET7A1	MIRLET7D	BACH1	GAN
MIRLET7A1	MIRLET7D	KLHL31	GAN
MIRLET7A1	MIRLET7D	RUFY3	ZFYVE26
MIRLET7A1	MIRLET7D	NCAM1	IGDCC3
MIRLET7A1	MIRLET7D	CPEB2	CPEB1
MIRLET7A1	MIRLET7E	USP44	USP38
MIRLET7A1	MIRLET7E	DDX19A	DDX19B
MIRLET7A1	MIRLET7E	SLC25A24	SLC25A27
MIRLET7A1	MIRLET7E	PRTG	IGDCC3
MIRLET7A1	MIRLET7E	RDX	FRMD4B
MIRLET7A1	MIRLET7E	E2F6	E2F5
MIRLET7A1	MIRLET7E	MAP3K1	MAP4K3
MIRLET7A1	MIRLET7E	LGR4	LRIG3
MIRLET7A1	MIRLET7E	LGR4	LRIG2
MIRLET7A1	MIRLET7E	CCND2	CCNJ
MIRLET7A1	MIRLET7E	BACH1	KLHL31
MIRLET7A1	MIRLET7E	BACH1	KLHDC8B
MIRLET7A1	MIRLET7E	BACH1	GAN
MIRLET7A1	MIRLET7E	KLHL31	KLHDC8B
MIRLET7A1	MIRLET7E	KLHL31	GAN
MIRLET7A1	MIRLET7E	RUFY3	ZFYVE26
MIRLET7A1	MIRLET7E	CPEB2	CPEB1
MIRLET7A1	MIRLET7E	KLHDC8B	GAN
MIRLET7A1	MIRLET7F1	CDC34	AKTIP
MIRLET7A1	MIRLET7F1	USP44	USP25
MIRLET7A1	MIRLET7F1	USP44	USP38
MIRLET7A1	MIRLET7F1	ACVR2B	TGFBR1
MIRLET7A1	MIRLET7F1	ACVR2B	ACVR1C
MIRLET7A1	MIRLET7F1	PSD3	MON2
MIRLET7A1	MIRLET7F1	DDX19A	DDX19B
MIRLET7A1	MIRLET7F1	COL1A2	COL11A1
MIRLET7A1	MIRLET7F1	MAPK6	CILK1
MIRLET7A1	MIRLET7F1	SLC25A24	SLC25A27
MIRLET7A1	MIRLET7F1	PTPRE	PTPRD
MIRLET7A1	MIRLET7F1	HECTD2	ITCH
MIRLET7A1	MIRLET7F1	PRTG	NCAM1
MIRLET7A1	MIRLET7F1	PRTG	IGDCC3
MIRLET7A1	MIRLET7F1	RDX	FRMD4B
MIRLET7A1	MIRLET7F1	TAOK1	MAP4K3
MIRLET7A1	MIRLET7F1	TAOK1	MAP3K1
MIRLET7A1	MIRLET7F1	SOCS1	SOCS6
MIRLET7A1	MIRLET7F1	SMARCAD1	ATRX
MIRLET7A1	MIRLET7F1	SMARCAD1	BTAF1
MIRLET7A1	MIRLET7F1	SMARCAD1	SMARCA5
MIRLET7A1	MIRLET7F1	ZFYVE16	RUFY3
MIRLET7A1	MIRLET7F1	ZFYVE16	ZFYVE26
MIRLET7A1	MIRLET7F1	E2F6	E2F5
MIRLET7A1	MIRLET7F1	MAP3K1	MAP4K3
MIRLET7A1	MIRLET7F1	LGR4	LRIG3
MIRLET7A1	MIRLET7F1	LGR4	LRIG2
MIRLET7A1	MIRLET7F1	BTAF1	ATRX
MIRLET7A1	MIRLET7F1	BTAF1	SMARCA5
MIRLET7A1	MIRLET7F1	CCND2	CCNJ
MIRLET7A1	MIRLET7F1	CCND2	CCNA2
MIRLET7A1	MIRLET7F1	RAB2A	RAB10
MIRLET7A1	MIRLET7F1	USP25	USP38
MIRLET7A1	MIRLET7F1	BACH1	KLHL31
MIRLET7A1	MIRLET7F1	BACH1	GAN
MIRLET7A1	MIRLET7F1	ATRX	SMARCA5
MIRLET7A1	MIRLET7F1	SH3GL3	SORBS1
MIRLET7A1	MIRLET7F1	KLHL31	GAN
MIRLET7A1	MIRLET7F1	TRIM71	TRIM63
MIRLET7A1	MIRLET7F1	PDE12	CNOT6L
MIRLET7A1	MIRLET7F1	RUFY3	ZFYVE26
MIRLET7A1	MIRLET7F1	NCAM1	IGDCC3
MIRLET7A1	MIRLET7F1	CCNA2	CCNJ
MIRLET7A1	MIRLET7F1	CPEB2	CPEB1
MIRLET7A1	MIRLET7G	USP44	USP38
MIRLET7A1	MIRLET7G	DDX19A	DDX19B
MIRLET7A1	MIRLET7G	SLC25A24	SLC25A27
MIRLET7A1	MIRLET7G	NRAS	RALB
MIRLET7A1	MIRLET7G	PRTG	IGDCC3
MIRLET7A1	MIRLET7G	RDX	FRMD4B
MIRLET7A1	MIRLET7G	SMARCAD1	SMARCA5
MIRLET7A1	MIRLET7G	LGR4	LRIG3
MIRLET7A1	MIRLET7G	LGR4	LRIG2
MIRLET7A1	MIRLET7G	CCND2	CCNJ
MIRLET7A1	MIRLET7G	BACH1	GAN
MIRLET7A1	MIRLET7G	PDE12	CNOT6L
MIRLET7A1	MIRLET7G	RUFY3	ZFYVE26
MIRLET7A1	MIRLET7G	CPEB2	CPEB1
MIRLET7A1	MIRLET7I	DDX19A	DDX19B
MIRLET7A1	MIRLET7I	SLC25A24	SLC25A27
MIRLET7A1	MIRLET7I	NRAS	RALB
MIRLET7A1	MIRLET7I	VEZF1	HIC2
MIRLET7A1	MIRLET7I	PRTG	IGDCC3
MIRLET7A1	MIRLET7I	RDX	FRMD4B
MIRLET7A1	MIRLET7I	MAP3K1	MAP4K3
MIRLET7A1	MIRLET7I	LGR4	LRIG3
MIRLET7A1	MIRLET7I	LGR4	LRIG2
MIRLET7A1	MIRLET7I	CCND2	CCNJ
MIRLET7A1	MIRLET7I	BACH1	GAN
MIRLET7A1	MIRLET7I	RUFY3	ZFYVE26
MIRLET7A1	MIRLET7I	CPEB2	CPEB1
MIRLET7A2	MIRLET7A3	USP44	USP38
MIRLET7A2	MIRLET7A3	DDX19A	DDX19B
MIRLET7A2	MIRLET7A3	SLC25A24	SLC25A27
MIRLET7A2	MIRLET7A3	NRAS	RALB
MIRLET7A2	MIRLET7A3	IGDCC4	PRTG
MIRLET7A2	MIRLET7A3	IGDCC4	IGDCC3
MIRLET7A2	MIRLET7A3	PRTG	IGDCC3
MIRLET7A2	MIRLET7A3	RDX	FRMD4B
MIRLET7A2	MIRLET7A3	TAOK1	MAP4K3
MIRLET7A2	MIRLET7A3	TAOK1	MAP3K1
MIRLET7A2	MIRLET7A3	SOCS1	SOCS6
MIRLET7A2	MIRLET7A3	SMARCAD1	SMARCA5
MIRLET7A2	MIRLET7A3	E2F6	E2F5
MIRLET7A2	MIRLET7A3	MAP3K1	MAP4K3
MIRLET7A2	MIRLET7A3	LGR4	LRIG3
MIRLET7A2	MIRLET7A3	LGR4	LRIG2
MIRLET7A2	MIRLET7A3	CCND2	CCNJ
MIRLET7A2	MIRLET7A3	BACH1	KLHL31
MIRLET7A2	MIRLET7A3	BACH1	KLHDC8B
MIRLET7A2	MIRLET7A3	BACH1	GAN
MIRLET7A2	MIRLET7A3	KLHL31	KLHDC8B
MIRLET7A2	MIRLET7A3	KLHL31	GAN
MIRLET7A2	MIRLET7A3	PDE12	CNOT6L
MIRLET7A2	MIRLET7A3	RUFY3	ZFYVE26
MIRLET7A2	MIRLET7A3	CPEB2	CPEB1
MIRLET7A2	MIRLET7A3	KLHDC8B	GAN
MIRLET7A2	MIRLET7B	USP44	USP38
MIRLET7A2	MIRLET7B	DDX19A	DDX19B
MIRLET7A2	MIRLET7B	NRAS	RALB
MIRLET7A2	MIRLET7B	PRTG	IGDCC3
MIRLET7A2	MIRLET7B	RDX	FRMD4B
MIRLET7A2	MIRLET7B	TAOK1	MAP4K3
MIRLET7A2	MIRLET7B	TAOK1	MAP3K1
MIRLET7A2	MIRLET7B	SMARCAD1	SMARCA5
MIRLET7A2	MIRLET7B	E2F6	E2F5
MIRLET7A2	MIRLET7B	MAP3K1	MAP4K3
MIRLET7A2	MIRLET7B	LGR4	LRIG3
MIRLET7A2	MIRLET7B	LGR4	LRIG2
MIRLET7A2	MIRLET7B	CCND2	CCNJ
MIRLET7A2	MIRLET7B	CPEB3	CPEB1
MIRLET7A2	MIRLET7B	BACH1	GAN
MIRLET7A2	MIRLET7B	PDE12	CNOT6L
MIRLET7A2	MIRLET7B	RUFY3	ZFYVE26
MIRLET7A2	MIRLET7B	CPEB2	CPEB1
MIRLET7A2	MIRLET7D	USP44	USP38
MIRLET7A2	MIRLET7D	ELAVL2	RBMS1
MIRLET7A2	MIRLET7D	DDX19A	DDX19B
MIRLET7A2	MIRLET7D	SLC25A24	SLC25A27
MIRLET7A2	MIRLET7D	PRTG	IGDCC3
MIRLET7A2	MIRLET7D	RDX	FRMD4B
MIRLET7A2	MIRLET7D	MAP3K1	MAP4K3
MIRLET7A2	MIRLET7D	LGR4	LRIG3
MIRLET7A2	MIRLET7D	LGR4	LRIG2
MIRLET7A2	MIRLET7D	CCND2	CCNJ
MIRLET7A2	MIRLET7D	CPEB3	CPEB1
MIRLET7A2	MIRLET7D	BACH1	KLHL31
MIRLET7A2	MIRLET7D	BACH1	GAN
MIRLET7A2	MIRLET7D	KLHL31	GAN
MIRLET7A2	MIRLET7D	RUFY3	ZFYVE26
MIRLET7A2	MIRLET7D	CPEB2	CPEB1
MIRLET7A2	MIRLET7F1	USP44	USP38
MIRLET7A2	MIRLET7F1	DDX19A	DDX19B
MIRLET7A2	MIRLET7F1	SLC25A24	SLC25A27
MIRLET7A2	MIRLET7F1	PRTG	IGDCC3
MIRLET7A2	MIRLET7F1	RDX	FRMD4B
MIRLET7A2	MIRLET7F1	TAOK1	MAP4K3
MIRLET7A2	MIRLET7F1	TAOK1	MAP3K1
MIRLET7A2	MIRLET7F1	SOCS1	SOCS6
MIRLET7A2	MIRLET7F1	SMARCAD1	SMARCA5
MIRLET7A2	MIRLET7F1	E2F6	E2F5
MIRLET7A2	MIRLET7F1	MAP3K1	MAP4K3
MIRLET7A2	MIRLET7F1	LGR4	LRIG3
MIRLET7A2	MIRLET7F1	LGR4	LRIG2
MIRLET7A2	MIRLET7F1	CCND2	CCNJ
MIRLET7A2	MIRLET7F1	BACH1	KLHL31
MIRLET7A2	MIRLET7F1	BACH1	GAN
MIRLET7A2	MIRLET7F1	KLHL31	GAN
MIRLET7A2	MIRLET7F1	PDE12	CNOT6L
MIRLET7A2	MIRLET7F1	RUFY3	ZFYVE26
MIRLET7A2	MIRLET7F1	CPEB2	CPEB1
MIRLET7A2	MIRLET7F2	USP44	USP38
MIRLET7A2	MIRLET7F2	DDX19A	DDX19B
MIRLET7A2	MIRLET7F2	SLC25A24	SLC25A27
MIRLET7A2	MIRLET7F2	PRTG	IGDCC3
MIRLET7A2	MIRLET7F2	RDX	FRMD4B
MIRLET7A2	MIRLET7F2	SOCS1	SOCS6
MIRLET7A2	MIRLET7F2	E2F6	E2F5
MIRLET7A2	MIRLET7F2	MAP3K1	MAP4K3
MIRLET7A2	MIRLET7F2	LGR4	LRIG3
MIRLET7A2	MIRLET7F2	LGR4	LRIG2
MIRLET7A2	MIRLET7F2	CCND2	CCNJ
MIRLET7A2	MIRLET7F2	BACH1	KLHL31
MIRLET7A2	MIRLET7F2	BACH1	GAN
MIRLET7A2	MIRLET7F2	KLHL31	GAN
MIRLET7A2	MIRLET7F2	RUFY3	ZFYVE26
MIRLET7A2	MIRLET7F2	CPEB2	CPEB1
MIRLET7A2	MIRLET7G	HDX	POU2F1
MIRLET7A2	MIRLET7G	USP44	USP42
MIRLET7A2	MIRLET7G	USP44	USP15
MIRLET7A2	MIRLET7G	USP44	USP38
MIRLET7A2	MIRLET7G	HIVEP1	SALL1
MIRLET7A2	MIRLET7G	HIVEP1	BCL11B
MIRLET7A2	MIRLET7G	ELAVL2	RBMS1
MIRLET7A2	MIRLET7G	DDX19A	DDX19B
MIRLET7A2	MIRLET7G	SLC25A24	SLC25A27
MIRLET7A2	MIRLET7G	NRAS	RALB
MIRLET7A2	MIRLET7G	ATP13A3	ATP2A2
MIRLET7A2	MIRLET7G	SALL1	BCL11B
MIRLET7A2	MIRLET7G	PRTG	NEO1
MIRLET7A2	MIRLET7G	PRTG	IGDCC3
MIRLET7A2	MIRLET7G	RDX	FRMD4B
MIRLET7A2	MIRLET7G	SNX9	SNX2
MIRLET7A2	MIRLET7G	SMARCAD1	SMARCA5
MIRLET7A2	MIRLET7G	CUL5	CUL1
MIRLET7A2	MIRLET7G	USP15	USP42
MIRLET7A2	MIRLET7G	USP15	USP38
MIRLET7A2	MIRLET7G	LGR4	LRIG3
MIRLET7A2	MIRLET7G	LGR4	LRIG1
MIRLET7A2	MIRLET7G	LGR4	LRIG2
MIRLET7A2	MIRLET7G	USP42	USP38
MIRLET7A2	MIRLET7G	CCND2	CCNJ
MIRLET7A2	MIRLET7G	ZNF148	HIC2
MIRLET7A2	MIRLET7G	CPEB3	CPEB1
MIRLET7A2	MIRLET7G	CIT	ROCK1
MIRLET7A2	MIRLET7G	BACH2	GAN
MIRLET7A2	MIRLET7G	BACH1	GAN
MIRLET7A2	MIRLET7G	PDE12	CNOT6L
MIRLET7A2	MIRLET7G	RUFY3	ZFYVE26
MIRLET7A2	MIRLET7G	CPEB2	CPEB1
MIRLET7A2	MIRLET7G	IGDCC3	NEO1
MIRLET7A2	MIRLET7I	DDX19A	DDX19B
MIRLET7A2	MIRLET7I	SLC25A24	SLC25A27
MIRLET7A2	MIRLET7I	NRAS	RALB
MIRLET7A2	MIRLET7I	PRTG	IGDCC3
MIRLET7A2	MIRLET7I	RDX	FRMD4B
MIRLET7A2	MIRLET7I	MAP3K1	MAP4K3
MIRLET7A2	MIRLET7I	LGR4	LRIG3
MIRLET7A2	MIRLET7I	LGR4	LRIG2
MIRLET7A2	MIRLET7I	CCND2	CCNJ
MIRLET7A2	MIRLET7I	CPEB3	CPEB1
MIRLET7A2	MIRLET7I	BACH1	GAN
MIRLET7A2	MIRLET7I	RUFY3	ZFYVE26
MIRLET7A2	MIRLET7I	CPEB2	CPEB1
MIRLET7A3	MIRLET7B	USP44	USP25
MIRLET7A3	MIRLET7B	USP44	USP38
MIRLET7A3	MIRLET7B	DDX19A	DDX19B
MIRLET7A3	MIRLET7B	COL1A2	COL11A1
MIRLET7A3	MIRLET7B	MAPK6	CILK1
MIRLET7A3	MIRLET7B	PTPRE	PTPRD
MIRLET7A3	MIRLET7B	NRAS	RALB
MIRLET7A3	MIRLET7B	VEZF1	HIC2
MIRLET7A3	MIRLET7B	HECTD2	ITCH
MIRLET7A3	MIRLET7B	PRTG	NCAM1
MIRLET7A3	MIRLET7B	PRTG	IGDCC3
MIRLET7A3	MIRLET7B	RDX	FRMD4B
MIRLET7A3	MIRLET7B	TAOK1	MAP4K3
MIRLET7A3	MIRLET7B	TAOK1	MAP3K1
MIRLET7A3	MIRLET7B	SMARCAD1	ATRX
MIRLET7A3	MIRLET7B	SMARCAD1	BTAF1
MIRLET7A3	MIRLET7B	SMARCAD1	SMARCA5
MIRLET7A3	MIRLET7B	ZFYVE16	RUFY3
MIRLET7A3	MIRLET7B	ZFYVE16	ZFYVE26
MIRLET7A3	MIRLET7B	E2F6	E2F5
MIRLET7A3	MIRLET7B	MAP3K1	MAP4K3
MIRLET7A3	MIRLET7B	COL11A1	COL3A1
MIRLET7A3	MIRLET7B	LGR4	LRIG3
MIRLET7A3	MIRLET7B	LGR4	LRIG2
MIRLET7A3	MIRLET7B	BTAF1	ATRX
MIRLET7A3	MIRLET7B	BTAF1	SMARCA5
MIRLET7A3	MIRLET7B	CCND2	CCNJ
MIRLET7A3	MIRLET7B	CCND2	CCNA2
MIRLET7A3	MIRLET7B	USP25	USP38
MIRLET7A3	MIRLET7B	BACH1	GAN
MIRLET7A3	MIRLET7B	ATRX	SMARCA5
MIRLET7A3	MIRLET7B	SH3GL3	SORBS1
MIRLET7A3	MIRLET7B	TRIM71	TRIM63
MIRLET7A3	MIRLET7B	PDE12	CNOT6L
MIRLET7A3	MIRLET7B	RUFY3	ZFYVE26
MIRLET7A3	MIRLET7B	NCAM1	IGDCC3
MIRLET7A3	MIRLET7B	CCNA2	CCNJ
MIRLET7A3	MIRLET7B	CPEB2	CPEB1
MIRLET7A3	MIRLET7C	USP44	USP38
MIRLET7A3	MIRLET7C	DDX19A	DDX19B
MIRLET7A3	MIRLET7C	PRTG	IGDCC3
MIRLET7A3	MIRLET7C	RDX	FRMD4B
MIRLET7A3	MIRLET7C	TAOK1	MAP4K3
MIRLET7A3	MIRLET7C	TAOK1	MAP3K1
MIRLET7A3	MIRLET7C	SOCS1	SOCS6
MIRLET7A3	MIRLET7C	E2F6	E2F5
MIRLET7A3	MIRLET7C	MAP3K1	MAP4K3
MIRLET7A3	MIRLET7C	LGR4	LRIG3
MIRLET7A3	MIRLET7C	LGR4	LRIG2
MIRLET7A3	MIRLET7C	CCND2	CCNJ
MIRLET7A3	MIRLET7C	BACH1	KLHL31
MIRLET7A3	MIRLET7C	BACH1	GAN
MIRLET7A3	MIRLET7C	KLHL31	GAN
MIRLET7A3	MIRLET7C	RUFY3	ZFYVE26
MIRLET7A3	MIRLET7C	CPEB2	CPEB1
MIRLET7A3	MIRLET7D	USP44	USP38
MIRLET7A3	MIRLET7D	DDX19A	DDX19B
MIRLET7A3	MIRLET7D	SLC25A24	SLC25A27
MIRLET7A3	MIRLET7D	PRTG	NCAM1
MIRLET7A3	MIRLET7D	PRTG	IGDCC3
MIRLET7A3	MIRLET7D	RDX	FRMD4B
MIRLET7A3	MIRLET7D	ZFYVE16	RUFY3
MIRLET7A3	MIRLET7D	ZFYVE16	ZFYVE26
MIRLET7A3	MIRLET7D	MAP3K1	MAP4K3
MIRLET7A3	MIRLET7D	LGR4	LRIG3
MIRLET7A3	MIRLET7D	LGR4	LRIG2
MIRLET7A3	MIRLET7D	CCND2	CCNJ
MIRLET7A3	MIRLET7D	BACH1	KLHL31
MIRLET7A3	MIRLET7D	BACH1	GAN
MIRLET7A3	MIRLET7D	KLHL31	GAN
MIRLET7A3	MIRLET7D	RUFY3	ZFYVE26
MIRLET7A3	MIRLET7D	NCAM1	IGDCC3
MIRLET7A3	MIRLET7D	CPEB2	CPEB1
MIRLET7A3	MIRLET7E	USP44	USP38
MIRLET7A3	MIRLET7E	DDX19A	DDX19B
MIRLET7A3	MIRLET7E	SLC25A24	SLC25A27
MIRLET7A3	MIRLET7E	PRTG	IGDCC3
MIRLET7A3	MIRLET7E	RDX	FRMD4B
MIRLET7A3	MIRLET7E	E2F6	E2F5
MIRLET7A3	MIRLET7E	MAP3K1	MAP4K3
MIRLET7A3	MIRLET7E	LGR4	LRIG3
MIRLET7A3	MIRLET7E	LGR4	LRIG2
MIRLET7A3	MIRLET7E	CCND2	CCNJ
MIRLET7A3	MIRLET7E	BACH1	KLHL31
MIRLET7A3	MIRLET7E	BACH1	KLHDC8B
MIRLET7A3	MIRLET7E	BACH1	GAN
MIRLET7A3	MIRLET7E	KLHL31	KLHDC8B
MIRLET7A3	MIRLET7E	KLHL31	GAN
MIRLET7A3	MIRLET7E	RUFY3	ZFYVE26
MIRLET7A3	MIRLET7E	CPEB2	CPEB1
MIRLET7A3	MIRLET7E	KLHDC8B	GAN
MIRLET7A3	MIRLET7F1	CDC34	AKTIP
MIRLET7A3	MIRLET7F1	USP44	USP25
MIRLET7A3	MIRLET7F1	USP44	USP38
MIRLET7A3	MIRLET7F1	ACVR2B	TGFBR1
MIRLET7A3	MIRLET7F1	ACVR2B	ACVR1C
MIRLET7A3	MIRLET7F1	PSD3	MON2
MIRLET7A3	MIRLET7F1	DDX19A	DDX19B
MIRLET7A3	MIRLET7F1	COL1A2	COL11A1
MIRLET7A3	MIRLET7F1	MAPK6	CILK1
MIRLET7A3	MIRLET7F1	SLC25A24	SLC25A27
MIRLET7A3	MIRLET7F1	PTPRE	PTPRD
MIRLET7A3	MIRLET7F1	HECTD2	ITCH
MIRLET7A3	MIRLET7F1	PRTG	NCAM1
MIRLET7A3	MIRLET7F1	PRTG	IGDCC3
MIRLET7A3	MIRLET7F1	RDX	FRMD4B
MIRLET7A3	MIRLET7F1	TAOK1	MAP4K3
MIRLET7A3	MIRLET7F1	TAOK1	MAP3K1
MIRLET7A3	MIRLET7F1	SOCS1	SOCS6
MIRLET7A3	MIRLET7F1	SMARCAD1	ATRX
MIRLET7A3	MIRLET7F1	SMARCAD1	BTAF1
MIRLET7A3	MIRLET7F1	SMARCAD1	SMARCA5
MIRLET7A3	MIRLET7F1	ZFYVE16	RUFY3
MIRLET7A3	MIRLET7F1	ZFYVE16	ZFYVE26
MIRLET7A3	MIRLET7F1	E2F6	E2F5
MIRLET7A3	MIRLET7F1	MAP3K1	MAP4K3
MIRLET7A3	MIRLET7F1	LGR4	LRIG3
MIRLET7A3	MIRLET7F1	LGR4	LRIG2
MIRLET7A3	MIRLET7F1	BTAF1	ATRX
MIRLET7A3	MIRLET7F1	BTAF1	SMARCA5
MIRLET7A3	MIRLET7F1	CCND2	CCNJ
MIRLET7A3	MIRLET7F1	CCND2	CCNA2
MIRLET7A3	MIRLET7F1	RAB2A	RAB10
MIRLET7A3	MIRLET7F1	USP25	USP38
MIRLET7A3	MIRLET7F1	BACH1	KLHL31
MIRLET7A3	MIRLET7F1	BACH1	GAN
MIRLET7A3	MIRLET7F1	ATRX	SMARCA5
MIRLET7A3	MIRLET7F1	SH3GL3	SORBS1
MIRLET7A3	MIRLET7F1	KLHL31	GAN
MIRLET7A3	MIRLET7F1	TRIM71	TRIM63
MIRLET7A3	MIRLET7F1	PDE12	CNOT6L
MIRLET7A3	MIRLET7F1	RUFY3	ZFYVE26
MIRLET7A3	MIRLET7F1	NCAM1	IGDCC3
MIRLET7A3	MIRLET7F1	CCNA2	CCNJ
MIRLET7A3	MIRLET7F1	CPEB2	CPEB1
MIRLET7A3	MIRLET7G	USP44	USP38
MIRLET7A3	MIRLET7G	DDX19A	DDX19B
MIRLET7A3	MIRLET7G	SLC25A24	SLC25A27
MIRLET7A3	MIRLET7G	NRAS	RALB
MIRLET7A3	MIRLET7G	PRTG	IGDCC3
MIRLET7A3	MIRLET7G	RDX	FRMD4B
MIRLET7A3	MIRLET7G	SMARCAD1	SMARCA5
MIRLET7A3	MIRLET7G	LGR4	LRIG3
MIRLET7A3	MIRLET7G	LGR4	LRIG2
MIRLET7A3	MIRLET7G	CCND2	CCNJ
MIRLET7A3	MIRLET7G	BACH1	GAN
MIRLET7A3	MIRLET7G	PDE12	CNOT6L
MIRLET7A3	MIRLET7G	RUFY3	ZFYVE26
MIRLET7A3	MIRLET7G	CPEB2	CPEB1
MIRLET7A3	MIRLET7I	DDX19A	DDX19B
MIRLET7A3	MIRLET7I	SLC25A24	SLC25A27
MIRLET7A3	MIRLET7I	NRAS	RALB
MIRLET7A3	MIRLET7I	VEZF1	HIC2
MIRLET7A3	MIRLET7I	PRTG	IGDCC3
MIRLET7A3	MIRLET7I	RDX	FRMD4B
MIRLET7A3	MIRLET7I	MAP3K1	MAP4K3
MIRLET7A3	MIRLET7I	LGR4	LRIG3
MIRLET7A3	MIRLET7I	LGR4	LRIG2
MIRLET7A3	MIRLET7I	CCND2	CCNJ
MIRLET7A3	MIRLET7I	BACH1	GAN
MIRLET7A3	MIRLET7I	RUFY3	ZFYVE26
MIRLET7A3	MIRLET7I	CPEB2	CPEB1
MIRLET7C	MIRLET7B	USP44	USP38
MIRLET7C	MIRLET7B	DDX19A	DDX19B
MIRLET7C	MIRLET7B	PRTG	IGDCC3
MIRLET7C	MIRLET7B	RDX	FRMD4B
MIRLET7C	MIRLET7B	TAOK1	MAP4K3
MIRLET7C	MIRLET7B	TAOK1	MAP3K1
MIRLET7C	MIRLET7B	E2F6	E2F5
MIRLET7C	MIRLET7B	MAP3K1	MAP4K3
MIRLET7C	MIRLET7B	LGR4	LRIG3
MIRLET7C	MIRLET7B	LGR4	LRIG2
MIRLET7C	MIRLET7B	CCND2	CCNJ
MIRLET7C	MIRLET7B	BACH1	GAN
MIRLET7C	MIRLET7B	RUFY3	ZFYVE26
MIRLET7C	MIRLET7B	CPEB2	CPEB1
MIRLET7C	MIRLET7D	USP44	USP38
MIRLET7C	MIRLET7D	DDX19A	DDX19B
MIRLET7C	MIRLET7D	PRTG	IGDCC3
MIRLET7C	MIRLET7D	RDX	FRMD4B
MIRLET7C	MIRLET7D	MAP3K1	MAP4K3
MIRLET7C	MIRLET7D	LGR4	LRIG3
MIRLET7C	MIRLET7D	LGR4	LRIG2
MIRLET7C	MIRLET7D	CCND2	CCNJ
MIRLET7C	MIRLET7D	BACH1	KLHL31
MIRLET7C	MIRLET7D	BACH1	GAN
MIRLET7C	MIRLET7D	KLHL31	GAN
MIRLET7C	MIRLET7D	RUFY3	ZFYVE26
MIRLET7C	MIRLET7D	CPEB2	CPEB1
MIRLET7C	MIRLET7F1	USP44	USP38
MIRLET7C	MIRLET7F1	DDX19A	DDX19B
MIRLET7C	MIRLET7F1	PRTG	IGDCC3
MIRLET7C	MIRLET7F1	RDX	FRMD4B
MIRLET7C	MIRLET7F1	TAOK1	MAP4K3
MIRLET7C	MIRLET7F1	TAOK1	MAP3K1
MIRLET7C	MIRLET7F1	SOCS1	SOCS6
MIRLET7C	MIRLET7F1	E2F6	E2F5
MIRLET7C	MIRLET7F1	MAP3K1	MAP4K3
MIRLET7C	MIRLET7F1	LGR4	LRIG3
MIRLET7C	MIRLET7F1	LGR4	LRIG2
MIRLET7C	MIRLET7F1	CCND2	CCNJ
MIRLET7C	MIRLET7F1	BACH1	KLHL31
MIRLET7C	MIRLET7F1	BACH1	GAN
MIRLET7C	MIRLET7F1	KLHL31	GAN
MIRLET7C	MIRLET7F1	RUFY3	ZFYVE26
MIRLET7C	MIRLET7F1	CPEB2	CPEB1
MIRLET7C	MIRLET7F2	USP44	USP38
MIRLET7C	MIRLET7F2	DDX19A	DDX19B
MIRLET7C	MIRLET7F2	NRAS	RAP1B
MIRLET7C	MIRLET7F2	PRTG	IGDCC3
MIRLET7C	MIRLET7F2	RDX	FRMD4B
MIRLET7C	MIRLET7F2	SOCS1	SOCS6
MIRLET7C	MIRLET7F2	E2F6	E2F5
MIRLET7C	MIRLET7F2	MAP3K1	MAP4K3
MIRLET7C	MIRLET7F2	LGR4	LRIG3
MIRLET7C	MIRLET7F2	LGR4	LRIG2
MIRLET7C	MIRLET7F2	CCND2	CCNJ
MIRLET7C	MIRLET7F2	BACH1	KLHL31
MIRLET7C	MIRLET7F2	BACH1	GAN
MIRLET7C	MIRLET7F2	KLHL31	GAN
MIRLET7C	MIRLET7F2	RUFY3	ZFYVE26
MIRLET7C	MIRLET7F2	CPEB2	CPEB1
MIRLET7C	MIRLET7G	USP44	USP38
MIRLET7C	MIRLET7G	DDX19A	DDX19B
MIRLET7C	MIRLET7G	PRTG	IGDCC3
MIRLET7C	MIRLET7G	RDX	FRMD4B
MIRLET7C	MIRLET7G	LGR4	LRIG3
MIRLET7C	MIRLET7G	LGR4	LRIG1
MIRLET7C	MIRLET7G	LGR4	LRIG2
MIRLET7C	MIRLET7G	CCND2	CCNJ
MIRLET7C	MIRLET7G	ZNF148	HIC2
MIRLET7C	MIRLET7G	BACH1	GAN
MIRLET7C	MIRLET7G	RUFY3	ZFYVE26
MIRLET7C	MIRLET7G	CPEB2	CPEB1
MIRLET7C	MIRLET7I	DDX19A	DDX19B
MIRLET7C	MIRLET7I	NRAS	RAP1B
MIRLET7C	MIRLET7I	PRTG	IGDCC3
MIRLET7C	MIRLET7I	RDX	FRMD4B
MIRLET7C	MIRLET7I	MAP3K1	MAP4K3
MIRLET7C	MIRLET7I	LGR4	LRIG3
MIRLET7C	MIRLET7I	LGR4	LRIG2
MIRLET7C	MIRLET7I	CCND2	CCNJ
MIRLET7C	MIRLET7I	BACH1	GAN
MIRLET7C	MIRLET7I	RUFY3	ZFYVE26
MIRLET7C	MIRLET7I	CPEB2	CPEB1
MIRLET7D	MIRLET7B	USP44	USP38
MIRLET7D	MIRLET7B	DDX19A	DDX19B
MIRLET7D	MIRLET7B	PRTG	NCAM1
MIRLET7D	MIRLET7B	PRTG	IGDCC3
MIRLET7D	MIRLET7B	RDX	FRMD4B
MIRLET7D	MIRLET7B	ZFYVE16	RUFY3
MIRLET7D	MIRLET7B	ZFYVE16	ZFYVE26
MIRLET7D	MIRLET7B	MAP3K1	MAP4K3
MIRLET7D	MIRLET7B	LGR4	LRIG3
MIRLET7D	MIRLET7B	LGR4	LRIG2
MIRLET7D	MIRLET7B	CCND2	CCNJ
MIRLET7D	MIRLET7B	CPEB3	CPEB1
MIRLET7D	MIRLET7B	BACH1	GAN
MIRLET7D	MIRLET7B	RUFY3	ZFYVE26
MIRLET7D	MIRLET7B	NCAM1	IGDCC3
MIRLET7D	MIRLET7B	CPEB2	CPEB1
MIRLET7D	MIRLET7E	USP44	USP38
MIRLET7D	MIRLET7E	DDX19A	DDX19B
MIRLET7D	MIRLET7E	SLC25A24	SLC25A27
MIRLET7D	MIRLET7E	PRTG	IGDCC3
MIRLET7D	MIRLET7E	RDX	FRMD4B
MIRLET7D	MIRLET7E	MAP3K1	MAP4K3
MIRLET7D	MIRLET7E	LGR4	LRIG3
MIRLET7D	MIRLET7E	LGR4	LRIG2
MIRLET7D	MIRLET7E	CCND2	CCNJ
MIRLET7D	MIRLET7E	CPEB3	CPEB1
MIRLET7D	MIRLET7E	BACH1	KLHL31
MIRLET7D	MIRLET7E	BACH1	GAN
MIRLET7D	MIRLET7E	KLHL31	GAN
MIRLET7D	MIRLET7E	RUFY3	ZFYVE26
MIRLET7D	MIRLET7E	CPEB2	CPEB1
MIRLET7D	MIRLET7F1	USP44	USP38
MIRLET7D	MIRLET7F1	DDX19A	DDX19B
MIRLET7D	MIRLET7F1	SLC25A24	SLC25A27
MIRLET7D	MIRLET7F1	PRTG	NCAM1
MIRLET7D	MIRLET7F1	PRTG	IGDCC3
MIRLET7D	MIRLET7F1	RDX	FRMD4B
MIRLET7D	MIRLET7F1	ZFYVE16	RUFY3
MIRLET7D	MIRLET7F1	ZFYVE16	ZFYVE26
MIRLET7D	MIRLET7F1	MAP3K1	MAP4K3
MIRLET7D	MIRLET7F1	LGR4	LRIG3
MIRLET7D	MIRLET7F1	LGR4	LRIG2
MIRLET7D	MIRLET7F1	CCND2	CCNJ
MIRLET7D	MIRLET7F1	BACH1	KLHL31
MIRLET7D	MIRLET7F1	BACH1	GAN
MIRLET7D	MIRLET7F1	KLHL31	GAN
MIRLET7D	MIRLET7F1	RUFY3	ZFYVE26
MIRLET7D	MIRLET7F1	NCAM1	IGDCC3
MIRLET7D	MIRLET7F1	CPEB2	CPEB1
MIRLET7D	MIRLET7F2	USP44	USP38
MIRLET7D	MIRLET7F2	DDX19A	DDX19B
MIRLET7D	MIRLET7F2	SLC25A24	SLC25A27
MIRLET7D	MIRLET7F2	PRTG	IGDCC3
MIRLET7D	MIRLET7F2	RDX	FRMD4B
MIRLET7D	MIRLET7F2	MAP3K1	MAP4K3
MIRLET7D	MIRLET7F2	LGR4	LRIG3
MIRLET7D	MIRLET7F2	LGR4	LRIG2
MIRLET7D	MIRLET7F2	CCND2	CCNJ
MIRLET7D	MIRLET7F2	BACH1	KLHL31
MIRLET7D	MIRLET7F2	BACH1	GAN
MIRLET7D	MIRLET7F2	KLHL31	GAN
MIRLET7D	MIRLET7F2	RUFY3	ZFYVE26
MIRLET7D	MIRLET7F2	CPEB2	CPEB1
MIRLET7E	MIRLET7B	USP44	USP38
MIRLET7E	MIRLET7B	DDX19A	DDX19B
MIRLET7E	MIRLET7B	PRTG	IGDCC3
MIRLET7E	MIRLET7B	RDX	FRMD4B
MIRLET7E	MIRLET7B	E2F6	E2F5
MIRLET7E	MIRLET7B	MAP3K1	MAP4K3
MIRLET7E	MIRLET7B	LGR4	LRIG3
MIRLET7E	MIRLET7B	LGR4	LRIG2
MIRLET7E	MIRLET7B	CCND2	CCNJ
MIRLET7E	MIRLET7B	CPEB3	CPEB1
MIRLET7E	MIRLET7B	BACH1	GAN
MIRLET7E	MIRLET7B	RUFY3	ZFYVE26
MIRLET7E	MIRLET7B	CPEB2	CPEB1
MIRLET7E	MIRLET7F1	USP44	USP38
MIRLET7E	MIRLET7F1	DDX19A	DDX19B
MIRLET7E	MIRLET7F1	SLC25A24	SLC25A27
MIRLET7E	MIRLET7F1	PRTG	IGDCC3
MIRLET7E	MIRLET7F1	RDX	FRMD4B
MIRLET7E	MIRLET7F1	E2F6	E2F5
MIRLET7E	MIRLET7F1	MAP3K1	MAP4K3
MIRLET7E	MIRLET7F1	LGR4	LRIG3
MIRLET7E	MIRLET7F1	LGR4	LRIG2
MIRLET7E	MIRLET7F1	CCND2	CCNJ
MIRLET7E	MIRLET7F1	BACH1	KLHL31
MIRLET7E	MIRLET7F1	BACH1	GAN
MIRLET7E	MIRLET7F1	KLHL31	GAN
MIRLET7E	MIRLET7F1	RUFY3	ZFYVE26
MIRLET7E	MIRLET7F1	CPEB2	CPEB1
MIRLET7E	MIRLET7F2	USP44	USP38
MIRLET7E	MIRLET7F2	DDX19A	DDX19B
MIRLET7E	MIRLET7F2	SLC25A24	SLC25A27
MIRLET7E	MIRLET7F2	NRAS	RAP1B
MIRLET7E	MIRLET7F2	PRTG	IGDCC3
MIRLET7E	MIRLET7F2	RDX	FRMD4B
MIRLET7E	MIRLET7F2	E2F6	E2F5
MIRLET7E	MIRLET7F2	MAP3K1	MAP4K3
MIRLET7E	MIRLET7F2	LGR4	LRIG3
MIRLET7E	MIRLET7F2	LGR4	LRIG2
MIRLET7E	MIRLET7F2	CCND2	CCNJ
MIRLET7E	MIRLET7F2	BACH1	KLHL31
MIRLET7E	MIRLET7F2	BACH1	GAN
MIRLET7E	MIRLET7F2	KLHL31	GAN
MIRLET7E	MIRLET7F2	RUFY3	ZFYVE26
MIRLET7E	MIRLET7F2	CPEB2	CPEB1
MIRLET7E	MIRLET7G	CDC34	UBE2G1
MIRLET7E	MIRLET7G	USP44	USP15
MIRLET7E	MIRLET7G	USP44	USP38
MIRLET7E	MIRLET7G	DDX19A	DDX19B
MIRLET7E	MIRLET7G	SLC25A24	SLC25A27
MIRLET7E	MIRLET7G	PRTG	NEO1
MIRLET7E	MIRLET7G	PRTG	IGDCC3
MIRLET7E	MIRLET7G	RDX	FRMD4B
MIRLET7E	MIRLET7G	USP15	USP38
MIRLET7E	MIRLET7G	LGR4	LRIG3
MIRLET7E	MIRLET7G	LGR4	LRIG2
MIRLET7E	MIRLET7G	CCND2	CCNJ
MIRLET7E	MIRLET7G	CPEB3	CPEB1
MIRLET7E	MIRLET7G	BACH1	GAN
MIRLET7E	MIRLET7G	RUFY3	ZFYVE26
MIRLET7E	MIRLET7G	CPEB2	CPEB1
MIRLET7E	MIRLET7G	IGDCC3	NEO1
MIRLET7E	MIRLET7I	DDX19A	DDX19B
MIRLET7E	MIRLET7I	SLC25A24	SLC25A27
MIRLET7E	MIRLET7I	NRAS	RAP1B
MIRLET7E	MIRLET7I	PRTG	IGDCC3
MIRLET7E	MIRLET7I	RDX	FRMD4B
MIRLET7E	MIRLET7I	MAP3K1	MAP4K3
MIRLET7E	MIRLET7I	LGR4	LRIG3
MIRLET7E	MIRLET7I	LGR4	LRIG2
MIRLET7E	MIRLET7I	CCND2	CCNJ
MIRLET7E	MIRLET7I	CPEB3	CPEB1
MIRLET7E	MIRLET7I	BACH1	GAN
MIRLET7E	MIRLET7I	RUFY3	ZFYVE26
MIRLET7E	MIRLET7I	CPEB2	CPEB1
MIRLET7F2	MIRLET7B	USP44	USP38
MIRLET7F2	MIRLET7B	DDX19A	DDX19B
MIRLET7F2	MIRLET7B	PRTG	IGDCC3
MIRLET7F2	MIRLET7B	RDX	FRMD4B
MIRLET7F2	MIRLET7B	SMARCAD1	ATRX
MIRLET7F2	MIRLET7B	E2F6	E2F5
MIRLET7F2	MIRLET7B	MAP3K1	MAP4K3
MIRLET7F2	MIRLET7B	LGR4	LRIG3
MIRLET7F2	MIRLET7B	LGR4	LRIG2
MIRLET7F2	MIRLET7B	CCND2	CCNJ
MIRLET7F2	MIRLET7B	BACH1	GAN
MIRLET7F2	MIRLET7B	RUFY3	ZFYVE26
MIRLET7F2	MIRLET7B	CPEB2	CPEB1
MIRLET7F2	MIRLET7F1	USP44	USP38
MIRLET7F2	MIRLET7F1	DDX19A	DDX19B
MIRLET7F2	MIRLET7F1	SLC25A24	SLC25A27
MIRLET7F2	MIRLET7F1	PRTG	IGDCC3
MIRLET7F2	MIRLET7F1	RDX	FRMD4B
MIRLET7F2	MIRLET7F1	SOCS1	SOCS6
MIRLET7F2	MIRLET7F1	SMARCAD1	ATRX
MIRLET7F2	MIRLET7F1	E2F6	E2F5
MIRLET7F2	MIRLET7F1	MAP3K1	MAP4K3
MIRLET7F2	MIRLET7F1	LGR4	LRIG3
MIRLET7F2	MIRLET7F1	LGR4	LRIG2
MIRLET7F2	MIRLET7F1	CCND2	CCNJ
MIRLET7F2	MIRLET7F1	BACH1	KLHL31
MIRLET7F2	MIRLET7F1	BACH1	GAN
MIRLET7F2	MIRLET7F1	KLHL31	GAN
MIRLET7F2	MIRLET7F1	RUFY3	ZFYVE26
MIRLET7F2	MIRLET7F1	CPEB2	CPEB1
MIRLET7F2	MIRLET7G	USP44	USP38
MIRLET7F2	MIRLET7G	DDX19A	DDX19B
MIRLET7F2	MIRLET7G	SLC25A24	SLC25A27
MIRLET7F2	MIRLET7G	PRTG	IGDCC3
MIRLET7F2	MIRLET7G	RDX	FRMD4B
MIRLET7F2	MIRLET7G	LGR4	LRIG3
MIRLET7F2	MIRLET7G	LGR4	LRIG2
MIRLET7F2	MIRLET7G	CCND2	CCNJ
MIRLET7F2	MIRLET7G	BACH1	GAN
MIRLET7F2	MIRLET7G	RUFY3	ZFYVE26
MIRLET7F2	MIRLET7G	CPEB2	CPEB1
MIRLET7F2	MIRLET7I	DDX19A	DDX19B
MIRLET7F2	MIRLET7I	SLC25A24	SLC25A27
MIRLET7F2	MIRLET7I	NRAS	RAP1B
MIRLET7F2	MIRLET7I	PRTG	IGDCC3
MIRLET7F2	MIRLET7I	RDX	FRMD4B
MIRLET7F2	MIRLET7I	MAP3K1	MAP4K3
MIRLET7F2	MIRLET7I	LGR4	LRIG3
MIRLET7F2	MIRLET7I	LGR4	LRIG2
MIRLET7F2	MIRLET7I	CCND2	CCNJ
MIRLET7F2	MIRLET7I	BACH1	GAN
MIRLET7F2	MIRLET7I	RUFY3	ZFYVE26
MIRLET7F2	MIRLET7I	CPEB2	CPEB1
MIRLET7G	MIRLET7B	USP44	USP38
MIRLET7G	MIRLET7B	DDX19A	DDX19B
MIRLET7G	MIRLET7B	NRAS	RALB
MIRLET7G	MIRLET7B	PRTG	IGDCC3
MIRLET7G	MIRLET7B	RDX	FRMD4B
MIRLET7G	MIRLET7B	SMARCAD1	SMARCA5
MIRLET7G	MIRLET7B	LGR4	LRIG3
MIRLET7G	MIRLET7B	LGR4	LRIG2
MIRLET7G	MIRLET7B	CCND2	CCNJ
MIRLET7G	MIRLET7B	CPEB3	CPEB1
MIRLET7G	MIRLET7B	BACH1	GAN
MIRLET7G	MIRLET7B	PDE12	CNOT6L
MIRLET7G	MIRLET7B	RUFY3	ZFYVE26
MIRLET7G	MIRLET7B	CPEB2	CPEB1
MIRLET7G	MIRLET7F1	USP44	USP38
MIRLET7G	MIRLET7F1	DDX19A	DDX19B
MIRLET7G	MIRLET7F1	SLC25A24	SLC25A27
MIRLET7G	MIRLET7F1	PRTG	IGDCC3
MIRLET7G	MIRLET7F1	RDX	FRMD4B
MIRLET7G	MIRLET7F1	SMARCAD1	SMARCA5
MIRLET7G	MIRLET7F1	LGR4	LRIG3
MIRLET7G	MIRLET7F1	LGR4	LRIG2
MIRLET7G	MIRLET7F1	CCND2	CCNJ
MIRLET7G	MIRLET7F1	BACH1	GAN
MIRLET7G	MIRLET7F1	PDE12	CNOT6L
MIRLET7G	MIRLET7F1	RUFY3	ZFYVE26
MIRLET7G	MIRLET7F1	CPEB2	CPEB1
MIRLET7I	MIRLET7B	DDX19A	DDX19B
MIRLET7I	MIRLET7B	NRAS	RALB
MIRLET7I	MIRLET7B	VEZF1	HIC2
MIRLET7I	MIRLET7B	PRTG	IGDCC3
MIRLET7I	MIRLET7B	RDX	FRMD4B
MIRLET7I	MIRLET7B	MAP3K1	MAP4K3
MIRLET7I	MIRLET7B	LGR4	LRIG3
MIRLET7I	MIRLET7B	LGR4	LRIG2
MIRLET7I	MIRLET7B	CCND2	CCNJ
MIRLET7I	MIRLET7B	CPEB3	CPEB1
MIRLET7I	MIRLET7B	BACH1	GAN
MIRLET7I	MIRLET7B	RUFY3	ZFYVE26
MIRLET7I	MIRLET7B	CPEB2	CPEB1
MIRLET7I	MIRLET7F1	DDX19A	DDX19B
MIRLET7I	MIRLET7F1	SLC25A24	SLC25A27
MIRLET7I	MIRLET7F1	PRTG	IGDCC3
MIRLET7I	MIRLET7F1	RDX	FRMD4B
MIRLET7I	MIRLET7F1	MAP3K1	MAP4K3
MIRLET7I	MIRLET7F1	LGR4	LRIG3
MIRLET7I	MIRLET7F1	LGR4	LRIG2
MIRLET7I	MIRLET7F1	CCND2	CCNJ
MIRLET7I	MIRLET7F1	BACH1	GAN
MIRLET7I	MIRLET7F1	RUFY3	ZFYVE26
MIRLET7I	MIRLET7F1	CPEB2	CPEB1
