miRNA_1	miRNA_2	bifan_target_1	bifan_target_2
MIR100	MIR10A	PCBP1	PCBP2
MIR10A	MIR125A	DST	SPTAN1
MIR10A	MIR125A	MACF1	SPTAN1
MIR10B	MIR125A	DST	SPTAN1
MIR105-1	MIR105-2	not_in_G	not_in_G
MIR106A	MIR20A	CCND1	CCNG2
MIR106A	MIR20A	IPO9	IPO7
MIR106A	MIR20A	HERC2	UBE3C
MIR106A	MIR20A	HERC2	HECTD1
MIR106A	MIR20A	MACF1	FLNB
MIR106A	MIR20A	NR2C2	NR2F2
MIR106A	MIR20A	NLK	MAPK1
MIR106A	MIR20A	ANKIB1	RNF19A
MIR106A	MIR20A	IRF1	IRF9
MIR106A	MIR20A	BMPR2	TGFBR2
MIR106A	MIR20A	KLF3	KLF6
MIR106A	MIR20A	HIPK1	DYRK3
MIR106A	MIR20A	CCNG2	CCND2
MIR106A	MIR20A	DST	FLNB
MIR106A	MIR20A	ZFYVE26	RUFY2
MIR106A	MIR20A	MSI2	NCL
MIR106A	MIR20A	PKD1	PKD2
MIR106A	MIR20A	DUSP2	DUSP18
MIR106A	MIR20A	RAB5B	DNAJC27
MIR106A	MIR20A	RAB5B	RAB1A
MIR106A	MIR20A	AQR	ZNFX1
MIR106A	MIR20A	ARL4A	ARL1
MIR106A	MIR20A	ARL4A	ARL9
MIR106A	MIR20A	KMT2B	EZH1
MIR106A	MIR20A	KMT2B	NSD1
MIR106A	MIR20A	NSD1	EZH1
MIR106A	MIR20A	ZNF611	ZNF81
MIR106A	MIR20A	ZNF611	ZNF880
MIR106A	MIR20A	DDX39B	DDX42
MIR106A	MIR20A	TBC1D2B	TBC1D9
MIR106A	MIR20A	ZNF81	ZNF880
MIR106A	MIR20A	KLHL28	KLHL18
MIR106A	MIR20A	KLHL28	GAN
MIR106A	MIR20A	MAP3K8	TAOK3
MIR106A	MIR20A	ARL1	ARL9
MIR106A	MIR20A	LRCH1	SHOC2
MIR106A	MIR20A	DNAJC27	RAB1A
MIR106A	MIR20A	HECTD1	UBE3C
MIR106A	MIR20A	GAN	KLHL18
MIR106A	MIR20A	UBE2Z	UBE2W
MIR106A	MIR20B	CCND1	CCNG2
MIR106A	MIR20B	RASA2	NF1
MIR106A	MIR20B	NLK	MAPK9
MIR106A	MIR20B	USP34	USP3
MIR106A	MIR20B	IRF1	IRF9
MIR106A	MIR20B	CCNG2	CCND2
MIR106A	MIR20B	MAP3K9	LIMK1
MIR106A	MIR20B	ZFYVE26	RUFY2
MIR106A	MIR20B	PKD1	PKD2
MIR106A	MIR20B	DUSP2	DUSP18
MIR106A	MIR20B	RAB5B	DNAJC27
MIR106A	MIR20B	ARL4A	ARL1
MIR106A	MIR20B	KMT2B	EZH1
MIR106A	MIR20B	ZNF81	ZNF880
MIR106A	MIR20B	KLHL28	GAN
MIR106A	MIR20B	MAP3K8	TAOK3
MIR106A	MIR20B	RND3	RHOC
MIR106A	MIR20B	HECTD1	UBE3C
MIR106A	MIR20B	E2F1	E2F7
MIR106A	MIR93	CCND1	CCNG2
MIR106A	MIR93	RASA2	NF1
MIR106A	MIR93	USP34	USP3
MIR106A	MIR93	IRF1	IRF9
MIR106A	MIR93	CCNG2	CCND2
MIR106A	MIR93	MAP3K9	LIMK1
MIR106A	MIR93	ZFYVE26	RUFY2
MIR106A	MIR93	PKD1	PKD2
MIR106A	MIR93	DUSP2	DUSP18
MIR106A	MIR93	RAB5B	DNAJC27
MIR106A	MIR93	RAB5B	RAB9A
MIR106A	MIR93	ARL4A	ARL1
MIR106A	MIR93	ZNF81	ZNF880
MIR106A	MIR93	KLHL28	GAN
MIR106A	MIR93	RND3	RHOC
MIR106A	MIR93	RAB9A	DNAJC27
MIR18A	MIR17	PABPC1	RBM38
MIR18B	MIR17	PABPC1	RBM38
MIR20A	MIR106B	CCND1	CCNG2
MIR20A	MIR106B	PPARD	RORA
MIR20A	MIR106B	SEMA6D	SEMA7A
MIR20A	MIR106B	ZNF717	ZNF81
MIR20A	MIR106B	ZNF717	ZNF880
MIR20A	MIR106B	KLHL7	KLHL2
MIR20A	MIR106B	KLHL7	KLHL28
MIR20A	MIR106B	KLHL7	GAN
MIR20A	MIR106B	NLK	MAPK1
MIR20A	MIR106B	EIF4A2	DDX39B
MIR20A	MIR106B	IRF1	IRF9
MIR20A	MIR106B	SOCS5	SOCS1
MIR20A	MIR106B	KLF12	KLF10
MIR20A	MIR106B	KLF10	KLF3
MIR20A	MIR106B	RAB22A	RAB5B
MIR20A	MIR106B	RAB22A	DNAJC27
MIR20A	MIR106B	RAB22A	RAB8B
MIR20A	MIR106B	AAK1	BMP2K
MIR20A	MIR106B	LNPEP	ERAP1
MIR20A	MIR106B	CCNG2	CCND2
MIR20A	MIR106B	ZFYVE26	RUFY2
MIR20A	MIR106B	MSI2	NCL
MIR20A	MIR106B	MSI2	RBM47
MIR20A	MIR106B	ATP13A3	ATP2B1
MIR20A	MIR106B	PPP6C	PPP3CC
MIR20A	MIR106B	TRIP12	UBE3C
MIR20A	MIR106B	PKD1	PKD2
MIR20A	MIR106B	DUSP2	DUSP18
MIR20A	MIR106B	RAB5B	DNAJC27
MIR20A	MIR106B	RAB5B	RAB8B
MIR20A	MIR106B	ARL4A	ARL1
MIR20A	MIR106B	KLHL2	KLHL28
MIR20A	MIR106B	KLHL2	GAN
MIR20A	MIR106B	NSD1	EZH1
MIR20A	MIR106B	RBM12	HNRNPF
MIR20A	MIR106B	CBX5	CBX7
MIR20A	MIR106B	RAB8B	DNAJC27
MIR20A	MIR106B	HSPA8	HYOU1
MIR20A	MIR106B	ZNF81	ZNF880
MIR20A	MIR106B	BTG2	BTG3
MIR20A	MIR106B	RBM47	NCL
MIR20A	MIR106B	KLHL28	GAN
MIR20A	MIR106B	MAP3K8	TAOK3
MIR20A	MIR106B	FMN2	FMNL3
MIR20A	MIR106B	GSPT2	GSPT1
MIR20A	MIR106B	BTG1	BTG3
MIR20A	MIR17	HERC2	UBE3C
MIR20A	MIR17	HERC2	HUWE1
MIR20A	MIR17	HERC2	HECTD1
MIR20A	MIR17	NLK	MAPK1
MIR20A	MIR17	ANKIB1	RNF19A
MIR20A	MIR17	PLEC	SYNE2
MIR20A	MIR17	PLEC	MACF1
MIR20A	MIR17	PLEC	FLNC
MIR20A	MIR17	PLEC	FLNB
MIR20A	MIR17	PLEC	DST
MIR20A	MIR17	PLEC	UTRN
MIR20A	MIR17	IRF1	IRF9
MIR20A	MIR17	RAB22A	RAB5B
MIR20A	MIR17	RAB22A	DNAJC27
MIR20A	MIR17	RAB22A	RAB1A
MIR20A	MIR17	CCNG2	CCND1
MIR20A	MIR17	CCNG2	CCNI
MIR20A	MIR17	CCNG2	CCND2
MIR20A	MIR17	TUBB4B	TUBB6
MIR20A	MIR17	KMT2B	EZH1
MIR20A	MIR17	KMT2B	NSD1
MIR20A	MIR17	HNRNPL	PTBP1
MIR20A	MIR17	NSD1	EZH1
MIR20A	MIR17	TNFRSF1B	TNFRSF10B
MIR20A	MIR17	DIAPH1	INF2
MIR20A	MIR17	EIF4G2	EIF4G3
MIR20A	MIR17	MTOR	TRRAP
MIR20A	MIR17	MTOR	PRKDC
MIR20A	MIR17	ZNF81	ZNF880
MIR20A	MIR17	KLHL28	KLHL18
MIR20A	MIR17	KLHL28	KLHL7
MIR20A	MIR17	KLHL28	GAN
MIR20A	MIR17	RUFY2	ZFYVE26
MIR20A	MIR17	ARL1	ARL4A
MIR20A	MIR17	ARL1	ARF1
MIR20A	MIR17	ARL1	ARL9
MIR20A	MIR17	DNAJC27	RAB5B
MIR20A	MIR17	DNAJC27	RAB1A
MIR20A	MIR17	AKTIP	UBE2W
MIR20A	MIR17	AKTIP	UBE2Z
MIR20A	MIR17	HECTD1	UBE3C
MIR20A	MIR17	HECTD1	HUWE1
MIR20A	MIR17	PRKDC	TRRAP
MIR20A	MIR17	PRRC2B	PRRC2C
MIR20A	MIR17	KIF1C	KIF3C
MIR20A	MIR17	MSN	FRMD4A
MIR20A	MIR17	DYRK3	HIPK3
MIR20A	MIR17	DYRK3	HIPK1
MIR20A	MIR17	RAC1	RHOC
MIR20A	MIR17	UBE2W	UBE2Z
MIR20A	MIR17	SEMA6D	SEMA7A
MIR20A	MIR17	MACF1	SYNE2
MIR20A	MIR17	MACF1	FLNC
MIR20A	MIR17	MACF1	FLNB
MIR20A	MIR17	MACF1	UTRN
MIR20A	MIR17	NR2C2	NR2F2
MIR20A	MIR17	KLHL7	KLHL18
MIR20A	MIR17	KLHL7	GAN
MIR20A	MIR17	BMPR2	TGFBR2
MIR20A	MIR17	PLXNA1	PLXND1
MIR20A	MIR17	MYO19	MYO10
MIR20A	MIR17	ZBTB18	ZFP91
MIR20A	MIR17	PNP	MTAP
MIR20A	MIR17	DST	SYNE2
MIR20A	MIR17	DST	FLNC
MIR20A	MIR17	DST	FLNB
MIR20A	MIR17	DST	UTRN
MIR20A	MIR17	PKD1	PKD2
MIR20A	MIR17	CHD4	SMARCA4
MIR20A	MIR17	ADAR	STAU1
MIR20A	MIR17	SYNE2	FLNC
MIR20A	MIR17	SYNE2	FLNB
MIR20A	MIR17	SYNE2	UTRN
MIR20A	MIR17	UTRN	FLNC
MIR20A	MIR17	UTRN	FLNB
MIR20A	MIR17	AGFG2	ASAP2
MIR20A	MIR17	UBE3C	HUWE1
MIR20A	MIR17	LAMC1	LAMA4
MIR20A	MIR17	SOCS5	SOCS1
MIR20A	MIR17	KLF10	KLF3
MIR20A	MIR17	DUSP2	DUSP18
MIR20A	MIR17	AQR	ZNFX1
MIR20A	MIR17	ARL4A	ARF1
MIR20A	MIR17	ARL4A	ARL9
MIR20A	MIR17	CCNI	CCND1
MIR20A	MIR17	CCNI	CCND2
MIR20A	MIR17	USP3	USP22
MIR20A	MIR17	RBM14	PABPC4
MIR20A	MIR17	RBM14	RBM38
MIR20A	MIR17	RAC2	RHOC
MIR20A	MIR17	TAOK3	MAP3K8
MIR20A	MIR17	IPO9	IPO7
MIR20A	MIR17	PABPC4	RBM38
MIR20A	MIR17	KPNA2	KPNA3
MIR20A	MIR17	RAB5B	RAB1A
MIR20A	MIR17	ARF1	ARL9
MIR20A	MIR17	GAN	KLHL18
MIR20B	MIR106B	CCND1	CCNG2
MIR20B	MIR106B	SEMA6D	SEMA7A
MIR20B	MIR106B	IRF1	IRF9
MIR20B	MIR106B	SOCS5	SOCS1
MIR20B	MIR106B	KLF10	KLF3
MIR20B	MIR106B	RAB22A	RAB5B
MIR20B	MIR106B	RAB22A	DNAJC27
MIR20B	MIR106B	CCNG2	CCND2
MIR20B	MIR106B	MAP3K9	LIMK1
MIR20B	MIR106B	ZFYVE26	RUFY2
MIR20B	MIR106B	PKD1	PKD2
MIR20B	MIR106B	DUSP2	DUSP18
MIR20B	MIR106B	RAB5B	DNAJC27
MIR20B	MIR106B	ARL4A	ARL1
MIR20B	MIR106B	ZNF81	ZNF880
MIR20B	MIR106B	KLHL28	GAN
MIR20B	MIR106B	MAP3K8	TAOK3
MIR20B	MIR17	CCND1	CCNG2
MIR20B	MIR17	RASA2	NF1
MIR20B	MIR17	SEMA6D	SEMA7A
MIR20B	MIR17	NLK	MAPK9
MIR20B	MIR17	USP34	USP3
MIR20B	MIR17	IRF1	IRF9
MIR20B	MIR17	SOCS5	SOCS1
MIR20B	MIR17	KLF10	KLF3
MIR20B	MIR17	RAB22A	RAB5B
MIR20B	MIR17	RAB22A	DNAJC27
MIR20B	MIR17	RAB22A	RAB12
MIR20B	MIR17	CCNG2	CCND2
MIR20B	MIR17	ZBTB18	ZFP91
MIR20B	MIR17	ZNF592	GZF1
MIR20B	MIR17	MAP3K9	LIMK1
MIR20B	MIR17	ZFYVE26	RUFY3
MIR20B	MIR17	ZFYVE26	RUFY2
MIR20B	MIR17	PKD1	PKD2
MIR20B	MIR17	DUSP2	DUSP18
MIR20B	MIR17	RAB5B	DNAJC27
MIR20B	MIR17	RAB5B	RAB12
MIR20B	MIR17	ARL4A	ARL1
MIR20B	MIR17	KMT2B	EZH1
MIR20B	MIR17	CACUL1	CUL5
MIR20B	MIR17	GBF1	PSD3
MIR20B	MIR17	ZNF81	ZNF490
MIR20B	MIR17	ZNF81	ZNF880
MIR20B	MIR17	KBTBD8	KLHL28
MIR20B	MIR17	KBTBD8	GAN
MIR20B	MIR17	KLHL28	GAN
MIR20B	MIR17	MAP3K8	TAOK3
MIR20B	MIR17	RND3	RHOC
MIR20B	MIR17	DNAJC27	RAB12
MIR20B	MIR17	HECTD1	UBE3C
MIR20B	MIR17	MSN	FRMD4A
MIR20B	MIR17	ZNF490	ZNF880
MIR93	MIR106B	CCND1	CCNG2
MIR93	MIR106B	IRF1	IRF9
MIR93	MIR106B	SOCS5	SOCS1
MIR93	MIR106B	RAB22A	RAB5B
MIR93	MIR106B	RAB22A	DNAJC27
MIR93	MIR106B	CCNG2	CCND2
MIR93	MIR106B	MAP3K9	LIMK1
MIR93	MIR106B	ZFYVE26	RUFY2
MIR93	MIR106B	PKD1	PKD2
MIR93	MIR106B	DUSP2	DUSP18
MIR93	MIR106B	RAB5B	DNAJC27
MIR93	MIR106B	ARL4A	ARL1
MIR93	MIR106B	HSPA8	HYOU1
MIR93	MIR106B	ZNF81	ZNF880
MIR93	MIR106B	KLHL28	GAN
MIR93	MIR17	CCND1	CCNG2
MIR93	MIR17	RASD1	RIT1
MIR93	MIR17	DCTN1	CLIP4
MIR93	MIR17	RASA2	NF1
MIR93	MIR17	MACF1	SPTBN1
MIR93	MIR17	MACF1	SYNE1
MIR93	MIR17	USP34	USP3
MIR93	MIR17	IRF1	IRF9
MIR93	MIR17	SOCS5	SOCS1
MIR93	MIR17	RAB22A	RAB5B
MIR93	MIR17	RAB22A	DNAJC27
MIR93	MIR17	RAB22A	RAB12
MIR93	MIR17	CCNG2	CCND2
MIR93	MIR17	ZBTB18	ZFP91
MIR93	MIR17	MAP3K9	LIMK1
MIR93	MIR17	ZNF592	GZF1
MIR93	MIR17	PDPK1	AKT3
MIR93	MIR17	ZFYVE26	RUFY3
MIR93	MIR17	ZFYVE26	RUFY2
MIR93	MIR17	PKD1	PKD2
MIR93	MIR17	LRP6	LRP1
MIR93	MIR17	DUSP2	DUSP18
MIR93	MIR17	RAB5B	DNAJC27
MIR93	MIR17	RAB5B	RAB12
MIR93	MIR17	ARL4A	ARL1
MIR93	MIR17	CACUL1	CUL5
MIR93	MIR17	EZH1	KMT2D
MIR93	MIR17	EIF4G2	EIF4G3
MIR93	MIR17	ZNF81	ZNF490
MIR93	MIR17	ZNF81	ZNF880
MIR93	MIR17	KBTBD8	KLHL28
MIR93	MIR17	KBTBD8	GAN
MIR93	MIR17	KLHL28	GAN
MIR93	MIR17	RND3	RAC1
MIR93	MIR17	RND3	RHOC
MIR93	MIR17	SPTBN1	SYNE1
MIR93	MIR17	DNAJC27	RAB12
MIR93	MIR17	RHOC	RAC1
MIR93	MIR17	ZNF490	ZNF880
MIR93	MIR17	DUSP18	DUSP4
MIR1185-1	MIR1193	not_in_G	not_in_G
MIR1185-1	MIR1197	not_in_G	not_in_G
MIR1185-1	MIR323B	not_in_G	not_in_G
MIR1185-1	MIR380	not_in_G	not_in_G
MIR1185-1	MIR410	not_in_G	not_in_G
MIR1185-1	MIR496	not_in_G	not_in_G
MIR1185-1	MIR655	not_in_G	not_in_G
MIR1185-1	MIR656	not_in_G	not_in_G
MIR1185-1	MIR889	not_in_G	not_in_G
MIR1185-2	MIR1193	not_in_G	not_in_G
MIR1185-2	MIR1197	not_in_G	not_in_G
MIR1185-2	MIR323B	not_in_G	not_in_G
MIR1185-2	MIR380	not_in_G	not_in_G
MIR1185-2	MIR410	not_in_G	not_in_G
MIR1185-2	MIR496	not_in_G	not_in_G
MIR1185-2	MIR655	not_in_G	not_in_G
MIR1185-2	MIR656	not_in_G	not_in_G
MIR1185-2	MIR889	not_in_G	not_in_G
MIR1193	MIR1197	not_in_G	not_in_G
MIR1193	MIR154	not_in_G	not_in_G
MIR1193	MIR299	not_in_G	not_in_G
MIR1193	MIR323A	not_in_G	not_in_G
MIR1193	MIR323B	not_in_G	not_in_G
MIR1193	MIR329-1	not_in_G	not_in_G
MIR1193	MIR329-2	not_in_G	not_in_G
MIR1193	MIR369	not_in_G	not_in_G
MIR1193	MIR377	not_in_G	not_in_G
MIR1193	MIR379	not_in_G	not_in_G
MIR1193	MIR380	not_in_G	not_in_G
MIR1193	MIR381	not_in_G	not_in_G
MIR1193	MIR382	not_in_G	not_in_G
MIR1193	MIR409	not_in_G	not_in_G
MIR1193	MIR410	not_in_G	not_in_G
MIR1193	MIR411	not_in_G	not_in_G
MIR1193	MIR412	not_in_G	not_in_G
MIR1193	MIR485	not_in_G	not_in_G
MIR1193	MIR487A	not_in_G	not_in_G
MIR1193	MIR487B	not_in_G	not_in_G
MIR1193	MIR494	not_in_G	not_in_G
MIR1193	MIR495	not_in_G	not_in_G
MIR1193	MIR496	not_in_G	not_in_G
MIR1193	MIR539	not_in_G	not_in_G
MIR1193	MIR543	not_in_G	not_in_G
MIR1193	MIR654	not_in_G	not_in_G
MIR1193	MIR655	not_in_G	not_in_G
MIR1193	MIR656	not_in_G	not_in_G
MIR1193	MIR758	not_in_G	not_in_G
MIR1193	MIR889	not_in_G	not_in_G
MIR1197	MIR154	not_in_G	not_in_G
MIR1197	MIR299	not_in_G	not_in_G
MIR1197	MIR323A	not_in_G	not_in_G
MIR1197	MIR323B	not_in_G	not_in_G
MIR1197	MIR329-1	not_in_G	not_in_G
MIR1197	MIR329-2	not_in_G	not_in_G
MIR1197	MIR369	not_in_G	not_in_G
MIR1197	MIR377	not_in_G	not_in_G
MIR1197	MIR379	not_in_G	not_in_G
MIR1197	MIR380	not_in_G	not_in_G
MIR1197	MIR381	not_in_G	not_in_G
MIR1197	MIR382	not_in_G	not_in_G
MIR1197	MIR409	not_in_G	not_in_G
MIR1197	MIR410	not_in_G	not_in_G
MIR1197	MIR411	not_in_G	not_in_G
MIR1197	MIR412	not_in_G	not_in_G
MIR1197	MIR485	not_in_G	not_in_G
MIR1197	MIR487A	not_in_G	not_in_G
MIR1197	MIR487B	not_in_G	not_in_G
MIR1197	MIR494	not_in_G	not_in_G
MIR1197	MIR495	not_in_G	not_in_G
MIR1197	MIR496	not_in_G	not_in_G
MIR1197	MIR539	not_in_G	not_in_G
MIR1197	MIR543	not_in_G	not_in_G
MIR1197	MIR654	not_in_G	not_in_G
MIR1197	MIR655	not_in_G	not_in_G
MIR1197	MIR656	not_in_G	not_in_G
MIR1197	MIR758	not_in_G	not_in_G
MIR1197	MIR889	not_in_G	not_in_G
MIR154	MIR323B	not_in_G	not_in_G
MIR154	MIR380	not_in_G	not_in_G
MIR154	MIR410	not_in_G	not_in_G
MIR154	MIR487A	KBTBD8	KBTBD2
MIR154	MIR496	not_in_G	not_in_G
MIR154	MIR655	not_in_G	not_in_G
MIR154	MIR656	not_in_G	not_in_G
MIR154	MIR889	not_in_G	not_in_G
MIR299	MIR323B	not_in_G	not_in_G
MIR299	MIR380	not_in_G	not_in_G
MIR299	MIR410	not_in_G	not_in_G
MIR299	MIR496	not_in_G	not_in_G
MIR299	MIR655	not_in_G	not_in_G
MIR299	MIR656	not_in_G	not_in_G
MIR299	MIR889	not_in_G	not_in_G
MIR323A	MIR323B	not_in_G	not_in_G
MIR323A	MIR380	not_in_G	not_in_G
MIR323A	MIR410	not_in_G	not_in_G
MIR323A	MIR496	not_in_G	not_in_G
MIR323A	MIR655	not_in_G	not_in_G
MIR323A	MIR656	not_in_G	not_in_G
MIR323A	MIR889	not_in_G	not_in_G
MIR323B	MIR329-1	not_in_G	not_in_G
MIR323B	MIR329-2	not_in_G	not_in_G
MIR323B	MIR369	not_in_G	not_in_G
MIR323B	MIR377	not_in_G	not_in_G
MIR323B	MIR379	not_in_G	not_in_G
MIR323B	MIR380	not_in_G	not_in_G
MIR323B	MIR381	not_in_G	not_in_G
MIR323B	MIR382	not_in_G	not_in_G
MIR323B	MIR409	not_in_G	not_in_G
MIR323B	MIR410	not_in_G	not_in_G
MIR323B	MIR411	not_in_G	not_in_G
MIR323B	MIR412	not_in_G	not_in_G
MIR323B	MIR485	not_in_G	not_in_G
MIR323B	MIR487A	not_in_G	not_in_G
MIR323B	MIR487B	not_in_G	not_in_G
MIR323B	MIR494	not_in_G	not_in_G
MIR323B	MIR495	not_in_G	not_in_G
MIR323B	MIR496	not_in_G	not_in_G
MIR323B	MIR539	not_in_G	not_in_G
MIR323B	MIR543	not_in_G	not_in_G
MIR323B	MIR654	not_in_G	not_in_G
MIR323B	MIR655	not_in_G	not_in_G
MIR323B	MIR656	not_in_G	not_in_G
MIR323B	MIR758	not_in_G	not_in_G
MIR323B	MIR889	not_in_G	not_in_G
MIR329-1	MIR329-2	ZFP91	ZBTB1
MIR329-1	MIR380	not_in_G	not_in_G
MIR329-1	MIR410	not_in_G	not_in_G
MIR329-1	MIR496	not_in_G	not_in_G
MIR329-1	MIR655	not_in_G	not_in_G
MIR329-1	MIR656	not_in_G	not_in_G
MIR329-1	MIR889	not_in_G	not_in_G
MIR329-2	MIR380	not_in_G	not_in_G
MIR329-2	MIR410	not_in_G	not_in_G
MIR329-2	MIR496	not_in_G	not_in_G
MIR329-2	MIR655	not_in_G	not_in_G
MIR329-2	MIR656	not_in_G	not_in_G
MIR329-2	MIR889	not_in_G	not_in_G
MIR369	MIR380	not_in_G	not_in_G
MIR369	MIR410	not_in_G	not_in_G
MIR369	MIR496	not_in_G	not_in_G
MIR369	MIR655	not_in_G	not_in_G
MIR369	MIR656	not_in_G	not_in_G
MIR369	MIR889	not_in_G	not_in_G
MIR377	MIR380	not_in_G	not_in_G
MIR377	MIR410	not_in_G	not_in_G
MIR377	MIR496	not_in_G	not_in_G
MIR377	MIR655	not_in_G	not_in_G
MIR377	MIR656	not_in_G	not_in_G
MIR377	MIR889	not_in_G	not_in_G
MIR379	MIR380	not_in_G	not_in_G
MIR379	MIR410	not_in_G	not_in_G
MIR379	MIR496	not_in_G	not_in_G
MIR379	MIR655	not_in_G	not_in_G
MIR379	MIR656	not_in_G	not_in_G
MIR379	MIR889	not_in_G	not_in_G
MIR380	MIR381	not_in_G	not_in_G
MIR380	MIR382	not_in_G	not_in_G
MIR380	MIR409	not_in_G	not_in_G
MIR380	MIR410	not_in_G	not_in_G
MIR380	MIR411	not_in_G	not_in_G
MIR380	MIR412	not_in_G	not_in_G
MIR380	MIR485	not_in_G	not_in_G
MIR380	MIR487A	not_in_G	not_in_G
MIR380	MIR487B	not_in_G	not_in_G
MIR380	MIR494	not_in_G	not_in_G
MIR380	MIR495	not_in_G	not_in_G
MIR380	MIR496	not_in_G	not_in_G
MIR380	MIR539	not_in_G	not_in_G
MIR380	MIR543	not_in_G	not_in_G
MIR380	MIR654	not_in_G	not_in_G
MIR380	MIR655	not_in_G	not_in_G
MIR380	MIR656	not_in_G	not_in_G
MIR380	MIR758	not_in_G	not_in_G
MIR380	MIR889	not_in_G	not_in_G
MIR381	MIR410	not_in_G	not_in_G
MIR381	MIR496	not_in_G	not_in_G
MIR381	MIR655	not_in_G	not_in_G
MIR381	MIR656	not_in_G	not_in_G
MIR381	MIR889	not_in_G	not_in_G
MIR382	MIR410	not_in_G	not_in_G
MIR382	MIR496	not_in_G	not_in_G
MIR382	MIR655	not_in_G	not_in_G
MIR382	MIR656	not_in_G	not_in_G
MIR382	MIR889	not_in_G	not_in_G
MIR409	MIR410	not_in_G	not_in_G
MIR409	MIR485	MACF1	PLEC
MIR409	MIR496	not_in_G	not_in_G
MIR409	MIR655	not_in_G	not_in_G
MIR409	MIR656	not_in_G	not_in_G
MIR409	MIR889	not_in_G	not_in_G
MIR410	MIR411	not_in_G	not_in_G
MIR410	MIR412	not_in_G	not_in_G
MIR410	MIR485	not_in_G	not_in_G
MIR410	MIR487A	not_in_G	not_in_G
MIR410	MIR487B	not_in_G	not_in_G
MIR410	MIR494	not_in_G	not_in_G
MIR410	MIR495	not_in_G	not_in_G
MIR410	MIR496	not_in_G	not_in_G
MIR410	MIR539	not_in_G	not_in_G
MIR410	MIR543	not_in_G	not_in_G
MIR410	MIR654	not_in_G	not_in_G
MIR410	MIR655	not_in_G	not_in_G
MIR410	MIR656	not_in_G	not_in_G
MIR410	MIR758	not_in_G	not_in_G
MIR410	MIR889	not_in_G	not_in_G
MIR411	MIR496	not_in_G	not_in_G
MIR411	MIR655	not_in_G	not_in_G
MIR411	MIR656	not_in_G	not_in_G
MIR411	MIR889	not_in_G	not_in_G
MIR412	MIR495	DDX3X	DDX24
MIR412	MIR496	not_in_G	not_in_G
MIR412	MIR655	not_in_G	not_in_G
MIR412	MIR656	not_in_G	not_in_G
MIR412	MIR889	not_in_G	not_in_G
MIR485	MIR496	not_in_G	not_in_G
MIR485	MIR655	not_in_G	not_in_G
MIR485	MIR656	not_in_G	not_in_G
MIR485	MIR889	not_in_G	not_in_G
MIR487A	MIR496	not_in_G	not_in_G
MIR487A	MIR655	not_in_G	not_in_G
MIR487A	MIR656	not_in_G	not_in_G
MIR487A	MIR889	not_in_G	not_in_G
MIR487B	MIR496	not_in_G	not_in_G
MIR487B	MIR655	not_in_G	not_in_G
MIR487B	MIR656	not_in_G	not_in_G
MIR487B	MIR889	not_in_G	not_in_G
MIR494	MIR496	not_in_G	not_in_G
MIR494	MIR655	not_in_G	not_in_G
MIR494	MIR656	not_in_G	not_in_G
MIR494	MIR889	not_in_G	not_in_G
MIR495	MIR496	not_in_G	not_in_G
MIR495	MIR655	not_in_G	not_in_G
MIR495	MIR656	not_in_G	not_in_G
MIR495	MIR889	not_in_G	not_in_G
MIR496	MIR539	not_in_G	not_in_G
MIR496	MIR543	not_in_G	not_in_G
MIR496	MIR654	not_in_G	not_in_G
MIR496	MIR655	not_in_G	not_in_G
MIR496	MIR656	not_in_G	not_in_G
MIR496	MIR758	not_in_G	not_in_G
MIR496	MIR889	not_in_G	not_in_G
MIR539	MIR655	not_in_G	not_in_G
MIR539	MIR656	not_in_G	not_in_G
MIR539	MIR889	not_in_G	not_in_G
MIR543	MIR655	not_in_G	not_in_G
MIR543	MIR656	not_in_G	not_in_G
MIR543	MIR889	not_in_G	not_in_G
MIR654	MIR655	not_in_G	not_in_G
MIR654	MIR656	not_in_G	not_in_G
MIR654	MIR889	not_in_G	not_in_G
MIR655	MIR656	not_in_G	not_in_G
MIR655	MIR758	not_in_G	not_in_G
MIR655	MIR889	not_in_G	not_in_G
MIR656	MIR758	not_in_G	not_in_G
MIR656	MIR889	not_in_G	not_in_G
MIR758	MIR889	not_in_G	not_in_G
MIR1283-1	MIR1323	not_in_G	not_in_G
MIR1283-1	MIR498	not_in_G	not_in_G
MIR1283-1	MIR515-1	not_in_G	not_in_G
MIR1283-1	MIR515-2	not_in_G	not_in_G
MIR1283-1	MIR517A	not_in_G	not_in_G
MIR1283-1	MIR517B	not_in_G	not_in_G
MIR1283-1	MIR517C	not_in_G	not_in_G
MIR1283-1	MIR519E	not_in_G	not_in_G
MIR1283-1	MIR520B	not_in_G	not_in_G
MIR1283-1	MIR520E	not_in_G	not_in_G
MIR1283-1	MIR520F	not_in_G	not_in_G
MIR1283-1	MIR520G	not_in_G	not_in_G
MIR1283-1	MIR524	not_in_G	not_in_G
MIR1283-1	MIR526A1	not_in_G	not_in_G
MIR1283-1	MIR526A2	not_in_G	not_in_G
MIR1283-2	MIR1323	not_in_G	not_in_G
MIR1283-2	MIR498	not_in_G	not_in_G
MIR1283-2	MIR515-1	not_in_G	not_in_G
MIR1283-2	MIR515-2	not_in_G	not_in_G
MIR1283-2	MIR517A	not_in_G	not_in_G
MIR1283-2	MIR517B	not_in_G	not_in_G
MIR1283-2	MIR517C	not_in_G	not_in_G
MIR1283-2	MIR519E	not_in_G	not_in_G
MIR1283-2	MIR520B	not_in_G	not_in_G
MIR1283-2	MIR520E	not_in_G	not_in_G
MIR1283-2	MIR520F	not_in_G	not_in_G
MIR1283-2	MIR520G	not_in_G	not_in_G
MIR1283-2	MIR524	not_in_G	not_in_G
MIR1283-2	MIR526A1	not_in_G	not_in_G
MIR1283-2	MIR526A2	not_in_G	not_in_G
MIR1323	MIR302A	not_in_G	not_in_G
MIR1323	MIR302B	not_in_G	not_in_G
MIR1323	MIR302C	not_in_G	not_in_G
MIR1323	MIR302D	not_in_G	not_in_G
MIR1323	MIR371A	not_in_G	not_in_G
MIR1323	MIR372	not_in_G	not_in_G
MIR1323	MIR373	not_in_G	not_in_G
MIR1323	MIR498	not_in_G	not_in_G
MIR1323	MIR512-1	not_in_G	not_in_G
MIR1323	MIR512-2	not_in_G	not_in_G
MIR1323	MIR515-1	not_in_G	not_in_G
MIR1323	MIR515-2	not_in_G	not_in_G
MIR1323	MIR516A1	not_in_G	not_in_G
MIR1323	MIR516A2	not_in_G	not_in_G
MIR1323	MIR516B1	not_in_G	not_in_G
MIR1323	MIR516B2	not_in_G	not_in_G
MIR1323	MIR517A	not_in_G	not_in_G
MIR1323	MIR517B	not_in_G	not_in_G
MIR1323	MIR517C	not_in_G	not_in_G
MIR1323	MIR518A1	not_in_G	not_in_G
MIR1323	MIR518A2	not_in_G	not_in_G
MIR1323	MIR518B	not_in_G	not_in_G
MIR1323	MIR518C	not_in_G	not_in_G
MIR1323	MIR518D	not_in_G	not_in_G
MIR1323	MIR518E	not_in_G	not_in_G
MIR1323	MIR518F	not_in_G	not_in_G
MIR1323	MIR519A1	not_in_G	not_in_G
MIR1323	MIR519A2	not_in_G	not_in_G
MIR1323	MIR519B	not_in_G	not_in_G
MIR1323	MIR519C	not_in_G	not_in_G
MIR1323	MIR519D	not_in_G	not_in_G
MIR1323	MIR519E	not_in_G	not_in_G
MIR1323	MIR520A	not_in_G	not_in_G
MIR1323	MIR520B	not_in_G	not_in_G
MIR1323	MIR520C	not_in_G	not_in_G
MIR1323	MIR520D	not_in_G	not_in_G
MIR1323	MIR520E	not_in_G	not_in_G
MIR1323	MIR520F	not_in_G	not_in_G
MIR1323	MIR520G	not_in_G	not_in_G
MIR1323	MIR520H	not_in_G	not_in_G
MIR1323	MIR521-1	not_in_G	not_in_G
MIR1323	MIR521-2	not_in_G	not_in_G
MIR1323	MIR522	not_in_G	not_in_G
MIR1323	MIR523	not_in_G	not_in_G
MIR1323	MIR524	not_in_G	not_in_G
MIR1323	MIR525	not_in_G	not_in_G
MIR1323	MIR526A1	not_in_G	not_in_G
MIR1323	MIR526A2	not_in_G	not_in_G
MIR1323	MIR526B	not_in_G	not_in_G
MIR1323	MIR527	not_in_G	not_in_G
MIR302A	MIR302B	KIF13A	KIF5B
MIR302A	MIR302C	KIF13A	KIF5B
MIR302A	MIR302D	KIF13A	KIF5B
MIR302A	MIR498	not_in_G	not_in_G
MIR302A	MIR515-1	not_in_G	not_in_G
MIR302A	MIR515-2	not_in_G	not_in_G
MIR302A	MIR517A	not_in_G	not_in_G
MIR302A	MIR517B	not_in_G	not_in_G
MIR302A	MIR517C	not_in_G	not_in_G
MIR302A	MIR518B	KIF5B	KIF13A
MIR302A	MIR518D	KIF5B	KIF13A
MIR302A	MIR519E	not_in_G	not_in_G
MIR302A	MIR520B	not_in_G	not_in_G
MIR302A	MIR520E	not_in_G	not_in_G
MIR302A	MIR520F	not_in_G	not_in_G
MIR302A	MIR520G	not_in_G	not_in_G
MIR302A	MIR524	not_in_G	not_in_G
MIR302A	MIR526A1	not_in_G	not_in_G
MIR302A	MIR526A2	not_in_G	not_in_G
MIR302B	MIR302C	KIF13A	KIF5B
MIR302B	MIR302D	KIF13A	KIF5B
MIR302B	MIR498	not_in_G	not_in_G
MIR302B	MIR515-1	not_in_G	not_in_G
MIR302B	MIR515-2	not_in_G	not_in_G
MIR302B	MIR517A	not_in_G	not_in_G
MIR302B	MIR517B	not_in_G	not_in_G
MIR302B	MIR517C	not_in_G	not_in_G
MIR302B	MIR518B	KIF5B	KIF13A
MIR302B	MIR518D	KIF13A	KIF5B
MIR302B	MIR519E	not_in_G	not_in_G
MIR302B	MIR520B	not_in_G	not_in_G
MIR302B	MIR520E	not_in_G	not_in_G
MIR302B	MIR520F	not_in_G	not_in_G
MIR302B	MIR520G	not_in_G	not_in_G
MIR302B	MIR524	not_in_G	not_in_G
MIR302B	MIR526A1	not_in_G	not_in_G
MIR302B	MIR526A2	not_in_G	not_in_G
MIR302C	MIR302D	KIF13A	KIF5B
MIR302C	MIR498	not_in_G	not_in_G
MIR302C	MIR515-1	not_in_G	not_in_G
MIR302C	MIR515-2	not_in_G	not_in_G
MIR302C	MIR517A	not_in_G	not_in_G
MIR302C	MIR517B	not_in_G	not_in_G
MIR302C	MIR517C	not_in_G	not_in_G
MIR302C	MIR518B	KIF5B	KIF13A
MIR302C	MIR518D	KIF5B	KIF13A
MIR302C	MIR519E	not_in_G	not_in_G
MIR302C	MIR520A	ZNFX1	AQR
MIR302C	MIR520B	not_in_G	not_in_G
MIR302C	MIR520E	not_in_G	not_in_G
MIR302C	MIR520F	not_in_G	not_in_G
MIR302C	MIR520G	not_in_G	not_in_G
MIR302C	MIR524	not_in_G	not_in_G
MIR302C	MIR526A1	not_in_G	not_in_G
MIR302C	MIR526A2	not_in_G	not_in_G
MIR302D	MIR498	not_in_G	not_in_G
MIR302D	MIR515-1	not_in_G	not_in_G
MIR302D	MIR515-2	not_in_G	not_in_G
MIR302D	MIR517A	not_in_G	not_in_G
MIR302D	MIR517B	not_in_G	not_in_G
MIR302D	MIR517C	not_in_G	not_in_G
MIR302D	MIR518B	KIF5B	KIF13A
MIR302D	MIR518D	KIF5B	KIF13A
MIR302D	MIR519E	not_in_G	not_in_G
MIR302D	MIR520B	not_in_G	not_in_G
MIR302D	MIR520E	not_in_G	not_in_G
MIR302D	MIR520F	not_in_G	not_in_G
MIR302D	MIR520G	not_in_G	not_in_G
MIR302D	MIR524	not_in_G	not_in_G
MIR302D	MIR526A1	not_in_G	not_in_G
MIR302D	MIR526A2	not_in_G	not_in_G
MIR371A	MIR498	not_in_G	not_in_G
MIR371A	MIR515-1	not_in_G	not_in_G
MIR371A	MIR515-2	not_in_G	not_in_G
MIR371A	MIR517A	not_in_G	not_in_G
MIR371A	MIR517B	not_in_G	not_in_G
MIR371A	MIR517C	not_in_G	not_in_G
MIR371A	MIR519E	not_in_G	not_in_G
MIR371A	MIR520B	not_in_G	not_in_G
MIR371A	MIR520E	not_in_G	not_in_G
MIR371A	MIR520F	not_in_G	not_in_G
MIR371A	MIR520G	not_in_G	not_in_G
MIR371A	MIR524	not_in_G	not_in_G
MIR371A	MIR526A1	not_in_G	not_in_G
MIR371A	MIR526A2	not_in_G	not_in_G
MIR372	MIR498	not_in_G	not_in_G
MIR372	MIR515-1	not_in_G	not_in_G
MIR372	MIR515-2	not_in_G	not_in_G
MIR372	MIR517A	not_in_G	not_in_G
MIR372	MIR517B	not_in_G	not_in_G
MIR372	MIR517C	not_in_G	not_in_G
MIR372	MIR519E	not_in_G	not_in_G
MIR372	MIR520B	not_in_G	not_in_G
MIR372	MIR520E	not_in_G	not_in_G
MIR372	MIR520F	not_in_G	not_in_G
MIR372	MIR520G	not_in_G	not_in_G
MIR372	MIR524	not_in_G	not_in_G
MIR372	MIR526A1	not_in_G	not_in_G
MIR372	MIR526A2	not_in_G	not_in_G
MIR373	MIR498	not_in_G	not_in_G
MIR373	MIR515-1	not_in_G	not_in_G
MIR373	MIR515-2	not_in_G	not_in_G
MIR373	MIR517A	not_in_G	not_in_G
MIR373	MIR517B	not_in_G	not_in_G
MIR373	MIR517C	not_in_G	not_in_G
MIR373	MIR519E	not_in_G	not_in_G
MIR373	MIR520B	not_in_G	not_in_G
MIR373	MIR520E	not_in_G	not_in_G
MIR373	MIR520F	not_in_G	not_in_G
MIR373	MIR520G	not_in_G	not_in_G
MIR373	MIR524	not_in_G	not_in_G
MIR373	MIR526A1	not_in_G	not_in_G
MIR373	MIR526A2	not_in_G	not_in_G
MIR498	MIR512-1	not_in_G	not_in_G
MIR498	MIR512-2	not_in_G	not_in_G
MIR498	MIR515-1	not_in_G	not_in_G
MIR498	MIR515-2	not_in_G	not_in_G
MIR498	MIR516A1	not_in_G	not_in_G
MIR498	MIR516A2	not_in_G	not_in_G
MIR498	MIR516B1	not_in_G	not_in_G
MIR498	MIR516B2	not_in_G	not_in_G
MIR498	MIR517A	not_in_G	not_in_G
MIR498	MIR517B	not_in_G	not_in_G
MIR498	MIR517C	not_in_G	not_in_G
MIR498	MIR518A1	not_in_G	not_in_G
MIR498	MIR518A2	not_in_G	not_in_G
MIR498	MIR518B	not_in_G	not_in_G
MIR498	MIR518C	not_in_G	not_in_G
MIR498	MIR518D	not_in_G	not_in_G
MIR498	MIR518E	not_in_G	not_in_G
MIR498	MIR518F	not_in_G	not_in_G
MIR498	MIR519A1	not_in_G	not_in_G
MIR498	MIR519A2	not_in_G	not_in_G
MIR498	MIR519B	not_in_G	not_in_G
MIR498	MIR519C	not_in_G	not_in_G
MIR498	MIR519D	not_in_G	not_in_G
MIR498	MIR519E	not_in_G	not_in_G
MIR498	MIR520A	not_in_G	not_in_G
MIR498	MIR520B	not_in_G	not_in_G
MIR498	MIR520C	not_in_G	not_in_G
MIR498	MIR520D	not_in_G	not_in_G
MIR498	MIR520E	not_in_G	not_in_G
MIR498	MIR520F	not_in_G	not_in_G
MIR498	MIR520G	not_in_G	not_in_G
MIR498	MIR520H	not_in_G	not_in_G
MIR498	MIR521-1	not_in_G	not_in_G
MIR498	MIR521-2	not_in_G	not_in_G
MIR498	MIR522	not_in_G	not_in_G
MIR498	MIR523	not_in_G	not_in_G
MIR498	MIR524	not_in_G	not_in_G
MIR498	MIR525	not_in_G	not_in_G
MIR498	MIR526A1	not_in_G	not_in_G
MIR498	MIR526A2	not_in_G	not_in_G
MIR498	MIR526B	not_in_G	not_in_G
MIR498	MIR527	not_in_G	not_in_G
MIR512-1	MIR512-2	DYRK2	HIPK2
MIR512-1	MIR512-2	BAZ1A	BRD2
MIR512-1	MIR512-2	DDX23	DDX24
MIR512-1	MIR512-2	GIT2	ASAP2
MIR512-1	MIR515-1	not_in_G	not_in_G
MIR512-1	MIR515-2	not_in_G	not_in_G
MIR512-1	MIR517A	not_in_G	not_in_G
MIR512-1	MIR517B	not_in_G	not_in_G
MIR512-1	MIR517C	not_in_G	not_in_G
MIR512-1	MIR519E	not_in_G	not_in_G
MIR512-1	MIR520B	not_in_G	not_in_G
MIR512-1	MIR520E	not_in_G	not_in_G
MIR512-1	MIR520F	not_in_G	not_in_G
MIR512-1	MIR520G	not_in_G	not_in_G
MIR512-1	MIR524	not_in_G	not_in_G
MIR512-1	MIR526A1	not_in_G	not_in_G
MIR512-1	MIR526A2	not_in_G	not_in_G
MIR512-2	MIR515-1	not_in_G	not_in_G
MIR512-2	MIR515-2	not_in_G	not_in_G
MIR512-2	MIR517A	not_in_G	not_in_G
MIR512-2	MIR517B	not_in_G	not_in_G
MIR512-2	MIR517C	not_in_G	not_in_G
MIR512-2	MIR519E	not_in_G	not_in_G
MIR512-2	MIR520B	not_in_G	not_in_G
MIR512-2	MIR520E	not_in_G	not_in_G
MIR512-2	MIR520F	not_in_G	not_in_G
MIR512-2	MIR520G	not_in_G	not_in_G
MIR512-2	MIR524	not_in_G	not_in_G
MIR512-2	MIR526A1	not_in_G	not_in_G
MIR512-2	MIR526A2	not_in_G	not_in_G
MIR515-1	MIR515-1	not_in_G	not_in_G
MIR515-1	MIR515-2	not_in_G	not_in_G
MIR515-1	MIR516A1	not_in_G	not_in_G
MIR515-1	MIR516A2	not_in_G	not_in_G
MIR515-1	MIR516B1	not_in_G	not_in_G
MIR515-1	MIR516B2	not_in_G	not_in_G
MIR515-1	MIR517A	not_in_G	not_in_G
MIR515-1	MIR517B	not_in_G	not_in_G
MIR515-1	MIR517C	not_in_G	not_in_G
MIR515-1	MIR518A1	not_in_G	not_in_G
MIR515-1	MIR518A2	not_in_G	not_in_G
MIR515-1	MIR518B	not_in_G	not_in_G
MIR515-1	MIR518C	not_in_G	not_in_G
MIR515-1	MIR518D	not_in_G	not_in_G
MIR515-1	MIR518E	not_in_G	not_in_G
MIR515-1	MIR518F	not_in_G	not_in_G
MIR515-1	MIR519A1	not_in_G	not_in_G
MIR515-1	MIR519A2	not_in_G	not_in_G
MIR515-1	MIR519B	not_in_G	not_in_G
MIR515-1	MIR519C	not_in_G	not_in_G
MIR515-1	MIR519D	not_in_G	not_in_G
MIR515-1	MIR519E	not_in_G	not_in_G
MIR515-1	MIR520A	not_in_G	not_in_G
MIR515-1	MIR520B	not_in_G	not_in_G
MIR515-1	MIR520C	not_in_G	not_in_G
MIR515-1	MIR520D	not_in_G	not_in_G
MIR515-1	MIR520E	not_in_G	not_in_G
MIR515-1	MIR520F	not_in_G	not_in_G
MIR515-1	MIR520G	not_in_G	not_in_G
MIR515-1	MIR520H	not_in_G	not_in_G
MIR515-1	MIR521-1	not_in_G	not_in_G
MIR515-1	MIR521-2	not_in_G	not_in_G
MIR515-1	MIR522	not_in_G	not_in_G
MIR515-1	MIR523	not_in_G	not_in_G
MIR515-1	MIR524	not_in_G	not_in_G
MIR515-1	MIR525	not_in_G	not_in_G
MIR515-1	MIR526A1	not_in_G	not_in_G
MIR515-1	MIR526A2	not_in_G	not_in_G
MIR515-1	MIR526B	not_in_G	not_in_G
MIR515-1	MIR527	not_in_G	not_in_G
MIR515-2	MIR515-2	not_in_G	not_in_G
MIR515-2	MIR516A1	not_in_G	not_in_G
MIR515-2	MIR516A2	not_in_G	not_in_G
MIR515-2	MIR516B1	not_in_G	not_in_G
MIR515-2	MIR516B2	not_in_G	not_in_G
MIR515-2	MIR517A	not_in_G	not_in_G
MIR515-2	MIR517B	not_in_G	not_in_G
MIR515-2	MIR517C	not_in_G	not_in_G
MIR515-2	MIR518A1	not_in_G	not_in_G
MIR515-2	MIR518A2	not_in_G	not_in_G
MIR515-2	MIR518B	not_in_G	not_in_G
MIR515-2	MIR518C	not_in_G	not_in_G
MIR515-2	MIR518D	not_in_G	not_in_G
MIR515-2	MIR518E	not_in_G	not_in_G
MIR515-2	MIR518F	not_in_G	not_in_G
MIR515-2	MIR519A1	not_in_G	not_in_G
MIR515-2	MIR519A2	not_in_G	not_in_G
MIR515-2	MIR519B	not_in_G	not_in_G
MIR515-2	MIR519C	not_in_G	not_in_G
MIR515-2	MIR519D	not_in_G	not_in_G
MIR515-2	MIR519E	not_in_G	not_in_G
MIR515-2	MIR520A	not_in_G	not_in_G
MIR515-2	MIR520B	not_in_G	not_in_G
MIR515-2	MIR520C	not_in_G	not_in_G
MIR515-2	MIR520D	not_in_G	not_in_G
MIR515-2	MIR520E	not_in_G	not_in_G
MIR515-2	MIR520F	not_in_G	not_in_G
MIR515-2	MIR520G	not_in_G	not_in_G
MIR515-2	MIR520H	not_in_G	not_in_G
MIR515-2	MIR521-1	not_in_G	not_in_G
MIR515-2	MIR521-2	not_in_G	not_in_G
MIR515-2	MIR522	not_in_G	not_in_G
MIR515-2	MIR523	not_in_G	not_in_G
MIR515-2	MIR524	not_in_G	not_in_G
MIR515-2	MIR525	not_in_G	not_in_G
MIR515-2	MIR526A1	not_in_G	not_in_G
MIR515-2	MIR526A2	not_in_G	not_in_G
MIR515-2	MIR526B	not_in_G	not_in_G
MIR515-2	MIR527	not_in_G	not_in_G
MIR516A1	MIR517A	not_in_G	not_in_G
MIR516A1	MIR517B	not_in_G	not_in_G
MIR516A1	MIR517C	not_in_G	not_in_G
MIR516A1	MIR519E	not_in_G	not_in_G
MIR516A1	MIR520B	not_in_G	not_in_G
MIR516A1	MIR520E	not_in_G	not_in_G
MIR516A1	MIR520F	not_in_G	not_in_G
MIR516A1	MIR520G	not_in_G	not_in_G
MIR516A1	MIR524	not_in_G	not_in_G
MIR516A1	MIR526A1	not_in_G	not_in_G
MIR516A1	MIR526A2	not_in_G	not_in_G
MIR516A2	MIR517A	not_in_G	not_in_G
MIR516A2	MIR517B	not_in_G	not_in_G
MIR516A2	MIR517C	not_in_G	not_in_G
MIR516A2	MIR519E	not_in_G	not_in_G
MIR516A2	MIR520B	not_in_G	not_in_G
MIR516A2	MIR520E	not_in_G	not_in_G
MIR516A2	MIR520F	not_in_G	not_in_G
MIR516A2	MIR520G	not_in_G	not_in_G
MIR516A2	MIR524	not_in_G	not_in_G
MIR516A2	MIR526A1	not_in_G	not_in_G
MIR516A2	MIR526A2	not_in_G	not_in_G
MIR516B1	MIR516B2	MTF1	SNAI2
MIR516B1	MIR516B2	AHNAK2	AHNAK
MIR516B1	MIR517A	not_in_G	not_in_G
MIR516B1	MIR517B	not_in_G	not_in_G
MIR516B1	MIR517C	not_in_G	not_in_G
MIR516B1	MIR519E	not_in_G	not_in_G
MIR516B1	MIR520B	not_in_G	not_in_G
MIR516B1	MIR520E	not_in_G	not_in_G
MIR516B1	MIR520F	not_in_G	not_in_G
MIR516B1	MIR520G	not_in_G	not_in_G
MIR516B1	MIR524	not_in_G	not_in_G
MIR516B1	MIR526A1	not_in_G	not_in_G
MIR516B1	MIR526A2	not_in_G	not_in_G
MIR516B2	MIR517A	not_in_G	not_in_G
MIR516B2	MIR517B	not_in_G	not_in_G
MIR516B2	MIR517C	not_in_G	not_in_G
MIR516B2	MIR519E	not_in_G	not_in_G
MIR516B2	MIR520B	not_in_G	not_in_G
MIR516B2	MIR520E	not_in_G	not_in_G
MIR516B2	MIR520F	not_in_G	not_in_G
MIR516B2	MIR520G	not_in_G	not_in_G
MIR516B2	MIR524	not_in_G	not_in_G
MIR516B2	MIR526A1	not_in_G	not_in_G
MIR516B2	MIR526A2	not_in_G	not_in_G
MIR517A	MIR517B	not_in_G	not_in_G
MIR517A	MIR517C	not_in_G	not_in_G
MIR517A	MIR518A1	not_in_G	not_in_G
MIR517A	MIR518A2	not_in_G	not_in_G
MIR517A	MIR518B	not_in_G	not_in_G
MIR517A	MIR518C	not_in_G	not_in_G
MIR517A	MIR518D	not_in_G	not_in_G
MIR517A	MIR518E	not_in_G	not_in_G
MIR517A	MIR518F	not_in_G	not_in_G
MIR517A	MIR519A1	not_in_G	not_in_G
MIR517A	MIR519A2	not_in_G	not_in_G
MIR517A	MIR519B	not_in_G	not_in_G
MIR517A	MIR519C	not_in_G	not_in_G
MIR517A	MIR519D	not_in_G	not_in_G
MIR517A	MIR519E	not_in_G	not_in_G
MIR517A	MIR520A	not_in_G	not_in_G
MIR517A	MIR520B	not_in_G	not_in_G
MIR517A	MIR520C	not_in_G	not_in_G
MIR517A	MIR520D	not_in_G	not_in_G
MIR517A	MIR520E	not_in_G	not_in_G
MIR517A	MIR520F	not_in_G	not_in_G
MIR517A	MIR520G	not_in_G	not_in_G
MIR517A	MIR520H	not_in_G	not_in_G
MIR517A	MIR521-1	not_in_G	not_in_G
MIR517A	MIR521-2	not_in_G	not_in_G
MIR517A	MIR522	not_in_G	not_in_G
MIR517A	MIR523	not_in_G	not_in_G
MIR517A	MIR524	not_in_G	not_in_G
MIR517A	MIR525	not_in_G	not_in_G
MIR517A	MIR526A1	not_in_G	not_in_G
MIR517A	MIR526A2	not_in_G	not_in_G
MIR517A	MIR526B	not_in_G	not_in_G
MIR517A	MIR527	not_in_G	not_in_G
MIR517B	MIR517C	not_in_G	not_in_G
MIR517B	MIR518A1	not_in_G	not_in_G
MIR517B	MIR518A2	not_in_G	not_in_G
MIR517B	MIR518B	not_in_G	not_in_G
MIR517B	MIR518C	not_in_G	not_in_G
MIR517B	MIR518D	not_in_G	not_in_G
MIR517B	MIR518E	not_in_G	not_in_G
MIR517B	MIR518F	not_in_G	not_in_G
MIR517B	MIR519A1	not_in_G	not_in_G
MIR517B	MIR519A2	not_in_G	not_in_G
MIR517B	MIR519B	not_in_G	not_in_G
MIR517B	MIR519C	not_in_G	not_in_G
MIR517B	MIR519D	not_in_G	not_in_G
MIR517B	MIR519E	not_in_G	not_in_G
MIR517B	MIR520A	not_in_G	not_in_G
MIR517B	MIR520B	not_in_G	not_in_G
MIR517B	MIR520C	not_in_G	not_in_G
MIR517B	MIR520D	not_in_G	not_in_G
MIR517B	MIR520E	not_in_G	not_in_G
MIR517B	MIR520F	not_in_G	not_in_G
MIR517B	MIR520G	not_in_G	not_in_G
MIR517B	MIR520H	not_in_G	not_in_G
MIR517B	MIR521-1	not_in_G	not_in_G
MIR517B	MIR521-2	not_in_G	not_in_G
MIR517B	MIR522	not_in_G	not_in_G
MIR517B	MIR523	not_in_G	not_in_G
MIR517B	MIR524	not_in_G	not_in_G
MIR517B	MIR525	not_in_G	not_in_G
MIR517B	MIR526A1	not_in_G	not_in_G
MIR517B	MIR526A2	not_in_G	not_in_G
MIR517B	MIR526B	not_in_G	not_in_G
MIR517B	MIR527	not_in_G	not_in_G
MIR517C	MIR518A1	not_in_G	not_in_G
MIR517C	MIR518A2	not_in_G	not_in_G
MIR517C	MIR518B	not_in_G	not_in_G
MIR517C	MIR518C	not_in_G	not_in_G
MIR517C	MIR518D	not_in_G	not_in_G
MIR517C	MIR518E	not_in_G	not_in_G
MIR517C	MIR518F	not_in_G	not_in_G
MIR517C	MIR519A1	not_in_G	not_in_G
MIR517C	MIR519A2	not_in_G	not_in_G
MIR517C	MIR519B	not_in_G	not_in_G
MIR517C	MIR519C	not_in_G	not_in_G
MIR517C	MIR519D	not_in_G	not_in_G
MIR517C	MIR519E	not_in_G	not_in_G
MIR517C	MIR520A	not_in_G	not_in_G
MIR517C	MIR520B	not_in_G	not_in_G
MIR517C	MIR520C	not_in_G	not_in_G
MIR517C	MIR520D	not_in_G	not_in_G
MIR517C	MIR520E	not_in_G	not_in_G
MIR517C	MIR520F	not_in_G	not_in_G
MIR517C	MIR520G	not_in_G	not_in_G
MIR517C	MIR520H	not_in_G	not_in_G
MIR517C	MIR521-1	not_in_G	not_in_G
MIR517C	MIR521-2	not_in_G	not_in_G
MIR517C	MIR522	not_in_G	not_in_G
MIR517C	MIR523	not_in_G	not_in_G
MIR517C	MIR524	not_in_G	not_in_G
MIR517C	MIR525	not_in_G	not_in_G
MIR517C	MIR526A1	not_in_G	not_in_G
MIR517C	MIR526A2	not_in_G	not_in_G
MIR517C	MIR526B	not_in_G	not_in_G
MIR517C	MIR527	not_in_G	not_in_G
MIR518A1	MIR518A2	CCND1	CCNI
MIR518A1	MIR519E	not_in_G	not_in_G
MIR518A1	MIR520B	not_in_G	not_in_G
MIR518A1	MIR520E	not_in_G	not_in_G
MIR518A1	MIR520F	not_in_G	not_in_G
MIR518A1	MIR520G	not_in_G	not_in_G
MIR518A1	MIR524	not_in_G	not_in_G
MIR518A1	MIR526A1	not_in_G	not_in_G
MIR518A1	MIR526A2	not_in_G	not_in_G
MIR518A1	MIR527	CCND1	CCNI
MIR518A2	MIR519E	not_in_G	not_in_G
MIR518A2	MIR520B	not_in_G	not_in_G
MIR518A2	MIR520E	not_in_G	not_in_G
MIR518A2	MIR520F	not_in_G	not_in_G
MIR518A2	MIR520G	not_in_G	not_in_G
MIR518A2	MIR524	not_in_G	not_in_G
MIR518A2	MIR526A1	not_in_G	not_in_G
MIR518A2	MIR526A2	not_in_G	not_in_G
MIR518A2	MIR527	CCND1	CCNI
MIR518B	MIR518D	KIF13A	KIF5B
MIR518B	MIR519E	not_in_G	not_in_G
MIR518B	MIR520B	not_in_G	not_in_G
MIR518B	MIR520E	not_in_G	not_in_G
MIR518B	MIR520F	not_in_G	not_in_G
MIR518B	MIR520G	not_in_G	not_in_G
MIR518B	MIR524	not_in_G	not_in_G
MIR518B	MIR526A1	not_in_G	not_in_G
MIR518B	MIR526A2	not_in_G	not_in_G
MIR518C	MIR519E	not_in_G	not_in_G
MIR518C	MIR520A	MACF1	SPTBN1
MIR518C	MIR520B	not_in_G	not_in_G
MIR518C	MIR520E	not_in_G	not_in_G
MIR518C	MIR520F	not_in_G	not_in_G
MIR518C	MIR520G	not_in_G	not_in_G
MIR518C	MIR524	not_in_G	not_in_G
MIR518C	MIR526A1	not_in_G	not_in_G
MIR518C	MIR526A2	not_in_G	not_in_G
MIR518D	MIR519E	not_in_G	not_in_G
MIR518D	MIR520B	not_in_G	not_in_G
MIR518D	MIR520E	not_in_G	not_in_G
MIR518D	MIR520F	not_in_G	not_in_G
MIR518D	MIR520G	not_in_G	not_in_G
MIR518D	MIR524	not_in_G	not_in_G
MIR518D	MIR526A1	not_in_G	not_in_G
MIR518D	MIR526A2	not_in_G	not_in_G
MIR518E	MIR519E	not_in_G	not_in_G
MIR518E	MIR520B	not_in_G	not_in_G
MIR518E	MIR520E	not_in_G	not_in_G
MIR518E	MIR520F	not_in_G	not_in_G
MIR518E	MIR520G	not_in_G	not_in_G
MIR518E	MIR524	not_in_G	not_in_G
MIR518E	MIR526A1	not_in_G	not_in_G
MIR518E	MIR526A2	not_in_G	not_in_G
MIR518F	MIR519E	not_in_G	not_in_G
MIR518F	MIR520B	not_in_G	not_in_G
MIR518F	MIR520E	not_in_G	not_in_G
MIR518F	MIR520F	not_in_G	not_in_G
MIR518F	MIR520G	not_in_G	not_in_G
MIR518F	MIR524	not_in_G	not_in_G
MIR518F	MIR526A1	not_in_G	not_in_G
MIR518F	MIR526A2	not_in_G	not_in_G
MIR519A1	MIR519E	not_in_G	not_in_G
MIR519A1	MIR520B	not_in_G	not_in_G
MIR519A1	MIR520E	not_in_G	not_in_G
MIR519A1	MIR520F	not_in_G	not_in_G
MIR519A1	MIR520G	not_in_G	not_in_G
MIR519A1	MIR524	not_in_G	not_in_G
MIR519A1	MIR526A1	not_in_G	not_in_G
MIR519A1	MIR526A2	not_in_G	not_in_G
MIR519A2	MIR519E	not_in_G	not_in_G
MIR519A2	MIR520B	not_in_G	not_in_G
MIR519A2	MIR520E	not_in_G	not_in_G
MIR519A2	MIR520F	not_in_G	not_in_G
MIR519A2	MIR520G	not_in_G	not_in_G
MIR519A2	MIR524	not_in_G	not_in_G
MIR519A2	MIR526A1	not_in_G	not_in_G
MIR519A2	MIR526A2	not_in_G	not_in_G
MIR519B	MIR519E	not_in_G	not_in_G
MIR519B	MIR520B	not_in_G	not_in_G
MIR519B	MIR520E	not_in_G	not_in_G
MIR519B	MIR520F	not_in_G	not_in_G
MIR519B	MIR520G	not_in_G	not_in_G
MIR519B	MIR524	not_in_G	not_in_G
MIR519B	MIR526A1	not_in_G	not_in_G
MIR519B	MIR526A2	not_in_G	not_in_G
MIR519C	MIR519E	not_in_G	not_in_G
MIR519C	MIR520B	not_in_G	not_in_G
MIR519C	MIR520E	not_in_G	not_in_G
MIR519C	MIR520F	not_in_G	not_in_G
MIR519C	MIR520G	not_in_G	not_in_G
MIR519C	MIR524	not_in_G	not_in_G
MIR519C	MIR526A1	not_in_G	not_in_G
MIR519C	MIR526A2	not_in_G	not_in_G
MIR519D	MIR519E	not_in_G	not_in_G
MIR519D	MIR520B	not_in_G	not_in_G
MIR519D	MIR520E	not_in_G	not_in_G
MIR519D	MIR520F	not_in_G	not_in_G
MIR519D	MIR520G	not_in_G	not_in_G
MIR519D	MIR524	not_in_G	not_in_G
MIR519D	MIR526A1	not_in_G	not_in_G
MIR519D	MIR526A2	not_in_G	not_in_G
MIR519E	MIR520A	not_in_G	not_in_G
MIR519E	MIR520B	not_in_G	not_in_G
MIR519E	MIR520C	not_in_G	not_in_G
MIR519E	MIR520D	not_in_G	not_in_G
MIR519E	MIR520E	not_in_G	not_in_G
MIR519E	MIR520F	not_in_G	not_in_G
MIR519E	MIR520G	not_in_G	not_in_G
MIR519E	MIR520H	not_in_G	not_in_G
MIR519E	MIR521-1	not_in_G	not_in_G
MIR519E	MIR521-2	not_in_G	not_in_G
MIR519E	MIR522	not_in_G	not_in_G
MIR519E	MIR523	not_in_G	not_in_G
MIR519E	MIR524	not_in_G	not_in_G
MIR519E	MIR525	not_in_G	not_in_G
MIR519E	MIR526A1	not_in_G	not_in_G
MIR519E	MIR526A2	not_in_G	not_in_G
MIR519E	MIR526B	not_in_G	not_in_G
MIR519E	MIR527	not_in_G	not_in_G
MIR520A	MIR520B	not_in_G	not_in_G
MIR520A	MIR520E	not_in_G	not_in_G
MIR520A	MIR520F	not_in_G	not_in_G
MIR520A	MIR520G	not_in_G	not_in_G
MIR520A	MIR524	not_in_G	not_in_G
MIR520A	MIR526A1	not_in_G	not_in_G
MIR520A	MIR526A2	not_in_G	not_in_G
MIR520B	MIR520C	not_in_G	not_in_G
MIR520B	MIR520D	not_in_G	not_in_G
MIR520B	MIR520E	not_in_G	not_in_G
MIR520B	MIR520F	not_in_G	not_in_G
MIR520B	MIR520G	not_in_G	not_in_G
MIR520B	MIR520H	not_in_G	not_in_G
MIR520B	MIR521-1	not_in_G	not_in_G
MIR520B	MIR521-2	not_in_G	not_in_G
MIR520B	MIR522	not_in_G	not_in_G
MIR520B	MIR523	not_in_G	not_in_G
MIR520B	MIR524	not_in_G	not_in_G
MIR520B	MIR525	not_in_G	not_in_G
MIR520B	MIR526A1	not_in_G	not_in_G
MIR520B	MIR526A2	not_in_G	not_in_G
MIR520B	MIR526B	not_in_G	not_in_G
MIR520B	MIR527	not_in_G	not_in_G
MIR520C	MIR520E	not_in_G	not_in_G
MIR520C	MIR520F	not_in_G	not_in_G
MIR520C	MIR520G	not_in_G	not_in_G
MIR520C	MIR524	not_in_G	not_in_G
MIR520C	MIR526A1	not_in_G	not_in_G
MIR520C	MIR526A2	not_in_G	not_in_G
MIR520D	MIR520E	not_in_G	not_in_G
MIR520D	MIR520F	not_in_G	not_in_G
MIR520D	MIR520G	not_in_G	not_in_G
MIR520D	MIR524	not_in_G	not_in_G
MIR520D	MIR526A1	not_in_G	not_in_G
MIR520D	MIR526A2	not_in_G	not_in_G
MIR520E	MIR520F	not_in_G	not_in_G
MIR520E	MIR520G	not_in_G	not_in_G
MIR520E	MIR520H	not_in_G	not_in_G
MIR520E	MIR521-1	not_in_G	not_in_G
MIR520E	MIR521-2	not_in_G	not_in_G
MIR520E	MIR522	not_in_G	not_in_G
MIR520E	MIR523	not_in_G	not_in_G
MIR520E	MIR524	not_in_G	not_in_G
MIR520E	MIR525	not_in_G	not_in_G
MIR520E	MIR526A1	not_in_G	not_in_G
MIR520E	MIR526A2	not_in_G	not_in_G
MIR520E	MIR526B	not_in_G	not_in_G
MIR520E	MIR527	not_in_G	not_in_G
MIR520F	MIR520G	not_in_G	not_in_G
MIR520F	MIR520H	not_in_G	not_in_G
MIR520F	MIR521-1	not_in_G	not_in_G
MIR520F	MIR521-2	not_in_G	not_in_G
MIR520F	MIR522	not_in_G	not_in_G
MIR520F	MIR523	not_in_G	not_in_G
MIR520F	MIR524	not_in_G	not_in_G
MIR520F	MIR525	not_in_G	not_in_G
MIR520F	MIR526A1	not_in_G	not_in_G
MIR520F	MIR526A2	not_in_G	not_in_G
MIR520F	MIR526B	not_in_G	not_in_G
MIR520F	MIR527	not_in_G	not_in_G
MIR520G	MIR520H	not_in_G	not_in_G
MIR520G	MIR521-1	not_in_G	not_in_G
MIR520G	MIR521-2	not_in_G	not_in_G
MIR520G	MIR522	not_in_G	not_in_G
MIR520G	MIR523	not_in_G	not_in_G
MIR520G	MIR524	not_in_G	not_in_G
MIR520G	MIR525	not_in_G	not_in_G
MIR520G	MIR526A1	not_in_G	not_in_G
MIR520G	MIR526A2	not_in_G	not_in_G
MIR520G	MIR526B	not_in_G	not_in_G
MIR520G	MIR527	not_in_G	not_in_G
MIR520H	MIR524	not_in_G	not_in_G
MIR520H	MIR526A1	not_in_G	not_in_G
MIR520H	MIR526A2	not_in_G	not_in_G
MIR521-1	MIR521-2	DCBLD2	NRP1
MIR521-1	MIR524	not_in_G	not_in_G
MIR521-1	MIR526A1	not_in_G	not_in_G
MIR521-1	MIR526A2	not_in_G	not_in_G
MIR521-2	MIR524	not_in_G	not_in_G
MIR521-2	MIR526A1	not_in_G	not_in_G
MIR521-2	MIR526A2	not_in_G	not_in_G
MIR522	MIR524	not_in_G	not_in_G
MIR522	MIR526A1	not_in_G	not_in_G
MIR522	MIR526A2	not_in_G	not_in_G
MIR523	MIR524	not_in_G	not_in_G
MIR523	MIR526A1	not_in_G	not_in_G
MIR523	MIR526A2	not_in_G	not_in_G
MIR524	MIR525	not_in_G	not_in_G
MIR524	MIR526A1	not_in_G	not_in_G
MIR524	MIR526A2	not_in_G	not_in_G
MIR524	MIR526B	not_in_G	not_in_G
MIR524	MIR527	not_in_G	not_in_G
MIR525	MIR526A1	not_in_G	not_in_G
MIR525	MIR526A2	not_in_G	not_in_G
MIR526A1	MIR526A2	not_in_G	not_in_G
MIR526A1	MIR526B	not_in_G	not_in_G
MIR526A1	MIR527	not_in_G	not_in_G
MIR526A2	MIR526B	not_in_G	not_in_G
MIR526A2	MIR527	not_in_G	not_in_G
MIR130A	MIR130B	MTMR4	MTMR9
MIR130A	MIR130B	MTMR4	SBF2
MIR130A	MIR130B	MTMR4	MTMR6
MIR130A	MIR130B	ASH1L	KMT2C
MIR130A	MIR130B	ASH1L	SETD2
MIR130A	MIR130B	DDX3Y	DDX17
MIR130A	MIR130B	DDX3Y	DDX5
MIR130A	MIR130B	IRF1	IRF8
MIR130A	MIR130B	STK4	TAOK1
MIR130A	MIR130B	SETD2	KMT2C
MIR130A	MIR130B	MTMR6	MTMR9
MIR130A	MIR130B	MTMR6	SBF2
MIR130A	MIR130B	CCNG2	CCND2
MIR130A	MIR130B	OSMR	IL6ST
MIR130A	MIR130B	RAB14	RAB34
MIR130A	MIR130B	RAB14	RAB1A
MIR130A	MIR130B	SBF2	MTMR9
MIR130A	MIR130B	DHX30	HELB
MIR130A	MIR130B	ZBTB4	ZBTB38
MIR130A	MIR130B	NRP1	DCBLD2
MIR130A	MIR130B	RAB34	RAB1A
MIR130A	MIR301A	MTMR4	MTMR9
MIR130A	MIR301A	MTMR4	SBF2
MIR130A	MIR301A	MTMR4	MTMR6
MIR130A	MIR301A	ASH1L	KMT2C
MIR130A	MIR301A	DDX3Y	DDX17
MIR130A	MIR301A	DDX3Y	DDX5
MIR130A	MIR301A	STK4	TAOK1
MIR130A	MIR301A	MTMR6	MTMR9
MIR130A	MIR301A	MTMR6	SBF2
MIR130A	MIR301A	CCNG2	CCND2
MIR130A	MIR301A	OSMR	IL6ST
MIR130A	MIR301A	SBF2	MTMR9
MIR130A	MIR301A	DHX30	HELB
MIR130A	MIR301A	NRP1	DCBLD2
MIR130A	MIR301A	RAB34	RAB1A
MIR130A	MIR301B	MTMR4	MTMR9
MIR130A	MIR301B	MTMR4	SBF2
MIR130A	MIR301B	MTMR4	MTMR6
MIR130A	MIR301B	ASH1L	KMT2C
MIR130A	MIR301B	DDX3Y	DDX17
MIR130A	MIR301B	DDX3Y	DDX5
MIR130A	MIR301B	STK4	TAOK1
MIR130A	MIR301B	MTMR6	MTMR9
MIR130A	MIR301B	MTMR6	SBF2
MIR130A	MIR301B	CCNG2	CCND2
MIR130A	MIR301B	OSMR	IL6ST
MIR130A	MIR301B	SBF2	MTMR9
MIR130A	MIR301B	DHX30	HELB
MIR130A	MIR301B	ZBTB4	ZBTB38
MIR130A	MIR301B	RAB34	RAB1A
MIR130A	MIR454	DDX5	DDX3Y
MIR130A	MIR454	MTMR4	MTMR9
MIR130A	MIR454	ASH1L	KMT2C
MIR130A	MIR454	DDX17	DDX3Y
MIR130A	MIR454	STK4	TAOK1
MIR130B	MIR301A	MTMR4	MTMR9
MIR130B	MIR301A	MTMR4	SBF2
MIR130B	MIR301A	MTMR4	MTMR6
MIR130B	MIR301A	ASH1L	KMT2C
MIR130B	MIR301A	DDX3Y	DDX17
MIR130B	MIR301A	DDX3Y	DDX5
MIR130B	MIR301A	STK4	TAOK1
MIR130B	MIR301A	MTMR6	MTMR9
MIR130B	MIR301A	MTMR6	SBF2
MIR130B	MIR301A	CCNG2	CCND2
MIR130B	MIR301A	OSMR	IL6ST
MIR130B	MIR301A	SBF2	MTMR9
MIR130B	MIR301A	DHX30	HELB
MIR130B	MIR301A	NRP1	DCBLD2
MIR130B	MIR301A	RAB34	RAB1A
MIR130B	MIR301B	MTMR4	MTMR9
MIR130B	MIR301B	MTMR4	SBF2
MIR130B	MIR301B	MTMR4	MTMR6
MIR130B	MIR301B	ASH1L	KMT2C
MIR130B	MIR301B	DDX3Y	DDX17
MIR130B	MIR301B	DDX3Y	DDX5
MIR130B	MIR301B	STK4	TAOK1
MIR130B	MIR301B	MTMR6	MTMR9
MIR130B	MIR301B	MTMR6	SBF2
MIR130B	MIR301B	CCNG2	CCND2
MIR130B	MIR301B	OSMR	IL6ST
MIR130B	MIR301B	SBF2	MTMR9
MIR130B	MIR301B	DHX30	HELB
MIR130B	MIR301B	ZBTB4	ZBTB38
MIR130B	MIR301B	RAB34	RAB1A
MIR130B	MIR454	DDX5	DDX3Y
MIR130B	MIR454	MTMR4	MTMR9
MIR130B	MIR454	ASH1L	KMT2C
MIR130B	MIR454	DDX17	DDX3Y
MIR130B	MIR454	STK4	TAOK1
MIR301A	MIR454	DDX5	DDX3Y
MIR301A	MIR454	MTMR4	MTMR9
MIR301A	MIR454	ASH1L	KMT2C
MIR301A	MIR454	DDX17	DDX3Y
MIR301A	MIR454	STK4	TAOK1
MIR301B	MIR454	DDX5	DDX3Y
MIR301B	MIR454	MTMR4	MTMR9
MIR301B	MIR454	ASH1L	KMT2C
MIR301B	MIR454	DDX17	DDX3Y
MIR301B	MIR454	STK4	TAOK1
MIR132	MIR212	PHF3	DIDO1
MIR132	MIR212	ATM	PRKDC
MIR132	MIR212	HERC3	HUWE1
MIR132	MIR212	HERC3	HECTD1
MIR132	MIR212	HECTD1	HUWE1
MIR141	MIR429	not_in_G	not_in_G
MIR200B	MIR429	not_in_G	not_in_G
MIR200C	MIR429	not_in_G	not_in_G
MIR429	MIR200A	not_in_G	not_in_G
MIR15A	MIR16-1	TRIM33	TRIM35
MIR15A	MIR16-1	TRIM33	TRIM44
MIR15A	MIR16-1	CCND1	CCNE1
MIR15A	MIR16-1	CCND1	CCNA2
MIR15A	MIR16-1	RASA1	NF1
MIR15A	MIR16-1	IPO9	IPO8
MIR15A	MIR16-1	IPO9	IPO7
MIR15A	MIR16-1	PTPN3	PTPRF
MIR15A	MIR16-1	PLEKHM2	ZFYVE1
MIR15A	MIR16-1	BCL2	MCL1
MIR15A	MIR16-1	SMAD3	SMAD7
MIR15A	MIR16-1	EIF4A2	DDX46
MIR15A	MIR16-1	ASH1L	KMT2D
MIR15A	MIR16-1	CCNE1	CCND2
MIR15A	MIR16-1	CCNE1	CCNA2
MIR15A	MIR16-1	USP42	USP22
MIR15A	MIR16-1	MYO19	MYO1G
MIR15A	MIR16-1	TSPAN3	CD151
MIR15A	MIR16-1	DNM1L	DNM1
MIR15A	MIR16-1	LARP1	LARP4B
MIR15A	MIR16-1	LARP1	LARP4
MIR15A	MIR16-1	ALG9	PIGB
MIR15A	MIR16-1	ARMCX2	ARMCX1
MIR15A	MIR16-1	ARL2	ARL8B
MIR15A	MIR16-1	ATP13A3	ATP2B1
MIR15A	MIR16-1	ATP13A3	ATP2A2
MIR15A	MIR16-1	TRIM44	TRIM35
MIR15A	MIR16-1	SMURF2	UBE3A
MIR15A	MIR16-1	CCT4	TCP1
MIR15A	MIR16-1	ATP2B1	ATP2A2
MIR15A	MIR16-1	CIRBP	HNRNPDL
MIR15A	MIR16-1	TLK1	TTK
MIR15A	MIR16-1	ARHGEF18	NET1
MIR15A	MIR16-1	HSPA9	HSPA5
MIR15A	MIR16-1	SGK1	LATS1
MIR15A	MIR16-1	SGK1	LATS2
MIR15A	MIR16-1	DYRK1B	HIPK2
MIR15A	MIR16-1	PDGFC	DCBLD2
MIR15A	MIR16-1	CCND2	CCNA2
MIR15A	MIR16-1	PRKAR1A	PRKAR2A
MIR15A	MIR16-1	KIF5B	KIF21A
MIR15A	MIR16-1	HSD17B4	RDH11
MIR15A	MIR16-1	ABL2	FRK
MIR15A	MIR16-2	TRIM33	TRIM35
MIR15A	MIR16-2	TRIM33	TRIM44
MIR15A	MIR16-2	CCND1	CCNE1
MIR15A	MIR16-2	CCND1	CCNA2
MIR15A	MIR16-2	RASA1	NF1
MIR15A	MIR16-2	IPO9	IPO8
MIR15A	MIR16-2	IPO9	IPO7
MIR15A	MIR16-2	PTPN3	PTPRF
MIR15A	MIR16-2	PLEKHM2	ZFYVE1
MIR15A	MIR16-2	BCL2	MCL1
MIR15A	MIR16-2	SMAD3	SMAD7
MIR15A	MIR16-2	EIF4A2	DDX46
MIR15A	MIR16-2	ASH1L	KMT2D
MIR15A	MIR16-2	CCNE1	CCND2
MIR15A	MIR16-2	CCNE1	CCNA2
MIR15A	MIR16-2	USP42	USP22
MIR15A	MIR16-2	MYO19	MYO1G
MIR15A	MIR16-2	TSPAN3	CD151
MIR15A	MIR16-2	DNM1L	DNM1
MIR15A	MIR16-2	LARP1	LARP4B
MIR15A	MIR16-2	LARP1	LARP4
MIR15A	MIR16-2	ALG9	PIGB
MIR15A	MIR16-2	ARMCX2	ARMCX1
MIR15A	MIR16-2	KRT18	LMNB1
MIR15A	MIR16-2	ARL2	ARL8B
MIR15A	MIR16-2	ATP13A3	ATP2B1
MIR15A	MIR16-2	ATP13A3	ATP2A2
MIR15A	MIR16-2	TRIM44	TRIM35
MIR15A	MIR16-2	SMURF2	UBE3A
MIR15A	MIR16-2	CCT4	TCP1
MIR15A	MIR16-2	ATP2B1	ATP2A2
MIR15A	MIR16-2	CIRBP	HNRNPDL
MIR15A	MIR16-2	TLK1	TTK
MIR15A	MIR16-2	ARHGEF18	NET1
MIR15A	MIR16-2	HSPA9	HSPA5
MIR15A	MIR16-2	SGK1	LATS1
MIR15A	MIR16-2	SGK1	LATS2
MIR15A	MIR16-2	DYRK1B	HIPK2
MIR15A	MIR16-2	PDGFC	DCBLD2
MIR15A	MIR16-2	CCND2	CCNA2
MIR15A	MIR16-2	PRKAR1A	PRKAR2A
MIR15A	MIR16-2	KIF5B	KIF21A
MIR15A	MIR16-2	HSD17B4	RDH11
MIR15A	MIR16-2	ABL2	FRK
MIR15A	MIR195	TRIM33	TRIM35
MIR15A	MIR195	TRIM33	TRIM44
MIR15A	MIR195	CCND1	CCNE1
MIR15A	MIR195	CCND1	CCNA2
MIR15A	MIR195	RASA1	NF1
MIR15A	MIR195	IPO9	IPO7
MIR15A	MIR195	PTPN3	PTPRF
MIR15A	MIR195	PLEKHM2	ZFYVE1
MIR15A	MIR195	BCL2	MCL1
MIR15A	MIR195	EIF4A2	DDX46
MIR15A	MIR195	ASH1L	KMT2D
MIR15A	MIR195	CCNE1	CCND2
MIR15A	MIR195	CCNE1	CCNA2
MIR15A	MIR195	MYO19	MYO1G
MIR15A	MIR195	TSPAN3	CD151
MIR15A	MIR195	PSD	GBF1
MIR15A	MIR195	DNM1L	DNM1
MIR15A	MIR195	ARMCX2	ARMCX1
MIR15A	MIR195	ARL2	ARL8B
MIR15A	MIR195	ATP13A3	ATP2B1
MIR15A	MIR195	ATP13A3	ATP2A2
MIR15A	MIR195	TRIM44	TRIM35
MIR15A	MIR195	SMURF2	UBE3A
MIR15A	MIR195	CCT4	TCP1
MIR15A	MIR195	ATP2B1	ATP2A2
MIR15A	MIR195	CIRBP	HNRNPDL
MIR15A	MIR195	TLK1	TTK
MIR15A	MIR195	ARHGEF18	NET1
MIR15A	MIR195	SGK1	LATS1
MIR15A	MIR195	DYRK1B	HIPK2
MIR15A	MIR195	PDGFC	DCBLD2
MIR15A	MIR195	CCND2	CCNA2
MIR15A	MIR195	PRKAR1A	PRKAR2A
MIR15A	MIR195	KIF5B	KIF21A
MIR15A	MIR195	HSD17B4	RDH11
MIR15A	MIR195	ABL2	FRK
MIR15A	MIR503	BCL2	MCL1
MIR15A	MIR503	TLK1	TTK
MIR15A	MIR503	DYRK1B	HIPK2
MIR15A	MIR503	KIF5B	KIF21A
MIR16-1	MIR15B	TRIM33	TRIM35
MIR16-1	MIR15B	TRIM33	TRIM44
MIR16-1	MIR15B	CCND1	CCNE1
MIR16-1	MIR15B	CCND1	CCNA2
MIR16-1	MIR15B	RASA1	NF1
MIR16-1	MIR15B	IPO9	IPO8
MIR16-1	MIR15B	IPO9	IPO7
MIR16-1	MIR15B	PTPN3	PTPRF
MIR16-1	MIR15B	PLEKHM2	ZFYVE1
MIR16-1	MIR15B	BCL2	MCL1
MIR16-1	MIR15B	EIF4A2	DDX46
MIR16-1	MIR15B	ASH1L	KMT2D
MIR16-1	MIR15B	CCNE1	CCND2
MIR16-1	MIR15B	CCNE1	CCNA2
MIR16-1	MIR15B	MYO19	MYO1G
MIR16-1	MIR15B	TSPAN3	CD151
MIR16-1	MIR15B	PRKACA	PRKX
MIR16-1	MIR15B	ARMCX2	ARMCX1
MIR16-1	MIR15B	ARL2	ARL8B
MIR16-1	MIR15B	ATP13A3	ATP2B1
MIR16-1	MIR15B	ATP13A3	ATP2A2
MIR16-1	MIR15B	TRIM44	TRIM35
MIR16-1	MIR15B	SMURF2	UBE3A
MIR16-1	MIR15B	EEF1A1	EIF2S3
MIR16-1	MIR15B	CCT4	TCP1
MIR16-1	MIR15B	DUSP2	DUSP6
MIR16-1	MIR15B	ATP2B1	ATP2A2
MIR16-1	MIR15B	CIRBP	HNRNPDL
MIR16-1	MIR15B	TLK1	TTK
MIR16-1	MIR15B	ARHGEF18	NET1
MIR16-1	MIR15B	SGK1	LATS1
MIR16-1	MIR15B	CCND2	CCNA2
MIR16-1	MIR15B	PRKAR1A	PRKAR2A
MIR16-1	MIR15B	KIF5B	KIF21A
MIR16-1	MIR15B	HSD17B4	RDH11
MIR16-1	MIR15B	ABL2	FRK
MIR16-1	MIR15B	KLF7	KLF5
MIR16-1	MIR424	CCND1	CCNA2
MIR16-1	MIR424	RASA1	NF1
MIR16-1	MIR424	PTPN3	PTPRF
MIR16-1	MIR424	BCL2	MCL1
MIR16-1	MIR424	BRD4	BAZ1B
MIR16-1	MIR424	BRD4	BRD2
MIR16-1	MIR424	ASH1L	NSD1
MIR16-1	MIR424	ASH1L	KMT2D
MIR16-1	MIR424	USP42	USP22
MIR16-1	MIR424	ARL2	ARL8B
MIR16-1	MIR424	ATP13A3	ATP2B1
MIR16-1	MIR424	SRCAP	SMARCA4
MIR16-1	MIR424	KDR	FGFR1
MIR16-1	MIR424	NSD1	KMT2D
MIR16-1	MIR424	ARHGEF18	NET1
MIR16-1	MIR424	ABL1	FRK
MIR16-1	MIR424	SGK1	LATS1
MIR16-1	MIR424	BRD2	BAZ1B
MIR16-1	MIR424	NDUFS1	NARF
MIR16-1	MIR424	DYRK1B	HIPK2
MIR16-1	MIR424	RAB1B	RAB3D
MIR16-1	MIR424	CCND2	CCNA2
MIR16-1	MIR424	KIF5B	KIF21A
MIR16-1	MIR424	HUWE1	UBE3A
MIR16-1	MIR497	XPO4	XPO7
MIR16-1	MIR497	PLEKHM2	ZFYVE1
MIR16-1	MIR497	HIPK1	DYRK1B
MIR16-1	MIR497	SOCS3	SOCS6
MIR16-1	MIR497	TMED2	TMED10
MIR16-1	MIR497	ARL2	ARL8B
MIR16-1	MIR497	ATP13A3	ATP2A2
MIR16-1	MIR497	DUSP6	PTPMT1
MIR16-1	MIR497	ARHGEF18	NET1
MIR16-1	MIR497	HSPA9	HSPA5
MIR16-1	MIR497	SGK1	LATS1
MIR16-1	MIR497	SGK1	LATS2
MIR16-1	MIR497	DYRK1B	HIPK2
MIR16-1	MIR497	ABL2	FRK
MIR16-1	MIR497	HUWE1	UBE3A
MIR16-2	MIR15B	TRIM33	TRIM35
MIR16-2	MIR15B	TRIM33	TRIM44
MIR16-2	MIR15B	CCND1	CCNE1
MIR16-2	MIR15B	CCND1	CCNA2
MIR16-2	MIR15B	RASA1	NF1
MIR16-2	MIR15B	IPO9	IPO8
MIR16-2	MIR15B	IPO9	IPO7
MIR16-2	MIR15B	PTPN3	PTPRF
MIR16-2	MIR15B	PLEKHM2	ZFYVE1
MIR16-2	MIR15B	BCL2	MCL1
MIR16-2	MIR15B	EIF4A2	DDX46
MIR16-2	MIR15B	ASH1L	KMT2D
MIR16-2	MIR15B	CCNE1	CCND2
MIR16-2	MIR15B	CCNE1	CCNA2
MIR16-2	MIR15B	USP42	USP10
MIR16-2	MIR15B	MYO19	MYO1G
MIR16-2	MIR15B	TSPAN3	CD151
MIR16-2	MIR15B	ARMCX2	ARMCX1
MIR16-2	MIR15B	ARL2	ARL8B
MIR16-2	MIR15B	ATP13A3	ATP2B1
MIR16-2	MIR15B	ATP13A3	ATP2A2
MIR16-2	MIR15B	TRIM44	TRIM35
MIR16-2	MIR15B	SMURF2	UBE3A
MIR16-2	MIR15B	EEF1A1	EIF2S3
MIR16-2	MIR15B	CCT4	TCP1
MIR16-2	MIR15B	DUSP2	DUSP6
MIR16-2	MIR15B	ATP2B1	ATP2A2
MIR16-2	MIR15B	CIRBP	HNRNPDL
MIR16-2	MIR15B	TLK1	TTK
MIR16-2	MIR15B	ARHGEF18	NET1
MIR16-2	MIR15B	SGK1	LATS1
MIR16-2	MIR15B	CCND2	CCNA2
MIR16-2	MIR15B	PRKAR1A	PRKAR2A
MIR16-2	MIR15B	KIF5B	KIF21A
MIR16-2	MIR15B	HSD17B4	RDH11
MIR16-2	MIR15B	ABL2	FRK
MIR16-2	MIR15B	KLF7	KLF5
MIR16-2	MIR424	CCND1	CCNA2
MIR16-2	MIR424	RASA1	NF1
MIR16-2	MIR424	PTPN3	PTPRF
MIR16-2	MIR424	BCL2	MCL1
MIR16-2	MIR424	BRD4	BAZ1B
MIR16-2	MIR424	BRD4	BRD2
MIR16-2	MIR424	ASH1L	NSD1
MIR16-2	MIR424	ASH1L	KMT2D
MIR16-2	MIR424	USP42	USP22
MIR16-2	MIR424	ARL2	ARL8B
MIR16-2	MIR424	ATP13A3	ATP2B1
MIR16-2	MIR424	SRCAP	SMARCA4
MIR16-2	MIR424	KDR	FGFR1
MIR16-2	MIR424	NSD1	KMT2D
MIR16-2	MIR424	ARHGEF18	NET1
MIR16-2	MIR424	ABL1	FRK
MIR16-2	MIR424	SGK1	LATS1
MIR16-2	MIR424	BRD2	BAZ1B
MIR16-2	MIR424	DYRK1B	HIPK2
MIR16-2	MIR424	RAB1B	RAB3D
MIR16-2	MIR424	CCND2	CCNA2
MIR16-2	MIR424	TMED10	TMED7
MIR16-2	MIR424	KIF5B	KIF21A
MIR16-2	MIR424	HUWE1	UBE3A
MIR16-2	MIR497	DDX3X	DDX24
MIR16-2	MIR497	XPO4	XPO7
MIR16-2	MIR497	PLEKHM2	ZFYVE1
MIR16-2	MIR497	HIPK1	DYRK1B
MIR16-2	MIR497	SOCS3	SOCS6
MIR16-2	MIR497	TMED2	TMED10
MIR16-2	MIR497	ARL2	ARL8B
MIR16-2	MIR497	ATP13A3	ATP2A2
MIR16-2	MIR497	DUSP6	PTPMT1
MIR16-2	MIR497	WNT5A	WNT9A
MIR16-2	MIR497	ARHGEF18	NET1
MIR16-2	MIR497	HSPA9	HSPA5
MIR16-2	MIR497	SGK1	LATS1
MIR16-2	MIR497	SGK1	LATS2
MIR16-2	MIR497	DYRK1B	HIPK2
MIR16-2	MIR497	ABL2	FRK
MIR16-2	MIR497	HUWE1	UBE3A
MIR195	MIR15B	TRIM33	TRIM35
MIR195	MIR15B	TRIM33	TRIM44
MIR195	MIR15B	RASA1	NF1
MIR195	MIR15B	CCND1	CCNE1
MIR195	MIR15B	CCND1	CCNA2
MIR195	MIR15B	IPO9	IPO7
MIR195	MIR15B	PTPN3	PTPRF
MIR195	MIR15B	PLEKHM2	ZFYVE1
MIR195	MIR15B	BCL2	MCL1
MIR195	MIR15B	EIF4A2	DDX46
MIR195	MIR15B	ASH1L	KMT2D
MIR195	MIR15B	CCNE1	CCND2
MIR195	MIR15B	CCNE1	CCNA2
MIR195	MIR15B	USP42	USP10
MIR195	MIR15B	MYO19	MYO1G
MIR195	MIR15B	TSPAN3	CD151
MIR195	MIR15B	PSD	GBF1
MIR195	MIR15B	ARMCX2	ARMCX1
MIR195	MIR15B	ARL2	ARL8B
MIR195	MIR15B	ATP13A3	ATP2B1
MIR195	MIR15B	ATP13A3	ATP2A2
MIR195	MIR15B	TRIM44	TRIM35
MIR195	MIR15B	SMURF2	UBE3A
MIR195	MIR15B	CCT4	TCP1
MIR195	MIR15B	ATP2B1	ATP2A2
MIR195	MIR15B	CIRBP	HNRNPDL
MIR195	MIR15B	TLK1	TTK
MIR195	MIR15B	ARHGEF18	NET1
MIR195	MIR15B	SGK1	LATS1
MIR195	MIR15B	CCND2	CCNA2
MIR195	MIR15B	PRKAR1A	PRKAR2A
MIR195	MIR15B	KIF5B	KIF21A
MIR195	MIR15B	HSD17B4	RDH11
MIR195	MIR15B	ABL2	FRK
MIR195	MIR424	CCND1	CCNA2
MIR195	MIR424	RASA1	NF1
MIR195	MIR424	PTPN3	PTPRF
MIR195	MIR424	BCL2	MCL1
MIR195	MIR424	ASH1L	KMT2D
MIR195	MIR424	ARL2	ARL8B
MIR195	MIR424	ATP13A3	ATP2B1
MIR195	MIR424	ARHGEF18	NET1
MIR195	MIR424	SGK1	LATS1
MIR195	MIR424	DYRK1B	HIPK2
MIR195	MIR424	CCND2	CCNA2
MIR195	MIR424	KIF5B	KIF21A
MIR195	MIR497	PLEKHM2	ZFYVE1
MIR195	MIR497	ARL2	ARL8B
MIR195	MIR497	ATP13A3	ATP2A2
MIR195	MIR497	ARHGEF18	NET1
MIR195	MIR497	SGK1	LATS1
MIR195	MIR497	DYRK1B	HIPK2
MIR195	MIR497	ABL2	FRK
MIR503	MIR15B	BCL2	MCL1
MIR503	MIR15B	TLK1	TTK
MIR503	MIR15B	KIF5B	KIF21A
MIR503	MIR424	HIPK2	DYRK1B
MIR503	MIR424	BCL2	MCL1
MIR503	MIR424	NDUFS1	NARF
MIR503	MIR424	KIF21A	KIF5B
MIR503	MIR497	HIPK2	DYRK1B
MIR181A1	MIR181B1	DDX3X	EIF4A2
MIR181A1	MIR181B1	BCL2	MCL1
MIR181A1	MIR181B1	ZFAND3	ZFAND6
MIR181A1	MIR181B1	ZNF627	MYNN
MIR181A1	MIR181B1	MYH10	TMF1
MIR181A1	MIR181B1	UBE2J1	UBE2B
MIR181A1	MIR181B2	DDX3X	EIF4A2
MIR181A1	MIR181B2	BCL2	MCL1
MIR181A1	MIR181B2	ZFAND3	ZFAND6
MIR181A1	MIR181B2	ZNF627	MYNN
MIR181A1	MIR181B2	MYH10	TMF1
MIR181A1	MIR181B2	UBE2J1	UBE2B
MIR181A1	MIR181D	ZFAND3	ZFAND6
MIR181B1	MIR181A2	DDX3X	EIF4A2
MIR181B1	MIR181A2	BCL2	MCL1
MIR181B1	MIR181A2	ZFAND3	ZFAND6
MIR181B1	MIR181A2	ZNF627	MYNN
MIR181B1	MIR181A2	MYH10	TMF1
MIR181B1	MIR181A2	UBE2J1	UBE2B
MIR181B1	MIR181C	ZFAND3	ZFAND6
MIR181B1	MIR181C	ZNF627	MYNN
MIR181B1	MIR181C	MYH10	TMF1
MIR181B1	MIR181C	UBE2J1	UBE2B
MIR181B2	MIR181A2	DDX3X	EIF4A2
MIR181B2	MIR181A2	BCL2	MCL1
MIR181B2	MIR181A2	ZFAND3	ZFAND6
MIR181B2	MIR181A2	ZNF627	MYNN
MIR181B2	MIR181A2	MYH10	TMF1
MIR181B2	MIR181A2	UBE2J1	UBE2B
MIR181B2	MIR181C	ZFAND3	ZFAND6
MIR181B2	MIR181C	ZNF627	MYNN
MIR181B2	MIR181C	MYH10	TMF1
MIR181B2	MIR181C	UBE2J1	UBE2B
MIR181D	MIR181A2	ZFAND3	ZFAND6
MIR181D	MIR181C	ZFAND3	ZFAND6
MIR19A	MIR19B1	CHD9	CHD2
MIR19A	MIR19B1	CHD2	CHD8
MIR19A	MIR19B1	SLAIN2	SLAIN1
MIR19A	MIR19B1	DDX3X	DDX17
MIR19A	MIR19B1	ITPRIPL2	MB21D2
MIR19A	MIR19B1	ASH1L	KMT2C
MIR19A	MIR19B1	ASH1L	NSD1
MIR19A	MIR19B1	IVNS1ABP	KBTBD8
MIR19A	MIR19B1	IVNS1ABP	KLHL15
MIR19A	MIR19B1	ZNF83	ZNF780B
MIR19A	MIR19B1	ZNF83	ZNF714
MIR19A	MIR19B1	ZNF83	ZNF681
MIR19A	MIR19B1	RAB27B	RAB18
MIR19A	MIR19B1	ARL10	ARL8A
MIR19A	MIR19B1	ARL10	ARL5B
MIR19A	MIR19B1	KLHL15	KBTBD8
MIR19A	MIR19B1	NSD1	KMT2C
MIR19A	MIR19B1	ARL5B	ARL8A
MIR19A	MIR19B1	ZNF681	ZNF780B
MIR19A	MIR19B1	ZNF681	ZNF714
MIR19A	MIR19B1	ZNF714	ZNF780B
MIR19A	MIR19B1	FOXK2	FOXP1
MIR19A	MIR19B1	ZNF664	ZNF721
MIR19A	MIR19B1	BRD2	BAZ1B
MIR19A	MIR19B1	LRCH3	LRRC8B
MIR19A	MIR19B1	USP10	USP48
MIR19A	MIR19B1	USP10	USP37
MIR19A	MIR19B1	LRCH1	LRRC8B
MIR19A	MIR19B1	PHLDA3	PHLDA1
MIR19A	MIR19B1	USP37	USP48
MIR19A	MIR19B2	DDX3X	DDX17
MIR19A	MIR19B2	IVNS1ABP	KBTBD8
MIR19A	MIR19B2	IVNS1ABP	KLHL15
MIR19A	MIR19B2	ZNF83	ZNF780B
MIR19A	MIR19B2	ARL10	ARL8A
MIR19A	MIR19B2	KLHL15	KBTBD8
MIR19A	MIR19B2	FOXK2	FOXP1
MIR19A	MIR19B2	LRCH3	LRRC8B
MIR19A	MIR19B2	LRCH1	LRRC8B
MIR19A	MIR19B2	PHLDA3	PHLDA1
MIR208A	MIR208B	not_in_G	not_in_G
MIR219A2	MIR219A2	RAB18	RAB5B
MIR219A2	MIR219A2	RAB18	RAB12
MIR219A2	MIR219A2	RAB5B	RAB12
MIR221	MIR222	DYRK1A	HIPK1
MIR221	MIR222	TAOK1	STK39
MIR221	MIR222	CDK6	CDK1
MIR221	MIR222	PABPC1	PABPC3
MIR221	MIR222	CCT5	PIKFYVE
MIR221	MIR222	FRK	JAK3
MIR25	MIR92A1	USP9X	USP45
MIR25	MIR92A1	DUSP6	DUSP5
MIR25	MIR92A1	KLF6	KLF4
MIR25	MIR92A2	USP9X	USP45
MIR25	MIR92A2	DUSP6	DUSP5
MIR25	MIR92A2	KLF6	KLF4
MIR25	MIR92B	USP45	USP9X
MIR25	MIR92B	DUSP6	DUSP5
MIR92A2	MIR363	USP45	USP22
MIR92A2	MIR363	COL1A1	COL1A2
MIR29A	MIR29B1	COL6A2	COL5A3
MIR29A	MIR29B1	COL6A2	COL1A1
MIR29A	MIR29B1	COL6A2	COL7A1
MIR29A	MIR29B1	COL6A2	COL5A1
MIR29A	MIR29B1	COL6A2	COL6A1
MIR29A	MIR29B1	COL6A2	COL1A2
MIR29A	MIR29B1	COL6A2	COL3A1
MIR29A	MIR29B1	COL6A2	COL4A5
MIR29A	MIR29B1	COL6A2	COL5A2
MIR29A	MIR29B1	COL6A2	COL15A1
MIR29A	MIR29B1	COL4A5	COL5A3
MIR29A	MIR29B1	COL4A5	COL1A1
MIR29A	MIR29B1	COL4A5	COL7A1
MIR29A	MIR29B1	COL4A5	COL5A1
MIR29A	MIR29B1	COL4A5	COL6A1
MIR29A	MIR29B1	COL4A5	COL1A2
MIR29A	MIR29B1	COL4A5	COL3A1
MIR29A	MIR29B1	COL4A5	COL5A2
MIR29A	MIR29B1	COL4A5	COL15A1
MIR29A	MIR29B1	DDX3Y	DDX1
MIR29A	MIR29B1	DDX3Y	DDX17
MIR29A	MIR29B1	DDX3Y	DDX21
MIR29A	MIR29B1	DDX3Y	DDX3X
MIR29A	MIR29B1	PDHB	TKT
MIR29A	MIR29B1	OBSL1	FNDC3B
MIR29A	MIR29B1	LAMC2	LAMC1
MIR29A	MIR29B1	LAMC2	LAMA2
MIR29A	MIR29B1	CASP3	CASP8
MIR29A	MIR29B1	MORF4L2	MSL3
MIR29A	MIR29B1	NSD1	KMT2D
MIR29A	MIR29B1	MSL3	MORF4L1
MIR29A	MIR29B1	DDX17	DDX1
MIR29A	MIR29B1	DDX17	DDX21
MIR29A	MIR29B1	DDX17	DDX3X
MIR29A	MIR29B1	MAFB	MAFG
MIR29A	MIR29B1	COL15A1	COL5A3
MIR29A	MIR29B1	COL15A1	COL1A1
MIR29A	MIR29B1	COL15A1	COL7A1
MIR29A	MIR29B1	COL15A1	COL5A1
MIR29A	MIR29B1	COL15A1	COL6A1
MIR29A	MIR29B1	COL15A1	COL1A2
MIR29A	MIR29B1	COL15A1	COL3A1
MIR29A	MIR29B1	COL15A1	COL5A2
MIR29A	MIR29B1	SMARCA1	ERCC6
MIR29A	MIR29B1	ZNF217	HIVEP3
MIR29A	MIR29B1	EMP1	PMP22
MIR29A	MIR29B1	SERPINH1	SERPINB9
MIR29A	MIR29B1	SLC25A17	SLC25A13
MIR29A	MIR29B1	SLC25A17	SLC25A5
MIR29A	MIR29B1	USP37	USP10
MIR29A	MIR29B1	ABCB6	ABCB1
MIR29A	MIR29B1	CCNI2	CCND2
MIR29A	MIR29B1	COL1A1	COL5A3
MIR29A	MIR29B1	COL1A1	COL7A1
MIR29A	MIR29B1	COL1A1	COL5A1
MIR29A	MIR29B1	COL1A1	COL6A1
MIR29A	MIR29B1	COL1A1	COL1A2
MIR29A	MIR29B1	COL1A1	COL3A1
MIR29A	MIR29B1	PLAG1	ZNF518A
MIR29A	MIR29B1	PLAG1	ZNF518B
MIR29A	MIR29B1	STX16	STX12
MIR29A	MIR29B1	SYT7	SYT16
MIR29A	MIR29B1	TSPAN8	TSPAN14
MIR29A	MIR29B1	TSPAN8	TSPAN1
MIR29A	MIR29B1	MAZ	PRDM1
MIR29A	MIR29B1	MAPK6	MAPK8
MIR29A	MIR29B1	RBM12	HNRNPF
MIR29A	MIR29B1	PIAS2	ZMIZ1
MIR29A	MIR29B1	COL5A1	COL5A3
MIR29A	MIR29B1	COL5A1	COL7A1
MIR29A	MIR29B1	COL5A1	COL6A1
MIR29A	MIR29B1	COL5A1	COL1A2
MIR29A	MIR29B1	COL5A1	COL3A1
MIR29A	MIR29B1	COL5A1	COL5A2
MIR29A	MIR29B1	COL6A1	COL5A3
MIR29A	MIR29B1	COL6A1	COL7A1
MIR29A	MIR29B1	COL6A1	COL1A2
MIR29A	MIR29B1	COL6A1	COL3A1
MIR29A	MIR29B1	COL6A1	COL5A2
MIR29A	MIR29B1	HUWE1	HECTD4
MIR29A	MIR29B1	EEFSEC	EFTUD2
MIR29A	MIR29B1	LAMA2	LAMC1
MIR29A	MIR29B1	ZNF518A	ZNF518B
MIR29A	MIR29B1	COL1A2	COL5A3
MIR29A	MIR29B1	COL1A2	COL7A1
MIR29A	MIR29B1	DDX3X	DDX1
MIR29A	MIR29B1	DDX3X	DDX21
MIR29A	MIR29B1	CASP7	CASP8
MIR29A	MIR29B1	MCL1	BAK1
MIR29A	MIR29B1	MCL1	BAX
MIR29A	MIR29B1	BAX	BAK1
MIR29A	MIR29B1	RIT1	NRAS
MIR29A	MIR29B1	DHX9	DHX16
MIR29A	MIR29B1	TSPAN1	TSPAN14
MIR29A	MIR29B1	SPTAN1	CLMN
MIR29A	MIR29B1	SLC25A5	SLC25A13
MIR29A	MIR29B1	SLC16A1	SLC16A3
MIR29A	MIR29B1	COL5A2	COL5A3
MIR29A	MIR29B1	COL5A2	COL7A1
MIR29A	MIR29B1	COL5A2	COL3A1
MIR29A	MIR29B1	DDX21	DDX1
MIR29A	MIR29B1	COL7A1	COL5A3
MIR29A	MIR29B1	COL7A1	COL3A1
MIR29A	MIR29B1	SMARCA5	ERCC6
MIR29A	MIR29B1	COL3A1	COL5A3
MIR29A	MIR29B2	COL6A2	COL5A3
MIR29A	MIR29B2	COL6A2	COL1A1
MIR29A	MIR29B2	COL6A2	COL7A1
MIR29A	MIR29B2	COL6A2	COL5A1
MIR29A	MIR29B2	COL6A2	COL6A1
MIR29A	MIR29B2	COL6A2	COL1A2
MIR29A	MIR29B2	COL6A2	COL3A1
MIR29A	MIR29B2	COL6A2	COL4A5
MIR29A	MIR29B2	COL6A2	COL5A2
MIR29A	MIR29B2	COL6A2	COL15A1
MIR29A	MIR29B2	CHD9	SMARCA1
MIR29A	MIR29B2	CHD9	SMARCA5
MIR29A	MIR29B2	CHD9	ERCC6
MIR29A	MIR29B2	COL4A5	COL5A3
MIR29A	MIR29B2	COL4A5	COL1A1
MIR29A	MIR29B2	COL4A5	COL7A1
MIR29A	MIR29B2	COL4A5	COL5A1
MIR29A	MIR29B2	COL4A5	COL6A1
MIR29A	MIR29B2	COL4A5	COL1A2
MIR29A	MIR29B2	COL4A5	COL3A1
MIR29A	MIR29B2	COL4A5	COL5A2
MIR29A	MIR29B2	COL4A5	COL15A1
MIR29A	MIR29B2	DDX3Y	DDX17
MIR29A	MIR29B2	DDX3Y	DDX21
MIR29A	MIR29B2	DDX3Y	DDX3X
MIR29A	MIR29B2	PDHB	TKT
MIR29A	MIR29B2	OBSL1	FNDC3B
MIR29A	MIR29B2	LAMC2	LAMC1
MIR29A	MIR29B2	LAMC2	LAMA2
MIR29A	MIR29B2	MORF4L2	MSL3
MIR29A	MIR29B2	MSL3	MORF4L1
MIR29A	MIR29B2	NSMAF	NBEA
MIR29A	MIR29B2	DDX17	DDX21
MIR29A	MIR29B2	DDX17	DDX3X
MIR29A	MIR29B2	BBX	CIC
MIR29A	MIR29B2	COL15A1	COL5A3
MIR29A	MIR29B2	COL15A1	COL1A1
MIR29A	MIR29B2	COL15A1	COL7A1
MIR29A	MIR29B2	COL15A1	COL5A1
MIR29A	MIR29B2	COL15A1	COL6A1
MIR29A	MIR29B2	COL15A1	COL1A2
MIR29A	MIR29B2	COL15A1	COL3A1
MIR29A	MIR29B2	COL15A1	COL5A2
MIR29A	MIR29B2	SMARCA1	ERCC6
MIR29A	MIR29B2	COL6A3	COL12A1
MIR29A	MIR29B2	EMP1	PMP22
MIR29A	MIR29B2	SERPINH1	SERPINB9
MIR29A	MIR29B2	SLC25A17	SLC25A13
MIR29A	MIR29B2	SLC25A17	SLC25A5
MIR29A	MIR29B2	USP37	USP10
MIR29A	MIR29B2	ABCB6	ABCB1
MIR29A	MIR29B2	CCNI2	CCND2
MIR29A	MIR29B2	COL1A1	COL5A3
MIR29A	MIR29B2	COL1A1	COL7A1
MIR29A	MIR29B2	COL1A1	COL5A1
MIR29A	MIR29B2	COL1A1	COL6A1
MIR29A	MIR29B2	COL1A1	COL1A2
MIR29A	MIR29B2	COL1A1	COL3A1
MIR29A	MIR29B2	PLAG1	ZNF518A
MIR29A	MIR29B2	PLAG1	ZNF518B
MIR29A	MIR29B2	STX16	STX12
MIR29A	MIR29B2	SYT7	SYT16
MIR29A	MIR29B2	TSPAN8	TSPAN14
MIR29A	MIR29B2	TSPAN8	TSPAN1
MIR29A	MIR29B2	MAZ	PRDM1
MIR29A	MIR29B2	MAPK6	MAPK8
MIR29A	MIR29B2	RBM12	HNRNPF
MIR29A	MIR29B2	PIAS2	ZMIZ1
MIR29A	MIR29B2	COL5A1	COL5A3
MIR29A	MIR29B2	COL5A1	COL7A1
MIR29A	MIR29B2	COL5A1	COL6A1
MIR29A	MIR29B2	COL5A1	COL1A2
MIR29A	MIR29B2	COL5A1	COL3A1
MIR29A	MIR29B2	COL5A1	COL5A2
MIR29A	MIR29B2	COL6A1	COL5A3
MIR29A	MIR29B2	COL6A1	COL7A1
MIR29A	MIR29B2	COL6A1	COL1A2
MIR29A	MIR29B2	COL6A1	COL3A1
MIR29A	MIR29B2	COL6A1	COL5A2
MIR29A	MIR29B2	ZSCAN25	ZKSCAN1
MIR29A	MIR29B2	EEFSEC	EFTUD2
MIR29A	MIR29B2	LAMA2	LAMC1
MIR29A	MIR29B2	ZNF518A	ZNF518B
MIR29A	MIR29B2	COL1A2	COL5A3
MIR29A	MIR29B2	COL1A2	COL7A1
MIR29A	MIR29B2	DDX3X	DDX21
MIR29A	MIR29B2	CASP7	CASP8
MIR29A	MIR29B2	MCL1	BAK1
MIR29A	MIR29B2	MCL1	BAX
MIR29A	MIR29B2	BAX	BAK1
MIR29A	MIR29B2	RIT1	NRAS
MIR29A	MIR29B2	DHX9	DHX16
MIR29A	MIR29B2	TSPAN1	TSPAN14
MIR29A	MIR29B2	SPTAN1	CLMN
MIR29A	MIR29B2	SLC25A5	SLC25A13
MIR29A	MIR29B2	SLC16A1	SLC16A3
MIR29A	MIR29B2	COL5A2	COL5A3
MIR29A	MIR29B2	COL5A2	COL7A1
MIR29A	MIR29B2	COL5A2	COL3A1
MIR29A	MIR29B2	COL7A1	COL5A3
MIR29A	MIR29B2	COL7A1	COL3A1
MIR29A	MIR29B2	SMARCA5	ERCC6
MIR29A	MIR29B2	COL3A1	COL5A3
MIR29B1	MIR29C	ABCB1	ABCB6
MIR29B1	MIR29C	COL6A2	COL5A3
MIR29B1	MIR29C	COL6A2	COL1A1
MIR29B1	MIR29C	COL6A2	COL7A1
MIR29B1	MIR29C	COL6A2	COL5A1
MIR29B1	MIR29C	COL6A2	COL6A1
MIR29B1	MIR29C	COL6A2	COL1A2
MIR29B1	MIR29C	COL6A2	COL3A1
MIR29B1	MIR29C	COL6A2	COL4A5
MIR29B1	MIR29C	COL6A2	COL5A2
MIR29B1	MIR29C	COL6A2	COL15A1
MIR29B1	MIR29C	BAK1	BAX
MIR29B1	MIR29C	BAK1	MCL1
MIR29B1	MIR29C	COL4A5	COL5A3
MIR29B1	MIR29C	COL4A5	COL1A1
MIR29B1	MIR29C	COL4A5	COL7A1
MIR29B1	MIR29C	COL4A5	COL5A1
MIR29B1	MIR29C	COL4A5	COL6A1
MIR29B1	MIR29C	COL4A5	COL1A2
MIR29B1	MIR29C	COL4A5	COL3A1
MIR29B1	MIR29C	COL4A5	COL5A2
MIR29B1	MIR29C	COL4A5	COL15A1
MIR29B1	MIR29C	CCNI2	CCND2
MIR29B1	MIR29C	DDX3X	DDX3Y
MIR29B1	MIR29C	DDX3X	DDX17
MIR29B1	MIR29C	DDX3X	DDX21
MIR29B1	MIR29C	SLC25A13	SLC25A5
MIR29B1	MIR29C	SLC25A13	SLC25A17
MIR29B1	MIR29C	CASP7	CASP8
MIR29B1	MIR29C	MCL1	BAX
MIR29B1	MIR29C	DDX3Y	DDX17
MIR29B1	MIR29C	DDX3Y	DDX21
MIR29B1	MIR29C	COL1A1	COL5A3
MIR29B1	MIR29C	COL1A1	COL7A1
MIR29B1	MIR29C	COL1A1	COL5A1
MIR29B1	MIR29C	COL1A1	COL6A1
MIR29B1	MIR29C	COL1A1	COL1A2
MIR29B1	MIR29C	COL1A1	COL3A1
MIR29B1	MIR29C	COL1A1	COL15A1
MIR29B1	MIR29C	DDX21	DDX17
MIR29B1	MIR29C	PDHB	TKT
MIR29B1	MIR29C	STX12	STX16
MIR29B1	MIR29C	DHX16	DHX9
MIR29B1	MIR29C	SLC16A3	SLC16A1
MIR29B1	MIR29C	PLAG1	ZNF518A
MIR29B1	MIR29C	PLAG1	ZNF518B
MIR29B1	MIR29C	OBSL1	FNDC3B
MIR29B1	MIR29C	LAMC2	LAMC1
MIR29B1	MIR29C	LAMC2	LAMA2
MIR29B1	MIR29C	SYT7	SYT16
MIR29B1	MIR29C	MORF4L2	MSL3
MIR29B1	MIR29C	TSPAN8	TSPAN14
MIR29B1	MIR29C	TSPAN8	TSPAN1
MIR29B1	MIR29C	RIT1	NRAS
MIR29B1	MIR29C	ZNF518B	ZNF518A
MIR29B1	MIR29C	MAZ	PRDM1
MIR29B1	MIR29C	ZMIZ1	PIAS2
MIR29B1	MIR29C	MAPK6	MAPK8
MIR29B1	MIR29C	COL7A1	COL5A3
MIR29B1	MIR29C	COL7A1	COL5A1
MIR29B1	MIR29C	COL7A1	COL6A1
MIR29B1	MIR29C	COL7A1	COL1A2
MIR29B1	MIR29C	COL7A1	COL3A1
MIR29B1	MIR29C	COL7A1	COL5A2
MIR29B1	MIR29C	COL7A1	COL15A1
MIR29B1	MIR29C	RBM12	HNRNPF
MIR29B1	MIR29C	CD248	CD93
MIR29B1	MIR29C	MORF4L1	MSL3
MIR29B1	MIR29C	PMP22	EMP1
MIR29B1	MIR29C	TSPAN1	TSPAN14
MIR29B1	MIR29C	COL5A1	COL5A3
MIR29B1	MIR29C	COL5A1	COL6A1
MIR29B1	MIR29C	COL5A1	COL1A2
MIR29B1	MIR29C	COL5A1	COL3A1
MIR29B1	MIR29C	COL5A1	COL5A2
MIR29B1	MIR29C	COL5A1	COL15A1
MIR29B1	MIR29C	COL15A1	COL5A3
MIR29B1	MIR29C	COL15A1	COL6A1
MIR29B1	MIR29C	COL15A1	COL1A2
MIR29B1	MIR29C	COL15A1	COL3A1
MIR29B1	MIR29C	COL15A1	COL5A2
MIR29B1	MIR29C	COL3A1	COL5A3
MIR29B1	MIR29C	COL3A1	COL6A1
MIR29B1	MIR29C	COL3A1	COL5A2
MIR29B1	MIR29C	SPTAN1	CLMN
MIR29B1	MIR29C	COL6A1	COL5A3
MIR29B1	MIR29C	COL6A1	COL1A2
MIR29B1	MIR29C	COL6A1	COL5A2
MIR29B1	MIR29C	USP10	USP37
MIR29B1	MIR29C	SMARCA1	ERCC6
MIR29B1	MIR29C	EFTUD2	EEFSEC
MIR29B1	MIR29C	LAMA2	LAMC1
MIR29B1	MIR29C	COL5A3	COL1A2
MIR29B1	MIR29C	COL5A3	COL5A2
MIR29B1	MIR29C	SERPINH1	SERPINB9
MIR29B1	MIR29C	SLC25A5	SLC25A17
MIR29B2	MIR29C	ABCB1	ABCB6
MIR29B2	MIR29C	COL6A2	COL5A3
MIR29B2	MIR29C	COL6A2	COL1A1
MIR29B2	MIR29C	COL6A2	COL7A1
MIR29B2	MIR29C	COL6A2	COL5A1
MIR29B2	MIR29C	COL6A2	COL6A1
MIR29B2	MIR29C	COL6A2	COL1A2
MIR29B2	MIR29C	COL6A2	COL3A1
MIR29B2	MIR29C	COL6A2	COL4A5
MIR29B2	MIR29C	COL6A2	COL5A2
MIR29B2	MIR29C	COL6A2	COL15A1
MIR29B2	MIR29C	BAK1	BAX
MIR29B2	MIR29C	BAK1	MCL1
MIR29B2	MIR29C	COL4A5	COL5A3
MIR29B2	MIR29C	COL4A5	COL1A1
MIR29B2	MIR29C	COL4A5	COL7A1
MIR29B2	MIR29C	COL4A5	COL5A1
MIR29B2	MIR29C	COL4A5	COL6A1
MIR29B2	MIR29C	COL4A5	COL1A2
MIR29B2	MIR29C	COL4A5	COL3A1
MIR29B2	MIR29C	COL4A5	COL5A2
MIR29B2	MIR29C	COL4A5	COL15A1
MIR29B2	MIR29C	CCNI2	CCND2
MIR29B2	MIR29C	DDX3X	DDX3Y
MIR29B2	MIR29C	DDX3X	DDX17
MIR29B2	MIR29C	DDX3X	DDX21
MIR29B2	MIR29C	SLC25A13	SLC25A5
MIR29B2	MIR29C	SLC25A13	SLC25A17
MIR29B2	MIR29C	CASP7	CASP8
MIR29B2	MIR29C	MCL1	BAX
MIR29B2	MIR29C	DDX3Y	DDX17
MIR29B2	MIR29C	DDX3Y	DDX21
MIR29B2	MIR29C	COL1A1	COL5A3
MIR29B2	MIR29C	COL1A1	COL7A1
MIR29B2	MIR29C	COL1A1	COL5A1
MIR29B2	MIR29C	COL1A1	COL6A1
MIR29B2	MIR29C	COL1A1	COL1A2
MIR29B2	MIR29C	COL1A1	COL3A1
MIR29B2	MIR29C	COL1A1	COL15A1
MIR29B2	MIR29C	DDX21	DDX17
MIR29B2	MIR29C	PDHB	TKT
MIR29B2	MIR29C	STX12	STX16
MIR29B2	MIR29C	DHX16	DHX9
MIR29B2	MIR29C	SLC16A3	SLC16A1
MIR29B2	MIR29C	PLAG1	ZNF518A
MIR29B2	MIR29C	PLAG1	ZNF518B
MIR29B2	MIR29C	OBSL1	FNDC3B
MIR29B2	MIR29C	LAMC2	LAMC1
MIR29B2	MIR29C	LAMC2	LAMA2
MIR29B2	MIR29C	SYT7	SYT16
MIR29B2	MIR29C	MORF4L2	MSL3
MIR29B2	MIR29C	TSPAN8	TSPAN14
MIR29B2	MIR29C	TSPAN8	TSPAN1
MIR29B2	MIR29C	RIT1	NRAS
MIR29B2	MIR29C	ZNF518B	ZNF518A
MIR29B2	MIR29C	MAZ	PRDM1
MIR29B2	MIR29C	ZMIZ1	PIAS2
MIR29B2	MIR29C	MAPK6	MAPK8
MIR29B2	MIR29C	COL7A1	COL5A3
MIR29B2	MIR29C	COL7A1	COL5A1
MIR29B2	MIR29C	COL7A1	COL6A1
MIR29B2	MIR29C	COL7A1	COL1A2
MIR29B2	MIR29C	COL7A1	COL3A1
MIR29B2	MIR29C	COL7A1	COL5A2
MIR29B2	MIR29C	COL7A1	COL15A1
MIR29B2	MIR29C	RBM12	HNRNPF
MIR29B2	MIR29C	CD248	CD93
MIR29B2	MIR29C	MORF4L1	MSL3
MIR29B2	MIR29C	PMP22	EMP1
MIR29B2	MIR29C	TSPAN1	TSPAN14
MIR29B2	MIR29C	COL5A1	COL5A3
MIR29B2	MIR29C	COL5A1	COL6A1
MIR29B2	MIR29C	COL5A1	COL1A2
MIR29B2	MIR29C	COL5A1	COL3A1
MIR29B2	MIR29C	COL5A1	COL5A2
MIR29B2	MIR29C	COL5A1	COL15A1
MIR29B2	MIR29C	COL15A1	COL5A3
MIR29B2	MIR29C	COL15A1	COL6A1
MIR29B2	MIR29C	COL15A1	COL1A2
MIR29B2	MIR29C	COL15A1	COL3A1
MIR29B2	MIR29C	COL15A1	COL5A2
MIR29B2	MIR29C	COL3A1	COL5A3
MIR29B2	MIR29C	COL3A1	COL6A1
MIR29B2	MIR29C	COL3A1	COL5A2
MIR29B2	MIR29C	SPTAN1	CLMN
MIR29B2	MIR29C	COL6A1	COL5A3
MIR29B2	MIR29C	COL6A1	COL1A2
MIR29B2	MIR29C	COL6A1	COL5A2
MIR29B2	MIR29C	USP10	USP37
MIR29B2	MIR29C	SMARCA1	ERCC6
MIR29B2	MIR29C	EFTUD2	EEFSEC
MIR29B2	MIR29C	LAMA2	LAMC1
MIR29B2	MIR29C	COL5A3	COL1A2
MIR29B2	MIR29C	COL5A3	COL5A2
MIR29B2	MIR29C	SERPINH1	SERPINB9
MIR29B2	MIR29C	SLC25A5	SLC25A17
MIR30A	MIR30B	ZCCHC14	ZCCHC2
MIR30A	MIR30B	RASD1	RHEBL1
MIR30A	MIR30B	RASD1	RAP2B
MIR30A	MIR30B	RASA2	RASA1
MIR30A	MIR30B	CHD9	SMARCA5
MIR30A	MIR30B	CHD9	SMARCAD1
MIR30A	MIR30B	ZNF354C	ZNF33A
MIR30A	MIR30B	RASGRP3	RAPGEF2
MIR30A	MIR30B	RASGRP3	RALGPS2
MIR30A	MIR30B	ASH1L	KMT2C
MIR30A	MIR30B	BRD4	BAZ2B
MIR30A	MIR30B	RHOB	RAC1
MIR30A	MIR30B	GFM1	HBS1L
MIR30A	MIR30B	RAB11A	RAB32
MIR30A	MIR30B	YWHAG	YWHAZ
MIR30A	MIR30B	RALGPS2	RAPGEF2
MIR30A	MIR30B	GALNT1	GALNT7
MIR30A	MIR30B	GALNT1	GALNT3
MIR30A	MIR30B	GALNT1	GALNT2
MIR30A	MIR30B	ZBTB18	PRDM1
MIR30A	MIR30B	GALNT7	GALNT3
MIR30A	MIR30B	GALNT7	GALNT2
MIR30A	MIR30B	TRIP12	UBE3C
MIR30A	MIR30B	TRIP12	NEDD4
MIR30A	MIR30B	LRP6	NID1
MIR30A	MIR30B	ARID5B	ARID4B
MIR30A	MIR30B	UBE2K	UBE2V2
MIR30A	MIR30B	BCL6	ZBTB25
MIR30A	MIR30B	SMARCA5	SMARCAD1
MIR30A	MIR30B	BIRC2	BIRC3
MIR30A	MIR30B	RHEBL1	RAP2B
MIR30A	MIR30B	NKTR	PPWD1
MIR30A	MIR30B	CUL5	CUL2
MIR30A	MIR30B	WDR5	AHI1
MIR30A	MIR30B	GALNT2	GALNT3
MIR30A	MIR30B	ZFX	ZNF480
MIR30A	MIR30B	UBE3C	NEDD4
MIR30A	MIR30B	GNAI2	GNA13
MIR30A	MIR30C1	ZCCHC14	ZCCHC2
MIR30A	MIR30C1	RASD1	RHEBL1
MIR30A	MIR30C1	RASD1	RAP2B
MIR30A	MIR30C1	RASA2	RASA1
MIR30A	MIR30C1	CHD9	SMARCA5
MIR30A	MIR30C1	CHD9	SMARCAD1
MIR30A	MIR30C1	ZNF354C	ZNF33A
MIR30A	MIR30C1	RASGRP3	RAPGEF2
MIR30A	MIR30C1	RASGRP3	RALGPS2
MIR30A	MIR30C1	ASH1L	KMT2C
MIR30A	MIR30C1	BRD4	BAZ2B
MIR30A	MIR30C1	RHOB	RAC1
MIR30A	MIR30C1	GFM1	HBS1L
MIR30A	MIR30C1	RAB11A	RAB32
MIR30A	MIR30C1	YWHAG	YWHAZ
MIR30A	MIR30C1	RALGPS2	RAPGEF2
MIR30A	MIR30C1	GALNT1	GALNT7
MIR30A	MIR30C1	GALNT1	GALNT3
MIR30A	MIR30C1	GALNT1	GALNT2
MIR30A	MIR30C1	ZBTB18	PRDM1
MIR30A	MIR30C1	ZBTB18	ZNF281
MIR30A	MIR30C1	GALNT7	GALNT3
MIR30A	MIR30C1	GALNT7	GALNT2
MIR30A	MIR30C1	ARID4A	ARID5B
MIR30A	MIR30C1	TRIP12	UBE3C
MIR30A	MIR30C1	TRIP12	NEDD4
MIR30A	MIR30C1	LRP6	NID1
MIR30A	MIR30C1	ARID5B	ARID4B
MIR30A	MIR30C1	UBE2K	UBE2V2
MIR30A	MIR30C1	BCL6	ZBTB25
MIR30A	MIR30C1	ZNF281	PRDM1
MIR30A	MIR30C1	SMARCA5	SMARCAD1
MIR30A	MIR30C1	BIRC2	BIRC3
MIR30A	MIR30C1	RHEBL1	RAP2B
MIR30A	MIR30C1	NKTR	PPWD1
MIR30A	MIR30C1	CUL5	CUL2
MIR30A	MIR30C1	WDR5	AHI1
MIR30A	MIR30C1	GALNT2	GALNT3
MIR30A	MIR30C1	ZFX	ZNF480
MIR30A	MIR30C1	UBE3C	NEDD4
MIR30A	MIR30C1	SPATA13	SESTD1
MIR30A	MIR30C1	GNAI2	GNA13
MIR30A	MIR30C2	ZCCHC14	ZCCHC2
MIR30A	MIR30C2	RASD1	RHEBL1
MIR30A	MIR30C2	RASD1	RAP2B
MIR30A	MIR30C2	RASA2	RASA1
MIR30A	MIR30C2	CHD9	SMARCA5
MIR30A	MIR30C2	CHD9	SMARCAD1
MIR30A	MIR30C2	ZNF354C	ZNF33A
MIR30A	MIR30C2	RASGRP3	RALGPS2
MIR30A	MIR30C2	BRD4	BAZ2B
MIR30A	MIR30C2	RHOB	RAC1
MIR30A	MIR30C2	GFM1	HBS1L
MIR30A	MIR30C2	RAB11A	RAB32
MIR30A	MIR30C2	YWHAG	YWHAZ
MIR30A	MIR30C2	GALNT1	GALNT7
MIR30A	MIR30C2	GALNT1	GALNT3
MIR30A	MIR30C2	GALNT1	GALNT2
MIR30A	MIR30C2	ZBTB18	PRDM1
MIR30A	MIR30C2	ZBTB18	ZNF281
MIR30A	MIR30C2	GALNT7	GALNT3
MIR30A	MIR30C2	GALNT7	GALNT2
MIR30A	MIR30C2	TRIP12	UBE3C
MIR30A	MIR30C2	TRIP12	NEDD4
MIR30A	MIR30C2	LRP6	NID1
MIR30A	MIR30C2	ARID5B	ARID4B
MIR30A	MIR30C2	UBE2K	UBE2V2
MIR30A	MIR30C2	BCL6	ZBTB25
MIR30A	MIR30C2	ZNF281	PRDM1
MIR30A	MIR30C2	SMARCA5	SMARCAD1
MIR30A	MIR30C2	BIRC2	BIRC3
MIR30A	MIR30C2	RHEBL1	RAP2B
MIR30A	MIR30C2	NKTR	PPWD1
MIR30A	MIR30C2	CUL5	CUL2
MIR30A	MIR30C2	WDR5	AHI1
MIR30A	MIR30C2	GALNT2	GALNT3
MIR30A	MIR30C2	ZFX	ZNF480
MIR30A	MIR30C2	UBE3C	NEDD4
MIR30A	MIR30C2	GNAI2	GNA13
MIR30B	MIR30D	ZCCHC14	ZCCHC2
MIR30B	MIR30D	RASD1	RHEBL1
MIR30B	MIR30D	RASD1	RAP2B
MIR30B	MIR30D	RASA2	RASA1
MIR30B	MIR30D	CHD9	SMARCA5
MIR30B	MIR30D	CHD9	SMARCAD1
MIR30B	MIR30D	RASGRP3	RAPGEF2
MIR30B	MIR30D	RASGRP3	RALGPS2
MIR30B	MIR30D	ASH1L	KMT2C
MIR30B	MIR30D	BRD4	BAZ2B
MIR30B	MIR30D	RHOB	RAC1
MIR30B	MIR30D	GFM1	HBS1L
MIR30B	MIR30D	RAB11A	RAB32
MIR30B	MIR30D	YWHAG	YWHAZ
MIR30B	MIR30D	RALGPS2	RAPGEF2
MIR30B	MIR30D	GALNT1	GALNT7
MIR30B	MIR30D	GALNT1	GALNT3
MIR30B	MIR30D	GALNT1	GALNT2
MIR30B	MIR30D	ZBTB18	PRDM1
MIR30B	MIR30D	GALNT7	GALNT3
MIR30B	MIR30D	GALNT7	GALNT2
MIR30B	MIR30D	TRIP12	UBE3C
MIR30B	MIR30D	TRIP12	NEDD4
MIR30B	MIR30D	LRP6	NID1
MIR30B	MIR30D	ARID5B	ARID4B
MIR30B	MIR30D	UBE2K	UBE2V2
MIR30B	MIR30D	BCL6	ZBTB25
MIR30B	MIR30D	SMARCA5	SMARCAD1
MIR30B	MIR30D	BIRC2	BIRC3
MIR30B	MIR30D	RHEBL1	RAP2B
MIR30B	MIR30D	CUL5	CUL2
MIR30B	MIR30D	WDR5	AHI1
MIR30B	MIR30D	GALNT2	GALNT3
MIR30B	MIR30D	ZFX	ZNF480
MIR30B	MIR30D	UBE3C	NEDD4
MIR30B	MIR30D	GNAI2	GNA13
MIR30B	MIR30E	ZCCHC14	ZCCHC2
MIR30B	MIR30E	RASD1	RHEBL1
MIR30B	MIR30E	RASD1	RAP2B
MIR30B	MIR30E	CHD9	SMARCA5
MIR30B	MIR30E	CHD9	SMARCAD1
MIR30B	MIR30E	RASA2	RASA1
MIR30B	MIR30E	ZNF354C	ZNF33A
MIR30B	MIR30E	RASGRP3	RAPGEF2
MIR30B	MIR30E	RASGRP3	RALGPS2
MIR30B	MIR30E	ASH1L	KMT2C
MIR30B	MIR30E	BRD4	BAZ2B
MIR30B	MIR30E	RHOB	RAC1
MIR30B	MIR30E	GFM1	HBS1L
MIR30B	MIR30E	RAB11A	RAB32
MIR30B	MIR30E	YWHAG	YWHAZ
MIR30B	MIR30E	RALGPS2	RAPGEF2
MIR30B	MIR30E	GALNT1	GALNT7
MIR30B	MIR30E	GALNT1	GALNT3
MIR30B	MIR30E	GALNT1	GALNT2
MIR30B	MIR30E	ZBTB18	PRDM1
MIR30B	MIR30E	GALNT7	GALNT3
MIR30B	MIR30E	GALNT7	GALNT2
MIR30B	MIR30E	TRIP12	UBE3C
MIR30B	MIR30E	TRIP12	NEDD4
MIR30B	MIR30E	ARID5B	ARID4B
MIR30B	MIR30E	UBE2K	UBE2V2
MIR30B	MIR30E	BCL6	ZBTB25
MIR30B	MIR30E	SMARCA5	SMARCAD1
MIR30B	MIR30E	BIRC2	BIRC3
MIR30B	MIR30E	RHEBL1	RAP2B
MIR30B	MIR30E	CUL5	CUL2
MIR30B	MIR30E	WDR5	AHI1
MIR30B	MIR30E	GALNT2	GALNT3
MIR30B	MIR30E	ZFX	ZNF480
MIR30B	MIR30E	UBE3C	NEDD4
MIR30B	MIR30E	GNAI2	GNA13
MIR30C1	MIR30D	ZCCHC14	ZCCHC2
MIR30C1	MIR30D	RASD1	RHEBL1
MIR30C1	MIR30D	RASD1	RAP2B
MIR30C1	MIR30D	RASA2	RASA1
MIR30C1	MIR30D	CHD9	SMARCA5
MIR30C1	MIR30D	CHD9	SMARCAD1
MIR30C1	MIR30D	SCML1	PHC3
MIR30C1	MIR30D	RASGRP3	RAPGEF2
MIR30C1	MIR30D	RASGRP3	RALGPS2
MIR30C1	MIR30D	ASH1L	KMT2C
MIR30C1	MIR30D	BRD4	BAZ2B
MIR30C1	MIR30D	RHOB	RAC1
MIR30C1	MIR30D	GFM1	HBS1L
MIR30C1	MIR30D	RAB11A	RAB32
MIR30C1	MIR30D	YWHAG	YWHAZ
MIR30C1	MIR30D	RALGPS2	RAPGEF2
MIR30C1	MIR30D	GALNT1	GALNT7
MIR30C1	MIR30D	GALNT1	GALNT3
MIR30C1	MIR30D	GALNT1	GALNT2
MIR30C1	MIR30D	ZBTB18	PRDM1
MIR30C1	MIR30D	GALNT7	GALNT3
MIR30C1	MIR30D	GALNT7	GALNT2
MIR30C1	MIR30D	ARID4A	ARID5B
MIR30C1	MIR30D	TRIP12	UBE3C
MIR30C1	MIR30D	TRIP12	NEDD4
MIR30C1	MIR30D	LRP6	NID1
MIR30C1	MIR30D	ARID5B	ARID4B
MIR30C1	MIR30D	UBE2K	UBE2V2
MIR30C1	MIR30D	BCL6	ZBTB25
MIR30C1	MIR30D	SMARCA5	SMARCAD1
MIR30C1	MIR30D	BIRC2	BIRC3
MIR30C1	MIR30D	RHEBL1	RAP2B
MIR30C1	MIR30D	CUL5	CUL2
MIR30C1	MIR30D	WDR5	AHI1
MIR30C1	MIR30D	GALNT2	GALNT3
MIR30C1	MIR30D	ZFX	ZNF480
MIR30C1	MIR30D	UBE3C	NEDD4
MIR30C1	MIR30D	SPATA13	SESTD1
MIR30C1	MIR30D	GNAI2	GNA13
MIR30C1	MIR30E	ZCCHC14	ZCCHC2
MIR30C1	MIR30E	RASD1	RHEBL1
MIR30C1	MIR30E	RASD1	RAP2B
MIR30C1	MIR30E	CHD9	SMARCA5
MIR30C1	MIR30E	CHD9	SMARCAD1
MIR30C1	MIR30E	RASA2	RASA1
MIR30C1	MIR30E	ZNF354C	ZNF33A
MIR30C1	MIR30E	SCML1	PHC3
MIR30C1	MIR30E	RASGRP3	RAPGEF2
MIR30C1	MIR30E	RASGRP3	RALGPS2
MIR30C1	MIR30E	ASH1L	KMT2C
MIR30C1	MIR30E	BRD4	BAZ2B
MIR30C1	MIR30E	RHOB	RAC1
MIR30C1	MIR30E	GFM1	HBS1L
MIR30C1	MIR30E	RAB11A	RAB32
MIR30C1	MIR30E	YWHAG	YWHAZ
MIR30C1	MIR30E	RALGPS2	RAPGEF2
MIR30C1	MIR30E	GALNT1	GALNT7
MIR30C1	MIR30E	GALNT1	GALNT3
MIR30C1	MIR30E	GALNT1	GALNT2
MIR30C1	MIR30E	ZBTB18	PRDM1
MIR30C1	MIR30E	ZBTB18	ZNF281
MIR30C1	MIR30E	GALNT7	GALNT3
MIR30C1	MIR30E	GALNT7	GALNT2
MIR30C1	MIR30E	TRIP12	UBE3C
MIR30C1	MIR30E	TRIP12	NEDD4
MIR30C1	MIR30E	ARID5B	ARID4B
MIR30C1	MIR30E	UBE2K	UBE2V2
MIR30C1	MIR30E	BCL6	ZBTB25
MIR30C1	MIR30E	ZNF281	PRDM1
MIR30C1	MIR30E	SMARCA5	SMARCAD1
MIR30C1	MIR30E	BIRC2	BIRC3
MIR30C1	MIR30E	RHEBL1	RAP2B
MIR30C1	MIR30E	CUL5	CUL2
MIR30C1	MIR30E	WDR5	AHI1
MIR30C1	MIR30E	GALNT2	GALNT3
MIR30C1	MIR30E	ZFX	ZNF480
MIR30C1	MIR30E	UBE3C	NEDD4
MIR30C1	MIR30E	SPATA13	SESTD1
MIR30C1	MIR30E	GNAI2	GNA13
MIR30C2	MIR30D	ZCCHC14	ZCCHC2
MIR30C2	MIR30D	RASD1	RHEBL1
MIR30C2	MIR30D	RASD1	RAP2B
MIR30C2	MIR30D	RASA2	RASA1
MIR30C2	MIR30D	CHD9	SMARCA5
MIR30C2	MIR30D	CHD9	SMARCAD1
MIR30C2	MIR30D	SCML1	PHC3
MIR30C2	MIR30D	RASGRP3	RALGPS2
MIR30C2	MIR30D	BRD4	BAZ2B
MIR30C2	MIR30D	RHOB	RAC1
MIR30C2	MIR30D	GFM1	HBS1L
MIR30C2	MIR30D	RAB11A	RAB32
MIR30C2	MIR30D	YWHAG	YWHAZ
MIR30C2	MIR30D	GALNT1	GALNT7
MIR30C2	MIR30D	GALNT1	GALNT3
MIR30C2	MIR30D	GALNT1	GALNT2
MIR30C2	MIR30D	ZBTB18	PRDM1
MIR30C2	MIR30D	GALNT7	GALNT3
MIR30C2	MIR30D	GALNT7	GALNT2
MIR30C2	MIR30D	TRIP12	UBE3C
MIR30C2	MIR30D	TRIP12	NEDD4
MIR30C2	MIR30D	LRP6	NID1
MIR30C2	MIR30D	ARID5B	ARID4B
MIR30C2	MIR30D	UBE2K	UBE2V2
MIR30C2	MIR30D	BCL6	ZBTB25
MIR30C2	MIR30D	SMARCA5	SMARCAD1
MIR30C2	MIR30D	BIRC2	BIRC3
MIR30C2	MIR30D	RHEBL1	RAP2B
MIR30C2	MIR30D	CUL5	CUL2
MIR30C2	MIR30D	WDR5	AHI1
MIR30C2	MIR30D	GALNT2	GALNT3
MIR30C2	MIR30D	ZFX	ZNF480
MIR30C2	MIR30D	UBE3C	NEDD4
MIR30C2	MIR30D	GNAI2	GNA13
MIR30C2	MIR30E	ZCCHC14	ZCCHC2
MIR30C2	MIR30E	RASD1	RHEBL1
MIR30C2	MIR30E	RASD1	RAP2B
MIR30C2	MIR30E	CHD9	SMARCA5
MIR30C2	MIR30E	CHD9	SMARCAD1
MIR30C2	MIR30E	RASA2	RASA1
MIR30C2	MIR30E	ZNF354C	ZNF33A
MIR30C2	MIR30E	SCML1	PHC3
MIR30C2	MIR30E	RASGRP3	RALGPS2
MIR30C2	MIR30E	BRD4	BAZ2B
MIR30C2	MIR30E	RHOB	RAC1
MIR30C2	MIR30E	GFM1	HBS1L
MIR30C2	MIR30E	RAB11A	RAB32
MIR30C2	MIR30E	YWHAG	YWHAZ
MIR30C2	MIR30E	GALNT1	GALNT7
MIR30C2	MIR30E	GALNT1	GALNT3
MIR30C2	MIR30E	GALNT1	GALNT2
MIR30C2	MIR30E	ZBTB18	PRDM1
MIR30C2	MIR30E	ZBTB18	ZNF281
MIR30C2	MIR30E	GALNT7	GALNT3
MIR30C2	MIR30E	GALNT7	GALNT2
MIR30C2	MIR30E	TRIP12	UBE3C
MIR30C2	MIR30E	TRIP12	NEDD4
MIR30C2	MIR30E	ARID5B	ARID4B
MIR30C2	MIR30E	UBE2K	UBE2V2
MIR30C2	MIR30E	BCL6	ZBTB25
MIR30C2	MIR30E	ZNF281	PRDM1
MIR30C2	MIR30E	SMARCA5	SMARCAD1
MIR30C2	MIR30E	BIRC2	BIRC3
MIR30C2	MIR30E	RHEBL1	RAP2B
MIR30C2	MIR30E	CUL5	CUL2
MIR30C2	MIR30E	WDR5	AHI1
MIR30C2	MIR30E	GALNT2	GALNT3
MIR30C2	MIR30E	ZFX	ZNF480
MIR30C2	MIR30E	UBE3C	NEDD4
MIR30C2	MIR30E	GNAI2	GNA13
MIR320A	MIR320B1	not_in_G	not_in_G
MIR320A	MIR320B2	not_in_G	not_in_G
MIR320A	MIR320C1	not_in_G	not_in_G
MIR320A	MIR320C2	not_in_G	not_in_G
MIR320B1	MIR320B2	PTPRN	PTPN12
MIR320B1	MIR320B2	CHD9	CHD4
MIR320B1	MIR320B2	RGS5	RGS10
MIR320B1	MIR320B2	UBE2H	UBE2W
MIR320C1	MIR320C2	RORA	RARG
MIR337	not_found	not_in_G	not_in_G
not_found	MIR376A1	not_in_G	not_in_G
not_found	MIR376A2	not_in_G	not_in_G
not_found	MIR376B	not_in_G	not_in_G
not_found	MIR376C	not_in_G	not_in_G
not_found	MIR506	not_in_G	not_in_G
not_found	MIR507	not_in_G	not_in_G
not_found	MIR508	not_in_G	not_in_G
not_found	MIR509-1	not_in_G	not_in_G
not_found	MIR509-2	not_in_G	not_in_G
not_found	MIR509-3	not_in_G	not_in_G
not_found	MIR510	not_in_G	not_in_G
not_found	MIR513A1	not_in_G	not_in_G
not_found	MIR513A2	not_in_G	not_in_G
not_found	MIR513B	not_in_G	not_in_G
not_found	MIR513C	not_in_G	not_in_G
not_found	MIR514A1	not_in_G	not_in_G
not_found	MIR514A2	not_in_G	not_in_G
not_found	MIR514A3	not_in_G	not_in_G
not_found	MIR514B	not_in_G	not_in_G
not_found	MIR888	not_in_G	not_in_G
not_found	MIR890	not_in_G	not_in_G
not_found	MIR892A	not_in_G	not_in_G
not_found	MIR892B	not_in_G	not_in_G
not_found	MIR892C	not_in_G	not_in_G
MIR34A	MIR34C	E2F3	E2F5
MIR34A	MIR34C	CHD4	CHD1
MIR34A	MIR449A	NTN1	USH2A
MIR34A	MIR449A	NTN1	LAMA5
MIR34A	MIR449A	NTN1	LAMC1
MIR34A	MIR449A	LDHA	MDH2
MIR34A	MIR449A	PVR	CD200
MIR34A	MIR449A	SERPINA3	SERPINE1
MIR34A	MIR449A	PXN	LPXN
MIR34A	MIR449A	PXN	TGFB1I1
MIR34A	MIR449A	EPHA4	FGFR1
MIR34A	MIR449A	EPHA4	PDGFRA
MIR34A	MIR449A	EPHA4	AXL
MIR34A	MIR449A	CHD6	CHD1
MIR34A	MIR449A	NSD1	KMT2D
MIR34A	MIR449A	PTPN23	PTPRM
MIR34A	MIR449A	DDX39B	DDX17
MIR34A	MIR449A	FGFR1	PDGFRA
MIR34A	MIR449A	FGFR1	AXL
MIR34A	MIR449A	SLC30A8	SLC30A6
MIR34A	MIR449A	USH2A	LAMA5
MIR34A	MIR449A	USH2A	LAMC1
MIR34A	MIR449A	LAMC1	LAMA5
MIR34A	MIR449A	AXL	PDGFRA
MIR34A	MIR449B	PTPRM	PTPN23
MIR34A	MIR449B	KMT2A	KMT2D
MIR34A	MIR449B	CHD4	CHD1
MIR34A	MIR449B	NTN1	USH2A
MIR34A	MIR449C	not_in_G	not_in_G
MIR34B	MIR449C	not_in_G	not_in_G
MIR34C	MIR449B	CHD4	CHD8
MIR34C	MIR449B	CHD4	CHD1
MIR34C	MIR449B	NTN1	NTN4
MIR34C	MIR449B	CHD1	CHD8
MIR34C	MIR449C	not_in_G	not_in_G
MIR449A	MIR449B	PTPRM	PTPN23
MIR449A	MIR449B	NTN1	USH2A
MIR449A	MIR449C	not_in_G	not_in_G
MIR449B	MIR449C	not_in_G	not_in_G
MIR501	MIR502	ZBTB18	ZFP91
MIR501	MIR502	ARL8B	ARL4C
MIR501	MIR502	CDC14B	PTP4A1
MIR374A	MIR374B	RAB3B	RAB21
MIR374A	MIR374B	ADAM10	ADAM9
MIR374A	MIR374B	ZNF595	ZNF33A
MIR376A1	MIR376A2	SMURF1	UBR5
MIR376A1	MIR376A2	MYO1C	MYH9
MIR376A1	MIR376B	MYO1C	MYH9
MIR376A2	MIR376B	MYO1C	MYH9
MIR506	MIR514A1	not_in_G	not_in_G
MIR506	MIR514A2	not_in_G	not_in_G
MIR506	MIR514A3	not_in_G	not_in_G
MIR506	MIR514B	not_in_G	not_in_G
MIR506	MIR890	not_in_G	not_in_G
MIR506	MIR892A	not_in_G	not_in_G
MIR506	MIR892B	not_in_G	not_in_G
MIR506	MIR892C	not_in_G	not_in_G
MIR507	MIR514A1	not_in_G	not_in_G
MIR507	MIR514A2	not_in_G	not_in_G
MIR507	MIR514A3	not_in_G	not_in_G
MIR507	MIR514B	not_in_G	not_in_G
MIR507	MIR890	not_in_G	not_in_G
MIR507	MIR892A	not_in_G	not_in_G
MIR507	MIR892B	not_in_G	not_in_G
MIR507	MIR892C	not_in_G	not_in_G
MIR508	MIR514A1	not_in_G	not_in_G
MIR508	MIR514A2	not_in_G	not_in_G
MIR508	MIR514A3	not_in_G	not_in_G
MIR508	MIR514B	not_in_G	not_in_G
MIR508	MIR890	not_in_G	not_in_G
MIR508	MIR892A	not_in_G	not_in_G
MIR508	MIR892B	not_in_G	not_in_G
MIR508	MIR892C	not_in_G	not_in_G
MIR509-1	MIR514A1	not_in_G	not_in_G
MIR509-1	MIR514A2	not_in_G	not_in_G
MIR509-1	MIR514A3	not_in_G	not_in_G
MIR509-1	MIR514B	not_in_G	not_in_G
MIR509-1	MIR890	not_in_G	not_in_G
MIR509-1	MIR892A	not_in_G	not_in_G
MIR509-1	MIR892B	not_in_G	not_in_G
MIR509-1	MIR892C	not_in_G	not_in_G
MIR509-2	MIR514A1	not_in_G	not_in_G
MIR509-2	MIR514A2	not_in_G	not_in_G
MIR509-2	MIR514A3	not_in_G	not_in_G
MIR509-2	MIR514B	not_in_G	not_in_G
MIR509-2	MIR890	not_in_G	not_in_G
MIR509-2	MIR892A	not_in_G	not_in_G
MIR509-2	MIR892B	not_in_G	not_in_G
MIR509-2	MIR892C	not_in_G	not_in_G
MIR509-3	MIR514A1	not_in_G	not_in_G
MIR509-3	MIR514A2	not_in_G	not_in_G
MIR509-3	MIR514A3	not_in_G	not_in_G
MIR509-3	MIR514B	not_in_G	not_in_G
MIR509-3	MIR890	not_in_G	not_in_G
MIR509-3	MIR892A	not_in_G	not_in_G
MIR509-3	MIR892B	not_in_G	not_in_G
MIR509-3	MIR892C	not_in_G	not_in_G
MIR510	MIR514A1	not_in_G	not_in_G
MIR510	MIR514A2	not_in_G	not_in_G
MIR510	MIR514A3	not_in_G	not_in_G
MIR510	MIR514B	not_in_G	not_in_G
MIR510	MIR890	not_in_G	not_in_G
MIR510	MIR892A	not_in_G	not_in_G
MIR510	MIR892B	not_in_G	not_in_G
MIR510	MIR892C	not_in_G	not_in_G
MIR513A1	MIR513A2	PPIF	PPIL4
MIR513A1	MIR513A2	ILK	LIMK2
MIR513A1	MIR513A2	USP9X	USP25
MIR513A1	MIR513A2	PRKCA	PRKCE
MIR513A1	MIR513A2	KRAS	RAP2B
MIR513A1	MIR513A2	ARID4A	ARID5B
MIR513A1	MIR513A2	TRIM44	MID1
MIR513A1	MIR513A2	UBR5	HECTD1
MIR513A1	MIR513A2	ZNF655	ZNF699
MIR513A1	MIR513A2	ZNF655	ZKSCAN5
MIR513A1	MIR513A2	ZNF655	ZNF121
MIR513A1	MIR513A2	KIFC3	KIF2A
MIR513A1	MIR513A2	KLHL9	KBTBD8
MIR513A1	MIR513A2	DNAJC16	DNAJC2
MIR513A1	MIR513A2	SYNE2	SPTBN1
MIR513A1	MIR513A2	ZKSCAN5	ZNF699
MIR513A1	MIR513A2	ZKSCAN5	ZNF121
MIR513A1	MIR513A2	ZNF121	ZNF699
MIR513A1	MIR514A1	not_in_G	not_in_G
MIR513A1	MIR514A2	not_in_G	not_in_G
MIR513A1	MIR514A3	not_in_G	not_in_G
MIR513A1	MIR514B	not_in_G	not_in_G
MIR513A1	MIR890	not_in_G	not_in_G
MIR513A1	MIR892A	not_in_G	not_in_G
MIR513A1	MIR892B	not_in_G	not_in_G
MIR513A1	MIR892C	not_in_G	not_in_G
MIR513A2	MIR514A1	not_in_G	not_in_G
MIR513A2	MIR514A2	not_in_G	not_in_G
MIR513A2	MIR514A3	not_in_G	not_in_G
MIR513A2	MIR514B	not_in_G	not_in_G
MIR513A2	MIR890	not_in_G	not_in_G
MIR513A2	MIR892A	not_in_G	not_in_G
MIR513A2	MIR892B	not_in_G	not_in_G
MIR513A2	MIR892C	not_in_G	not_in_G
MIR513B	MIR514A1	not_in_G	not_in_G
MIR513B	MIR514A2	not_in_G	not_in_G
MIR513B	MIR514A3	not_in_G	not_in_G
MIR513B	MIR514B	not_in_G	not_in_G
MIR513B	MIR890	not_in_G	not_in_G
MIR513B	MIR892A	not_in_G	not_in_G
MIR513B	MIR892B	not_in_G	not_in_G
MIR513B	MIR892C	not_in_G	not_in_G
MIR513C	MIR514A1	not_in_G	not_in_G
MIR513C	MIR514A2	not_in_G	not_in_G
MIR513C	MIR514A3	not_in_G	not_in_G
MIR513C	MIR514B	not_in_G	not_in_G
MIR513C	MIR890	not_in_G	not_in_G
MIR513C	MIR892A	not_in_G	not_in_G
MIR513C	MIR892B	not_in_G	not_in_G
MIR513C	MIR892C	not_in_G	not_in_G
MIR514A1	MIR514A2	not_in_G	not_in_G
MIR514A1	MIR514A3	not_in_G	not_in_G
MIR514A1	MIR514B	not_in_G	not_in_G
MIR514A1	MIR888	not_in_G	not_in_G
MIR514A1	MIR890	not_in_G	not_in_G
MIR514A1	MIR892A	not_in_G	not_in_G
MIR514A1	MIR892B	not_in_G	not_in_G
MIR514A1	MIR892C	not_in_G	not_in_G
MIR514A2	MIR514A2	not_in_G	not_in_G
MIR514A2	MIR514A3	not_in_G	not_in_G
MIR514A2	MIR514B	not_in_G	not_in_G
MIR514A2	MIR888	not_in_G	not_in_G
MIR514A2	MIR890	not_in_G	not_in_G
MIR514A2	MIR892A	not_in_G	not_in_G
MIR514A2	MIR892B	not_in_G	not_in_G
MIR514A2	MIR892C	not_in_G	not_in_G
MIR514A3	MIR514A3	not_in_G	not_in_G
MIR514A3	MIR514B	not_in_G	not_in_G
MIR514A3	MIR888	not_in_G	not_in_G
MIR514A3	MIR890	not_in_G	not_in_G
MIR514A3	MIR892A	not_in_G	not_in_G
MIR514A3	MIR892B	not_in_G	not_in_G
MIR514A3	MIR892C	not_in_G	not_in_G
MIR514B	MIR888	not_in_G	not_in_G
MIR514B	MIR890	not_in_G	not_in_G
MIR514B	MIR892A	not_in_G	not_in_G
MIR514B	MIR892B	not_in_G	not_in_G
MIR514B	MIR892C	not_in_G	not_in_G
MIR888	MIR890	not_in_G	not_in_G
MIR888	MIR892A	not_in_G	not_in_G
MIR888	MIR892B	not_in_G	not_in_G
MIR888	MIR892C	not_in_G	not_in_G
MIR890	MIR892A	not_in_G	not_in_G
MIR890	MIR892B	not_in_G	not_in_G
MIR890	MIR892C	not_in_G	not_in_G
MIR892A	MIR892B	not_in_G	not_in_G
MIR892A	MIR892C	not_in_G	not_in_G
MIR892B	MIR892C	not_in_G	not_in_G
MIR550A1	MIR550A2	DDX3X	DDX6
MIR550A1	MIR550A2	DDX3X	DDX42
MIR550A1	MIR550A2	AREL1	SMURF2
MIR550A1	MIR550A2	CCNJL	CCNI
MIR550A1	MIR550A2	ILK	BRAF
MIR550A1	MIR550A2	DSP	SYNE2
MIR550A1	MIR550A2	ZNF83	ZNF728
MIR550A1	MIR550A2	TNFRSF11B	TNFRSF11A
MIR550A1	MIR550A2	DDX6	DDX42
MIR550A1	MIR550A3	ZNF83	ZNF728
MIR550A1	MIR550A3	DDX42	DDX6
MIR550A1	MIR550A3	CCNJL	CCNI
MIR550A1	MIR550B2	DDX3X	DDX6
MIR550A1	MIR550B2	DDX3X	DDX42
MIR550A1	MIR550B2	AREL1	SMURF2
MIR550A1	MIR550B2	CCNJL	CCNI
MIR550A1	MIR550B2	ILK	BRAF
MIR550A1	MIR550B2	DSP	SYNE2
MIR550A1	MIR550B2	ZNF83	ZNF728
MIR550A1	MIR550B2	TNFRSF11B	TNFRSF11A
MIR550A1	MIR550B2	DDX6	DDX42
MIR550A2	MIR550A3	ZNF83	ZNF728
MIR550A2	MIR550A3	DDX42	DDX6
MIR550A2	MIR550A3	CCNJL	CCNI
MIR550A2	MIR550B1	DDX3X	DDX6
MIR550A2	MIR550B1	DDX3X	DDX42
MIR550A2	MIR550B1	AREL1	SMURF2
MIR550A2	MIR550B1	CCNJL	CCNI
MIR550A2	MIR550B1	ILK	BRAF
MIR550A2	MIR550B1	DSP	SYNE2
MIR550A2	MIR550B1	ZNF83	ZNF728
MIR550A2	MIR550B1	TNFRSF11B	TNFRSF11A
MIR550A2	MIR550B1	DDX6	DDX42
MIR550A3	MIR550B1	ZNF83	ZNF728
MIR550A3	MIR550B1	DDX42	DDX6
MIR550A3	MIR550B1	CCNJL	CCNI
MIR550A3	MIR550B2	ZNF83	ZNF728
MIR550A3	MIR550B2	DDX42	DDX6
MIR550A3	MIR550B2	CCNJL	CCNI
MIR550B2	MIR550B1	DDX3X	DDX6
MIR550B2	MIR550B1	DDX3X	DDX42
MIR550B2	MIR550B1	AREL1	SMURF2
MIR550B2	MIR550B1	CCNJL	CCNI
MIR550B2	MIR550B1	ILK	BRAF
MIR550B2	MIR550B1	DSP	SYNE2
MIR550B2	MIR550B1	ZNF83	ZNF728
MIR550B2	MIR550B1	TNFRSF11B	TNFRSF11A
MIR550B2	MIR550B1	DDX6	DDX42
MIR98	MIRLET7A1	CCNJ	CCND1
MIR98	MIRLET7A1	CCNJ	CCND2
MIR98	MIRLET7A1	ZNF691	ZNF792
MIR98	MIRLET7A1	SMC1A	CKAP4
MIR98	MIRLET7A1	MYO5A	MYO1E
MIR98	MIRLET7A1	NLK	MAPK6
MIR98	MIRLET7A1	SYNJ2	INPP5F
MIR98	MIRLET7A1	PLEC	DST
MIR98	MIRLET7A1	ZFHX4	ZFHX2
MIR98	MIRLET7A1	OXSR1	MAP3K1
MIR98	MIRLET7A1	OXSR1	STK4
MIR98	MIRLET7A1	PTPN14	PTPN6
MIR98	MIRLET7A1	TSPYL1	NAP1L1
MIR98	MIRLET7A1	COL1A1	COL4A2
MIR98	MIRLET7A1	STK4	MAP3K1
MIR98	MIRLET7A1	IGF2BP1	KHSRP
MIR98	MIRLET7A1	PRKAA1	SIK1
MIR98	MIRLET7A1	NBEAL2	LRBA
MIR98	MIRLET7A1	ZNF451	ZBTB32
MIR98	MIRLET7A1	SERPINA3	SERPINH1
MIR98	MIRLET7A1	PRDM4	PRDM2
MIR98	MIRLET7A1	PRDM4	ZNF644
MIR98	MIRLET7A1	PRDM4	ZNF852
MIR98	MIRLET7A1	KHSRP	IGF2BP2
MIR98	MIRLET7A1	ZFYVE26	RUFY3
MIR98	MIRLET7A1	ATP13A3	ATP2A2
MIR98	MIRLET7A1	RBMS1	SYNCRIP
MIR98	MIRLET7A1	ZFHX2	ZFHX3
MIR98	MIRLET7A1	RBMS2	SYNCRIP
MIR98	MIRLET7A1	MAP2K4	MAP3K2
MIR98	MIRLET7A1	KLHL24	KLHL42
MIR98	MIRLET7A1	KLHL24	BACH1
MIR98	MIRLET7A1	DUSP2	DUSP10
MIR98	MIRLET7A1	UBE2K	UBE2G2
MIR98	MIRLET7A1	KMT2B	KMT2D
MIR98	MIRLET7A1	KMT2B	EHMT1
MIR98	MIRLET7A1	DUSP5	DUSP10
MIR98	MIRLET7A1	EHMT1	KMT2D
MIR98	MIRLET7A1	PPP4C	PPP2CA
MIR98	MIRLET7A1	PPP4C	PPP1CA
MIR98	MIRLET7A1	TRIB1	STK40
MIR98	MIRLET7A1	KIF2A	KIF5C
MIR98	MIRLET7A1	PPP2CA	PPP1CA
MIR98	MIRLET7A1	RBM19	TIA1
MIR98	MIRLET7A1	ZNF644	PRDM2
MIR98	MIRLET7A1	ZNF644	ZNF852
MIR98	MIRLET7A1	DUSP10	DUSP4
MIR98	MIRLET7A1	TRIM25	TRIM32
MIR98	MIRLET7A1	PRDM2	ZNF852
MIR98	MIRLET7A1	EIF2AK4	EIF2AK1
MIR98	MIRLET7A1	KDM6B	KDM6A
MIR98	MIRLET7A1	USP10	USP47
MIR98	MIRLET7A1	KLHL42	BACH1
MIR98	MIRLET7A1	PRKDC	TRRAP
MIR98	MIRLET7A1	HIVEP2	ZNF516
MIR98	MIRLET7A1	HIVEP2	ZNF217
MIR98	MIRLET7A1	ZNF516	ZNF217
MIR98	MIRLET7A1	MTMR9	MTMR12
MIR98	MIRLET7A2	CCNJ	CCND1
MIR98	MIRLET7A2	CCNJ	CCND2
MIR98	MIRLET7A2	ZNF691	ZNF792
MIR98	MIRLET7A2	SMC1A	CKAP4
MIR98	MIRLET7A2	MYO5A	MYO1E
MIR98	MIRLET7A2	NLK	MAPK6
MIR98	MIRLET7A2	SYNJ2	INPP5F
MIR98	MIRLET7A2	PLEC	DST
MIR98	MIRLET7A2	ZFHX4	ZFHX2
MIR98	MIRLET7A2	OXSR1	MAP3K1
MIR98	MIRLET7A2	OXSR1	STK4
MIR98	MIRLET7A2	PTPN14	PTPN6
MIR98	MIRLET7A2	TSPYL1	NAP1L1
MIR98	MIRLET7A2	COL1A1	COL4A2
MIR98	MIRLET7A2	STK4	MAP3K1
MIR98	MIRLET7A2	IGF2BP1	KHSRP
MIR98	MIRLET7A2	PRKAA1	SIK1
MIR98	MIRLET7A2	NBEAL2	LRBA
MIR98	MIRLET7A2	ZNF451	ZBTB32
MIR98	MIRLET7A2	SERPINA3	SERPINH1
MIR98	MIRLET7A2	PRDM4	PRDM2
MIR98	MIRLET7A2	PRDM4	ZNF644
MIR98	MIRLET7A2	PRDM4	ZNF852
MIR98	MIRLET7A2	KHSRP	IGF2BP2
MIR98	MIRLET7A2	ZFYVE26	RUFY3
MIR98	MIRLET7A2	ATP13A3	ATP2A2
MIR98	MIRLET7A2	RBMS1	SYNCRIP
MIR98	MIRLET7A2	ZFHX2	ZFHX3
MIR98	MIRLET7A2	RBMS2	SYNCRIP
MIR98	MIRLET7A2	MAP2K4	MAP3K2
MIR98	MIRLET7A2	KLHL24	KLHL42
MIR98	MIRLET7A2	KLHL24	BACH1
MIR98	MIRLET7A2	DUSP2	DUSP10
MIR98	MIRLET7A2	UBE2K	UBE2G2
MIR98	MIRLET7A2	KMT2B	KMT2D
MIR98	MIRLET7A2	KMT2B	EHMT1
MIR98	MIRLET7A2	DUSP5	DUSP10
MIR98	MIRLET7A2	EHMT1	KMT2D
MIR98	MIRLET7A2	PPP4C	PPP2CA
MIR98	MIRLET7A2	PPP4C	PPP1CA
MIR98	MIRLET7A2	TRIB1	STK40
MIR98	MIRLET7A2	KIF2A	KIF5C
MIR98	MIRLET7A2	PPP2CA	PPP1CA
MIR98	MIRLET7A2	RBM19	TIA1
MIR98	MIRLET7A2	ZNF644	PRDM2
MIR98	MIRLET7A2	ZNF644	ZNF852
MIR98	MIRLET7A2	DUSP10	DUSP4
MIR98	MIRLET7A2	TRIM25	TRIM32
MIR98	MIRLET7A2	PRDM2	ZNF852
MIR98	MIRLET7A2	EIF2AK4	EIF2AK1
MIR98	MIRLET7A2	KDM6B	KDM6A
MIR98	MIRLET7A2	USP10	USP47
MIR98	MIRLET7A2	KLHL42	BACH1
MIR98	MIRLET7A2	PRKDC	TRRAP
MIR98	MIRLET7A2	HIVEP2	ZNF516
MIR98	MIRLET7A2	HIVEP2	ZNF217
MIR98	MIRLET7A2	ZNF516	ZNF217
MIR98	MIRLET7A2	MTMR9	MTMR12
MIR98	MIRLET7A3	CCNJ	CCND1
MIR98	MIRLET7A3	CCNJ	CCND2
MIR98	MIRLET7A3	ZNF691	ZNF792
MIR98	MIRLET7A3	SMC1A	CKAP4
MIR98	MIRLET7A3	MYO5A	MYO1E
MIR98	MIRLET7A3	NLK	MAPK6
MIR98	MIRLET7A3	SYNJ2	INPP5F
MIR98	MIRLET7A3	PLEC	DST
MIR98	MIRLET7A3	ZFHX4	ZFHX2
MIR98	MIRLET7A3	OXSR1	MAP3K1
MIR98	MIRLET7A3	OXSR1	STK4
MIR98	MIRLET7A3	PTPN14	PTPN6
MIR98	MIRLET7A3	TSPYL1	NAP1L1
MIR98	MIRLET7A3	COL1A1	COL4A2
MIR98	MIRLET7A3	STK4	MAP3K1
MIR98	MIRLET7A3	IGF2BP1	KHSRP
MIR98	MIRLET7A3	PRKAA1	SIK1
MIR98	MIRLET7A3	NBEAL2	LRBA
MIR98	MIRLET7A3	ZNF451	ZBTB32
MIR98	MIRLET7A3	SERPINA3	SERPINH1
MIR98	MIRLET7A3	PRDM4	PRDM2
MIR98	MIRLET7A3	PRDM4	ZNF644
MIR98	MIRLET7A3	PRDM4	ZNF852
MIR98	MIRLET7A3	KHSRP	IGF2BP2
MIR98	MIRLET7A3	ZFYVE26	RUFY3
MIR98	MIRLET7A3	ATP13A3	ATP2A2
MIR98	MIRLET7A3	RBMS1	SYNCRIP
MIR98	MIRLET7A3	ZFHX2	ZFHX3
MIR98	MIRLET7A3	RBMS2	SYNCRIP
MIR98	MIRLET7A3	MAP2K4	MAP3K2
MIR98	MIRLET7A3	KLHL24	KLHL42
MIR98	MIRLET7A3	KLHL24	BACH1
MIR98	MIRLET7A3	DUSP2	DUSP10
MIR98	MIRLET7A3	UBE2K	UBE2G2
MIR98	MIRLET7A3	KMT2B	KMT2D
MIR98	MIRLET7A3	KMT2B	EHMT1
MIR98	MIRLET7A3	DUSP5	DUSP10
MIR98	MIRLET7A3	EHMT1	KMT2D
MIR98	MIRLET7A3	PPP4C	PPP2CA
MIR98	MIRLET7A3	PPP4C	PPP1CA
MIR98	MIRLET7A3	TRIB1	STK40
MIR98	MIRLET7A3	KIF2A	KIF5C
MIR98	MIRLET7A3	PPP2CA	PPP1CA
MIR98	MIRLET7A3	RBM19	TIA1
MIR98	MIRLET7A3	ZNF644	PRDM2
MIR98	MIRLET7A3	ZNF644	ZNF852
MIR98	MIRLET7A3	DUSP10	DUSP4
MIR98	MIRLET7A3	TRIM25	TRIM32
MIR98	MIRLET7A3	PRDM2	ZNF852
MIR98	MIRLET7A3	EIF2AK4	EIF2AK1
MIR98	MIRLET7A3	KDM6B	KDM6A
MIR98	MIRLET7A3	USP10	USP47
MIR98	MIRLET7A3	KLHL42	BACH1
MIR98	MIRLET7A3	PRKDC	TRRAP
MIR98	MIRLET7A3	HIVEP2	ZNF516
MIR98	MIRLET7A3	HIVEP2	ZNF217
MIR98	MIRLET7A3	ZNF516	ZNF217
MIR98	MIRLET7A3	MTMR9	MTMR12
MIR98	MIRLET7C	CHD9	ERCC6
MIR98	MIRLET7C	SMC1A	CKAP4
MIR98	MIRLET7C	PLEC	DST
MIR98	MIRLET7C	ZFHX4	ZFHX2
MIR98	MIRLET7C	OXSR1	STK4
MIR98	MIRLET7C	PTPN14	PTPN6
MIR98	MIRLET7C	TSPYL1	NAP1L1
MIR98	MIRLET7C	COL1A1	COL4A2
MIR98	MIRLET7C	PRKAA1	SIK1
MIR98	MIRLET7C	NBEAL2	LRBA
MIR98	MIRLET7C	ZNF451	ZBTB32
MIR98	MIRLET7C	RBMS2	SYNCRIP
MIR98	MIRLET7C	MAP2K4	MAP3K2
MIR98	MIRLET7C	KLHL24	BACH1
MIR98	MIRLET7C	UBE2K	UBE2G2
MIR98	MIRLET7C	EHMT1	KMT2D
MIR98	MIRLET7C	PPP4C	PPP2CA
MIR98	MIRLET7C	PPP4C	PPP1CA
MIR98	MIRLET7C	TRIB1	STK40
MIR98	MIRLET7C	PPP2CA	PPP1CA
MIR98	MIRLET7C	ZNF644	PRDM2
MIR98	MIRLET7C	ZNF644	ZNF852
MIR98	MIRLET7C	TRIM25	TRIM32
MIR98	MIRLET7C	ZNF516	HIVEP2
MIR98	MIRLET7C	TRRAP	PRKDC
MIR98	MIRLET7C	PRDM2	ZNF852
MIR98	MIRLET7C	MTMR9	MTMR12
MIR98	MIRLET7D	CCNJ	CCND1
MIR98	MIRLET7D	NLK	MAPK6
MIR98	MIRLET7D	OXSR1	MAP3K1
MIR98	MIRLET7D	IGF2BP1	KHSRP
MIR98	MIRLET7D	NBEAL2	LRBA
MIR98	MIRLET7D	ZFYVE26	RUFY3
MIR98	MIRLET7D	MAP2K4	MAP3K2
MIR98	MIRLET7D	ZNF587	PRDM2
MIR98	MIRLET7D	ZNF587	ZNF644
MIR98	MIRLET7D	EHMT1	KMT2D
MIR98	MIRLET7D	PPP4C	PPP2CA
MIR98	MIRLET7D	ETS1	ELK4
MIR98	MIRLET7D	ZNF644	PRDM2
MIR98	MIRLET7E	SMC1A	CKAP4
MIR98	MIRLET7E	PLEC	DST
MIR98	MIRLET7E	ZFHX4	ZFHX2
MIR98	MIRLET7E	OXSR1	STK4
MIR98	MIRLET7E	TSPYL1	NAP1L1
MIR98	MIRLET7E	PRKAA1	SIK1
MIR98	MIRLET7E	NBEAL2	LRBA
MIR98	MIRLET7E	ZNF451	ZBTB32
MIR98	MIRLET7E	MAP2K4	MAP3K2
MIR98	MIRLET7E	KLHL24	BACH1
MIR98	MIRLET7E	EHMT1	KMT2D
MIR98	MIRLET7E	TRIB1	STK40
MIR98	MIRLET7E	ZNF644	PRDM2
MIR98	MIRLET7E	ZNF644	ZNF852
MIR98	MIRLET7E	PRDM2	ZNF852
MIR98	MIRLET7E	MTMR9	MTMR12
MIR98	MIRLET7F2	CCNJ	CCND1
MIR98	MIRLET7F2	CCNJ	CCND2
MIR98	MIRLET7F2	ZNF691	ZNF792
MIR98	MIRLET7F2	CHD9	ERCC6
MIR98	MIRLET7F2	SMC1A	CKAP4
MIR98	MIRLET7F2	MYO5A	MYO1E
MIR98	MIRLET7F2	NLK	MAPK6
MIR98	MIRLET7F2	SYNJ2	INPP5F
MIR98	MIRLET7F2	PLEC	DST
MIR98	MIRLET7F2	ZFHX4	ZFHX2
MIR98	MIRLET7F2	OXSR1	MAP3K1
MIR98	MIRLET7F2	OXSR1	STK4
MIR98	MIRLET7F2	PTPN14	PTPN6
MIR98	MIRLET7F2	TSPYL1	NAP1L1
MIR98	MIRLET7F2	COL1A1	COL4A2
MIR98	MIRLET7F2	STK4	MAP3K1
MIR98	MIRLET7F2	IGF2BP1	KHSRP
MIR98	MIRLET7F2	TGIF1	PBX3
MIR98	MIRLET7F2	PRKAA1	SIK1
MIR98	MIRLET7F2	NBEAL2	LRBA
MIR98	MIRLET7F2	ZNF451	ZBTB32
MIR98	MIRLET7F2	SERPINA3	SERPINH1
MIR98	MIRLET7F2	PRDM4	PRDM2
MIR98	MIRLET7F2	PRDM4	ZNF644
MIR98	MIRLET7F2	PRDM4	ZNF852
MIR98	MIRLET7F2	KHSRP	IGF2BP2
MIR98	MIRLET7F2	ZFYVE26	RUFY3
MIR98	MIRLET7F2	ATP13A3	ATP2A2
MIR98	MIRLET7F2	RBMS1	SYNCRIP
MIR98	MIRLET7F2	ZFHX2	ZFHX3
MIR98	MIRLET7F2	RBMS2	SYNCRIP
MIR98	MIRLET7F2	MAP2K4	MAP3K2
MIR98	MIRLET7F2	KLHL24	KLHL42
MIR98	MIRLET7F2	KLHL24	BACH1
MIR98	MIRLET7F2	DUSP2	DUSP10
MIR98	MIRLET7F2	UBE2K	UBE2G2
MIR98	MIRLET7F2	KMT2B	KMT2D
MIR98	MIRLET7F2	KMT2B	EHMT1
MIR98	MIRLET7F2	DUSP5	DUSP10
MIR98	MIRLET7F2	EHMT1	KMT2D
MIR98	MIRLET7F2	PPP4C	PPP2CA
MIR98	MIRLET7F2	PPP4C	PPP1CA
MIR98	MIRLET7F2	KIF2A	KIF5C
MIR98	MIRLET7F2	PPP2CA	PPP1CA
MIR98	MIRLET7F2	RBM19	TIA1
MIR98	MIRLET7F2	ZNF644	PRDM2
MIR98	MIRLET7F2	ZNF644	ZNF852
MIR98	MIRLET7F2	DUSP10	DUSP4
MIR98	MIRLET7F2	TRIM25	TRIM32
MIR98	MIRLET7F2	PRDM2	ZNF852
MIR98	MIRLET7F2	EIF2AK4	EIF2AK1
MIR98	MIRLET7F2	KDM6B	KDM6A
MIR98	MIRLET7F2	USP10	USP47
MIR98	MIRLET7F2	KLHL42	BACH1
MIR98	MIRLET7F2	HIVEP2	ZNF516
MIR98	MIRLET7F2	HIVEP2	ZNF217
MIR98	MIRLET7F2	ZNF516	ZNF217
MIR98	MIRLET7F2	MTMR9	MTMR12
MIR98	MIRLET7G	CCNJ	CCND1
MIR98	MIRLET7G	CCNJ	CCND2
MIR98	MIRLET7G	ZNF691	ZNF792
MIR98	MIRLET7G	CHD9	ERCC6
MIR98	MIRLET7G	SMC1A	CKAP4
MIR98	MIRLET7G	NLK	MAPK6
MIR98	MIRLET7G	SYNJ2	INPP5F
MIR98	MIRLET7G	PLEC	DST
MIR98	MIRLET7G	ZFHX4	ZFHX2
MIR98	MIRLET7G	OXSR1	MAP3K1
MIR98	MIRLET7G	OXSR1	STK4
MIR98	MIRLET7G	PTPN14	PTPN6
MIR98	MIRLET7G	TSPYL1	NAP1L1
MIR98	MIRLET7G	COL1A1	COL4A2
MIR98	MIRLET7G	STK4	MAP3K1
MIR98	MIRLET7G	IGF2BP1	KHSRP
MIR98	MIRLET7G	TGIF1	PBX3
MIR98	MIRLET7G	PRKAA1	SIK1
MIR98	MIRLET7G	NBEAL2	LRBA
MIR98	MIRLET7G	ZNF451	ZBTB32
MIR98	MIRLET7G	SERPINA3	SERPINH1
MIR98	MIRLET7G	PRDM4	PRDM2
MIR98	MIRLET7G	PRDM4	ZNF644
MIR98	MIRLET7G	PRDM4	ZNF852
MIR98	MIRLET7G	KHSRP	IGF2BP2
MIR98	MIRLET7G	ZFYVE26	RUFY3
MIR98	MIRLET7G	ATP13A3	ATP2A2
MIR98	MIRLET7G	RBMS1	SYNCRIP
MIR98	MIRLET7G	ZFHX2	ZFHX3
MIR98	MIRLET7G	RBMS2	SYNCRIP
MIR98	MIRLET7G	MAP2K4	MAP3K2
MIR98	MIRLET7G	DUSP2	DUSP10
MIR98	MIRLET7G	UBE2K	UBE2G2
MIR98	MIRLET7G	KMT2B	KMT2D
MIR98	MIRLET7G	KMT2B	EHMT1
MIR98	MIRLET7G	DUSP5	DUSP10
MIR98	MIRLET7G	EHMT1	KMT2D
MIR98	MIRLET7G	PPP4C	PPP2CA
MIR98	MIRLET7G	PPP4C	PPP1CA
MIR98	MIRLET7G	TRIB1	STK40
MIR98	MIRLET7G	KIF2A	KIF5C
MIR98	MIRLET7G	PPP2CA	PPP1CA
MIR98	MIRLET7G	RBM19	TIA1
MIR98	MIRLET7G	ZNF644	PRDM2
MIR98	MIRLET7G	ZNF644	ZNF852
MIR98	MIRLET7G	DUSP10	DUSP4
MIR98	MIRLET7G	TRIM25	TRIM32
MIR98	MIRLET7G	PRDM2	ZNF852
MIR98	MIRLET7G	EIF2AK4	EIF2AK1
MIR98	MIRLET7G	KDM6B	KDM6A
MIR98	MIRLET7G	USP10	USP47
MIR98	MIRLET7G	KLHL42	BACH1
MIR98	MIRLET7G	PRKDC	TRRAP
MIR98	MIRLET7G	HIVEP2	ZNF516
MIR98	MIRLET7G	HIVEP2	ZNF217
MIR98	MIRLET7G	ZNF516	ZNF217
MIR98	MIRLET7G	MTMR9	MTMR12
MIR98	MIRLET7I	CCNJ	CCND1
MIR98	MIRLET7I	CCNJ	CCND2
MIR98	MIRLET7I	ZNF691	ZNF792
MIR98	MIRLET7I	CHD9	ERCC6
MIR98	MIRLET7I	SMC1A	CKAP4
MIR98	MIRLET7I	MYO5A	MYO1E
MIR98	MIRLET7I	NLK	MAPK6
MIR98	MIRLET7I	SYNJ2	INPP5F
MIR98	MIRLET7I	PLEC	DST
MIR98	MIRLET7I	ZFHX4	ZFHX2
MIR98	MIRLET7I	OXSR1	MAP3K1
MIR98	MIRLET7I	OXSR1	STK4
MIR98	MIRLET7I	PTPN14	PTPN6
MIR98	MIRLET7I	TSPYL1	NAP1L1
MIR98	MIRLET7I	STK4	MAP3K1
MIR98	MIRLET7I	IGF2BP1	KHSRP
MIR98	MIRLET7I	TGIF1	PBX3
MIR98	MIRLET7I	PRKAA1	SIK1
MIR98	MIRLET7I	NBEAL2	LRBA
MIR98	MIRLET7I	ZNF451	ZBTB32
MIR98	MIRLET7I	SERPINA3	SERPINH1
MIR98	MIRLET7I	PRDM4	PRDM2
MIR98	MIRLET7I	PRDM4	ZNF644
MIR98	MIRLET7I	PRDM4	ZNF852
MIR98	MIRLET7I	KHSRP	IGF2BP2
MIR98	MIRLET7I	ZFYVE26	RUFY3
MIR98	MIRLET7I	ATP13A3	ATP2A2
MIR98	MIRLET7I	RBMS1	SYNCRIP
MIR98	MIRLET7I	ZFHX2	ZFHX3
MIR98	MIRLET7I	RBMS2	SYNCRIP
MIR98	MIRLET7I	MAP2K4	MAP3K2
MIR98	MIRLET7I	KLHL24	KLHL42
MIR98	MIRLET7I	KLHL24	BACH1
MIR98	MIRLET7I	UBE2K	UBE2G2
MIR98	MIRLET7I	KMT2B	KMT2D
MIR98	MIRLET7I	KMT2B	EHMT1
MIR98	MIRLET7I	EHMT1	KMT2D
MIR98	MIRLET7I	PPP4C	PPP2CA
MIR98	MIRLET7I	PPP4C	PPP1CA
MIR98	MIRLET7I	ETS1	ELK4
MIR98	MIRLET7I	KIF2A	KIF5C
MIR98	MIRLET7I	PPP2CA	PPP1CA
MIR98	MIRLET7I	RBM19	TIA1
MIR98	MIRLET7I	ZNF644	PRDM2
MIR98	MIRLET7I	ZNF644	ZNF852
MIR98	MIRLET7I	TRIM25	TRIM32
MIR98	MIRLET7I	PRDM2	ZNF852
MIR98	MIRLET7I	EIF2AK4	EIF2AK1
MIR98	MIRLET7I	KDM6B	KDM6A
MIR98	MIRLET7I	USP10	USP47
MIR98	MIRLET7I	KLHL42	BACH1
MIR98	MIRLET7I	HIVEP2	ZNF516
MIR98	MIRLET7I	HIVEP2	ZNF217
MIR98	MIRLET7I	ZNF516	ZNF217
MIR98	MIRLET7I	MTMR9	MTMR12
MIRLET7A1	MIRLET7A2	CCNJ	CCND1
MIRLET7A1	MIRLET7A2	CCNJ	CCNG1
MIRLET7A1	MIRLET7A2	CCNJ	CCND2
MIRLET7A1	MIRLET7A2	CCNJ	CCNB2
MIRLET7A1	MIRLET7A2	VPS4A	FIGN
MIRLET7A1	MIRLET7A2	SSH2	DUSP3
MIRLET7A1	MIRLET7A2	SSH2	DUSP4
MIRLET7A1	MIRLET7A2	SSH2	DUSP5
MIRLET7A1	MIRLET7A2	SSH2	DUSP10
MIRLET7A1	MIRLET7A2	SSH2	DUSP2
MIRLET7A1	MIRLET7A2	SSH2	DUSP18
MIRLET7A1	MIRLET7A2	SOX18	SOX5
MIRLET7A1	MIRLET7A2	CKAP4	SMC1A
MIRLET7A1	MIRLET7A2	NLK	MAPK6
MIRLET7A1	MIRLET7A2	PLEC	MACF1
MIRLET7A1	MIRLET7A2	PLEC	MICAL2
MIRLET7A1	MIRLET7A2	PLEC	DST
MIRLET7A1	MIRLET7A2	PLEC	SPTBN2
MIRLET7A1	MIRLET7A2	ERF	ETS2
MIRLET7A1	MIRLET7A2	ERF	ELK4
MIRLET7A1	MIRLET7A2	CARM1	PRMT1
MIRLET7A1	MIRLET7A2	YWHAG	YWHAZ
MIRLET7A1	MIRLET7A2	ELAVL1	RBMS2
MIRLET7A1	MIRLET7A2	ELAVL1	SYNCRIP
MIRLET7A1	MIRLET7A2	ELAVL1	RBMS1
MIRLET7A1	MIRLET7A2	CTSB	CTSZ
MIRLET7A1	MIRLET7A2	TIE1	FGFR1
MIRLET7A1	MIRLET7A2	TIE1	IGF1R
MIRLET7A1	MIRLET7A2	TIE1	EPHA2
MIRLET7A1	MIRLET7A2	TIE1	INSR
MIRLET7A1	MIRLET7A2	TSPAN3	TSPAN14
MIRLET7A1	MIRLET7A2	TSPAN3	CD81
MIRLET7A1	MIRLET7A2	CDC34	UBE2K
MIRLET7A1	MIRLET7A2	CDC34	UBE2G2
MIRLET7A1	MIRLET7A2	CDC34	UBE2J1
MIRLET7A1	MIRLET7A2	FBXL14	FBXL5
MIRLET7A1	MIRLET7A2	FBXL14	FBXL7
MIRLET7A1	MIRLET7A2	USP14	USP11
MIRLET7A1	MIRLET7A2	USP14	USP10
MIRLET7A1	MIRLET7A2	USP14	USP5
MIRLET7A1	MIRLET7A2	USP14	USP47
MIRLET7A1	MIRLET7A2	YTHDC2	DHX30
MIRLET7A1	MIRLET7A2	ZNF589	ZNF555
MIRLET7A1	MIRLET7A2	RBMS1	SYNCRIP
MIRLET7A1	MIRLET7A2	RGS17	AXIN1
MIRLET7A1	MIRLET7A2	POU3F2	POU2F1
MIRLET7A1	MIRLET7A2	RBMS2	SYNCRIP
MIRLET7A1	MIRLET7A2	TRIO	ARHGEF7
MIRLET7A1	MIRLET7A2	TRIO	VAV2
MIRLET7A1	MIRLET7A2	MAP2K4	MAP3K2
MIRLET7A1	MIRLET7A2	MAP2K4	MAP3K3
MIRLET7A1	MIRLET7A2	MOB1B	MOB3A
MIRLET7A1	MIRLET7A2	KLHL24	KLHL42
MIRLET7A1	MIRLET7A2	KLHL24	BACH1
MIRLET7A1	MIRLET7A2	ARHGEF7	VAV2
MIRLET7A1	MIRLET7A2	COL18A1	COL1A1
MIRLET7A1	MIRLET7A2	COL18A1	COL4A2
MIRLET7A1	MIRLET7A2	COL18A1	COL4A1
MIRLET7A1	MIRLET7A2	COL18A1	COL27A1
MIRLET7A1	MIRLET7A2	GGA3	TOM1L2
MIRLET7A1	MIRLET7A2	MYO1E	MYO9B
MIRLET7A1	MIRLET7A2	MYO1E	MYH9
MIRLET7A1	MIRLET7A2	MYO1E	MYO5A
MIRLET7A1	MIRLET7A2	KMT2B	SETD1B
MIRLET7A1	MIRLET7A2	KMT2B	KMT2D
MIRLET7A1	MIRLET7A2	KMT2B	EHMT1
MIRLET7A1	MIRLET7A2	CDK9	CDK13
MIRLET7A1	MIRLET7A2	CDK9	CDK16
MIRLET7A1	MIRLET7A2	CDK9	CDK6
MIRLET7A1	MIRLET7A2	USP5	USP11
MIRLET7A1	MIRLET7A2	USP5	USP10
MIRLET7A1	MIRLET7A2	USP5	USP47
MIRLET7A1	MIRLET7A2	FOXK2	FOXP1
MIRLET7A1	MIRLET7A2	SIK1	PRKAA1
MIRLET7A1	MIRLET7A2	SIK1	MELK
MIRLET7A1	MIRLET7A2	NPEPPS	ANPEP
MIRLET7A1	MIRLET7A2	CTNNA1	VCL
MIRLET7A1	MIRLET7A2	KAT6A	DPF2
MIRLET7A1	MIRLET7A2	ZNF644	PRDM4
MIRLET7A1	MIRLET7A2	ZNF644	PRDM2
MIRLET7A1	MIRLET7A2	ZNF644	ZNF768
MIRLET7A1	MIRLET7A2	ZNF644	ZNF852
MIRLET7A1	MIRLET7A2	BPTF	BAZ2A
MIRLET7A1	MIRLET7A2	DUSP3	DUSP4
MIRLET7A1	MIRLET7A2	DUSP3	DUSP5
MIRLET7A1	MIRLET7A2	DUSP3	DUSP10
MIRLET7A1	MIRLET7A2	DUSP3	DUSP2
MIRLET7A1	MIRLET7A2	DUSP3	DUSP18
MIRLET7A1	MIRLET7A2	COL15A1	COL1A1
MIRLET7A1	MIRLET7A2	COL15A1	COL4A2
MIRLET7A1	MIRLET7A2	COL15A1	COL4A1
MIRLET7A1	MIRLET7A2	COL15A1	COL27A1
MIRLET7A1	MIRLET7A2	ABCC10	ABCC8
MIRLET7A1	MIRLET7A2	IGDCC4	ROBO4
MIRLET7A1	MIRLET7A2	PRDM2	PRDM4
MIRLET7A1	MIRLET7A2	PRDM2	ZNF768
MIRLET7A1	MIRLET7A2	PRDM2	ZNF852
MIRLET7A1	MIRLET7A2	EIF2AK4	EIF2AK1
MIRLET7A1	MIRLET7A2	ZNF562	ZNF691
MIRLET7A1	MIRLET7A2	ZNF562	ZNF792
MIRLET7A1	MIRLET7A2	KLHL42	BACH1
MIRLET7A1	MIRLET7A2	HECTD1	HUWE1
MIRLET7A1	MIRLET7A2	HECTD1	AREL1
MIRLET7A1	MIRLET7A2	NIPA1	NIPA2
MIRLET7A1	MIRLET7A2	PRKDC	TRRAP
MIRLET7A1	MIRLET7A2	SPHK1	CERK
MIRLET7A1	MIRLET7A2	KDM6A	KDM6B
MIRLET7A1	MIRLET7A2	UBE2G2	UBE2K
MIRLET7A1	MIRLET7A2	UBE2G2	UBE2J1
MIRLET7A1	MIRLET7A2	KIF1C	KIF2A
MIRLET7A1	MIRLET7A2	KIF1C	KIF5C
MIRLET7A1	MIRLET7A2	MSN	FRMD4A
MIRLET7A1	MIRLET7A2	MSN	NF2
MIRLET7A1	MIRLET7A2	ZNF217	HIVEP2
MIRLET7A1	MIRLET7A2	ZNF217	ZNF516
MIRLET7A1	MIRLET7A2	RHOBTB2	RHOB
MIRLET7A1	MIRLET7A2	RHOBTB2	RHOBTB3
MIRLET7A1	MIRLET7A2	RHOBTB2	RHOG
MIRLET7A1	MIRLET7A2	ZNF121	ZNF629
MIRLET7A1	MIRLET7A2	ZNF121	ZNF543
MIRLET7A1	MIRLET7A2	TPP2	MBTPS1
MIRLET7A1	MIRLET7A2	CDK13	CDK16
MIRLET7A1	MIRLET7A2	CDK13	CDK6
MIRLET7A1	MIRLET7A2	SPHK2	CERK
MIRLET7A1	MIRLET7A2	USP47	USP11
MIRLET7A1	MIRLET7A2	USP47	USP10
MIRLET7A1	MIRLET7A2	PSMB2	PSMA2
MIRLET7A1	MIRLET7A2	PSMB2	PSMB7
MIRLET7A1	MIRLET7A2	SERPINH1	SERPINB9
MIRLET7A1	MIRLET7A2	SERPINH1	SERPINA3
MIRLET7A1	MIRLET7A2	ACVR1C	TGFBR2
MIRLET7A1	MIRLET7A2	YWHAZ	YWHAH
MIRLET7A1	MIRLET7A2	SETD1B	KMT2A
MIRLET7A1	MIRLET7A2	SETD1B	KMT2D
MIRLET7A1	MIRLET7A2	SETD1B	EHMT1
MIRLET7A1	MIRLET7A2	TNFRSF10B	TNFRSF11A
MIRLET7A1	MIRLET7A2	DUSP4	DUSP10
MIRLET7A1	MIRLET7A2	DUSP4	DUSP18
MIRLET7A1	MIRLET7A2	FBXL7	FBXL5
MIRLET7A1	MIRLET7A2	FYN	ABL1
MIRLET7A1	MIRLET7A2	FYN	CSK
MIRLET7A1	MIRLET7A2	FYN	JAK1
MIRLET7A1	MIRLET7A2	ZNF691	ZNF792
MIRLET7A1	MIRLET7A2	MACF1	MICAL2
MIRLET7A1	MIRLET7A2	MACF1	SPTBN2
MIRLET7A1	MIRLET7A2	CSK	ABL1
MIRLET7A1	MIRLET7A2	CSK	JAK1
MIRLET7A1	MIRLET7A2	CSK	SRC
MIRLET7A1	MIRLET7A2	USP11	USP10
MIRLET7A1	MIRLET7A2	NR2C2	NR2F2
MIRLET7A1	MIRLET7A2	MYO5A	MYO9B
MIRLET7A1	MIRLET7A2	MYO5A	MYH9
MIRLET7A1	MIRLET7A2	SYNJ2	INPP5F
MIRLET7A1	MIRLET7A2	EPHA2	FGFR1
MIRLET7A1	MIRLET7A2	EPHA2	TEK
MIRLET7A1	MIRLET7A2	EPHA2	IGF1R
MIRLET7A1	MIRLET7A2	EPHA2	INSR
MIRLET7A1	MIRLET7A2	PTPN14	PTPN23
MIRLET7A1	MIRLET7A2	PTPN14	PTPN6
MIRLET7A1	MIRLET7A2	PTPN14	PTPRB
MIRLET7A1	MIRLET7A2	RHOB	RHOBTB3
MIRLET7A1	MIRLET7A2	RHOB	RHOG
MIRLET7A1	MIRLET7A2	COL1A1	COL4A2
MIRLET7A1	MIRLET7A2	COL1A1	COL4A1
MIRLET7A1	MIRLET7A2	COL1A1	COL27A1
MIRLET7A1	MIRLET7A2	STK4	MAP3K1
MIRLET7A1	MIRLET7A2	STK4	STK25
MIRLET7A1	MIRLET7A2	STK4	OXSR1
MIRLET7A1	MIRLET7A2	ZNF451	ZBTB32
MIRLET7A1	MIRLET7A2	ZNF451	ZNF384
MIRLET7A1	MIRLET7A2	ZNF451	HIC1
MIRLET7A1	MIRLET7A2	FLII	GSN
MIRLET7A1	MIRLET7A2	DST	MICAL2
MIRLET7A1	MIRLET7A2	DST	SPTBN2
MIRLET7A1	MIRLET7A2	IL6R	LIFR
MIRLET7A1	MIRLET7A2	IGF2BP2	KHSRP
MIRLET7A1	MIRLET7A2	TRIM3	TRIM35
MIRLET7A1	MIRLET7A2	TRIM3	TRIM32
MIRLET7A1	MIRLET7A2	TRIM3	TRIM25
MIRLET7A1	MIRLET7A2	TRIM3	TRIM27
MIRLET7A1	MIRLET7A2	CCNB2	CCND1
MIRLET7A1	MIRLET7A2	CCNB2	CCNG1
MIRLET7A1	MIRLET7A2	CCNB2	CCND2
MIRLET7A1	MIRLET7A2	CCNB2	CCNJL
MIRLET7A1	MIRLET7A2	SPTBN2	MICAL2
MIRLET7A1	MIRLET7A2	MYO9B	MYH9
MIRLET7A1	MIRLET7A2	DUSP5	DUSP10
MIRLET7A1	MIRLET7A2	DUSP5	DUSP18
MIRLET7A1	MIRLET7A2	COL27A1	COL4A2
MIRLET7A1	MIRLET7A2	COL27A1	COL4A1
MIRLET7A1	MIRLET7A2	TEK	FGFR1
MIRLET7A1	MIRLET7A2	TEK	IGF1R
MIRLET7A1	MIRLET7A2	TEK	INSR
MIRLET7A1	MIRLET7A2	EHMT1	KMT2A
MIRLET7A1	MIRLET7A2	EHMT1	KMT2D
MIRLET7A1	MIRLET7A2	PTPRB	PTPN23
MIRLET7A1	MIRLET7A2	PTPRB	PTPN6
MIRLET7A1	MIRLET7A2	ZNF768	PRDM4
MIRLET7A1	MIRLET7A2	ZNF768	ZNF852
MIRLET7A1	MIRLET7A2	ZNF142	ZNF473
MIRLET7A1	MIRLET7A2	COL4A1	COL4A2
MIRLET7A1	MIRLET7A2	CPSF1	DDB1
MIRLET7A1	MIRLET7A2	EHD1	ITSN2
MIRLET7A1	MIRLET7A2	KIF2A	KIF5C
MIRLET7A1	MIRLET7A2	RBM4B	TIA1
MIRLET7A1	MIRLET7A2	RBM4B	RBM19
MIRLET7A1	MIRLET7A2	CBX2	CBX5
MIRLET7A1	MIRLET7A2	SLC4A5	SLC4A2
MIRLET7A1	MIRLET7A2	KMT2D	KMT2A
MIRLET7A1	MIRLET7A2	PPP2CA	PPP4C
MIRLET7A1	MIRLET7A2	PPP2CA	PPP1CA
MIRLET7A1	MIRLET7A2	PPP1CA	PPP4C
MIRLET7A1	MIRLET7A2	RBM19	TIA1
MIRLET7A1	MIRLET7A2	DUSP10	DUSP2
MIRLET7A1	MIRLET7A2	DUSP10	DUSP18
MIRLET7A1	MIRLET7A2	ACOX1	ACAD9
MIRLET7A1	MIRLET7A2	FGFR1	IGF1R
MIRLET7A1	MIRLET7A2	FGFR1	INSR
MIRLET7A1	MIRLET7A2	NAP1L1	TSPYL1
MIRLET7A1	MIRLET7A2	LRBA	NBEAL2
MIRLET7A1	MIRLET7A2	HUWE1	AREL1
MIRLET7A1	MIRLET7A2	SEMA6B	SEMA4C
MIRLET7A1	MIRLET7A2	MAP3K1	STK25
MIRLET7A1	MIRLET7A2	MAP3K1	OXSR1
MIRLET7A1	MIRLET7A2	POM121C	NUP153
MIRLET7A1	MIRLET7A2	WDR81	MAPKBP1
MIRLET7A1	MIRLET7A2	ZNF852	PRDM4
MIRLET7A1	MIRLET7A2	PCDH7	CDH5
MIRLET7A1	MIRLET7A2	GGA2	TOM1L2
MIRLET7A1	MIRLET7A2	MOB1A	MOB3A
MIRLET7A1	MIRLET7A2	OXSR1	STK25
MIRLET7A1	MIRLET7A2	KLF10	KLF7
MIRLET7A1	MIRLET7A2	PALD1	PTP4A2
MIRLET7A1	MIRLET7A2	AGAP3	GIT2
MIRLET7A1	MIRLET7A2	PRKAA1	MELK
MIRLET7A1	MIRLET7A2	PCDH1	CDH5
MIRLET7A1	MIRLET7A2	ZFHX2	ZFHX4
MIRLET7A1	MIRLET7A2	ZFHX2	ZFHX3
MIRLET7A1	MIRLET7A2	DUSP2	DUSP18
MIRLET7A1	MIRLET7A2	HIC1	ZBTB32
MIRLET7A1	MIRLET7A2	HIC1	ZNF384
MIRLET7A1	MIRLET7A2	ASCC3	SNRNP200
MIRLET7A1	MIRLET7A2	CDC42EP2	CDC42EP4
MIRLET7A1	MIRLET7A2	PTPN23	PTPN6
MIRLET7A1	MIRLET7A2	ABL1	JAK1
MIRLET7A1	MIRLET7A2	ABL1	SRC
MIRLET7A1	MIRLET7A2	ZNF543	ZNF629
MIRLET7A1	MIRLET7A2	TRIM25	TRIM35
MIRLET7A1	MIRLET7A2	TRIM25	TRIM32
MIRLET7A1	MIRLET7A2	TRIM25	TRIM27
MIRLET7A1	MIRLET7A2	STK40	TRIB1
MIRLET7A1	MIRLET7A2	TRIM27	TRIM35
MIRLET7A1	MIRLET7A2	TRIM27	TRIM32
MIRLET7A1	MIRLET7A2	FBXO17	FBXO6
MIRLET7A1	MIRLET7A2	TRIM35	TRIM32
MIRLET7A1	MIRLET7A2	FRMD4A	RDX
MIRLET7A1	MIRLET7A2	FRMD4A	NF2
MIRLET7A1	MIRLET7A2	SERPINB9	SERPINA3
MIRLET7A1	MIRLET7A2	MTMR9	MTMR12
MIRLET7A1	MIRLET7A2	ERGIC1	ERGIC3
MIRLET7A1	MIRLET7A2	BMP6	BMP4
MIRLET7A1	MIRLET7A2	CCND1	CCNG1
MIRLET7A1	MIRLET7A2	CCND1	CCNJL
MIRLET7A1	MIRLET7A2	SRC	JAK1
MIRLET7A1	MIRLET7A2	RHOG	RHOBTB3
MIRLET7A1	MIRLET7A2	CCNJL	CCNG1
MIRLET7A1	MIRLET7A2	CCNJL	CCND2
MIRLET7A1	MIRLET7A2	ABCF2	ABCF1
MIRLET7A1	MIRLET7A2	IGF2BP1	KHSRP
MIRLET7A1	MIRLET7A2	CDK16	CDK6
MIRLET7A1	MIRLET7A2	PIEZO2	PIEZO1
MIRLET7A1	MIRLET7A2	ZNF384	ZBTB32
MIRLET7A1	MIRLET7A2	KPNA2	KPNA6
MIRLET7A1	MIRLET7A2	ZFYVE26	RUFY3
MIRLET7A1	MIRLET7A2	ATP13A3	ATP2A2
MIRLET7A1	MIRLET7A2	RDX	NF2
MIRLET7A1	MIRLET7A2	SPTLC2	ALAS1
MIRLET7A1	MIRLET7A2	UBE2K	UBE2J1
MIRLET7A1	MIRLET7A2	CCNG1	CCND2
MIRLET7A1	MIRLET7A2	CHD3	SMARCA4
MIRLET7A1	MIRLET7A2	CHD3	ERCC6
MIRLET7A1	MIRLET7A2	B4GALT5	B4GALT1
MIRLET7A1	MIRLET7A2	PSMB7	PSMA2
MIRLET7A1	MIRLET7A2	ZNF516	HIVEP2
MIRLET7A1	MIRLET7A2	ETS2	ELK4
MIRLET7A1	MIRLET7A2	TSPAN14	CD81
MIRLET7A1	MIRLET7A2	SMARCA4	ERCC6
MIRLET7A1	MIRLET7B	CCNJ	CCND1
MIRLET7A1	MIRLET7B	CCNJ	CCND2
MIRLET7A1	MIRLET7B	CKAP4	SMC1A
MIRLET7A1	MIRLET7B	NLK	MAPK6
MIRLET7A1	MIRLET7B	ZNF736	ZNF121
MIRLET7A1	MIRLET7B	PLEC	DST
MIRLET7A1	MIRLET7B	RBMS1	SYNCRIP
MIRLET7A1	MIRLET7B	RBMS2	SYNCRIP
MIRLET7A1	MIRLET7B	MAP2K4	MAP3K2
MIRLET7A1	MIRLET7B	KMT2B	KMT2D
MIRLET7A1	MIRLET7B	KMT2B	EHMT1
MIRLET7A1	MIRLET7B	ARFGEF2	GBF1
MIRLET7A1	MIRLET7B	SIK1	PRKAA1
MIRLET7A1	MIRLET7B	ZNF644	PRDM4
MIRLET7A1	MIRLET7B	ZNF644	PRDM2
MIRLET7A1	MIRLET7B	ZNF644	ZNF852
MIRLET7A1	MIRLET7B	COL15A1	COL1A1
MIRLET7A1	MIRLET7B	COL15A1	COL4A2
MIRLET7A1	MIRLET7B	PRDM2	PRDM4
MIRLET7A1	MIRLET7B	PRDM2	ZNF852
MIRLET7A1	MIRLET7B	EIF2AK4	EIF2AK1
MIRLET7A1	MIRLET7B	KLHL42	BACH1
MIRLET7A1	MIRLET7B	KLHL42	KBTBD8
MIRLET7A1	MIRLET7B	KDM6A	KDM6B
MIRLET7A1	MIRLET7B	UBE2G2	UBE2K
MIRLET7A1	MIRLET7B	ZNF217	HIVEP2
MIRLET7A1	MIRLET7B	ZNF217	ZNF516
MIRLET7A1	MIRLET7B	USP47	USP10
MIRLET7A1	MIRLET7B	SERPINH1	SERPINA3
MIRLET7A1	MIRLET7B	ZNF691	ZNF792
MIRLET7A1	MIRLET7B	SYNJ2	INPP5F
MIRLET7A1	MIRLET7B	RHOB	RHOBTB3
MIRLET7A1	MIRLET7B	COL1A1	COL4A2
MIRLET7A1	MIRLET7B	STK4	MAP3K1
MIRLET7A1	MIRLET7B	STK4	OXSR1
MIRLET7A1	MIRLET7B	ZNF451	ZBTB32
MIRLET7A1	MIRLET7B	IGF2BP2	KHSRP
MIRLET7A1	MIRLET7B	EHMT1	KMT2D
MIRLET7A1	MIRLET7B	ZNF367	ZBTB5
MIRLET7A1	MIRLET7B	KIF2A	KIF5C
MIRLET7A1	MIRLET7B	PPP2CA	PPP4C
MIRLET7A1	MIRLET7B	PPP2CA	PPP1CA
MIRLET7A1	MIRLET7B	PPP1CA	PPP4C
MIRLET7A1	MIRLET7B	RBM19	TIA1
MIRLET7A1	MIRLET7B	KBTBD8	BACH1
MIRLET7A1	MIRLET7B	KLF6	KLF10
MIRLET7A1	MIRLET7B	NAP1L1	TSPYL1
MIRLET7A1	MIRLET7B	LRBA	NBEAL2
MIRLET7A1	MIRLET7B	MAP3K1	OXSR1
MIRLET7A1	MIRLET7B	ZNF852	PRDM4
MIRLET7A1	MIRLET7B	LARP1	LARP4B
MIRLET7A1	MIRLET7B	ZFHX2	ZFHX4
MIRLET7A1	MIRLET7B	TRIM25	TRIM32
MIRLET7A1	MIRLET7B	STK40	TRIB1
MIRLET7A1	MIRLET7B	MTMR9	MTMR12
MIRLET7A1	MIRLET7B	ZNF107	ZNF473
MIRLET7A1	MIRLET7B	IGF2BP1	KHSRP
MIRLET7A1	MIRLET7B	ZFYVE26	RUFY3
MIRLET7A1	MIRLET7B	ATP13A3	ATP2A2
MIRLET7A1	MIRLET7B	ZNF516	HIVEP2
MIRLET7A1	MIRLET7B	SMARCA4	ERCC6
MIRLET7A1	MIRLET7C	CCND1	CCNB2
MIRLET7A1	MIRLET7C	SMC1A	CKAP4
MIRLET7A1	MIRLET7C	PLEC	DST
MIRLET7A1	MIRLET7C	ZFHX4	ZFHX2
MIRLET7A1	MIRLET7C	OXSR1	STK4
MIRLET7A1	MIRLET7C	PTPN14	PTPN6
MIRLET7A1	MIRLET7C	TSPYL1	NAP1L1
MIRLET7A1	MIRLET7C	RHOB	RHOBTB3
MIRLET7A1	MIRLET7C	COL1A1	COL4A2
MIRLET7A1	MIRLET7C	PRKAA1	SIK1
MIRLET7A1	MIRLET7C	NBEAL2	LRBA
MIRLET7A1	MIRLET7C	ZNF451	ZBTB32
MIRLET7A1	MIRLET7C	RBMS2	SYNCRIP
MIRLET7A1	MIRLET7C	MAP2K4	MAP3K2
MIRLET7A1	MIRLET7C	KLHL24	BACH1
MIRLET7A1	MIRLET7C	CCNB2	CCND2
MIRLET7A1	MIRLET7C	UBE2K	UBE2G2
MIRLET7A1	MIRLET7C	EHMT1	KMT2D
MIRLET7A1	MIRLET7C	PPP4C	PPP2CA
MIRLET7A1	MIRLET7C	PPP4C	PPP1CA
MIRLET7A1	MIRLET7C	TRIB1	STK40
MIRLET7A1	MIRLET7C	PPP2CA	PPP1CA
MIRLET7A1	MIRLET7C	ZNF644	PRDM2
MIRLET7A1	MIRLET7C	ZNF644	ZNF852
MIRLET7A1	MIRLET7C	TRIM25	TRIM32
MIRLET7A1	MIRLET7C	ZNF516	HIVEP2
MIRLET7A1	MIRLET7C	TRRAP	PRKDC
MIRLET7A1	MIRLET7C	PRDM2	ZNF852
MIRLET7A1	MIRLET7C	SERPINH1	SERPINB9
MIRLET7A1	MIRLET7C	MTMR9	MTMR12
MIRLET7A1	MIRLET7D	CCNJ	CCND1
MIRLET7A1	MIRLET7D	ZNF107	ZNF142
MIRLET7A1	MIRLET7D	NLK	MAPK6
MIRLET7A1	MIRLET7D	RHOG	RHOB
MIRLET7A1	MIRLET7D	RHOG	RHOBTB3
MIRLET7A1	MIRLET7D	OXSR1	MAP3K1
MIRLET7A1	MIRLET7D	RHOB	RHOBTB3
MIRLET7A1	MIRLET7D	COL1A1	COL18A1
MIRLET7A1	MIRLET7D	ELAVL1	RBMS1
MIRLET7A1	MIRLET7D	IGF2BP1	KHSRP
MIRLET7A1	MIRLET7D	NBEAL2	LRBA
MIRLET7A1	MIRLET7D	TIE1	FGFR1
MIRLET7A1	MIRLET7D	TIE1	IGF1R
MIRLET7A1	MIRLET7D	TIE1	INSR
MIRLET7A1	MIRLET7D	ZNF451	HIC1
MIRLET7A1	MIRLET7D	ZFYVE26	RUFY3
MIRLET7A1	MIRLET7D	HCFC1	KLHDC3
MIRLET7A1	MIRLET7D	TRIM3	TRIM32
MIRLET7A1	MIRLET7D	TRIM3	TRIM27
MIRLET7A1	MIRLET7D	MAP2K4	MAP3K2
MIRLET7A1	MIRLET7D	EHMT1	KMT2D
MIRLET7A1	MIRLET7D	ZNF768	PRDM2
MIRLET7A1	MIRLET7D	ZNF768	ZNF644
MIRLET7A1	MIRLET7D	PPP4C	PPP2CA
MIRLET7A1	MIRLET7D	INSR	FGFR1
MIRLET7A1	MIRLET7D	CPSF1	DDB1
MIRLET7A1	MIRLET7D	CHD3	ERCC6
MIRLET7A1	MIRLET7D	JAK1	FYN
MIRLET7A1	MIRLET7D	ZNF644	PRDM2
MIRLET7A1	MIRLET7D	FGFR1	IGF1R
MIRLET7A1	MIRLET7D	TRIM32	TRIM27
MIRLET7A1	MIRLET7D	HECTD1	HUWE1
MIRLET7A1	MIRLET7D	TPP2	MBTPS1
MIRLET7A1	MIRLET7D	NUP153	POM121C
MIRLET7A1	MIRLET7E	SMC1A	CKAP4
MIRLET7A1	MIRLET7E	PLEC	DST
MIRLET7A1	MIRLET7E	ZFHX4	ZFHX2
MIRLET7A1	MIRLET7E	OXSR1	STK4
MIRLET7A1	MIRLET7E	TSPYL1	NAP1L1
MIRLET7A1	MIRLET7E	PRKAA1	SIK1
MIRLET7A1	MIRLET7E	NBEAL2	LRBA
MIRLET7A1	MIRLET7E	ZNF451	ZBTB32
MIRLET7A1	MIRLET7E	MAP2K4	MAP3K2
MIRLET7A1	MIRLET7E	KLHL24	BACH1
MIRLET7A1	MIRLET7E	EHMT1	KMT2D
MIRLET7A1	MIRLET7E	TRIB1	STK40
MIRLET7A1	MIRLET7E	ZNF644	PRDM2
MIRLET7A1	MIRLET7E	ZNF644	ZNF852
MIRLET7A1	MIRLET7E	PRDM2	ZNF852
MIRLET7A1	MIRLET7E	MTMR9	MTMR12
MIRLET7A1	MIRLET7F1	CCNJ	CCND1
MIRLET7A1	MIRLET7F1	CCNJ	CCND2
MIRLET7A1	MIRLET7F1	CKAP4	SMC1A
MIRLET7A1	MIRLET7F1	NLK	MAPK6
MIRLET7A1	MIRLET7F1	ZNF736	ZNF121
MIRLET7A1	MIRLET7F1	PLEC	DST
MIRLET7A1	MIRLET7F1	TSPAN3	TSPAN14
MIRLET7A1	MIRLET7F1	FBXL14	FBXL5
MIRLET7A1	MIRLET7F1	RBMS1	SYNCRIP
MIRLET7A1	MIRLET7F1	RBMS2	SYNCRIP
MIRLET7A1	MIRLET7F1	MAP2K4	MAP3K2
MIRLET7A1	MIRLET7F1	KLHL24	KLHL42
MIRLET7A1	MIRLET7F1	KLHL24	BACH1
MIRLET7A1	MIRLET7F1	KLHL24	KBTBD8
MIRLET7A1	MIRLET7F1	KLHL24	KBTBD6
MIRLET7A1	MIRLET7F1	MYO1E	MYO5A
MIRLET7A1	MIRLET7F1	KMT2B	KMT2D
MIRLET7A1	MIRLET7F1	KMT2B	EHMT1
MIRLET7A1	MIRLET7F1	ARFGEF2	GBF1
MIRLET7A1	MIRLET7F1	SIK1	PRKAA1
MIRLET7A1	MIRLET7F1	ZNF644	PRDM4
MIRLET7A1	MIRLET7F1	ZNF644	PRDM2
MIRLET7A1	MIRLET7F1	ZNF644	ZNF852
MIRLET7A1	MIRLET7F1	PRDM2	PRDM4
MIRLET7A1	MIRLET7F1	PRDM2	ZNF852
MIRLET7A1	MIRLET7F1	EIF2AK4	EIF2AK1
MIRLET7A1	MIRLET7F1	KLHL42	BACH1
MIRLET7A1	MIRLET7F1	KLHL42	KBTBD8
MIRLET7A1	MIRLET7F1	KLHL42	KBTBD6
MIRLET7A1	MIRLET7F1	KDM6A	KDM6B
MIRLET7A1	MIRLET7F1	UBE2G2	UBE2K
MIRLET7A1	MIRLET7F1	ZNF217	HIVEP2
MIRLET7A1	MIRLET7F1	ZNF217	ZNF516
MIRLET7A1	MIRLET7F1	USP47	USP10
MIRLET7A1	MIRLET7F1	SERPINH1	SERPINA3
MIRLET7A1	MIRLET7F1	DUSP4	DUSP10
MIRLET7A1	MIRLET7F1	ZNF691	ZNF792
MIRLET7A1	MIRLET7F1	SYNJ2	INPP5F
MIRLET7A1	MIRLET7F1	PTPN14	PTPN6
MIRLET7A1	MIRLET7F1	COL1A1	COL4A2
MIRLET7A1	MIRLET7F1	STK4	MAP3K1
MIRLET7A1	MIRLET7F1	STK4	OXSR1
MIRLET7A1	MIRLET7F1	ZNF451	ZBTB32
MIRLET7A1	MIRLET7F1	IGF2BP2	KHSRP
MIRLET7A1	MIRLET7F1	DUSP5	DUSP10
MIRLET7A1	MIRLET7F1	EHMT1	KMT2D
MIRLET7A1	MIRLET7F1	ZNF367	ZBTB5
MIRLET7A1	MIRLET7F1	KIF2A	KIF5C
MIRLET7A1	MIRLET7F1	PPP2CA	PPP4C
MIRLET7A1	MIRLET7F1	PPP2CA	PPP1CA
MIRLET7A1	MIRLET7F1	PPP1CA	PPP4C
MIRLET7A1	MIRLET7F1	RBM19	TIA1
MIRLET7A1	MIRLET7F1	KBTBD8	BACH1
MIRLET7A1	MIRLET7F1	KBTBD8	KBTBD6
MIRLET7A1	MIRLET7F1	DUSP10	DUSP2
MIRLET7A1	MIRLET7F1	KLF6	KLF10
MIRLET7A1	MIRLET7F1	NAP1L1	TSPYL1
MIRLET7A1	MIRLET7F1	LRBA	NBEAL2
MIRLET7A1	MIRLET7F1	MAP3K1	OXSR1
MIRLET7A1	MIRLET7F1	KBTBD6	BACH1
MIRLET7A1	MIRLET7F1	ZNF852	PRDM4
MIRLET7A1	MIRLET7F1	LARP1	LARP4B
MIRLET7A1	MIRLET7F1	ZFHX2	ZFHX4
MIRLET7A1	MIRLET7F1	ZFHX2	ZFHX3
MIRLET7A1	MIRLET7F1	TRIM25	TRIM32
MIRLET7A1	MIRLET7F1	MTMR9	MTMR12
MIRLET7A1	MIRLET7F1	COL5A2	COL4A2
MIRLET7A1	MIRLET7F1	IGF2BP1	KHSRP
MIRLET7A1	MIRLET7F1	UBR2	UBR3
MIRLET7A1	MIRLET7F1	ZFYVE26	RUFY3
MIRLET7A1	MIRLET7F1	ATP13A3	ATP2A2
MIRLET7A1	MIRLET7F1	ZNF516	HIVEP2
MIRLET7A1	MIRLET7G	CCNJ	CCND1
MIRLET7A1	MIRLET7G	CCNJ	CCND2
MIRLET7A1	MIRLET7G	CKAP4	SMC1A
MIRLET7A1	MIRLET7G	NLK	MAPK6
MIRLET7A1	MIRLET7G	PLEC	DST
MIRLET7A1	MIRLET7G	RBMS1	SYNCRIP
MIRLET7A1	MIRLET7G	RBMS2	SYNCRIP
MIRLET7A1	MIRLET7G	MAP2K4	MAP3K2
MIRLET7A1	MIRLET7G	KMT2B	KMT2D
MIRLET7A1	MIRLET7G	KMT2B	EHMT1
MIRLET7A1	MIRLET7G	SIK1	PRKAA1
MIRLET7A1	MIRLET7G	ZNF644	PRDM4
MIRLET7A1	MIRLET7G	ZNF644	PRDM2
MIRLET7A1	MIRLET7G	ZNF644	ZNF852
MIRLET7A1	MIRLET7G	PRDM2	PRDM4
MIRLET7A1	MIRLET7G	PRDM2	ZNF852
MIRLET7A1	MIRLET7G	EIF2AK4	EIF2AK1
MIRLET7A1	MIRLET7G	KLHL42	BACH1
MIRLET7A1	MIRLET7G	PRKDC	TRRAP
MIRLET7A1	MIRLET7G	KDM6A	KDM6B
MIRLET7A1	MIRLET7G	UBE2G2	UBE2K
MIRLET7A1	MIRLET7G	ZNF217	HIVEP2
MIRLET7A1	MIRLET7G	ZNF217	ZNF516
MIRLET7A1	MIRLET7G	USP47	USP11
MIRLET7A1	MIRLET7G	USP47	USP10
MIRLET7A1	MIRLET7G	SERPINH1	SERPINA3
MIRLET7A1	MIRLET7G	ACVR1C	TGFBR2
MIRLET7A1	MIRLET7G	DUSP4	DUSP10
MIRLET7A1	MIRLET7G	ZNF691	ZNF792
MIRLET7A1	MIRLET7G	USP11	USP10
MIRLET7A1	MIRLET7G	SYNJ2	INPP5F
MIRLET7A1	MIRLET7G	PTPN14	PTPN6
MIRLET7A1	MIRLET7G	COL1A1	COL4A2
MIRLET7A1	MIRLET7G	STK4	MAP3K1
MIRLET7A1	MIRLET7G	STK4	OXSR1
MIRLET7A1	MIRLET7G	ZNF451	ZBTB32
MIRLET7A1	MIRLET7G	FLII	GSN
MIRLET7A1	MIRLET7G	IGF2BP2	KHSRP
MIRLET7A1	MIRLET7G	DUSP5	DUSP10
MIRLET7A1	MIRLET7G	EHMT1	KMT2D
MIRLET7A1	MIRLET7G	KIF2A	KIF5C
MIRLET7A1	MIRLET7G	PPP2CA	PPP4C
MIRLET7A1	MIRLET7G	PPP2CA	PPP1CA
MIRLET7A1	MIRLET7G	PPP1CA	PPP4C
MIRLET7A1	MIRLET7G	RBM19	TIA1
MIRLET7A1	MIRLET7G	DUSP10	DUSP2
MIRLET7A1	MIRLET7G	NAP1L1	TSPYL1
MIRLET7A1	MIRLET7G	LRBA	NBEAL2
MIRLET7A1	MIRLET7G	MAP3K1	OXSR1
MIRLET7A1	MIRLET7G	ZNF852	PRDM4
MIRLET7A1	MIRLET7G	ZFHX2	ZFHX4
MIRLET7A1	MIRLET7G	ZFHX2	ZFHX3
MIRLET7A1	MIRLET7G	TRIM25	TRIM32
MIRLET7A1	MIRLET7G	STK40	TRIB1
MIRLET7A1	MIRLET7G	MTMR9	MTMR12
MIRLET7A1	MIRLET7G	IGF2BP1	KHSRP
MIRLET7A1	MIRLET7G	ZFYVE26	RUFY3
MIRLET7A1	MIRLET7G	ATP13A3	ATP2A2
MIRLET7A1	MIRLET7G	ZNF516	HIVEP2
MIRLET7A1	MIRLET7I	CCNJ	CCND1
MIRLET7A1	MIRLET7I	CCNJ	CCND2
MIRLET7A1	MIRLET7I	ZNF691	ZNF792
MIRLET7A1	MIRLET7I	SMC1A	CKAP4
MIRLET7A1	MIRLET7I	MYO5A	MYO1E
MIRLET7A1	MIRLET7I	NLK	MAPK6
MIRLET7A1	MIRLET7I	SYNJ2	INPP5F
MIRLET7A1	MIRLET7I	PLEC	DST
MIRLET7A1	MIRLET7I	ZFHX4	ZFHX2
MIRLET7A1	MIRLET7I	OXSR1	MAP3K1
MIRLET7A1	MIRLET7I	OXSR1	STK4
MIRLET7A1	MIRLET7I	PTPN14	PTPN6
MIRLET7A1	MIRLET7I	TSPYL1	NAP1L1
MIRLET7A1	MIRLET7I	RHOB	RHOBTB3
MIRLET7A1	MIRLET7I	COL1A1	COL15A1
MIRLET7A1	MIRLET7I	STK4	MAP3K1
MIRLET7A1	MIRLET7I	IGF2BP1	KHSRP
MIRLET7A1	MIRLET7I	PRKAA1	SIK1
MIRLET7A1	MIRLET7I	NBEAL2	LRBA
MIRLET7A1	MIRLET7I	ZNF451	ZBTB32
MIRLET7A1	MIRLET7I	SERPINA3	SERPINH1
MIRLET7A1	MIRLET7I	FBXL14	FBXL5
MIRLET7A1	MIRLET7I	PRDM4	PRDM2
MIRLET7A1	MIRLET7I	PRDM4	ZNF644
MIRLET7A1	MIRLET7I	PRDM4	ZNF852
MIRLET7A1	MIRLET7I	KHSRP	IGF2BP2
MIRLET7A1	MIRLET7I	ZFYVE26	RUFY3
MIRLET7A1	MIRLET7I	ATP13A3	ATP2A2
MIRLET7A1	MIRLET7I	RBMS1	SYNCRIP
MIRLET7A1	MIRLET7I	ZFHX2	ZFHX3
MIRLET7A1	MIRLET7I	RBMS2	SYNCRIP
MIRLET7A1	MIRLET7I	MAP2K4	MAP3K2
MIRLET7A1	MIRLET7I	KLHL24	KLHL42
MIRLET7A1	MIRLET7I	KLHL24	BACH1
MIRLET7A1	MIRLET7I	UBE2K	UBE2G2
MIRLET7A1	MIRLET7I	KMT2B	KMT2D
MIRLET7A1	MIRLET7I	KMT2B	EHMT1
MIRLET7A1	MIRLET7I	EHMT1	KMT2D
MIRLET7A1	MIRLET7I	PPP4C	PPP2CA
MIRLET7A1	MIRLET7I	PPP4C	PPP1CA
MIRLET7A1	MIRLET7I	KIF2A	KIF5C
MIRLET7A1	MIRLET7I	PPP2CA	PPP1CA
MIRLET7A1	MIRLET7I	RBM19	TIA1
MIRLET7A1	MIRLET7I	ZNF644	PRDM2
MIRLET7A1	MIRLET7I	ZNF644	ZNF852
MIRLET7A1	MIRLET7I	TRIM25	TRIM32
MIRLET7A1	MIRLET7I	PRDM2	ZNF852
MIRLET7A1	MIRLET7I	EIF2AK4	EIF2AK1
MIRLET7A1	MIRLET7I	KDM6B	KDM6A
MIRLET7A1	MIRLET7I	USP10	USP47
MIRLET7A1	MIRLET7I	KLHL42	BACH1
MIRLET7A1	MIRLET7I	HIVEP2	ZNF516
MIRLET7A1	MIRLET7I	HIVEP2	ZNF217
MIRLET7A1	MIRLET7I	ZNF516	ZNF217
MIRLET7A1	MIRLET7I	MTMR9	MTMR12
MIRLET7A2	MIRLET7A3	CCNJ	CCND1
MIRLET7A2	MIRLET7A3	CCNJ	CCNG1
MIRLET7A2	MIRLET7A3	CCNJ	CCND2
MIRLET7A2	MIRLET7A3	CCNJ	CCNB2
MIRLET7A2	MIRLET7A3	VPS4A	FIGN
MIRLET7A2	MIRLET7A3	SSH2	DUSP3
MIRLET7A2	MIRLET7A3	SSH2	DUSP4
MIRLET7A2	MIRLET7A3	SSH2	DUSP5
MIRLET7A2	MIRLET7A3	SSH2	DUSP10
MIRLET7A2	MIRLET7A3	SSH2	DUSP2
MIRLET7A2	MIRLET7A3	SSH2	DUSP18
MIRLET7A2	MIRLET7A3	SOX18	SOX5
MIRLET7A2	MIRLET7A3	CKAP4	SMC1A
MIRLET7A2	MIRLET7A3	NLK	MAPK6
MIRLET7A2	MIRLET7A3	PLEC	MACF1
MIRLET7A2	MIRLET7A3	PLEC	MICAL2
MIRLET7A2	MIRLET7A3	PLEC	DST
MIRLET7A2	MIRLET7A3	PLEC	SPTBN2
MIRLET7A2	MIRLET7A3	ERF	ETS2
MIRLET7A2	MIRLET7A3	ERF	ELK4
MIRLET7A2	MIRLET7A3	CARM1	PRMT1
MIRLET7A2	MIRLET7A3	YWHAG	YWHAZ
MIRLET7A2	MIRLET7A3	ELAVL1	RBMS2
MIRLET7A2	MIRLET7A3	ELAVL1	SYNCRIP
MIRLET7A2	MIRLET7A3	ELAVL1	RBMS1
MIRLET7A2	MIRLET7A3	CTSB	CTSZ
MIRLET7A2	MIRLET7A3	TIE1	FGFR1
MIRLET7A2	MIRLET7A3	TIE1	IGF1R
MIRLET7A2	MIRLET7A3	TIE1	EPHA2
MIRLET7A2	MIRLET7A3	TIE1	INSR
MIRLET7A2	MIRLET7A3	TSPAN3	TSPAN14
MIRLET7A2	MIRLET7A3	TSPAN3	CD81
MIRLET7A2	MIRLET7A3	CDC34	UBE2K
MIRLET7A2	MIRLET7A3	CDC34	UBE2G2
MIRLET7A2	MIRLET7A3	CDC34	UBE2J1
MIRLET7A2	MIRLET7A3	FBXL14	FBXL5
MIRLET7A2	MIRLET7A3	FBXL14	FBXL7
MIRLET7A2	MIRLET7A3	USP14	USP11
MIRLET7A2	MIRLET7A3	USP14	USP10
MIRLET7A2	MIRLET7A3	USP14	USP5
MIRLET7A2	MIRLET7A3	USP14	USP47
MIRLET7A2	MIRLET7A3	YTHDC2	DHX30
MIRLET7A2	MIRLET7A3	ZNF589	ZNF555
MIRLET7A2	MIRLET7A3	RBMS1	SYNCRIP
MIRLET7A2	MIRLET7A3	RGS17	AXIN1
MIRLET7A2	MIRLET7A3	POU3F2	POU2F1
MIRLET7A2	MIRLET7A3	RBMS2	SYNCRIP
MIRLET7A2	MIRLET7A3	TRIO	ARHGEF7
MIRLET7A2	MIRLET7A3	TRIO	VAV2
MIRLET7A2	MIRLET7A3	MAP2K4	MAP3K2
MIRLET7A2	MIRLET7A3	MAP2K4	MAP3K3
MIRLET7A2	MIRLET7A3	MOB1B	MOB3A
MIRLET7A2	MIRLET7A3	KLHL24	KLHL42
MIRLET7A2	MIRLET7A3	KLHL24	BACH1
MIRLET7A2	MIRLET7A3	ARHGEF7	VAV2
MIRLET7A2	MIRLET7A3	COL18A1	COL1A1
MIRLET7A2	MIRLET7A3	COL18A1	COL4A2
MIRLET7A2	MIRLET7A3	COL18A1	COL4A1
MIRLET7A2	MIRLET7A3	COL18A1	COL27A1
MIRLET7A2	MIRLET7A3	GGA3	TOM1L2
MIRLET7A2	MIRLET7A3	MYO1E	MYO9B
MIRLET7A2	MIRLET7A3	MYO1E	MYH9
MIRLET7A2	MIRLET7A3	MYO1E	MYO5A
MIRLET7A2	MIRLET7A3	KMT2B	SETD1B
MIRLET7A2	MIRLET7A3	KMT2B	KMT2D
MIRLET7A2	MIRLET7A3	KMT2B	EHMT1
MIRLET7A2	MIRLET7A3	CDK9	CDK13
MIRLET7A2	MIRLET7A3	CDK9	CDK16
MIRLET7A2	MIRLET7A3	CDK9	CDK6
MIRLET7A2	MIRLET7A3	USP5	USP11
MIRLET7A2	MIRLET7A3	USP5	USP10
MIRLET7A2	MIRLET7A3	USP5	USP47
MIRLET7A2	MIRLET7A3	FOXK2	FOXP1
MIRLET7A2	MIRLET7A3	SIK1	PRKAA1
MIRLET7A2	MIRLET7A3	SIK1	MELK
MIRLET7A2	MIRLET7A3	NPEPPS	ANPEP
MIRLET7A2	MIRLET7A3	CTNNA1	VCL
MIRLET7A2	MIRLET7A3	KAT6A	DPF2
MIRLET7A2	MIRLET7A3	ZNF644	PRDM4
MIRLET7A2	MIRLET7A3	ZNF644	PRDM2
MIRLET7A2	MIRLET7A3	ZNF644	ZNF768
MIRLET7A2	MIRLET7A3	ZNF644	ZNF852
MIRLET7A2	MIRLET7A3	BPTF	BAZ2A
MIRLET7A2	MIRLET7A3	DUSP3	DUSP4
MIRLET7A2	MIRLET7A3	DUSP3	DUSP5
MIRLET7A2	MIRLET7A3	DUSP3	DUSP10
MIRLET7A2	MIRLET7A3	DUSP3	DUSP2
MIRLET7A2	MIRLET7A3	DUSP3	DUSP18
MIRLET7A2	MIRLET7A3	COL15A1	COL1A1
MIRLET7A2	MIRLET7A3	COL15A1	COL4A2
MIRLET7A2	MIRLET7A3	COL15A1	COL4A1
MIRLET7A2	MIRLET7A3	COL15A1	COL27A1
MIRLET7A2	MIRLET7A3	ABCC10	ABCC8
MIRLET7A2	MIRLET7A3	IGDCC4	ROBO4
MIRLET7A2	MIRLET7A3	PRDM2	PRDM4
MIRLET7A2	MIRLET7A3	PRDM2	ZNF768
MIRLET7A2	MIRLET7A3	PRDM2	ZNF852
MIRLET7A2	MIRLET7A3	EIF2AK4	EIF2AK1
MIRLET7A2	MIRLET7A3	ZNF562	ZNF691
MIRLET7A2	MIRLET7A3	ZNF562	ZNF792
MIRLET7A2	MIRLET7A3	KLHL42	BACH1
MIRLET7A2	MIRLET7A3	HECTD1	HUWE1
MIRLET7A2	MIRLET7A3	HECTD1	AREL1
MIRLET7A2	MIRLET7A3	NIPA1	NIPA2
MIRLET7A2	MIRLET7A3	PRKDC	TRRAP
MIRLET7A2	MIRLET7A3	SPHK1	CERK
MIRLET7A2	MIRLET7A3	KDM6A	KDM6B
MIRLET7A2	MIRLET7A3	UBE2G2	UBE2K
MIRLET7A2	MIRLET7A3	UBE2G2	UBE2J1
MIRLET7A2	MIRLET7A3	KIF1C	KIF2A
MIRLET7A2	MIRLET7A3	KIF1C	KIF5C
MIRLET7A2	MIRLET7A3	MSN	FRMD4A
MIRLET7A2	MIRLET7A3	MSN	NF2
MIRLET7A2	MIRLET7A3	ZNF217	HIVEP2
MIRLET7A2	MIRLET7A3	ZNF217	ZNF516
MIRLET7A2	MIRLET7A3	RHOBTB2	RHOB
MIRLET7A2	MIRLET7A3	RHOBTB2	RHOBTB3
MIRLET7A2	MIRLET7A3	RHOBTB2	RHOG
MIRLET7A2	MIRLET7A3	ZNF121	ZNF629
MIRLET7A2	MIRLET7A3	ZNF121	ZNF543
MIRLET7A2	MIRLET7A3	TPP2	MBTPS1
MIRLET7A2	MIRLET7A3	CDK13	CDK16
MIRLET7A2	MIRLET7A3	CDK13	CDK6
MIRLET7A2	MIRLET7A3	SPHK2	CERK
MIRLET7A2	MIRLET7A3	USP47	USP11
MIRLET7A2	MIRLET7A3	USP47	USP10
MIRLET7A2	MIRLET7A3	PSMB2	PSMA2
MIRLET7A2	MIRLET7A3	PSMB2	PSMB7
MIRLET7A2	MIRLET7A3	SERPINH1	SERPINB9
MIRLET7A2	MIRLET7A3	SERPINH1	SERPINA3
MIRLET7A2	MIRLET7A3	ACVR1C	TGFBR2
MIRLET7A2	MIRLET7A3	YWHAZ	YWHAH
MIRLET7A2	MIRLET7A3	SETD1B	KMT2A
MIRLET7A2	MIRLET7A3	SETD1B	KMT2D
MIRLET7A2	MIRLET7A3	SETD1B	EHMT1
MIRLET7A2	MIRLET7A3	TNFRSF10B	TNFRSF11A
MIRLET7A2	MIRLET7A3	DUSP4	DUSP10
MIRLET7A2	MIRLET7A3	DUSP4	DUSP18
MIRLET7A2	MIRLET7A3	FBXL7	FBXL5
MIRLET7A2	MIRLET7A3	FYN	ABL1
MIRLET7A2	MIRLET7A3	FYN	CSK
MIRLET7A2	MIRLET7A3	FYN	JAK1
MIRLET7A2	MIRLET7A3	ZNF691	ZNF792
MIRLET7A2	MIRLET7A3	MACF1	MICAL2
MIRLET7A2	MIRLET7A3	MACF1	SPTBN2
MIRLET7A2	MIRLET7A3	CSK	ABL1
MIRLET7A2	MIRLET7A3	CSK	JAK1
MIRLET7A2	MIRLET7A3	CSK	SRC
MIRLET7A2	MIRLET7A3	USP11	USP10
MIRLET7A2	MIRLET7A3	NR2C2	NR2F2
MIRLET7A2	MIRLET7A3	MYO5A	MYO9B
MIRLET7A2	MIRLET7A3	MYO5A	MYH9
MIRLET7A2	MIRLET7A3	SYNJ2	INPP5F
MIRLET7A2	MIRLET7A3	EPHA2	FGFR1
MIRLET7A2	MIRLET7A3	EPHA2	TEK
MIRLET7A2	MIRLET7A3	EPHA2	IGF1R
MIRLET7A2	MIRLET7A3	EPHA2	INSR
MIRLET7A2	MIRLET7A3	PTPN14	PTPN23
MIRLET7A2	MIRLET7A3	PTPN14	PTPN6
MIRLET7A2	MIRLET7A3	PTPN14	PTPRB
MIRLET7A2	MIRLET7A3	RHOB	RHOBTB3
MIRLET7A2	MIRLET7A3	RHOB	RHOG
MIRLET7A2	MIRLET7A3	COL1A1	COL4A2
MIRLET7A2	MIRLET7A3	COL1A1	COL4A1
MIRLET7A2	MIRLET7A3	COL1A1	COL27A1
MIRLET7A2	MIRLET7A3	STK4	MAP3K1
MIRLET7A2	MIRLET7A3	STK4	STK25
MIRLET7A2	MIRLET7A3	STK4	OXSR1
MIRLET7A2	MIRLET7A3	ZNF451	ZBTB32
MIRLET7A2	MIRLET7A3	ZNF451	ZNF384
MIRLET7A2	MIRLET7A3	ZNF451	HIC1
MIRLET7A2	MIRLET7A3	FLII	GSN
MIRLET7A2	MIRLET7A3	DST	MICAL2
MIRLET7A2	MIRLET7A3	DST	SPTBN2
MIRLET7A2	MIRLET7A3	IL6R	LIFR
MIRLET7A2	MIRLET7A3	IGF2BP2	KHSRP
MIRLET7A2	MIRLET7A3	TRIM3	TRIM35
MIRLET7A2	MIRLET7A3	TRIM3	TRIM32
MIRLET7A2	MIRLET7A3	TRIM3	TRIM25
MIRLET7A2	MIRLET7A3	TRIM3	TRIM27
MIRLET7A2	MIRLET7A3	CCNB2	CCND1
MIRLET7A2	MIRLET7A3	CCNB2	CCNG1
MIRLET7A2	MIRLET7A3	CCNB2	CCND2
MIRLET7A2	MIRLET7A3	CCNB2	CCNJL
MIRLET7A2	MIRLET7A3	SPTBN2	MICAL2
MIRLET7A2	MIRLET7A3	MYO9B	MYH9
MIRLET7A2	MIRLET7A3	DUSP5	DUSP10
MIRLET7A2	MIRLET7A3	DUSP5	DUSP18
MIRLET7A2	MIRLET7A3	COL27A1	COL4A2
MIRLET7A2	MIRLET7A3	COL27A1	COL4A1
MIRLET7A2	MIRLET7A3	TEK	FGFR1
MIRLET7A2	MIRLET7A3	TEK	IGF1R
MIRLET7A2	MIRLET7A3	TEK	INSR
MIRLET7A2	MIRLET7A3	EHMT1	KMT2A
MIRLET7A2	MIRLET7A3	EHMT1	KMT2D
MIRLET7A2	MIRLET7A3	PTPRB	PTPN23
MIRLET7A2	MIRLET7A3	PTPRB	PTPN6
MIRLET7A2	MIRLET7A3	ZNF768	PRDM4
MIRLET7A2	MIRLET7A3	ZNF768	ZNF852
MIRLET7A2	MIRLET7A3	ZNF142	ZNF473
MIRLET7A2	MIRLET7A3	COL4A1	COL4A2
MIRLET7A2	MIRLET7A3	CPSF1	DDB1
MIRLET7A2	MIRLET7A3	EHD1	ITSN2
MIRLET7A2	MIRLET7A3	KIF2A	KIF5C
MIRLET7A2	MIRLET7A3	RBM4B	TIA1
MIRLET7A2	MIRLET7A3	RBM4B	RBM19
MIRLET7A2	MIRLET7A3	CBX2	CBX5
MIRLET7A2	MIRLET7A3	SLC4A5	SLC4A2
MIRLET7A2	MIRLET7A3	KMT2D	KMT2A
MIRLET7A2	MIRLET7A3	PPP2CA	PPP4C
MIRLET7A2	MIRLET7A3	PPP2CA	PPP1CA
MIRLET7A2	MIRLET7A3	PPP1CA	PPP4C
MIRLET7A2	MIRLET7A3	RBM19	TIA1
MIRLET7A2	MIRLET7A3	DUSP10	DUSP2
MIRLET7A2	MIRLET7A3	DUSP10	DUSP18
MIRLET7A2	MIRLET7A3	ACOX1	ACAD9
MIRLET7A2	MIRLET7A3	FGFR1	IGF1R
MIRLET7A2	MIRLET7A3	FGFR1	INSR
MIRLET7A2	MIRLET7A3	NAP1L1	TSPYL1
MIRLET7A2	MIRLET7A3	LRBA	NBEAL2
MIRLET7A2	MIRLET7A3	HUWE1	AREL1
MIRLET7A2	MIRLET7A3	SEMA6B	SEMA4C
MIRLET7A2	MIRLET7A3	MAP3K1	STK25
MIRLET7A2	MIRLET7A3	MAP3K1	OXSR1
MIRLET7A2	MIRLET7A3	POM121C	NUP153
MIRLET7A2	MIRLET7A3	WDR81	MAPKBP1
MIRLET7A2	MIRLET7A3	ZNF852	PRDM4
MIRLET7A2	MIRLET7A3	PCDH7	CDH5
MIRLET7A2	MIRLET7A3	GGA2	TOM1L2
MIRLET7A2	MIRLET7A3	MOB1A	MOB3A
MIRLET7A2	MIRLET7A3	OXSR1	STK25
MIRLET7A2	MIRLET7A3	KLF10	KLF7
MIRLET7A2	MIRLET7A3	PALD1	PTP4A2
MIRLET7A2	MIRLET7A3	AGAP3	GIT2
MIRLET7A2	MIRLET7A3	PRKAA1	MELK
MIRLET7A2	MIRLET7A3	PCDH1	CDH5
MIRLET7A2	MIRLET7A3	ZFHX2	ZFHX4
MIRLET7A2	MIRLET7A3	ZFHX2	ZFHX3
MIRLET7A2	MIRLET7A3	DUSP2	DUSP18
MIRLET7A2	MIRLET7A3	HIC1	ZBTB32
MIRLET7A2	MIRLET7A3	HIC1	ZNF384
MIRLET7A2	MIRLET7A3	ASCC3	SNRNP200
MIRLET7A2	MIRLET7A3	CDC42EP2	CDC42EP4
MIRLET7A2	MIRLET7A3	PTPN23	PTPN6
MIRLET7A2	MIRLET7A3	ABL1	JAK1
MIRLET7A2	MIRLET7A3	ABL1	SRC
MIRLET7A2	MIRLET7A3	ZNF543	ZNF629
MIRLET7A2	MIRLET7A3	TRIM25	TRIM35
MIRLET7A2	MIRLET7A3	TRIM25	TRIM32
MIRLET7A2	MIRLET7A3	TRIM25	TRIM27
MIRLET7A2	MIRLET7A3	STK40	TRIB1
MIRLET7A2	MIRLET7A3	TRIM27	TRIM35
MIRLET7A2	MIRLET7A3	TRIM27	TRIM32
MIRLET7A2	MIRLET7A3	FBXO17	FBXO6
MIRLET7A2	MIRLET7A3	TRIM35	TRIM32
MIRLET7A2	MIRLET7A3	FRMD4A	RDX
MIRLET7A2	MIRLET7A3	FRMD4A	NF2
MIRLET7A2	MIRLET7A3	SERPINB9	SERPINA3
MIRLET7A2	MIRLET7A3	MTMR9	MTMR12
MIRLET7A2	MIRLET7A3	ERGIC1	ERGIC3
MIRLET7A2	MIRLET7A3	BMP6	BMP4
MIRLET7A2	MIRLET7A3	CCND1	CCNG1
MIRLET7A2	MIRLET7A3	CCND1	CCNJL
MIRLET7A2	MIRLET7A3	SRC	JAK1
MIRLET7A2	MIRLET7A3	RHOG	RHOBTB3
MIRLET7A2	MIRLET7A3	CCNJL	CCNG1
MIRLET7A2	MIRLET7A3	CCNJL	CCND2
MIRLET7A2	MIRLET7A3	ABCF2	ABCF1
MIRLET7A2	MIRLET7A3	IGF2BP1	KHSRP
MIRLET7A2	MIRLET7A3	CDK16	CDK6
MIRLET7A2	MIRLET7A3	PIEZO2	PIEZO1
MIRLET7A2	MIRLET7A3	ZNF384	ZBTB32
MIRLET7A2	MIRLET7A3	KPNA2	KPNA6
MIRLET7A2	MIRLET7A3	ZFYVE26	RUFY3
MIRLET7A2	MIRLET7A3	ATP13A3	ATP2A2
MIRLET7A2	MIRLET7A3	RDX	NF2
MIRLET7A2	MIRLET7A3	SPTLC2	ALAS1
MIRLET7A2	MIRLET7A3	UBE2K	UBE2J1
MIRLET7A2	MIRLET7A3	CCNG1	CCND2
MIRLET7A2	MIRLET7A3	CHD3	SMARCA4
MIRLET7A2	MIRLET7A3	CHD3	ERCC6
MIRLET7A2	MIRLET7A3	B4GALT5	B4GALT1
MIRLET7A2	MIRLET7A3	PSMB7	PSMA2
MIRLET7A2	MIRLET7A3	ZNF516	HIVEP2
MIRLET7A2	MIRLET7A3	ETS2	ELK4
MIRLET7A2	MIRLET7A3	TSPAN14	CD81
MIRLET7A2	MIRLET7A3	SMARCA4	ERCC6
MIRLET7A2	MIRLET7B	CCNJ	CCND1
MIRLET7A2	MIRLET7B	CCNJ	CCND2
MIRLET7A2	MIRLET7B	ZNF691	ZNF792
MIRLET7A2	MIRLET7B	SMC1A	CKAP4
MIRLET7A2	MIRLET7B	NLK	MAPK6
MIRLET7A2	MIRLET7B	SYNJ2	INPP5F
MIRLET7A2	MIRLET7B	PLEC	DST
MIRLET7A2	MIRLET7B	ZFHX4	ZFHX2
MIRLET7A2	MIRLET7B	OXSR1	MAP3K1
MIRLET7A2	MIRLET7B	OXSR1	STK4
MIRLET7A2	MIRLET7B	TSPYL1	NAP1L1
MIRLET7A2	MIRLET7B	TRIM32	TRIM25
MIRLET7A2	MIRLET7B	RHOB	RHOBTB3
MIRLET7A2	MIRLET7B	COL1A1	COL4A2
MIRLET7A2	MIRLET7B	COL1A1	COL15A1
MIRLET7A2	MIRLET7B	STK4	MAP3K1
MIRLET7A2	MIRLET7B	IGF2BP1	KHSRP
MIRLET7A2	MIRLET7B	PRKAA1	SIK1
MIRLET7A2	MIRLET7B	NBEAL2	LRBA
MIRLET7A2	MIRLET7B	ZNF451	ZBTB32
MIRLET7A2	MIRLET7B	SERPINA3	SERPINH1
MIRLET7A2	MIRLET7B	PRDM4	PRDM2
MIRLET7A2	MIRLET7B	PRDM4	ZNF644
MIRLET7A2	MIRLET7B	PRDM4	ZNF852
MIRLET7A2	MIRLET7B	KHSRP	IGF2BP2
MIRLET7A2	MIRLET7B	ZFYVE26	RUFY3
MIRLET7A2	MIRLET7B	ATP13A3	ATP2A2
MIRLET7A2	MIRLET7B	RBMS1	SYNCRIP
MIRLET7A2	MIRLET7B	RBMS2	SYNCRIP
MIRLET7A2	MIRLET7B	MAP2K4	MAP3K2
MIRLET7A2	MIRLET7B	UBE2K	UBE2G2
MIRLET7A2	MIRLET7B	KMT2B	KMT2D
MIRLET7A2	MIRLET7B	KMT2B	EHMT1
MIRLET7A2	MIRLET7B	EHMT1	KMT2D
MIRLET7A2	MIRLET7B	PPP4C	PPP2CA
MIRLET7A2	MIRLET7B	PPP4C	PPP1CA
MIRLET7A2	MIRLET7B	COL4A2	COL15A1
MIRLET7A2	MIRLET7B	TRIB1	STK40
MIRLET7A2	MIRLET7B	KIF2A	KIF5C
MIRLET7A2	MIRLET7B	PPP2CA	PPP1CA
MIRLET7A2	MIRLET7B	RBM19	TIA1
MIRLET7A2	MIRLET7B	ZNF644	PRDM2
MIRLET7A2	MIRLET7B	ZNF644	ZNF852
MIRLET7A2	MIRLET7B	PRDM2	ZNF852
MIRLET7A2	MIRLET7B	EIF2AK4	EIF2AK1
MIRLET7A2	MIRLET7B	KDM6B	KDM6A
MIRLET7A2	MIRLET7B	USP10	USP47
MIRLET7A2	MIRLET7B	KLHL42	BACH1
MIRLET7A2	MIRLET7B	HIVEP2	ZNF516
MIRLET7A2	MIRLET7B	HIVEP2	ZNF217
MIRLET7A2	MIRLET7B	ZNF516	ZNF217
MIRLET7A2	MIRLET7B	SMARCA4	ERCC6
MIRLET7A2	MIRLET7B	MTMR9	MTMR12
MIRLET7A2	MIRLET7D	CCNJ	CCND1
MIRLET7A2	MIRLET7D	NLK	MAPK6
MIRLET7A2	MIRLET7D	RHOG	RHOB
MIRLET7A2	MIRLET7D	RHOG	RHOBTB3
MIRLET7A2	MIRLET7D	OXSR1	MAP3K1
MIRLET7A2	MIRLET7D	RHOB	RHOBTB3
MIRLET7A2	MIRLET7D	COL1A1	COL18A1
MIRLET7A2	MIRLET7D	ELAVL1	RBMS1
MIRLET7A2	MIRLET7D	IGF2BP1	KHSRP
MIRLET7A2	MIRLET7D	NBEAL2	LRBA
MIRLET7A2	MIRLET7D	TIE1	FGFR1
MIRLET7A2	MIRLET7D	TIE1	IGF1R
MIRLET7A2	MIRLET7D	TIE1	INSR
MIRLET7A2	MIRLET7D	ZNF451	HIC1
MIRLET7A2	MIRLET7D	ZFYVE26	RUFY3
MIRLET7A2	MIRLET7D	TRIM3	TRIM32
MIRLET7A2	MIRLET7D	TRIM3	TRIM27
MIRLET7A2	MIRLET7D	MAP2K4	MAP3K2
MIRLET7A2	MIRLET7D	EHMT1	KMT2D
MIRLET7A2	MIRLET7D	ZNF768	PRDM2
MIRLET7A2	MIRLET7D	ZNF768	ZNF644
MIRLET7A2	MIRLET7D	PPP4C	PPP2CA
MIRLET7A2	MIRLET7D	INSR	FGFR1
MIRLET7A2	MIRLET7D	CPSF1	DDB1
MIRLET7A2	MIRLET7D	CHD3	ERCC6
MIRLET7A2	MIRLET7D	JAK1	FYN
MIRLET7A2	MIRLET7D	ZNF644	PRDM2
MIRLET7A2	MIRLET7D	FGFR1	IGF1R
MIRLET7A2	MIRLET7D	TRIM32	TRIM27
MIRLET7A2	MIRLET7D	HECTD1	HUWE1
MIRLET7A2	MIRLET7D	TPP2	MBTPS1
MIRLET7A2	MIRLET7D	NUP153	POM121C
MIRLET7A2	MIRLET7F1	CCNJ	CCND1
MIRLET7A2	MIRLET7F1	CCNJ	CCND2
MIRLET7A2	MIRLET7F1	CKAP4	SMC1A
MIRLET7A2	MIRLET7F1	NLK	MAPK6
MIRLET7A2	MIRLET7F1	PLEC	DST
MIRLET7A2	MIRLET7F1	TSPAN3	TSPAN14
MIRLET7A2	MIRLET7F1	FBXL14	FBXL5
MIRLET7A2	MIRLET7F1	RBMS1	SYNCRIP
MIRLET7A2	MIRLET7F1	RBMS2	SYNCRIP
MIRLET7A2	MIRLET7F1	MAP2K4	MAP3K2
MIRLET7A2	MIRLET7F1	KLHL24	KLHL42
MIRLET7A2	MIRLET7F1	KLHL24	BACH1
MIRLET7A2	MIRLET7F1	MYO1E	MYO5A
MIRLET7A2	MIRLET7F1	KMT2B	KMT2D
MIRLET7A2	MIRLET7F1	KMT2B	EHMT1
MIRLET7A2	MIRLET7F1	SIK1	PRKAA1
MIRLET7A2	MIRLET7F1	ZNF644	PRDM4
MIRLET7A2	MIRLET7F1	ZNF644	PRDM2
MIRLET7A2	MIRLET7F1	ZNF644	ZNF852
MIRLET7A2	MIRLET7F1	PRDM2	PRDM4
MIRLET7A2	MIRLET7F1	PRDM2	ZNF852
MIRLET7A2	MIRLET7F1	EIF2AK4	EIF2AK1
MIRLET7A2	MIRLET7F1	KLHL42	BACH1
MIRLET7A2	MIRLET7F1	KDM6A	KDM6B
MIRLET7A2	MIRLET7F1	UBE2G2	UBE2K
MIRLET7A2	MIRLET7F1	ZNF217	HIVEP2
MIRLET7A2	MIRLET7F1	ZNF217	ZNF516
MIRLET7A2	MIRLET7F1	USP47	USP10
MIRLET7A2	MIRLET7F1	SERPINH1	SERPINA3
MIRLET7A2	MIRLET7F1	DUSP4	DUSP10
MIRLET7A2	MIRLET7F1	ZNF691	ZNF792
MIRLET7A2	MIRLET7F1	SYNJ2	INPP5F
MIRLET7A2	MIRLET7F1	PTPN14	PTPN6
MIRLET7A2	MIRLET7F1	COL1A1	COL4A2
MIRLET7A2	MIRLET7F1	STK4	MAP3K1
MIRLET7A2	MIRLET7F1	STK4	OXSR1
MIRLET7A2	MIRLET7F1	ZNF451	ZBTB32
MIRLET7A2	MIRLET7F1	IGF2BP2	KHSRP
MIRLET7A2	MIRLET7F1	DUSP5	DUSP10
MIRLET7A2	MIRLET7F1	EHMT1	KMT2D
MIRLET7A2	MIRLET7F1	KIF2A	KIF5C
MIRLET7A2	MIRLET7F1	PPP2CA	PPP4C
MIRLET7A2	MIRLET7F1	PPP2CA	PPP1CA
MIRLET7A2	MIRLET7F1	PPP1CA	PPP4C
MIRLET7A2	MIRLET7F1	RBM19	TIA1
MIRLET7A2	MIRLET7F1	DUSP10	DUSP2
MIRLET7A2	MIRLET7F1	NAP1L1	TSPYL1
MIRLET7A2	MIRLET7F1	LRBA	NBEAL2
MIRLET7A2	MIRLET7F1	MAP3K1	OXSR1
MIRLET7A2	MIRLET7F1	ZNF852	PRDM4
MIRLET7A2	MIRLET7F1	ZFHX2	ZFHX4
MIRLET7A2	MIRLET7F1	ZFHX2	ZFHX3
MIRLET7A2	MIRLET7F1	TRIM25	TRIM32
MIRLET7A2	MIRLET7F1	MTMR9	MTMR12
MIRLET7A2	MIRLET7F1	IGF2BP1	KHSRP
MIRLET7A2	MIRLET7F1	ZFYVE26	RUFY3
MIRLET7A2	MIRLET7F1	ATP13A3	ATP2A2
MIRLET7A2	MIRLET7F1	ZNF516	HIVEP2
MIRLET7A2	MIRLET7F2	CCNJ	CCND1
MIRLET7A2	MIRLET7F2	CCNJ	CCND2
MIRLET7A2	MIRLET7F2	ZNF691	ZNF792
MIRLET7A2	MIRLET7F2	SMC1A	CKAP4
MIRLET7A2	MIRLET7F2	MYO5A	MYO1E
MIRLET7A2	MIRLET7F2	NLK	MAPK6
MIRLET7A2	MIRLET7F2	SYNJ2	INPP5F
MIRLET7A2	MIRLET7F2	PLEC	DST
MIRLET7A2	MIRLET7F2	ZFHX4	ZFHX2
MIRLET7A2	MIRLET7F2	OXSR1	MAP3K1
MIRLET7A2	MIRLET7F2	OXSR1	STK4
MIRLET7A2	MIRLET7F2	PTPN14	PTPN6
MIRLET7A2	MIRLET7F2	TSPYL1	NAP1L1
MIRLET7A2	MIRLET7F2	TRIM32	TRIM25
MIRLET7A2	MIRLET7F2	COL1A1	COL4A2
MIRLET7A2	MIRLET7F2	STK4	MAP3K1
MIRLET7A2	MIRLET7F2	IGF2BP1	KHSRP
MIRLET7A2	MIRLET7F2	PRKAA1	SIK1
MIRLET7A2	MIRLET7F2	NBEAL2	LRBA
MIRLET7A2	MIRLET7F2	ZNF451	ZBTB32
MIRLET7A2	MIRLET7F2	SERPINA3	SERPINH1
MIRLET7A2	MIRLET7F2	TSPAN3	TSPAN14
MIRLET7A2	MIRLET7F2	FBXL14	FBXL5
MIRLET7A2	MIRLET7F2	PRDM4	PRDM2
MIRLET7A2	MIRLET7F2	PRDM4	ZNF644
MIRLET7A2	MIRLET7F2	PRDM4	ZNF852
MIRLET7A2	MIRLET7F2	KHSRP	IGF2BP2
MIRLET7A2	MIRLET7F2	ZFYVE26	RUFY3
MIRLET7A2	MIRLET7F2	ATP13A3	ATP2A2
MIRLET7A2	MIRLET7F2	RBMS1	SYNCRIP
MIRLET7A2	MIRLET7F2	ZFHX2	ZFHX3
MIRLET7A2	MIRLET7F2	RBMS2	SYNCRIP
MIRLET7A2	MIRLET7F2	MAP2K4	MAP3K2
MIRLET7A2	MIRLET7F2	KLHL24	KLHL42
MIRLET7A2	MIRLET7F2	KLHL24	BACH1
MIRLET7A2	MIRLET7F2	DUSP2	DUSP10
MIRLET7A2	MIRLET7F2	UBE2K	UBE2G2
MIRLET7A2	MIRLET7F2	KMT2B	KMT2D
MIRLET7A2	MIRLET7F2	KMT2B	EHMT1
MIRLET7A2	MIRLET7F2	DUSP5	DUSP10
MIRLET7A2	MIRLET7F2	EHMT1	KMT2D
MIRLET7A2	MIRLET7F2	PPP4C	PPP2CA
MIRLET7A2	MIRLET7F2	PPP4C	PPP1CA
MIRLET7A2	MIRLET7F2	KIF2A	KIF5C
MIRLET7A2	MIRLET7F2	PPP2CA	PPP1CA
MIRLET7A2	MIRLET7F2	RBM19	TIA1
MIRLET7A2	MIRLET7F2	ZNF644	PRDM2
MIRLET7A2	MIRLET7F2	ZNF644	ZNF852
MIRLET7A2	MIRLET7F2	DUSP10	DUSP4
MIRLET7A2	MIRLET7F2	PRDM2	ZNF852
MIRLET7A2	MIRLET7F2	EIF2AK4	EIF2AK1
MIRLET7A2	MIRLET7F2	KDM6B	KDM6A
MIRLET7A2	MIRLET7F2	USP10	USP47
MIRLET7A2	MIRLET7F2	KLHL42	BACH1
MIRLET7A2	MIRLET7F2	HIVEP2	ZNF516
MIRLET7A2	MIRLET7F2	HIVEP2	ZNF217
MIRLET7A2	MIRLET7F2	ZNF516	ZNF217
MIRLET7A2	MIRLET7F2	MTMR9	MTMR12
MIRLET7A2	MIRLET7G	CCNJ	CCND1
MIRLET7A2	MIRLET7G	CCNJ	CCND2
MIRLET7A2	MIRLET7G	CKAP4	SMC1A
MIRLET7A2	MIRLET7G	NLK	MAPK6
MIRLET7A2	MIRLET7G	PLEC	DST
MIRLET7A2	MIRLET7G	RBMS1	SYNCRIP
MIRLET7A2	MIRLET7G	RBMS2	SYNCRIP
MIRLET7A2	MIRLET7G	MAP2K4	MAP3K2
MIRLET7A2	MIRLET7G	KMT2B	KMT2D
MIRLET7A2	MIRLET7G	KMT2B	EHMT1
MIRLET7A2	MIRLET7G	SIK1	PRKAA1
MIRLET7A2	MIRLET7G	ZNF644	PRDM4
MIRLET7A2	MIRLET7G	ZNF644	PRDM2
MIRLET7A2	MIRLET7G	ZNF644	ZNF852
MIRLET7A2	MIRLET7G	PRDM2	PRDM4
MIRLET7A2	MIRLET7G	PRDM2	ZNF852
MIRLET7A2	MIRLET7G	EIF2AK4	EIF2AK1
MIRLET7A2	MIRLET7G	KLHL42	BACH1
MIRLET7A2	MIRLET7G	PRKDC	TRRAP
MIRLET7A2	MIRLET7G	KDM6A	KDM6B
MIRLET7A2	MIRLET7G	UBE2G2	UBE2K
MIRLET7A2	MIRLET7G	ZNF217	HIVEP2
MIRLET7A2	MIRLET7G	ZNF217	ZNF516
MIRLET7A2	MIRLET7G	USP47	USP11
MIRLET7A2	MIRLET7G	USP47	USP10
MIRLET7A2	MIRLET7G	SERPINH1	SERPINA3
MIRLET7A2	MIRLET7G	ACVR1C	TGFBR2
MIRLET7A2	MIRLET7G	DUSP4	DUSP10
MIRLET7A2	MIRLET7G	ZNF691	ZNF792
MIRLET7A2	MIRLET7G	USP11	USP10
MIRLET7A2	MIRLET7G	SYNJ2	INPP5F
MIRLET7A2	MIRLET7G	PTPN14	PTPN6
MIRLET7A2	MIRLET7G	COL1A1	COL4A2
MIRLET7A2	MIRLET7G	STK4	MAP3K1
MIRLET7A2	MIRLET7G	STK4	OXSR1
MIRLET7A2	MIRLET7G	ZNF451	ZBTB32
MIRLET7A2	MIRLET7G	FLII	GSN
MIRLET7A2	MIRLET7G	IGF2BP2	KHSRP
MIRLET7A2	MIRLET7G	DUSP5	DUSP10
MIRLET7A2	MIRLET7G	EHMT1	KMT2D
MIRLET7A2	MIRLET7G	KIF2A	KIF5C
MIRLET7A2	MIRLET7G	PPP2CA	PPP4C
MIRLET7A2	MIRLET7G	PPP2CA	PPP1CA
MIRLET7A2	MIRLET7G	PPP1CA	PPP4C
MIRLET7A2	MIRLET7G	RBM19	TIA1
MIRLET7A2	MIRLET7G	DUSP10	DUSP2
MIRLET7A2	MIRLET7G	NAP1L1	TSPYL1
MIRLET7A2	MIRLET7G	LRBA	NBEAL2
MIRLET7A2	MIRLET7G	MAP3K1	OXSR1
MIRLET7A2	MIRLET7G	ZNF852	PRDM4
MIRLET7A2	MIRLET7G	ZFHX2	ZFHX4
MIRLET7A2	MIRLET7G	ZFHX2	ZFHX3
MIRLET7A2	MIRLET7G	TRIM25	TRIM32
MIRLET7A2	MIRLET7G	STK40	TRIB1
MIRLET7A2	MIRLET7G	MTMR9	MTMR12
MIRLET7A2	MIRLET7G	IGF2BP1	KHSRP
MIRLET7A2	MIRLET7G	ZFYVE26	RUFY3
MIRLET7A2	MIRLET7G	ATP13A3	ATP2A2
MIRLET7A2	MIRLET7G	ZNF516	HIVEP2
MIRLET7A2	MIRLET7I	CCNJ	CCND1
MIRLET7A2	MIRLET7I	CCNJ	CCND2
MIRLET7A2	MIRLET7I	ZNF691	ZNF792
MIRLET7A2	MIRLET7I	SMC1A	CKAP4
MIRLET7A2	MIRLET7I	MYO5A	MYO1E
MIRLET7A2	MIRLET7I	NLK	MAPK6
MIRLET7A2	MIRLET7I	SYNJ2	INPP5F
MIRLET7A2	MIRLET7I	PLEC	DST
MIRLET7A2	MIRLET7I	ZFHX4	ZFHX2
MIRLET7A2	MIRLET7I	OXSR1	MAP3K1
MIRLET7A2	MIRLET7I	OXSR1	STK4
MIRLET7A2	MIRLET7I	PTPN14	PTPN6
MIRLET7A2	MIRLET7I	TSPYL1	NAP1L1
MIRLET7A2	MIRLET7I	RHOB	RHOBTB3
MIRLET7A2	MIRLET7I	COL1A1	COL15A1
MIRLET7A2	MIRLET7I	STK4	MAP3K1
MIRLET7A2	MIRLET7I	IGF2BP1	KHSRP
MIRLET7A2	MIRLET7I	PRKAA1	SIK1
MIRLET7A2	MIRLET7I	NBEAL2	LRBA
MIRLET7A2	MIRLET7I	ZNF451	ZBTB32
MIRLET7A2	MIRLET7I	SERPINA3	SERPINH1
MIRLET7A2	MIRLET7I	FBXL14	FBXL5
MIRLET7A2	MIRLET7I	PRDM4	PRDM2
MIRLET7A2	MIRLET7I	PRDM4	ZNF644
MIRLET7A2	MIRLET7I	PRDM4	ZNF852
MIRLET7A2	MIRLET7I	KHSRP	IGF2BP2
MIRLET7A2	MIRLET7I	ZFYVE26	RUFY3
MIRLET7A2	MIRLET7I	ATP13A3	ATP2A2
MIRLET7A2	MIRLET7I	RBMS1	SYNCRIP
MIRLET7A2	MIRLET7I	ZFHX2	ZFHX3
MIRLET7A2	MIRLET7I	RBMS2	SYNCRIP
MIRLET7A2	MIRLET7I	MAP2K4	MAP3K2
MIRLET7A2	MIRLET7I	KLHL24	KLHL42
MIRLET7A2	MIRLET7I	KLHL24	BACH1
MIRLET7A2	MIRLET7I	UBE2K	UBE2G2
MIRLET7A2	MIRLET7I	KMT2B	KMT2D
MIRLET7A2	MIRLET7I	KMT2B	EHMT1
MIRLET7A2	MIRLET7I	EHMT1	KMT2D
MIRLET7A2	MIRLET7I	PPP4C	PPP2CA
MIRLET7A2	MIRLET7I	PPP4C	PPP1CA
MIRLET7A2	MIRLET7I	KIF2A	KIF5C
MIRLET7A2	MIRLET7I	PPP2CA	PPP1CA
MIRLET7A2	MIRLET7I	RBM19	TIA1
MIRLET7A2	MIRLET7I	ZNF644	PRDM2
MIRLET7A2	MIRLET7I	ZNF644	ZNF852
MIRLET7A2	MIRLET7I	TRIM25	TRIM32
MIRLET7A2	MIRLET7I	PRDM2	ZNF852
MIRLET7A2	MIRLET7I	EIF2AK4	EIF2AK1
MIRLET7A2	MIRLET7I	KDM6B	KDM6A
MIRLET7A2	MIRLET7I	USP10	USP47
MIRLET7A2	MIRLET7I	KLHL42	BACH1
MIRLET7A2	MIRLET7I	HIVEP2	ZNF516
MIRLET7A2	MIRLET7I	HIVEP2	ZNF217
MIRLET7A2	MIRLET7I	ZNF516	ZNF217
MIRLET7A2	MIRLET7I	MTMR9	MTMR12
MIRLET7A3	MIRLET7B	CCNJ	CCND1
MIRLET7A3	MIRLET7B	CCNJ	CCND2
MIRLET7A3	MIRLET7B	CKAP4	SMC1A
MIRLET7A3	MIRLET7B	NLK	MAPK6
MIRLET7A3	MIRLET7B	ZNF736	ZNF121
MIRLET7A3	MIRLET7B	PLEC	DST
MIRLET7A3	MIRLET7B	RBMS1	SYNCRIP
MIRLET7A3	MIRLET7B	RBMS2	SYNCRIP
MIRLET7A3	MIRLET7B	MAP2K4	MAP3K2
MIRLET7A3	MIRLET7B	KMT2B	KMT2D
MIRLET7A3	MIRLET7B	KMT2B	EHMT1
MIRLET7A3	MIRLET7B	ARFGEF2	GBF1
MIRLET7A3	MIRLET7B	SIK1	PRKAA1
MIRLET7A3	MIRLET7B	ZNF644	PRDM4
MIRLET7A3	MIRLET7B	ZNF644	PRDM2
MIRLET7A3	MIRLET7B	ZNF644	ZNF852
MIRLET7A3	MIRLET7B	COL15A1	COL1A1
MIRLET7A3	MIRLET7B	COL15A1	COL4A2
MIRLET7A3	MIRLET7B	PRDM2	PRDM4
MIRLET7A3	MIRLET7B	PRDM2	ZNF852
MIRLET7A3	MIRLET7B	EIF2AK4	EIF2AK1
MIRLET7A3	MIRLET7B	KLHL42	BACH1
MIRLET7A3	MIRLET7B	KLHL42	KBTBD8
MIRLET7A3	MIRLET7B	KDM6A	KDM6B
MIRLET7A3	MIRLET7B	UBE2G2	UBE2K
MIRLET7A3	MIRLET7B	ZNF217	HIVEP2
MIRLET7A3	MIRLET7B	ZNF217	ZNF516
MIRLET7A3	MIRLET7B	USP47	USP10
MIRLET7A3	MIRLET7B	SERPINH1	SERPINA3
MIRLET7A3	MIRLET7B	ZNF691	ZNF792
MIRLET7A3	MIRLET7B	SYNJ2	INPP5F
MIRLET7A3	MIRLET7B	RHOB	RHOBTB3
MIRLET7A3	MIRLET7B	COL1A1	COL4A2
MIRLET7A3	MIRLET7B	STK4	MAP3K1
MIRLET7A3	MIRLET7B	STK4	OXSR1
MIRLET7A3	MIRLET7B	ZNF451	ZBTB32
MIRLET7A3	MIRLET7B	IGF2BP2	KHSRP
MIRLET7A3	MIRLET7B	EHMT1	KMT2D
MIRLET7A3	MIRLET7B	ZNF367	ZBTB5
MIRLET7A3	MIRLET7B	KIF2A	KIF5C
MIRLET7A3	MIRLET7B	PPP2CA	PPP4C
MIRLET7A3	MIRLET7B	PPP2CA	PPP1CA
MIRLET7A3	MIRLET7B	PPP1CA	PPP4C
MIRLET7A3	MIRLET7B	RBM19	TIA1
MIRLET7A3	MIRLET7B	KBTBD8	BACH1
MIRLET7A3	MIRLET7B	KLF6	KLF10
MIRLET7A3	MIRLET7B	NAP1L1	TSPYL1
MIRLET7A3	MIRLET7B	LRBA	NBEAL2
MIRLET7A3	MIRLET7B	MAP3K1	OXSR1
MIRLET7A3	MIRLET7B	ZNF852	PRDM4
MIRLET7A3	MIRLET7B	LARP1	LARP4B
MIRLET7A3	MIRLET7B	ZFHX2	ZFHX4
MIRLET7A3	MIRLET7B	TRIM25	TRIM32
MIRLET7A3	MIRLET7B	STK40	TRIB1
MIRLET7A3	MIRLET7B	MTMR9	MTMR12
MIRLET7A3	MIRLET7B	ZNF107	ZNF473
MIRLET7A3	MIRLET7B	IGF2BP1	KHSRP
MIRLET7A3	MIRLET7B	ZFYVE26	RUFY3
MIRLET7A3	MIRLET7B	ATP13A3	ATP2A2
MIRLET7A3	MIRLET7B	ZNF516	HIVEP2
MIRLET7A3	MIRLET7B	SMARCA4	ERCC6
MIRLET7A3	MIRLET7C	CCND1	CCNB2
MIRLET7A3	MIRLET7C	SMC1A	CKAP4
MIRLET7A3	MIRLET7C	PLEC	DST
MIRLET7A3	MIRLET7C	ZFHX4	ZFHX2
MIRLET7A3	MIRLET7C	OXSR1	STK4
MIRLET7A3	MIRLET7C	PTPN14	PTPN6
MIRLET7A3	MIRLET7C	TSPYL1	NAP1L1
MIRLET7A3	MIRLET7C	RHOB	RHOBTB3
MIRLET7A3	MIRLET7C	COL1A1	COL4A2
MIRLET7A3	MIRLET7C	PRKAA1	SIK1
MIRLET7A3	MIRLET7C	NBEAL2	LRBA
MIRLET7A3	MIRLET7C	ZNF451	ZBTB32
MIRLET7A3	MIRLET7C	RBMS2	SYNCRIP
MIRLET7A3	MIRLET7C	MAP2K4	MAP3K2
MIRLET7A3	MIRLET7C	KLHL24	BACH1
MIRLET7A3	MIRLET7C	CCNB2	CCND2
MIRLET7A3	MIRLET7C	UBE2K	UBE2G2
MIRLET7A3	MIRLET7C	EHMT1	KMT2D
MIRLET7A3	MIRLET7C	PPP4C	PPP2CA
MIRLET7A3	MIRLET7C	PPP4C	PPP1CA
MIRLET7A3	MIRLET7C	TRIB1	STK40
MIRLET7A3	MIRLET7C	PPP2CA	PPP1CA
MIRLET7A3	MIRLET7C	ZNF644	PRDM2
MIRLET7A3	MIRLET7C	ZNF644	ZNF852
MIRLET7A3	MIRLET7C	TRIM25	TRIM32
MIRLET7A3	MIRLET7C	ZNF516	HIVEP2
MIRLET7A3	MIRLET7C	TRRAP	PRKDC
MIRLET7A3	MIRLET7C	PRDM2	ZNF852
MIRLET7A3	MIRLET7C	SERPINH1	SERPINB9
MIRLET7A3	MIRLET7C	MTMR9	MTMR12
MIRLET7A3	MIRLET7D	CCNJ	CCND1
MIRLET7A3	MIRLET7D	ZNF107	ZNF142
MIRLET7A3	MIRLET7D	NLK	MAPK6
MIRLET7A3	MIRLET7D	RHOG	RHOB
MIRLET7A3	MIRLET7D	RHOG	RHOBTB3
MIRLET7A3	MIRLET7D	OXSR1	MAP3K1
MIRLET7A3	MIRLET7D	RHOB	RHOBTB3
MIRLET7A3	MIRLET7D	COL1A1	COL18A1
MIRLET7A3	MIRLET7D	ELAVL1	RBMS1
MIRLET7A3	MIRLET7D	IGF2BP1	KHSRP
MIRLET7A3	MIRLET7D	NBEAL2	LRBA
MIRLET7A3	MIRLET7D	TIE1	FGFR1
MIRLET7A3	MIRLET7D	TIE1	IGF1R
MIRLET7A3	MIRLET7D	TIE1	INSR
MIRLET7A3	MIRLET7D	ZNF451	HIC1
MIRLET7A3	MIRLET7D	ZFYVE26	RUFY3
MIRLET7A3	MIRLET7D	HCFC1	KLHDC3
MIRLET7A3	MIRLET7D	TRIM3	TRIM32
MIRLET7A3	MIRLET7D	TRIM3	TRIM27
MIRLET7A3	MIRLET7D	MAP2K4	MAP3K2
MIRLET7A3	MIRLET7D	EHMT1	KMT2D
MIRLET7A3	MIRLET7D	ZNF768	PRDM2
MIRLET7A3	MIRLET7D	ZNF768	ZNF644
MIRLET7A3	MIRLET7D	PPP4C	PPP2CA
MIRLET7A3	MIRLET7D	INSR	FGFR1
MIRLET7A3	MIRLET7D	CPSF1	DDB1
MIRLET7A3	MIRLET7D	CHD3	ERCC6
MIRLET7A3	MIRLET7D	JAK1	FYN
MIRLET7A3	MIRLET7D	ZNF644	PRDM2
MIRLET7A3	MIRLET7D	FGFR1	IGF1R
MIRLET7A3	MIRLET7D	TRIM32	TRIM27
MIRLET7A3	MIRLET7D	HECTD1	HUWE1
MIRLET7A3	MIRLET7D	TPP2	MBTPS1
MIRLET7A3	MIRLET7D	NUP153	POM121C
MIRLET7A3	MIRLET7E	SMC1A	CKAP4
MIRLET7A3	MIRLET7E	PLEC	DST
MIRLET7A3	MIRLET7E	ZFHX4	ZFHX2
MIRLET7A3	MIRLET7E	OXSR1	STK4
MIRLET7A3	MIRLET7E	TSPYL1	NAP1L1
MIRLET7A3	MIRLET7E	PRKAA1	SIK1
MIRLET7A3	MIRLET7E	NBEAL2	LRBA
MIRLET7A3	MIRLET7E	ZNF451	ZBTB32
MIRLET7A3	MIRLET7E	MAP2K4	MAP3K2
MIRLET7A3	MIRLET7E	KLHL24	BACH1
MIRLET7A3	MIRLET7E	EHMT1	KMT2D
MIRLET7A3	MIRLET7E	TRIB1	STK40
MIRLET7A3	MIRLET7E	ZNF644	PRDM2
MIRLET7A3	MIRLET7E	ZNF644	ZNF852
MIRLET7A3	MIRLET7E	PRDM2	ZNF852
MIRLET7A3	MIRLET7E	MTMR9	MTMR12
MIRLET7A3	MIRLET7F1	CCNJ	CCND1
MIRLET7A3	MIRLET7F1	CCNJ	CCND2
MIRLET7A3	MIRLET7F1	CKAP4	SMC1A
MIRLET7A3	MIRLET7F1	NLK	MAPK6
MIRLET7A3	MIRLET7F1	ZNF736	ZNF121
MIRLET7A3	MIRLET7F1	PLEC	DST
MIRLET7A3	MIRLET7F1	TSPAN3	TSPAN14
MIRLET7A3	MIRLET7F1	FBXL14	FBXL5
MIRLET7A3	MIRLET7F1	RBMS1	SYNCRIP
MIRLET7A3	MIRLET7F1	RBMS2	SYNCRIP
MIRLET7A3	MIRLET7F1	MAP2K4	MAP3K2
MIRLET7A3	MIRLET7F1	KLHL24	KLHL42
MIRLET7A3	MIRLET7F1	KLHL24	BACH1
MIRLET7A3	MIRLET7F1	KLHL24	KBTBD8
MIRLET7A3	MIRLET7F1	KLHL24	KBTBD6
MIRLET7A3	MIRLET7F1	MYO1E	MYO5A
MIRLET7A3	MIRLET7F1	KMT2B	KMT2D
MIRLET7A3	MIRLET7F1	KMT2B	EHMT1
MIRLET7A3	MIRLET7F1	ARFGEF2	GBF1
MIRLET7A3	MIRLET7F1	SIK1	PRKAA1
MIRLET7A3	MIRLET7F1	ZNF644	PRDM4
MIRLET7A3	MIRLET7F1	ZNF644	PRDM2
MIRLET7A3	MIRLET7F1	ZNF644	ZNF852
MIRLET7A3	MIRLET7F1	PRDM2	PRDM4
MIRLET7A3	MIRLET7F1	PRDM2	ZNF852
MIRLET7A3	MIRLET7F1	EIF2AK4	EIF2AK1
MIRLET7A3	MIRLET7F1	KLHL42	BACH1
MIRLET7A3	MIRLET7F1	KLHL42	KBTBD8
MIRLET7A3	MIRLET7F1	KLHL42	KBTBD6
MIRLET7A3	MIRLET7F1	KDM6A	KDM6B
MIRLET7A3	MIRLET7F1	UBE2G2	UBE2K
MIRLET7A3	MIRLET7F1	ZNF217	HIVEP2
MIRLET7A3	MIRLET7F1	ZNF217	ZNF516
MIRLET7A3	MIRLET7F1	USP47	USP10
MIRLET7A3	MIRLET7F1	SERPINH1	SERPINA3
MIRLET7A3	MIRLET7F1	DUSP4	DUSP10
MIRLET7A3	MIRLET7F1	ZNF691	ZNF792
MIRLET7A3	MIRLET7F1	SYNJ2	INPP5F
MIRLET7A3	MIRLET7F1	PTPN14	PTPN6
MIRLET7A3	MIRLET7F1	COL1A1	COL4A2
MIRLET7A3	MIRLET7F1	STK4	MAP3K1
MIRLET7A3	MIRLET7F1	STK4	OXSR1
MIRLET7A3	MIRLET7F1	ZNF451	ZBTB32
MIRLET7A3	MIRLET7F1	IGF2BP2	KHSRP
MIRLET7A3	MIRLET7F1	DUSP5	DUSP10
MIRLET7A3	MIRLET7F1	EHMT1	KMT2D
MIRLET7A3	MIRLET7F1	ZNF367	ZBTB5
MIRLET7A3	MIRLET7F1	KIF2A	KIF5C
MIRLET7A3	MIRLET7F1	PPP2CA	PPP4C
MIRLET7A3	MIRLET7F1	PPP2CA	PPP1CA
MIRLET7A3	MIRLET7F1	PPP1CA	PPP4C
MIRLET7A3	MIRLET7F1	RBM19	TIA1
MIRLET7A3	MIRLET7F1	KBTBD8	BACH1
MIRLET7A3	MIRLET7F1	KBTBD8	KBTBD6
MIRLET7A3	MIRLET7F1	DUSP10	DUSP2
MIRLET7A3	MIRLET7F1	KLF6	KLF10
MIRLET7A3	MIRLET7F1	NAP1L1	TSPYL1
MIRLET7A3	MIRLET7F1	LRBA	NBEAL2
MIRLET7A3	MIRLET7F1	MAP3K1	OXSR1
MIRLET7A3	MIRLET7F1	KBTBD6	BACH1
MIRLET7A3	MIRLET7F1	ZNF852	PRDM4
MIRLET7A3	MIRLET7F1	LARP1	LARP4B
MIRLET7A3	MIRLET7F1	ZFHX2	ZFHX4
MIRLET7A3	MIRLET7F1	ZFHX2	ZFHX3
MIRLET7A3	MIRLET7F1	TRIM25	TRIM32
MIRLET7A3	MIRLET7F1	MTMR9	MTMR12
MIRLET7A3	MIRLET7F1	COL5A2	COL4A2
MIRLET7A3	MIRLET7F1	IGF2BP1	KHSRP
MIRLET7A3	MIRLET7F1	UBR2	UBR3
MIRLET7A3	MIRLET7F1	ZFYVE26	RUFY3
MIRLET7A3	MIRLET7F1	ATP13A3	ATP2A2
MIRLET7A3	MIRLET7F1	ZNF516	HIVEP2
MIRLET7A3	MIRLET7G	CCNJ	CCND1
MIRLET7A3	MIRLET7G	CCNJ	CCND2
MIRLET7A3	MIRLET7G	CKAP4	SMC1A
MIRLET7A3	MIRLET7G	NLK	MAPK6
MIRLET7A3	MIRLET7G	PLEC	DST
MIRLET7A3	MIRLET7G	RBMS1	SYNCRIP
MIRLET7A3	MIRLET7G	RBMS2	SYNCRIP
MIRLET7A3	MIRLET7G	MAP2K4	MAP3K2
MIRLET7A3	MIRLET7G	KMT2B	KMT2D
MIRLET7A3	MIRLET7G	KMT2B	EHMT1
MIRLET7A3	MIRLET7G	SIK1	PRKAA1
MIRLET7A3	MIRLET7G	ZNF644	PRDM4
MIRLET7A3	MIRLET7G	ZNF644	PRDM2
MIRLET7A3	MIRLET7G	ZNF644	ZNF852
MIRLET7A3	MIRLET7G	PRDM2	PRDM4
MIRLET7A3	MIRLET7G	PRDM2	ZNF852
MIRLET7A3	MIRLET7G	EIF2AK4	EIF2AK1
MIRLET7A3	MIRLET7G	KLHL42	BACH1
MIRLET7A3	MIRLET7G	PRKDC	TRRAP
MIRLET7A3	MIRLET7G	KDM6A	KDM6B
MIRLET7A3	MIRLET7G	UBE2G2	UBE2K
MIRLET7A3	MIRLET7G	ZNF217	HIVEP2
MIRLET7A3	MIRLET7G	ZNF217	ZNF516
MIRLET7A3	MIRLET7G	USP47	USP11
MIRLET7A3	MIRLET7G	USP47	USP10
MIRLET7A3	MIRLET7G	SERPINH1	SERPINA3
MIRLET7A3	MIRLET7G	ACVR1C	TGFBR2
MIRLET7A3	MIRLET7G	DUSP4	DUSP10
MIRLET7A3	MIRLET7G	ZNF691	ZNF792
MIRLET7A3	MIRLET7G	USP11	USP10
MIRLET7A3	MIRLET7G	SYNJ2	INPP5F
MIRLET7A3	MIRLET7G	PTPN14	PTPN6
MIRLET7A3	MIRLET7G	COL1A1	COL4A2
MIRLET7A3	MIRLET7G	STK4	MAP3K1
MIRLET7A3	MIRLET7G	STK4	OXSR1
MIRLET7A3	MIRLET7G	ZNF451	ZBTB32
MIRLET7A3	MIRLET7G	FLII	GSN
MIRLET7A3	MIRLET7G	IGF2BP2	KHSRP
MIRLET7A3	MIRLET7G	DUSP5	DUSP10
MIRLET7A3	MIRLET7G	EHMT1	KMT2D
MIRLET7A3	MIRLET7G	KIF2A	KIF5C
MIRLET7A3	MIRLET7G	PPP2CA	PPP4C
MIRLET7A3	MIRLET7G	PPP2CA	PPP1CA
MIRLET7A3	MIRLET7G	PPP1CA	PPP4C
MIRLET7A3	MIRLET7G	RBM19	TIA1
MIRLET7A3	MIRLET7G	DUSP10	DUSP2
MIRLET7A3	MIRLET7G	NAP1L1	TSPYL1
MIRLET7A3	MIRLET7G	LRBA	NBEAL2
MIRLET7A3	MIRLET7G	MAP3K1	OXSR1
MIRLET7A3	MIRLET7G	ZNF852	PRDM4
MIRLET7A3	MIRLET7G	ZFHX2	ZFHX4
MIRLET7A3	MIRLET7G	ZFHX2	ZFHX3
MIRLET7A3	MIRLET7G	TRIM25	TRIM32
MIRLET7A3	MIRLET7G	STK40	TRIB1
MIRLET7A3	MIRLET7G	MTMR9	MTMR12
MIRLET7A3	MIRLET7G	IGF2BP1	KHSRP
MIRLET7A3	MIRLET7G	ZFYVE26	RUFY3
MIRLET7A3	MIRLET7G	ATP13A3	ATP2A2
MIRLET7A3	MIRLET7G	ZNF516	HIVEP2
MIRLET7A3	MIRLET7I	CCNJ	CCND1
MIRLET7A3	MIRLET7I	CCNJ	CCND2
MIRLET7A3	MIRLET7I	ZNF691	ZNF792
MIRLET7A3	MIRLET7I	SMC1A	CKAP4
MIRLET7A3	MIRLET7I	MYO5A	MYO1E
MIRLET7A3	MIRLET7I	NLK	MAPK6
MIRLET7A3	MIRLET7I	SYNJ2	INPP5F
MIRLET7A3	MIRLET7I	PLEC	DST
MIRLET7A3	MIRLET7I	ZFHX4	ZFHX2
MIRLET7A3	MIRLET7I	OXSR1	MAP3K1
MIRLET7A3	MIRLET7I	OXSR1	STK4
MIRLET7A3	MIRLET7I	PTPN14	PTPN6
MIRLET7A3	MIRLET7I	TSPYL1	NAP1L1
MIRLET7A3	MIRLET7I	RHOB	RHOBTB3
MIRLET7A3	MIRLET7I	COL1A1	COL15A1
MIRLET7A3	MIRLET7I	STK4	MAP3K1
MIRLET7A3	MIRLET7I	IGF2BP1	KHSRP
MIRLET7A3	MIRLET7I	PRKAA1	SIK1
MIRLET7A3	MIRLET7I	NBEAL2	LRBA
MIRLET7A3	MIRLET7I	ZNF451	ZBTB32
MIRLET7A3	MIRLET7I	SERPINA3	SERPINH1
MIRLET7A3	MIRLET7I	FBXL14	FBXL5
MIRLET7A3	MIRLET7I	PRDM4	PRDM2
MIRLET7A3	MIRLET7I	PRDM4	ZNF644
MIRLET7A3	MIRLET7I	PRDM4	ZNF852
MIRLET7A3	MIRLET7I	KHSRP	IGF2BP2
MIRLET7A3	MIRLET7I	ZFYVE26	RUFY3
MIRLET7A3	MIRLET7I	ATP13A3	ATP2A2
MIRLET7A3	MIRLET7I	RBMS1	SYNCRIP
MIRLET7A3	MIRLET7I	ZFHX2	ZFHX3
MIRLET7A3	MIRLET7I	RBMS2	SYNCRIP
MIRLET7A3	MIRLET7I	MAP2K4	MAP3K2
MIRLET7A3	MIRLET7I	KLHL24	KLHL42
MIRLET7A3	MIRLET7I	KLHL24	BACH1
MIRLET7A3	MIRLET7I	UBE2K	UBE2G2
MIRLET7A3	MIRLET7I	KMT2B	KMT2D
MIRLET7A3	MIRLET7I	KMT2B	EHMT1
MIRLET7A3	MIRLET7I	EHMT1	KMT2D
MIRLET7A3	MIRLET7I	PPP4C	PPP2CA
MIRLET7A3	MIRLET7I	PPP4C	PPP1CA
MIRLET7A3	MIRLET7I	KIF2A	KIF5C
MIRLET7A3	MIRLET7I	PPP2CA	PPP1CA
MIRLET7A3	MIRLET7I	RBM19	TIA1
MIRLET7A3	MIRLET7I	ZNF644	PRDM2
MIRLET7A3	MIRLET7I	ZNF644	ZNF852
MIRLET7A3	MIRLET7I	TRIM25	TRIM32
MIRLET7A3	MIRLET7I	PRDM2	ZNF852
MIRLET7A3	MIRLET7I	EIF2AK4	EIF2AK1
MIRLET7A3	MIRLET7I	KDM6B	KDM6A
MIRLET7A3	MIRLET7I	USP10	USP47
MIRLET7A3	MIRLET7I	KLHL42	BACH1
MIRLET7A3	MIRLET7I	HIVEP2	ZNF516
MIRLET7A3	MIRLET7I	HIVEP2	ZNF217
MIRLET7A3	MIRLET7I	ZNF516	ZNF217
MIRLET7A3	MIRLET7I	MTMR9	MTMR12
MIRLET7C	MIRLET7B	SMC1A	CKAP4
MIRLET7C	MIRLET7B	PLEC	DST
MIRLET7C	MIRLET7B	ZFHX4	ZFHX2
MIRLET7C	MIRLET7B	OXSR1	STK4
MIRLET7C	MIRLET7B	TSPYL1	NAP1L1
MIRLET7C	MIRLET7B	RHOB	RHOBTB3
MIRLET7C	MIRLET7B	COL1A1	COL4A2
MIRLET7C	MIRLET7B	PRKAA1	SIK1
MIRLET7C	MIRLET7B	NBEAL2	LRBA
MIRLET7C	MIRLET7B	ZNF451	ZBTB32
MIRLET7C	MIRLET7B	RBMS2	SYNCRIP
MIRLET7C	MIRLET7B	MAP2K4	MAP3K2
MIRLET7C	MIRLET7B	UBE2K	UBE2G2
MIRLET7C	MIRLET7B	EHMT1	KMT2D
MIRLET7C	MIRLET7B	PPP4C	PPP2CB
MIRLET7C	MIRLET7B	PPP4C	PPP2CA
MIRLET7C	MIRLET7B	PPP4C	PPP1CA
MIRLET7C	MIRLET7B	TRIB1	STK40
MIRLET7C	MIRLET7B	PPP2CA	PPP1CA
MIRLET7C	MIRLET7B	PPP1CA	PPP2CB
MIRLET7C	MIRLET7B	ZNF644	PRDM2
MIRLET7C	MIRLET7B	ZNF644	ZNF852
MIRLET7C	MIRLET7B	TRIM25	TRIM32
MIRLET7C	MIRLET7B	ZNF516	HIVEP2
MIRLET7C	MIRLET7B	PRDM2	ZNF852
MIRLET7C	MIRLET7B	MTMR9	MTMR12
MIRLET7C	MIRLET7D	RHOB	RHOBTB3
MIRLET7C	MIRLET7D	NBEAL2	LRBA
MIRLET7C	MIRLET7D	MAP2K4	MAP3K2
MIRLET7C	MIRLET7D	EHMT1	KMT2D
MIRLET7C	MIRLET7D	PPP4C	PPP2CB
MIRLET7C	MIRLET7D	PPP4C	PPP2CA
MIRLET7C	MIRLET7D	ZNF644	PRDM2
MIRLET7C	MIRLET7F1	CHD9	ERCC6
MIRLET7C	MIRLET7F1	SMC1A	CKAP4
MIRLET7C	MIRLET7F1	PLEC	DST
MIRLET7C	MIRLET7F1	ZFHX4	ZFHX2
MIRLET7C	MIRLET7F1	OXSR1	STK4
MIRLET7C	MIRLET7F1	PTPN14	PTPN6
MIRLET7C	MIRLET7F1	TSPYL1	NAP1L1
MIRLET7C	MIRLET7F1	COL1A1	COL4A2
MIRLET7C	MIRLET7F1	PRKAA1	SIK1
MIRLET7C	MIRLET7F1	NBEAL2	LRBA
MIRLET7C	MIRLET7F1	ZNF451	ZBTB32
MIRLET7C	MIRLET7F1	RBMS2	SYNCRIP
MIRLET7C	MIRLET7F1	MAP2K4	MAP3K2
MIRLET7C	MIRLET7F1	KLHL24	BACH1
MIRLET7C	MIRLET7F1	UBE2K	UBE2G2
MIRLET7C	MIRLET7F1	EHMT1	KMT2D
MIRLET7C	MIRLET7F1	PPP4C	PPP2CA
MIRLET7C	MIRLET7F1	PPP4C	PPP1CA
MIRLET7C	MIRLET7F1	PPP2CA	PPP1CA
MIRLET7C	MIRLET7F1	ZNF644	PRDM2
MIRLET7C	MIRLET7F1	ZNF644	ZNF852
MIRLET7C	MIRLET7F1	TRIM25	TRIM32
MIRLET7C	MIRLET7F1	ZNF516	HIVEP2
MIRLET7C	MIRLET7F1	PRDM2	ZNF852
MIRLET7C	MIRLET7F1	MTMR9	MTMR12
MIRLET7C	MIRLET7F2	CHD9	ERCC6
MIRLET7C	MIRLET7F2	SMC1A	CKAP4
MIRLET7C	MIRLET7F2	PLEC	DST
MIRLET7C	MIRLET7F2	ZFHX4	ZFHX2
MIRLET7C	MIRLET7F2	OXSR1	STK4
MIRLET7C	MIRLET7F2	PTPN14	PTPN6
MIRLET7C	MIRLET7F2	TSPYL1	NAP1L1
MIRLET7C	MIRLET7F2	COL1A1	COL4A2
MIRLET7C	MIRLET7F2	PRKAA1	SIK1
MIRLET7C	MIRLET7F2	NBEAL2	LRBA
MIRLET7C	MIRLET7F2	ZNF451	ZBTB32
MIRLET7C	MIRLET7F2	RBMS2	SYNCRIP
MIRLET7C	MIRLET7F2	MAP2K4	MAP3K2
MIRLET7C	MIRLET7F2	KLHL24	BACH1
MIRLET7C	MIRLET7F2	UBE2K	UBE2G2
MIRLET7C	MIRLET7F2	EHMT1	KMT2D
MIRLET7C	MIRLET7F2	PPP4C	PPP2CA
MIRLET7C	MIRLET7F2	PPP4C	PPP1CA
MIRLET7C	MIRLET7F2	PPP2CA	PPP1CA
MIRLET7C	MIRLET7F2	ZNF644	PRDM2
MIRLET7C	MIRLET7F2	ZNF644	ZNF852
MIRLET7C	MIRLET7F2	TRIM25	TRIM32
MIRLET7C	MIRLET7F2	ZNF516	HIVEP2
MIRLET7C	MIRLET7F2	PRDM2	ZNF852
MIRLET7C	MIRLET7F2	MTMR9	MTMR12
MIRLET7C	MIRLET7G	CHD9	ERCC6
MIRLET7C	MIRLET7G	SMC1A	CKAP4
MIRLET7C	MIRLET7G	PLEC	DST
MIRLET7C	MIRLET7G	ZFHX4	ZFHX2
MIRLET7C	MIRLET7G	OXSR1	STK4
MIRLET7C	MIRLET7G	PTPN14	PTPN6
MIRLET7C	MIRLET7G	TSPYL1	NAP1L1
MIRLET7C	MIRLET7G	COL1A1	COL4A2
MIRLET7C	MIRLET7G	PRKAA1	SIK1
MIRLET7C	MIRLET7G	NBEAL2	LRBA
MIRLET7C	MIRLET7G	ZNF451	ZBTB32
MIRLET7C	MIRLET7G	RBMS2	SYNCRIP
MIRLET7C	MIRLET7G	MAP2K4	MAP3K2
MIRLET7C	MIRLET7G	DUSP2	DUSP6
MIRLET7C	MIRLET7G	UBE2K	UBE2G2
MIRLET7C	MIRLET7G	DUSP6	DUSP4
MIRLET7C	MIRLET7G	DUSP6	DUSP5
MIRLET7C	MIRLET7G	EHMT1	KMT2D
MIRLET7C	MIRLET7G	PPP4C	PPP2CA
MIRLET7C	MIRLET7G	PPP4C	PPP1CA
MIRLET7C	MIRLET7G	TRIB1	STK40
MIRLET7C	MIRLET7G	PPP2CA	PPP1CA
MIRLET7C	MIRLET7G	ZNF644	PRDM2
MIRLET7C	MIRLET7G	ZNF644	ZNF852
MIRLET7C	MIRLET7G	TRIM25	TRIM32
MIRLET7C	MIRLET7G	ZNF516	HIVEP2
MIRLET7C	MIRLET7G	TRRAP	PRKDC
MIRLET7C	MIRLET7G	PRDM2	ZNF852
MIRLET7C	MIRLET7G	MTMR9	MTMR12
MIRLET7C	MIRLET7I	CHD9	ERCC6
MIRLET7C	MIRLET7I	SMC1A	CKAP4
MIRLET7C	MIRLET7I	PLEC	DST
MIRLET7C	MIRLET7I	ZFHX4	ZFHX2
MIRLET7C	MIRLET7I	OXSR1	STK4
MIRLET7C	MIRLET7I	PTPN14	PTPN6
MIRLET7C	MIRLET7I	TSPYL1	NAP1L1
MIRLET7C	MIRLET7I	RHOB	RHOBTB3
MIRLET7C	MIRLET7I	PRKAA1	SIK1
MIRLET7C	MIRLET7I	NBEAL2	LRBA
MIRLET7C	MIRLET7I	ZNF451	ZBTB32
MIRLET7C	MIRLET7I	RBMS2	SYNCRIP
MIRLET7C	MIRLET7I	MAP2K4	MAP3K2
MIRLET7C	MIRLET7I	KLHL24	BACH1
MIRLET7C	MIRLET7I	UBE2K	UBE2G2
MIRLET7C	MIRLET7I	EHMT1	KMT2D
MIRLET7C	MIRLET7I	PPP4C	PPP2CB
MIRLET7C	MIRLET7I	PPP4C	PPP2CA
MIRLET7C	MIRLET7I	PPP4C	PPP1CA
MIRLET7C	MIRLET7I	PPP2CA	PPP1CA
MIRLET7C	MIRLET7I	PPP1CA	PPP2CB
MIRLET7C	MIRLET7I	ZNF644	PRDM2
MIRLET7C	MIRLET7I	ZNF644	ZNF852
MIRLET7C	MIRLET7I	TRIM25	TRIM32
MIRLET7C	MIRLET7I	ZNF516	HIVEP2
MIRLET7C	MIRLET7I	PRDM2	ZNF852
MIRLET7C	MIRLET7I	MTMR9	MTMR12
MIRLET7D	MIRLET7B	CCNJ	CCND1
MIRLET7D	MIRLET7B	NLK	MAPK6
MIRLET7D	MIRLET7B	OXSR1	MAP3K1
MIRLET7D	MIRLET7B	RHOB	RHOBTB3
MIRLET7D	MIRLET7B	IGF2BP1	KHSRP
MIRLET7D	MIRLET7B	NBEAL2	LRBA
MIRLET7D	MIRLET7B	ZFYVE26	RUFY3
MIRLET7D	MIRLET7B	MAP2K4	MAP3K2
MIRLET7D	MIRLET7B	EHMT1	KMT2D
MIRLET7D	MIRLET7B	PPP4C	PPP2CB
MIRLET7D	MIRLET7B	PPP4C	PPP2CA
MIRLET7D	MIRLET7B	ZNF644	PRDM2
MIRLET7D	MIRLET7E	NBEAL2	LRBA
MIRLET7D	MIRLET7E	MAP2K4	MAP3K2
MIRLET7D	MIRLET7E	BIRC6	XIAP
MIRLET7D	MIRLET7E	EHMT1	KMT2D
MIRLET7D	MIRLET7E	ZNF644	PRDM2
MIRLET7D	MIRLET7F1	CCNJ	CCND1
MIRLET7D	MIRLET7F1	NLK	MAPK6
MIRLET7D	MIRLET7F1	OXSR1	MAP3K1
MIRLET7D	MIRLET7F1	IGF2BP1	KHSRP
MIRLET7D	MIRLET7F1	NBEAL2	LRBA
MIRLET7D	MIRLET7F1	ZFYVE26	RUFY3
MIRLET7D	MIRLET7F1	MAP2K4	MAP3K2
MIRLET7D	MIRLET7F1	EHMT1	KMT2D
MIRLET7D	MIRLET7F1	PPP4C	PPP2CA
MIRLET7D	MIRLET7F1	ZNF644	PRDM2
MIRLET7D	MIRLET7F2	CCNJ	CCND1
MIRLET7D	MIRLET7F2	NLK	MAPK6
MIRLET7D	MIRLET7F2	OXSR1	MAP3K1
MIRLET7D	MIRLET7F2	IGF2BP1	KHSRP
MIRLET7D	MIRLET7F2	NBEAL2	LRBA
MIRLET7D	MIRLET7F2	ZFYVE26	RUFY3
MIRLET7D	MIRLET7F2	MAP2K4	MAP3K2
MIRLET7D	MIRLET7F2	EHMT1	KMT2D
MIRLET7D	MIRLET7F2	PPP4C	PPP2CA
MIRLET7D	MIRLET7F2	ZNF644	PRDM2
MIRLET7E	MIRLET7B	SMC1A	CKAP4
MIRLET7E	MIRLET7B	PLEC	DST
MIRLET7E	MIRLET7B	ZFHX4	ZFHX2
MIRLET7E	MIRLET7B	OXSR1	STK4
MIRLET7E	MIRLET7B	TSPYL1	NAP1L1
MIRLET7E	MIRLET7B	MT-ND5	MT-ND2
MIRLET7E	MIRLET7B	PRKAA1	SIK1
MIRLET7E	MIRLET7B	NBEAL2	LRBA
MIRLET7E	MIRLET7B	ZNF451	ZBTB32
MIRLET7E	MIRLET7B	CYTH3	ARFGEF2
MIRLET7E	MIRLET7B	MAP2K4	MAP3K2
MIRLET7E	MIRLET7B	EHMT1	KMT2D
MIRLET7E	MIRLET7B	TRIB1	STK40
MIRLET7E	MIRLET7B	ZNF644	PRDM2
MIRLET7E	MIRLET7B	ZNF644	ZNF852
MIRLET7E	MIRLET7B	PRDM2	ZNF852
MIRLET7E	MIRLET7B	MTMR9	MTMR12
MIRLET7E	MIRLET7F1	SMC1A	CKAP4
MIRLET7E	MIRLET7F1	PLEC	DST
MIRLET7E	MIRLET7F1	ZFHX4	ZFHX2
MIRLET7E	MIRLET7F1	OXSR1	STK4
MIRLET7E	MIRLET7F1	TSPYL1	NAP1L1
MIRLET7E	MIRLET7F1	PRKAA1	SIK1
MIRLET7E	MIRLET7F1	NBEAL2	LRBA
MIRLET7E	MIRLET7F1	ZNF451	ZBTB32
MIRLET7E	MIRLET7F1	MAP2K4	MAP3K2
MIRLET7E	MIRLET7F1	KLHL24	BACH1
MIRLET7E	MIRLET7F1	EHMT1	KMT2D
MIRLET7E	MIRLET7F1	ZNF644	PRDM2
MIRLET7E	MIRLET7F1	ZNF644	ZNF852
MIRLET7E	MIRLET7F1	PRDM2	ZNF852
MIRLET7E	MIRLET7F1	MTMR9	MTMR12
MIRLET7E	MIRLET7F2	SMC1A	CKAP4
MIRLET7E	MIRLET7F2	PLEC	DST
MIRLET7E	MIRLET7F2	ZFHX4	ZFHX2
MIRLET7E	MIRLET7F2	OXSR1	STK4
MIRLET7E	MIRLET7F2	TSPYL1	NAP1L1
MIRLET7E	MIRLET7F2	PRKAA1	SIK1
MIRLET7E	MIRLET7F2	NBEAL2	LRBA
MIRLET7E	MIRLET7F2	ZNF451	ZBTB32
MIRLET7E	MIRLET7F2	MAP2K4	MAP3K2
MIRLET7E	MIRLET7F2	KLHL24	BACH1
MIRLET7E	MIRLET7F2	EHMT1	KMT2D
MIRLET7E	MIRLET7F2	ZNF644	PRDM2
MIRLET7E	MIRLET7F2	ZNF644	ZNF852
MIRLET7E	MIRLET7F2	PRDM2	ZNF852
MIRLET7E	MIRLET7F2	MTMR9	MTMR12
MIRLET7E	MIRLET7G	SMC1A	CKAP4
MIRLET7E	MIRLET7G	PLEC	DST
MIRLET7E	MIRLET7G	ZFHX4	ZFHX2
MIRLET7E	MIRLET7G	OXSR1	STK4
MIRLET7E	MIRLET7G	TSPYL1	NAP1L1
MIRLET7E	MIRLET7G	PRKAA1	SIK1
MIRLET7E	MIRLET7G	NBEAL2	LRBA
MIRLET7E	MIRLET7G	ZNF451	ZBTB32
MIRLET7E	MIRLET7G	MAP2K4	MAP3K2
MIRLET7E	MIRLET7G	EHMT1	KMT2D
MIRLET7E	MIRLET7G	TRIB1	STK40
MIRLET7E	MIRLET7G	ZNF644	PRDM2
MIRLET7E	MIRLET7G	ZNF644	ZNF852
MIRLET7E	MIRLET7G	PRDM2	ZNF852
MIRLET7E	MIRLET7G	MTMR9	MTMR12
MIRLET7E	MIRLET7I	SMC1A	CKAP4
MIRLET7E	MIRLET7I	PLEC	DST
MIRLET7E	MIRLET7I	ZFHX4	ZFHX2
MIRLET7E	MIRLET7I	OXSR1	STK4
MIRLET7E	MIRLET7I	TSPYL1	NAP1L1
MIRLET7E	MIRLET7I	PRKAA1	SIK1
MIRLET7E	MIRLET7I	NBEAL2	LRBA
MIRLET7E	MIRLET7I	ZNF451	ZBTB32
MIRLET7E	MIRLET7I	MAP2K4	MAP3K2
MIRLET7E	MIRLET7I	KLHL24	BACH1
MIRLET7E	MIRLET7I	EHMT1	KMT2D
MIRLET7E	MIRLET7I	ZNF644	PRDM2
MIRLET7E	MIRLET7I	ZNF644	ZNF852
MIRLET7E	MIRLET7I	PRDM2	ZNF852
MIRLET7E	MIRLET7I	MTMR9	MTMR12
MIRLET7F2	MIRLET7B	CCNJ	CCND1
MIRLET7F2	MIRLET7B	CCNJ	CCND2
MIRLET7F2	MIRLET7B	ZNF691	ZNF792
MIRLET7F2	MIRLET7B	SMC1A	CKAP4
MIRLET7F2	MIRLET7B	NLK	MAPK6
MIRLET7F2	MIRLET7B	SYNJ2	INPP5F
MIRLET7F2	MIRLET7B	PLEC	DST
MIRLET7F2	MIRLET7B	ZFHX4	ZFHX2
MIRLET7F2	MIRLET7B	OXSR1	MAP3K1
MIRLET7F2	MIRLET7B	OXSR1	STK4
MIRLET7F2	MIRLET7B	TSPYL1	NAP1L1
MIRLET7F2	MIRLET7B	TRIM32	TRIM25
MIRLET7F2	MIRLET7B	COL1A1	COL4A2
MIRLET7F2	MIRLET7B	STK4	MAP3K1
MIRLET7F2	MIRLET7B	IGF2BP1	KHSRP
MIRLET7F2	MIRLET7B	PRKAA1	SIK1
MIRLET7F2	MIRLET7B	NBEAL2	LRBA
MIRLET7F2	MIRLET7B	ZNF451	ZBTB32
MIRLET7F2	MIRLET7B	SERPINA3	SERPINH1
MIRLET7F2	MIRLET7B	PRDM4	PRDM2
MIRLET7F2	MIRLET7B	PRDM4	ZNF644
MIRLET7F2	MIRLET7B	PRDM4	ZNF852
MIRLET7F2	MIRLET7B	KHSRP	IGF2BP2
MIRLET7F2	MIRLET7B	ZFYVE26	RUFY3
MIRLET7F2	MIRLET7B	ATP13A3	ATP2A2
MIRLET7F2	MIRLET7B	RBMS1	SYNCRIP
MIRLET7F2	MIRLET7B	RBMS2	SYNCRIP
MIRLET7F2	MIRLET7B	MAP2K4	MAP3K2
MIRLET7F2	MIRLET7B	UBE2K	UBE2G2
MIRLET7F2	MIRLET7B	KMT2B	KMT2D
MIRLET7F2	MIRLET7B	KMT2B	EHMT1
MIRLET7F2	MIRLET7B	EHMT1	KMT2D
MIRLET7F2	MIRLET7B	PPP4C	PPP2CA
MIRLET7F2	MIRLET7B	PPP4C	PPP1CA
MIRLET7F2	MIRLET7B	GBF1	PSD3
MIRLET7F2	MIRLET7B	KIF2A	KIF5C
MIRLET7F2	MIRLET7B	PPP2CA	PPP1CA
MIRLET7F2	MIRLET7B	RBM19	TIA1
MIRLET7F2	MIRLET7B	ZNF644	PRDM2
MIRLET7F2	MIRLET7B	ZNF644	ZNF852
MIRLET7F2	MIRLET7B	PRDM2	ZNF852
MIRLET7F2	MIRLET7B	EIF2AK4	EIF2AK1
MIRLET7F2	MIRLET7B	KDM6B	KDM6A
MIRLET7F2	MIRLET7B	USP10	USP47
MIRLET7F2	MIRLET7B	KLHL42	BACH1
MIRLET7F2	MIRLET7B	HIVEP2	ZNF516
MIRLET7F2	MIRLET7B	HIVEP2	ZNF217
MIRLET7F2	MIRLET7B	ZNF516	ZNF217
MIRLET7F2	MIRLET7B	MTMR9	MTMR12
MIRLET7F2	MIRLET7F1	CCNJ	CCND1
MIRLET7F2	MIRLET7F1	CCNJ	CCND2
MIRLET7F2	MIRLET7F1	CHD9	ERCC6
MIRLET7F2	MIRLET7F1	CKAP4	SMC1A
MIRLET7F2	MIRLET7F1	NLK	MAPK6
MIRLET7F2	MIRLET7F1	PLEC	DST
MIRLET7F2	MIRLET7F1	TSPAN3	TSPAN14
MIRLET7F2	MIRLET7F1	FBXL14	FBXL5
MIRLET7F2	MIRLET7F1	RBMS1	SYNCRIP
MIRLET7F2	MIRLET7F1	RBMS2	SYNCRIP
MIRLET7F2	MIRLET7F1	MAP2K4	MAP3K2
MIRLET7F2	MIRLET7F1	KLHL24	KLHL42
MIRLET7F2	MIRLET7F1	KLHL24	BACH1
MIRLET7F2	MIRLET7F1	KLHL24	KBTBD6
MIRLET7F2	MIRLET7F1	MYO1E	MYO5A
MIRLET7F2	MIRLET7F1	KMT2B	KMT2D
MIRLET7F2	MIRLET7F1	KMT2B	EHMT1
MIRLET7F2	MIRLET7F1	SIK1	PRKAA1
MIRLET7F2	MIRLET7F1	ROR2	IGF1R
MIRLET7F2	MIRLET7F1	ROR2	INSR
MIRLET7F2	MIRLET7F1	ZNF644	PRDM4
MIRLET7F2	MIRLET7F1	ZNF644	PRDM2
MIRLET7F2	MIRLET7F1	ZNF644	ZNF852
MIRLET7F2	MIRLET7F1	PRDM2	PRDM4
MIRLET7F2	MIRLET7F1	PRDM2	ZNF852
MIRLET7F2	MIRLET7F1	EIF2AK4	EIF2AK1
MIRLET7F2	MIRLET7F1	KLHL42	BACH1
MIRLET7F2	MIRLET7F1	KLHL42	KBTBD6
MIRLET7F2	MIRLET7F1	KDM6A	KDM6B
MIRLET7F2	MIRLET7F1	UBE2G2	UBE2K
MIRLET7F2	MIRLET7F1	ZNF217	HIVEP2
MIRLET7F2	MIRLET7F1	ZNF217	ZNF516
MIRLET7F2	MIRLET7F1	USP47	USP10
MIRLET7F2	MIRLET7F1	SERPINH1	SERPINA3
MIRLET7F2	MIRLET7F1	DUSP4	DUSP10
MIRLET7F2	MIRLET7F1	ZNF691	ZNF792
MIRLET7F2	MIRLET7F1	SYNJ2	INPP5F
MIRLET7F2	MIRLET7F1	PTPN14	PTPN6
MIRLET7F2	MIRLET7F1	COL1A1	COL4A2
MIRLET7F2	MIRLET7F1	STK4	MAP3K1
MIRLET7F2	MIRLET7F1	STK4	OXSR1
MIRLET7F2	MIRLET7F1	ZNF451	ZBTB32
MIRLET7F2	MIRLET7F1	IGF2BP2	KHSRP
MIRLET7F2	MIRLET7F1	DUSP5	DUSP10
MIRLET7F2	MIRLET7F1	EHMT1	KMT2D
MIRLET7F2	MIRLET7F1	KIF2A	KIF5C
MIRLET7F2	MIRLET7F1	PPP2CA	PPP4C
MIRLET7F2	MIRLET7F1	PPP2CA	PPP1CA
MIRLET7F2	MIRLET7F1	PPP1CA	PPP4C
MIRLET7F2	MIRLET7F1	RBM19	TIA1
MIRLET7F2	MIRLET7F1	DUSP10	DUSP2
MIRLET7F2	MIRLET7F1	NAP1L1	TSPYL1
MIRLET7F2	MIRLET7F1	LRBA	NBEAL2
MIRLET7F2	MIRLET7F1	MAP3K1	OXSR1
MIRLET7F2	MIRLET7F1	PBX3	TGIF1
MIRLET7F2	MIRLET7F1	KBTBD6	BACH1
MIRLET7F2	MIRLET7F1	ZNF852	PRDM4
MIRLET7F2	MIRLET7F1	ZFHX2	ZFHX4
MIRLET7F2	MIRLET7F1	ZFHX2	ZFHX3
MIRLET7F2	MIRLET7F1	TRIM25	TRIM32
MIRLET7F2	MIRLET7F1	MTMR9	MTMR12
MIRLET7F2	MIRLET7F1	PSD3	GBF1
MIRLET7F2	MIRLET7F1	IGF2BP1	KHSRP
MIRLET7F2	MIRLET7F1	ZFYVE26	RUFY3
MIRLET7F2	MIRLET7F1	ATP13A3	ATP2A2
MIRLET7F2	MIRLET7F1	ZNF516	HIVEP2
MIRLET7F2	MIRLET7G	CCNJ	CCND1
MIRLET7F2	MIRLET7G	CCNJ	CCND2
MIRLET7F2	MIRLET7G	ZNF691	ZNF792
MIRLET7F2	MIRLET7G	CHD9	ERCC6
MIRLET7F2	MIRLET7G	SMC1A	CKAP4
MIRLET7F2	MIRLET7G	FBXL16	FBXL14
MIRLET7F2	MIRLET7G	NLK	MAPK6
MIRLET7F2	MIRLET7G	SYNJ2	INPP5F
MIRLET7F2	MIRLET7G	PLEC	DST
MIRLET7F2	MIRLET7G	ZFHX4	ZFHX2
MIRLET7F2	MIRLET7G	OXSR1	MAP3K1
MIRLET7F2	MIRLET7G	OXSR1	STK4
MIRLET7F2	MIRLET7G	PTPN14	PTPN6
MIRLET7F2	MIRLET7G	TSPYL1	NAP1L1
MIRLET7F2	MIRLET7G	COL1A1	COL4A2
MIRLET7F2	MIRLET7G	STK4	MAP3K1
MIRLET7F2	MIRLET7G	IGF2BP1	KHSRP
MIRLET7F2	MIRLET7G	TGIF1	PBX3
MIRLET7F2	MIRLET7G	PRKAA1	SIK1
MIRLET7F2	MIRLET7G	NBEAL2	LRBA
MIRLET7F2	MIRLET7G	ZNF451	ZBTB32
MIRLET7F2	MIRLET7G	SERPINA3	SERPINH1
MIRLET7F2	MIRLET7G	PRDM4	PRDM2
MIRLET7F2	MIRLET7G	PRDM4	ZNF644
MIRLET7F2	MIRLET7G	PRDM4	ZNF852
MIRLET7F2	MIRLET7G	KHSRP	IGF2BP2
MIRLET7F2	MIRLET7G	ZFYVE26	RUFY3
MIRLET7F2	MIRLET7G	ATP13A3	ATP2A2
MIRLET7F2	MIRLET7G	RBMS1	SYNCRIP
MIRLET7F2	MIRLET7G	ZFHX2	ZFHX3
MIRLET7F2	MIRLET7G	RBMS2	SYNCRIP
MIRLET7F2	MIRLET7G	MAP2K4	MAP3K2
MIRLET7F2	MIRLET7G	DUSP2	DUSP10
MIRLET7F2	MIRLET7G	UBE2K	UBE2G2
MIRLET7F2	MIRLET7G	KMT2B	KMT2D
MIRLET7F2	MIRLET7G	KMT2B	EHMT1
MIRLET7F2	MIRLET7G	DUSP5	DUSP10
MIRLET7F2	MIRLET7G	EHMT1	KMT2D
MIRLET7F2	MIRLET7G	PPP4C	PPP2CA
MIRLET7F2	MIRLET7G	PPP4C	PPP1CA
MIRLET7F2	MIRLET7G	KIF2A	KIF5C
MIRLET7F2	MIRLET7G	PPP2CA	PPP1CA
MIRLET7F2	MIRLET7G	RBM19	TIA1
MIRLET7F2	MIRLET7G	ZNF644	PRDM2
MIRLET7F2	MIRLET7G	ZNF644	ZNF852
MIRLET7F2	MIRLET7G	DUSP10	DUSP4
MIRLET7F2	MIRLET7G	TRIM25	TRIM32
MIRLET7F2	MIRLET7G	PRDM2	ZNF852
MIRLET7F2	MIRLET7G	EIF2AK4	EIF2AK1
MIRLET7F2	MIRLET7G	KDM6B	KDM6A
MIRLET7F2	MIRLET7G	USP10	USP47
MIRLET7F2	MIRLET7G	KLHL42	BACH1
MIRLET7F2	MIRLET7G	HIVEP2	ZNF516
MIRLET7F2	MIRLET7G	HIVEP2	ZNF217
MIRLET7F2	MIRLET7G	ZNF516	ZNF217
MIRLET7F2	MIRLET7G	MTMR9	MTMR12
MIRLET7F2	MIRLET7I	CCNJ	CCND1
MIRLET7F2	MIRLET7I	CCNJ	CCND2
MIRLET7F2	MIRLET7I	ZNF691	ZNF792
MIRLET7F2	MIRLET7I	CHD9	ERCC6
MIRLET7F2	MIRLET7I	SMC1A	CKAP4
MIRLET7F2	MIRLET7I	MYO5A	MYO1E
MIRLET7F2	MIRLET7I	NLK	MAPK6
MIRLET7F2	MIRLET7I	SYNJ2	INPP5F
MIRLET7F2	MIRLET7I	PLEC	DST
MIRLET7F2	MIRLET7I	ZFHX4	ZFHX2
MIRLET7F2	MIRLET7I	OXSR1	MAP3K1
MIRLET7F2	MIRLET7I	OXSR1	STK4
MIRLET7F2	MIRLET7I	PTPN14	PTPN6
MIRLET7F2	MIRLET7I	TSPYL1	NAP1L1
MIRLET7F2	MIRLET7I	STK4	MAP3K1
MIRLET7F2	MIRLET7I	IGF2BP1	KHSRP
MIRLET7F2	MIRLET7I	TGIF1	PBX3
MIRLET7F2	MIRLET7I	PRKAA1	SIK1
MIRLET7F2	MIRLET7I	NBEAL2	LRBA
MIRLET7F2	MIRLET7I	ZNF451	ZBTB32
MIRLET7F2	MIRLET7I	SERPINA3	SERPINH1
MIRLET7F2	MIRLET7I	FBXL14	FBXL5
MIRLET7F2	MIRLET7I	PRDM4	PRDM2
MIRLET7F2	MIRLET7I	PRDM4	ZNF644
MIRLET7F2	MIRLET7I	PRDM4	ZNF852
MIRLET7F2	MIRLET7I	KHSRP	IGF2BP2
MIRLET7F2	MIRLET7I	ZFYVE26	RUFY3
MIRLET7F2	MIRLET7I	ATP13A3	ATP2A2
MIRLET7F2	MIRLET7I	RBMS1	SYNCRIP
MIRLET7F2	MIRLET7I	ZFHX2	ZFHX3
MIRLET7F2	MIRLET7I	RBMS2	SYNCRIP
MIRLET7F2	MIRLET7I	MAP2K4	MAP3K2
MIRLET7F2	MIRLET7I	KLHL24	KLHL42
MIRLET7F2	MIRLET7I	KLHL24	BACH1
MIRLET7F2	MIRLET7I	UBE2K	UBE2G2
MIRLET7F2	MIRLET7I	KMT2B	KMT2D
MIRLET7F2	MIRLET7I	KMT2B	EHMT1
MIRLET7F2	MIRLET7I	EHMT1	KMT2D
MIRLET7F2	MIRLET7I	PPP4C	PPP2CA
MIRLET7F2	MIRLET7I	PPP4C	PPP1CA
MIRLET7F2	MIRLET7I	KIF2A	KIF5C
MIRLET7F2	MIRLET7I	PPP2CA	PPP1CA
MIRLET7F2	MIRLET7I	RBM19	TIA1
MIRLET7F2	MIRLET7I	ZNF644	PRDM2
MIRLET7F2	MIRLET7I	ZNF644	ZNF852
MIRLET7F2	MIRLET7I	TRIM25	TRIM32
MIRLET7F2	MIRLET7I	PRDM2	ZNF852
MIRLET7F2	MIRLET7I	EIF2AK4	EIF2AK1
MIRLET7F2	MIRLET7I	KDM6B	KDM6A
MIRLET7F2	MIRLET7I	USP10	USP47
MIRLET7F2	MIRLET7I	KLHL42	BACH1
MIRLET7F2	MIRLET7I	HIVEP2	ZNF516
MIRLET7F2	MIRLET7I	HIVEP2	ZNF217
MIRLET7F2	MIRLET7I	ZNF516	ZNF217
MIRLET7F2	MIRLET7I	MTMR9	MTMR12
MIRLET7G	MIRLET7B	CCNJ	CCND1
MIRLET7G	MIRLET7B	CCNJ	CCND2
MIRLET7G	MIRLET7B	ZNF691	ZNF792
MIRLET7G	MIRLET7B	SMC1A	CKAP4
MIRLET7G	MIRLET7B	NLK	MAPK6
MIRLET7G	MIRLET7B	SYNJ2	INPP5F
MIRLET7G	MIRLET7B	PLEC	DST
MIRLET7G	MIRLET7B	ZFHX4	ZFHX2
MIRLET7G	MIRLET7B	OXSR1	MAP3K1
MIRLET7G	MIRLET7B	OXSR1	STK4
MIRLET7G	MIRLET7B	TSPYL1	NAP1L1
MIRLET7G	MIRLET7B	COL1A1	COL4A2
MIRLET7G	MIRLET7B	STK4	MAP3K1
MIRLET7G	MIRLET7B	IGF2BP1	KHSRP
MIRLET7G	MIRLET7B	PRKAA1	SIK1
MIRLET7G	MIRLET7B	NBEAL2	LRBA
MIRLET7G	MIRLET7B	ZNF451	ZBTB32
MIRLET7G	MIRLET7B	SERPINA3	SERPINH1
MIRLET7G	MIRLET7B	ACTR3	ACTB
MIRLET7G	MIRLET7B	PRDM4	PRDM2
MIRLET7G	MIRLET7B	PRDM4	ZNF644
MIRLET7G	MIRLET7B	PRDM4	ZNF852
MIRLET7G	MIRLET7B	KHSRP	IGF2BP2
MIRLET7G	MIRLET7B	ZFYVE26	RUFY3
MIRLET7G	MIRLET7B	ATP13A3	ATP2A2
MIRLET7G	MIRLET7B	RBMS1	SYNCRIP
MIRLET7G	MIRLET7B	RBMS2	SYNCRIP
MIRLET7G	MIRLET7B	MAP2K4	MAP3K2
MIRLET7G	MIRLET7B	UBE2K	UBE2G2
MIRLET7G	MIRLET7B	KMT2B	KMT2D
MIRLET7G	MIRLET7B	KMT2B	EHMT1
MIRLET7G	MIRLET7B	EHMT1	KMT2D
MIRLET7G	MIRLET7B	PPP4C	PPP2CA
MIRLET7G	MIRLET7B	PPP4C	PPP1CA
MIRLET7G	MIRLET7B	TRIB1	STK40
MIRLET7G	MIRLET7B	KIF2A	KIF5C
MIRLET7G	MIRLET7B	PPP2CA	PPP1CA
MIRLET7G	MIRLET7B	RBM19	TIA1
MIRLET7G	MIRLET7B	ZNF644	PRDM2
MIRLET7G	MIRLET7B	ZNF644	ZNF852
MIRLET7G	MIRLET7B	TRIM25	TRIM32
MIRLET7G	MIRLET7B	PRDM2	ZNF852
MIRLET7G	MIRLET7B	EIF2AK4	EIF2AK1
MIRLET7G	MIRLET7B	KDM6B	KDM6A
MIRLET7G	MIRLET7B	USP10	USP47
MIRLET7G	MIRLET7B	KLHL42	BACH1
MIRLET7G	MIRLET7B	HIVEP2	ZNF516
MIRLET7G	MIRLET7B	HIVEP2	ZNF217
MIRLET7G	MIRLET7B	ZNF516	ZNF217
MIRLET7G	MIRLET7B	MTMR9	MTMR12
MIRLET7G	MIRLET7B	CHD7	ERCC6
MIRLET7G	MIRLET7F1	CCNJ	CCND1
MIRLET7G	MIRLET7F1	CCNJ	CCND2
MIRLET7G	MIRLET7F1	ZNF691	ZNF792
MIRLET7G	MIRLET7F1	CHD9	ERCC6
MIRLET7G	MIRLET7F1	SMC1A	CKAP4
MIRLET7G	MIRLET7F1	NLK	MAPK6
MIRLET7G	MIRLET7F1	SYNJ2	INPP5F
MIRLET7G	MIRLET7F1	PLEC	DST
MIRLET7G	MIRLET7F1	ZFHX4	ZFHX2
MIRLET7G	MIRLET7F1	OXSR1	MAP3K1
MIRLET7G	MIRLET7F1	OXSR1	STK4
MIRLET7G	MIRLET7F1	PTPN14	PTPN6
MIRLET7G	MIRLET7F1	TSPYL1	NAP1L1
MIRLET7G	MIRLET7F1	COL1A1	COL4A2
MIRLET7G	MIRLET7F1	STK4	MAP3K1
MIRLET7G	MIRLET7F1	IGF2BP1	KHSRP
MIRLET7G	MIRLET7F1	TGIF1	PBX3
MIRLET7G	MIRLET7F1	PRKAA1	SIK1
MIRLET7G	MIRLET7F1	NBEAL2	LRBA
MIRLET7G	MIRLET7F1	ZNF451	ZBTB32
MIRLET7G	MIRLET7F1	SERPINA3	SERPINH1
MIRLET7G	MIRLET7F1	PRDM4	PRDM2
MIRLET7G	MIRLET7F1	PRDM4	ZNF644
MIRLET7G	MIRLET7F1	PRDM4	ZNF852
MIRLET7G	MIRLET7F1	KHSRP	IGF2BP2
MIRLET7G	MIRLET7F1	ZFYVE26	RUFY3
MIRLET7G	MIRLET7F1	ATP13A3	ATP2A2
MIRLET7G	MIRLET7F1	RBMS1	SYNCRIP
MIRLET7G	MIRLET7F1	ZFHX2	ZFHX3
MIRLET7G	MIRLET7F1	RBMS2	SYNCRIP
MIRLET7G	MIRLET7F1	MAP2K4	MAP3K2
MIRLET7G	MIRLET7F1	DUSP2	DUSP10
MIRLET7G	MIRLET7F1	UBE2K	UBE2G2
MIRLET7G	MIRLET7F1	KMT2B	KMT2D
MIRLET7G	MIRLET7F1	KMT2B	EHMT1
MIRLET7G	MIRLET7F1	DUSP5	DUSP10
MIRLET7G	MIRLET7F1	EHMT1	KMT2D
MIRLET7G	MIRLET7F1	PPP4C	PPP2CA
MIRLET7G	MIRLET7F1	PPP4C	PPP1CA
MIRLET7G	MIRLET7F1	KIF2A	KIF5C
MIRLET7G	MIRLET7F1	PPP2CA	PPP1CA
MIRLET7G	MIRLET7F1	RBM19	TIA1
MIRLET7G	MIRLET7F1	ZNF644	PRDM2
MIRLET7G	MIRLET7F1	ZNF644	ZNF852
MIRLET7G	MIRLET7F1	DUSP10	DUSP4
MIRLET7G	MIRLET7F1	TRIM25	TRIM32
MIRLET7G	MIRLET7F1	PRDM2	ZNF852
MIRLET7G	MIRLET7F1	EIF2AK4	EIF2AK1
MIRLET7G	MIRLET7F1	KDM6B	KDM6A
MIRLET7G	MIRLET7F1	USP10	USP47
MIRLET7G	MIRLET7F1	KLHL42	BACH1
MIRLET7G	MIRLET7F1	HIVEP2	ZNF516
MIRLET7G	MIRLET7F1	HIVEP2	ZNF217
MIRLET7G	MIRLET7F1	ZNF516	ZNF217
MIRLET7G	MIRLET7F1	MTMR9	MTMR12
MIRLET7I	MIRLET7B	CCNJ	CCND1
MIRLET7I	MIRLET7B	CCNJ	CCND2
MIRLET7I	MIRLET7B	ZNF691	ZNF792
MIRLET7I	MIRLET7B	SMC1A	CKAP4
MIRLET7I	MIRLET7B	NLK	MAPK6
MIRLET7I	MIRLET7B	SYNJ2	INPP5F
MIRLET7I	MIRLET7B	PLEC	DST
MIRLET7I	MIRLET7B	ZFHX4	ZFHX2
MIRLET7I	MIRLET7B	OXSR1	MAP3K1
MIRLET7I	MIRLET7B	OXSR1	STK4
MIRLET7I	MIRLET7B	TSPYL1	NAP1L1
MIRLET7I	MIRLET7B	RHOB	RHOBTB3
MIRLET7I	MIRLET7B	COL1A1	COL15A1
MIRLET7I	MIRLET7B	STK4	MAP3K1
MIRLET7I	MIRLET7B	IGF2BP1	KHSRP
MIRLET7I	MIRLET7B	PRKAA1	SIK1
MIRLET7I	MIRLET7B	NBEAL2	LRBA
MIRLET7I	MIRLET7B	ZNF451	ZBTB32
MIRLET7I	MIRLET7B	SERPINA3	SERPINH1
MIRLET7I	MIRLET7B	PRDM4	PRDM2
MIRLET7I	MIRLET7B	PRDM4	ZNF644
MIRLET7I	MIRLET7B	PRDM4	ZNF852
MIRLET7I	MIRLET7B	KHSRP	IGF2BP2
MIRLET7I	MIRLET7B	ZFYVE26	RUFY3
MIRLET7I	MIRLET7B	ATP13A3	ATP2A2
MIRLET7I	MIRLET7B	RBMS1	SYNCRIP
MIRLET7I	MIRLET7B	RBMS2	SYNCRIP
MIRLET7I	MIRLET7B	MAP2K4	MAP3K2
MIRLET7I	MIRLET7B	UBE2K	UBE2G2
MIRLET7I	MIRLET7B	KMT2B	KMT2D
MIRLET7I	MIRLET7B	KMT2B	EHMT1
MIRLET7I	MIRLET7B	EHMT1	KMT2D
MIRLET7I	MIRLET7B	PPP4C	PPP2CB
MIRLET7I	MIRLET7B	PPP4C	PPP2CA
MIRLET7I	MIRLET7B	PPP4C	PPP1CA
MIRLET7I	MIRLET7B	KIF2A	KIF5C
MIRLET7I	MIRLET7B	PPP2CA	PPP1CA
MIRLET7I	MIRLET7B	PPP1CA	PPP2CB
MIRLET7I	MIRLET7B	RBM19	TIA1
MIRLET7I	MIRLET7B	ZNF644	PRDM2
MIRLET7I	MIRLET7B	ZNF644	ZNF852
MIRLET7I	MIRLET7B	TRIM25	TRIM32
MIRLET7I	MIRLET7B	PRDM2	ZNF852
MIRLET7I	MIRLET7B	EIF2AK4	EIF2AK1
MIRLET7I	MIRLET7B	KDM6B	KDM6A
MIRLET7I	MIRLET7B	USP10	USP47
MIRLET7I	MIRLET7B	KLHL42	BACH1
MIRLET7I	MIRLET7B	HIVEP2	ZNF516
MIRLET7I	MIRLET7B	HIVEP2	ZNF217
MIRLET7I	MIRLET7B	ZNF516	ZNF217
MIRLET7I	MIRLET7B	MTMR9	MTMR12
MIRLET7I	MIRLET7F1	CCNJ	CCND1
MIRLET7I	MIRLET7F1	CCNJ	CCND2
MIRLET7I	MIRLET7F1	ZNF691	ZNF792
MIRLET7I	MIRLET7F1	CHD9	ERCC6
MIRLET7I	MIRLET7F1	SMC1A	CKAP4
MIRLET7I	MIRLET7F1	MYO5A	MYO1E
MIRLET7I	MIRLET7F1	NLK	MAPK6
MIRLET7I	MIRLET7F1	SYNJ2	INPP5F
MIRLET7I	MIRLET7F1	PLEC	DST
MIRLET7I	MIRLET7F1	ZFHX4	ZFHX2
MIRLET7I	MIRLET7F1	OXSR1	MAP3K1
MIRLET7I	MIRLET7F1	OXSR1	STK4
MIRLET7I	MIRLET7F1	PTPN14	PTPN6
MIRLET7I	MIRLET7F1	TSPYL1	NAP1L1
MIRLET7I	MIRLET7F1	STK4	MAP3K1
MIRLET7I	MIRLET7F1	IGF2BP1	KHSRP
MIRLET7I	MIRLET7F1	TGIF1	PBX3
MIRLET7I	MIRLET7F1	PRKAA1	SIK1
MIRLET7I	MIRLET7F1	NBEAL2	LRBA
MIRLET7I	MIRLET7F1	ZNF451	ZBTB32
MIRLET7I	MIRLET7F1	SERPINA3	SERPINH1
MIRLET7I	MIRLET7F1	FBXL14	FBXL5
MIRLET7I	MIRLET7F1	PRDM4	PRDM2
MIRLET7I	MIRLET7F1	PRDM4	ZNF644
MIRLET7I	MIRLET7F1	PRDM4	ZNF852
MIRLET7I	MIRLET7F1	KHSRP	IGF2BP2
MIRLET7I	MIRLET7F1	ZFYVE26	RUFY3
MIRLET7I	MIRLET7F1	ATP13A3	ATP2A2
MIRLET7I	MIRLET7F1	RBMS1	SYNCRIP
MIRLET7I	MIRLET7F1	ZFHX2	ZFHX3
MIRLET7I	MIRLET7F1	RBMS2	SYNCRIP
MIRLET7I	MIRLET7F1	MAP2K4	MAP3K2
MIRLET7I	MIRLET7F1	KLHL24	KLHL42
MIRLET7I	MIRLET7F1	KLHL24	BACH1
MIRLET7I	MIRLET7F1	UBE2K	UBE2G2
MIRLET7I	MIRLET7F1	KMT2B	KMT2D
MIRLET7I	MIRLET7F1	KMT2B	EHMT1
MIRLET7I	MIRLET7F1	EHMT1	KMT2D
MIRLET7I	MIRLET7F1	PPP4C	PPP2CA
MIRLET7I	MIRLET7F1	PPP4C	PPP1CA
MIRLET7I	MIRLET7F1	KIF2A	KIF5C
MIRLET7I	MIRLET7F1	PPP2CA	PPP1CA
MIRLET7I	MIRLET7F1	RBM19	TIA1
MIRLET7I	MIRLET7F1	ZNF644	PRDM2
MIRLET7I	MIRLET7F1	ZNF644	ZNF852
MIRLET7I	MIRLET7F1	TRIM25	TRIM32
MIRLET7I	MIRLET7F1	PRDM2	ZNF852
MIRLET7I	MIRLET7F1	EIF2AK4	EIF2AK1
MIRLET7I	MIRLET7F1	KDM6B	KDM6A
MIRLET7I	MIRLET7F1	USP10	USP47
MIRLET7I	MIRLET7F1	KLHL42	BACH1
MIRLET7I	MIRLET7F1	HIVEP2	ZNF516
MIRLET7I	MIRLET7F1	HIVEP2	ZNF217
MIRLET7I	MIRLET7F1	ZNF516	ZNF217
MIRLET7I	MIRLET7F1	MTMR9	MTMR12
