miRNA_1	miRNA_2	target
gene_name_1	gene_name_2	not_in_G
MIR101-1	MIR101-2	SERINC1
MIR101-1	MIR101-2	MEF2A
MIR101-1	MIR101-2	CSRP2
MIR101-1	MIR101-2	RNF216
MIR101-1	MIR101-2	ATP5A1
MIR101-1	MIR101-2	OTUD4
MIR101-1	MIR101-2	CHEK1
MIR101-1	MIR101-2	AKAP11
MIR101-1	MIR101-2	CPEB2
MIR101-1	MIR101-2	AP1G1
MIR101-1	MIR101-2	TXNDC16
MIR101-1	MIR101-2	ARNTL2
MIR101-1	MIR101-2	OPN3
MIR101-1	MIR101-2	PIP5K1C
MIR101-1	MIR101-2	LMNB1
MIR101-1	MIR101-2	RPRD1A
MIR101-1	MIR101-2	FAM78A
MIR101-1	MIR101-2	PRDM2
MIR101-1	MIR101-2	TRIAP1
MIR101-1	MIR101-2	KIF5B
MIR101-1	MIR101-2	MYO5A
MIR101-1	MIR101-2	SKP2
MIR101-1	MIR101-2	STAMBP
MIR101-1	MIR101-2	APP
MIR101-1	MIR101-2	RNF219
MIR101-1	MIR101-2	SNX31
MIR101-1	MIR101-2	CD38
MIR101-1	MIR101-2	SPPL2A
MIR101-1	MIR101-2	EDEM3
MIR101-1	MIR101-2	NEK7
MIR101-1	MIR101-2	KL
MIR101-1	MIR101-2	C21orf91
MIR101-1	MIR101-2	EIF5
MIR101-1	MIR101-2	BICC1
MIR101-1	MIR101-2	NHLRC2
MIR101-1	MIR101-2	PIK3C2B
MIR101-1	MIR101-2	ITGB8
MIR101-1	MIR101-2	MAPK6
MIR101-1	MIR101-2	MCL1
MIR101-1	MIR101-2	MOB1B
MIR101-1	MIR101-2	PGM2
MIR101-1	MIR101-2	RAB8B
MIR101-1	MIR101-2	ZNF800
MIR101-1	MIR101-2	SAMD8
MIR101-1	MIR101-2	CD81
MIR101-1	MIR101-2	PNLIPRP2
MIR101-1	MIR101-2	TSPYL1
MIR101-1	MIR101-2	TMEM65
MIR101-1	MIR101-2	REV3L
MIR101-1	MIR101-2	SLC38A2
MIR101-1	MIR101-2	HEG1
MIR101-1	MIR101-2	AGO4
MIR101-1	MIR101-2	ZNF746
MIR101-1	MIR101-2	ZNF850
MIR101-1	MIR101-2	MTMR4
MIR101-1	MIR101-2	FBXW7
MIR101-1	MIR101-2	TFB2M
MIR101-1	MIR101-2	ATP6V1A
MIR101-1	MIR101-2	CD44
MIR101-1	MIR101-2	ZNF207
MIR101-1	MIR101-2	PMF1
MIR101-1	MIR101-2	SLC1A1
MIR101-1	MIR101-2	B3GALNT2
MIR101-1	MIR101-2	MSN
MIR101-1	MIR101-2	HNRNPF
MIR101-1	MIR101-2	MAGI1
MIR101-1	MIR101-2	RAPH1
MIR101-1	MIR101-2	CSF1
MIR101-1	MIR101-2	RORA
MIR101-1	MIR101-2	ZC3H6
MIR101-1	MIR101-2	PDCD4
MIR101-1	MIR101-2	MTMR7
MIR101-1	MIR101-2	RNASE1
MIR101-1	MIR101-2	DR1
MIR101-1	MIR101-2	RIC1
MIR101-1	MIR101-2	CDK6
MIR101-1	MIR101-2	ASCC3
MIR101-1	MIR101-2	CLDND1
MIR101-1	MIR101-2	BACH1
MIR101-1	MIR101-2	KDM6B
MIR101-1	MIR101-2	CDC42SE2
MIR101-1	MIR101-2	ZFP64
MIR101-1	MIR101-2	BLOC1S6
MIR101-1	MIR101-2	MSI2
MIR101-1	MIR101-2	RNF213
MIR101-1	MIR101-2	CDKN1A
MIR101-1	MIR101-2	AEBP2
MIR101-1	MIR101-2	SNN
MIR101-1	MIR101-2	C8orf4
MIR101-1	MIR101-2	NDUFA2
MIR101-1	MIR101-2	RPS20
MIR101-1	MIR101-2	CPSF2
MIR101-1	MIR101-2	DIP2B
MIR101-1	MIR101-2	DNAJC7
MIR101-1	MIR101-2	ERO1L
MIR101-1	MIR101-2	CDC14B
MIR101-1	MIR101-2	NR1D2
MIR101-1	MIR101-2	NCBP2
MIR101-1	MIR101-2	YAP1
MIR101-1	MIR101-2	ZMYM2
MIR101-1	MIR101-2	ATP2B1
MIR101-1	MIR101-2	RAP2B
MIR101-1	MIR101-2	SPATA2
MIR101-1	MIR101-2	ZNF714
MIR101-1	MIR101-2	ANKRD42
MIR101-1	MIR101-2	CDK8
MIR101-1	MIR101-2	FBXO30
MIR101-1	MIR101-2	C8orf76
MIR101-1	MIR101-2	TMED5
MIR101-1	MIR101-2	MSMO1
MIR101-1	MIR101-2	FAM46A
MIR101-1	MIR101-2	NRP1
MIR101-1	MIR101-2	USP37
MIR101-1	MIR101-2	PLEKHA8
MIR101-1	MIR101-2	ENPP2
MIR101-1	MIR101-2	MKL2
MIR101-1	MIR101-2	GOLGA8A
MIR101-1	MIR101-2	TCP11L2
MIR101-1	MIR101-2	GAN
MIR101-1	MIR101-2	GCNT1
MIR101-1	MIR101-2	FAS
MIR101-1	MIR101-2	MBD2
MIR101-1	MIR101-2	POMP
MIR101-1	MIR101-2	ZBTB34
MIR101-1	MIR101-2	CAMSAP2
MIR101-1	MIR101-2	BMP2K
MIR101-1	MIR101-2	OSGIN2
MIR101-1	MIR101-2	LCOR
MIR101-1	MIR101-2	RANBP9
MIR101-1	MIR101-2	SURF4
MIR101-1	MIR101-2	CCNY
MIR101-1	MIR101-2	PHF20
MIR101-1	MIR101-2	CIC
MIR101-1	MIR101-2	GNG2
MIR101-1	MIR101-2	HELLS
MIR101-1	MIR101-2	B4GALT6
MIR101-1	MIR101-2	CDK17
MIR101-1	MIR101-2	SPG11
MIR101-1	MIR101-2	TANK
MIR101-1	MIR101-2	DCP2
MIR101-1	MIR101-2	POU2F1
MIR101-1	MIR101-2	TCF19
MIR101-1	MIR101-2	TNRC6C
MIR101-1	MIR101-2	AP1S2
MIR101-1	MIR101-2	TAPBP
MIR101-1	MIR101-2	DDIT4
MIR101-1	MIR101-2	PAQR7
MIR101-1	MIR101-2	PTPN4
MIR101-1	MIR101-2	ANKRD17
MIR101-1	MIR101-2	G3BP2
MIR101-1	MIR101-2	IFNGR2
MIR101-1	MIR101-2	ATP1B1
MIR101-1	MIR101-2	PDE4D
MIR101-1	MIR101-2	RC3H2
MIR101-1	MIR101-2	IMPA1
MIR101-1	MIR101-2	RNF19A
MIR101-1	MIR101-2	WNK1
MIR101-1	MIR101-2	DUSP1
MIR101-1	MIR101-2	MNX1
MIR103A1	MIR103A2	LATS2
MIR103A1	MIR103A2	ENTHD2
MIR103A1	MIR103A2	NLN
MIR103A1	MIR103A2	SIL1
MIR103A1	MIR103A2	TM9SF1
MIR103A1	MIR103A2	SON
MIR103A1	MIR103A2	BCAM
MIR103A1	MIR103A2	HIST1H2BB
MIR103A1	MIR103A2	FLNC
MIR103A1	MIR103A2	ATP5EP2
MIR103A1	MIR103A2	ASPH
MIR103A1	MIR103A2	RAB3GAP2
MIR103A1	MIR103A2	CKAP5
MIR103A1	MIR103A2	ZHX1
MIR103A1	MIR103A2	ABL1
MIR103A1	MIR103A2	DUSP6
MIR103A1	MIR103A2	CDC42EP1
MIR103A1	MIR103A2	BECN1
MIR103A1	MIR103A2	ADK
MIR103A1	MIR103A2	MYADM
MIR103A1	MIR103A2	TRABD
MIR103A1	MIR103A2	PPP6R1
MIR103A1	MIR103A2	IGFBP2
MIR103A1	MIR103A2	NDST1
MIR103A1	MIR103A2	ZCCHC3
MIR103A1	MIR103A2	RPL35
MIR103A1	MIR103A2	CLCN3
MIR103A1	MIR103A2	NFE2L3
MIR103A1	MIR103A2	PML
MIR103A1	MIR103A2	ALDH6A1
MIR103A1	MIR103A2	MCM7
MIR103A1	MIR103A2	GPI
MIR103A1	MIR103A2	UBR4
MIR103A1	MIR103A2	APP
MIR103A1	MIR103A2	DNM2
MIR103A1	MIR103A2	TNRC18
MIR103A1	MIR103A2	PLAUR
MIR103A1	MIR103A2	AGPAT5
MIR103A1	MIR103A2	PPFIBP1
MIR103A1	MIR103A2	PLAGL2
MIR103A1	MIR103A2	GPC1
MIR103A1	MIR103A2	CREBRF
MIR103A1	MIR103A2	NLRP1
MIR103A1	MIR103A2	LRP5
MIR103A1	MIR103A2	DUS1L
MIR103A1	MIR103A2	IQGAP1
MIR103A1	MIR103A2	ABHD6
MIR103A1	MIR103A2	PTP4A2
MIR103A1	MIR103A2	MED11
MIR103A1	MIR103A2	FRMD4B
MIR103A1	MIR103A2	CCT4
MIR103A1	MIR103A2	CD9
MIR103A1	MIR103A2	IMMT
MIR103A1	MIR103A2	CCNG1
MIR103A1	MIR103A2	RACGAP1
MIR103A1	MIR103A2	RSBN1
MIR103A1	MIR103A2	TMEM115
MIR103A1	MIR103A2	ACADVL
MIR103A1	MIR103A2	IER3
MIR103A1	MIR103A2	ELK3
MIR103A1	MIR103A2	BCL2L13
MIR103A1	MIR103A2	REV3L
MIR103A1	MIR103A2	GDE1
MIR103A1	MIR103A2	CHMP1B
MIR103A1	MIR103A2	NUDCD1
MIR103A1	MIR103A2	VPS53
MIR103A1	MIR103A2	FRY
MIR103A1	MIR103A2	XPO1
MIR103A1	MIR103A2	SYVN1
MIR103A1	MIR103A2	ECSCR
MIR103A1	MIR103A2	GUCD1
MIR103A1	MIR103A2	JOSD2
MIR103A1	MIR103A2	GPSM1
MIR103A1	MIR103A2	ZNF521
MIR103A1	MIR103A2	PM20D2
MIR103A1	MIR103A2	GSK3B
MIR103A1	MIR103A2	CHRNA10
MIR103A1	MIR103A2	ZFP36L2
MIR103A1	MIR103A2	PVRL1
MIR103A1	MIR103A2	BTBD7
MIR103A1	MIR103A2	N4BP1
MIR103A1	MIR103A2	FARSA
MIR103A1	MIR103A2	RBL1
MIR103A1	MIR103A2	FUBP1
MIR103A1	MIR103A2	UBN1
MIR103A1	MIR103A2	TSPAN14
MIR103A1	MIR103A2	ARHGEF15
MIR103A1	MIR103A2	SPRY4
MIR103A1	MIR103A2	CD48
MIR103A1	MIR103A2	MED12
MIR103A1	MIR103A2	GEMIN8
MIR103A1	MIR103A2	RNF217
MIR103A1	MIR103A2	MGAT1
MIR103A1	MIR103A2	CHN1
MIR103A1	MIR103A2	SPCS3
MIR103A1	MIR103A2	CYR61
MIR103A1	MIR103A2	PCNXL3
MIR103A1	MIR103A2	TMEM44
MIR103A1	MIR103A2	TOMM34
MIR103A1	MIR103A2	TUBA1C
MIR103A1	MIR103A2	ZYG11B
MIR103A1	MIR103A2	KCNN4
MIR103A1	MIR103A2	ZDHHC4
MIR103A1	MIR103A2	MESDC1
MIR103A1	MIR103A2	IL6ST
MIR103A1	MIR103A2	VCP
MIR103A1	MIR103A2	MAP3K12
MIR103A1	MIR103A2	ZNRF2
MIR103A1	MIR103A2	CAP1
MIR103A1	MIR103A2	SLC5A3
MIR103A1	MIR103A2	ATF7
MIR103A1	MIR103A2	FBXO46
MIR103A1	MIR103A2	PSMD2
MIR103A1	MIR103A2	VPS51
MIR103A1	MIR103A2	IL24
MIR103A1	MIR103A2	BIRC6
MIR103A1	MIR103A2	MCRS1
MIR103A1	MIR103A2	ALAS1
MIR103A1	MIR103A2	CDC42SE2
MIR103A1	MIR103A2	ZBTB22
MIR103A1	MIR103A2	ZBTB20
MIR103A1	MIR103A2	MTDH
MIR103A1	MIR103A2	NELFA
MIR103A1	MIR103A2	RPA1
MIR103A1	MIR103A2	CDKN1A
MIR103A1	MIR103A2	RPS6KA3
MIR103A1	MIR103A2	IRF2BP2
MIR103A1	MIR103A2	BRD2
MIR103A1	MIR103A2	GRN
MIR103A1	MIR103A2	TUBA1B
MIR103A1	MIR103A2	PRKAR2A
MIR103A1	MIR103A2	ARL5A
MIR103A1	MIR103A2	MAP1B
MIR103A1	MIR103A2	NUP214
MIR103A1	MIR103A2	OS9
MIR103A1	MIR103A2	ASGR1
MIR103A1	MIR103A2	GGA2
MIR103A1	MIR103A2	RB1CC1
MIR103A1	MIR103A2	MOGS
MIR103A1	MIR103A2	F2R
MIR103A1	MIR103A2	PRR3
MIR103A1	MIR103A2	ADAR
MIR103A1	MIR103A2	BTBD3
MIR103A1	MIR103A2	CUL4B
MIR103A1	MIR103A2	NRIP1
MIR103A1	MIR103A2	RBM23
MIR103A1	MIR103A2	CHPF2
MIR103A1	MIR103A2	TOP2B
MIR103A1	MIR103A2	AIM1
MIR103A1	MIR103A2	TAGLN2
MIR103A1	MIR103A2	ARHGAP17
MIR103A1	MIR103A2	TSHZ1
MIR103A1	MIR103A2	C3
MIR103A1	MIR103A2	KLC1
MIR103A1	MIR103A2	RC3H1
MIR103A1	MIR103A2	EEF1B2
MIR103A1	MIR103A2	YWHAB
MIR103A1	MIR103A2	LIMD2
MIR103A1	MIR103A2	THEM6
MIR103A1	MIR103A2	RWDD1
MIR103A1	MIR103A2	PRKACA
MIR103A1	MIR103A2	RRP12
MIR103A1	MIR103A2	ENTPD4
MIR103A1	MIR103A2	CD276
MIR103A1	MIR103A2	NIN
MIR103A1	MIR103A2	ADD1
MIR103A1	MIR103A2	RAB1B
MIR103A1	MIR103A2	HIST1H2BI
MIR103A1	MIR103A2	PALM2-AKAP2
MIR103A1	MIR103A2	PLK1
MIR103A1	MIR103A2	STOM
MIR103A1	MIR103A2	FLOT1
MIR103A1	MIR103A2	TGFBR2
MIR103A1	MIR103A2	NUP210
MIR103A1	MIR103A2	KCTD10
MIR103A1	MIR103A2	MAP1S
MIR103A1	MIR103A2	DIAPH1
MIR103A1	MIR103A2	C21orf59
MIR103A1	MIR103A2	EPM2AIP1
MIR103A1	MIR103A2	FNDC4
MIR103A1	MIR103A2	GTSE1
MIR103A1	MIR103A2	SEC13
MIR103A1	MIR103A2	CDIPT
MIR103A1	MIR103A2	ITGA6
MIR103A1	MIR103A2	MMP14
MIR103A1	MIR103A2	PCBP1
MIR103A1	MIR103A2	SNCG
MIR103A1	MIR103A2	CHD3
MIR103A1	MIR103A2	POLR1B
MIR103A1	MIR103A2	AP2M1
MIR103A1	MIR103A2	C20orf27
MIR103A1	MIR103A2	SNAPC5
MIR103A1	MIR103A2	FAT4
MIR103A1	MIR103A2	TOP3A
MIR103A1	MIR103A2	C12orf57
MIR103A1	MIR103A2	CAD
MIR103A1	MIR103A2	TOB2
MIR103A1	MIR103A2	HSD17B12
MIR103A1	MIR103A2	SPTAN1
MIR103A1	MIR103A2	BZW2
MIR103A1	MIR103A2	OAS3
MIR103A1	MIR103A2	MYCBP2
MIR103A1	MIR103A2	HIST1H2BG
MIR103A1	MIR103A2	ARAP3
MIR103A1	MIR103A2	GTF2H4
MIR103A1	MIR103A2	HNRNPA0
MIR103A1	MIR103A2	PCSK7
MIR103A1	MIR103A2	IFNGR2
MIR103A1	MIR103A2	ACBD5
MIR103A1	MIR103A2	IRF4
MIR103A1	MIR103A2	RGS5
MIR103A1	MIR103A2	WDR6
MIR103A1	MIR103A2	EIF2AK1
MIR103A1	MIR103A2	GRAMD3
MIR103A1	MIR103A2	WLS
MIR103A1	MIR103A2	INPPL1
MIR103A1	MIR103A2	PGRMC1
MIR103A1	MIR103A2	PKN1
MIR103A1	MIR103A2	TBL1XR1
MIR103A1	MIR103A2	TMEM184B
MIR103A1	MIR103A2	RNH1
MIR103A1	MIR103A2	GBF1
MIR103A1	MIR103A2	ZNF780B
MIR103A1	MIR103A2	ANKRD50
MIR103A1	MIR103A2	VPS33B
MIR103A1	MIR103A2	FGD4
MIR103A1	MIR103A2	CHUK
MIR103A1	MIR103A2	AKAP11
MIR103A1	MIR103A2	KLF5
MIR103A1	MIR103A2	C4orf48
MIR103A1	MIR103A2	LAPTM4A
MIR103A1	MIR103A2	NDUFS8
MIR103A1	MIR103A2	PHLDA3
MIR103A1	MIR103A2	PUF60
MIR103A1	MIR103A2	FAM127A
MIR103A1	MIR103A2	NAA38
MIR103A1	MIR103A2	FAM103A1
MIR103A1	MIR103A2	TXNRD3
MIR103A1	MIR103A2	FOCAD
MIR103A1	MIR103A2	TMEM167B
MIR103A1	MIR103A2	SMPD1
MIR103A1	MIR103A2	ENG
MIR103A1	MIR103A2	LATS1
MIR103A1	MIR103A2	GFOD2
MIR103A1	MIR103A2	PLXNA4
MIR103A1	MIR103A2	SCG2
MIR103A1	MIR103A2	FLT1
MIR103A1	MIR103A2	HIST1H2BO
MIR103A1	MIR103A2	SLC25A10
MIR103A1	MIR103A2	HHIP
MIR103A1	MIR103A2	MED24
MIR103A1	MIR103A2	INF2
MIR103A1	MIR103A2	COG1
MIR103A1	MIR103A2	TSPAN3
MIR103A1	MIR103A2	ZNF618
MIR103A1	MIR103A2	MAPK9
MIR103A1	MIR103A2	RCAN1
MIR103A1	MIR103A2	COG8
MIR103A1	MIR103A2	BAZ2A
MIR103A1	MIR103A2	DLAT
MIR103A1	MIR103A2	PIK3CG
MIR103A1	MIR103A2	RAB11B
MIR103A1	MIR103A2	FLOT2
MIR103A1	MIR103A2	HK1
MIR103A1	MIR103A2	FEN1
MIR103A1	MIR103A2	PURB
MIR103A1	MIR103A2	NCL
MIR103A1	MIR103A2	JUN
MIR103A1	MIR103A2	SLC52A2
MIR103A1	MIR103A2	EIF5
MIR103A1	MIR103A2	TLN1
MIR103A1	MIR103A2	COPB1
MIR103A1	MIR103A2	PRKAR2B
MIR103A1	MIR103A2	ARCN1
MIR103A1	MIR103A2	CFL1
MIR103A1	MIR103A2	DNAJB4
MIR103A1	MIR103A2	FANCF
MIR103A1	MIR103A2	PTGFRN
MIR103A1	MIR103A2	PTAR1
MIR103A1	MIR103A2	PABPN1
MIR103A1	MIR103A2	NOTCH2
MIR103A1	MIR103A2	CD59
MIR103A1	MIR103A2	ZNF687
MIR103A1	MIR103A2	NRBP1
MIR103A1	MIR103A2	ENHO
MIR103A1	MIR103A2	SCAMP2
MIR103A1	MIR103A2	TNFRSF21
MIR103A1	MIR103A2	ST6GAL1
MIR103A1	MIR103A2	MBOAT2
MIR103A1	MIR103A2	TCIRG1
MIR103A1	MIR103A2	SPAG9
MIR103A1	MIR103A2	MGAT2
MIR103A1	MIR103A2	PAWR
MIR103A1	MIR103A2	ZBED4
MIR103A1	MIR103A2	UBE2T
MIR103A1	MIR103A2	MAT2B
MIR103A1	MIR103A2	TCP1
MIR103A1	MIR103A2	RAI14
MIR103A1	MIR103A2	UBR3
MIR103A1	MIR103A2	RNPEPL1
MIR103A1	MIR103A2	TIE1
MIR103A1	MIR103A2	FBXW7
MIR103A1	MIR103A2	PRKCSH
MIR103A1	MIR103A2	ARL2
MIR103A1	MIR103A2	CHD2
MIR103A1	MIR103A2	SEC22C
MIR103A1	MIR103A2	SNX6
MIR103A1	MIR103A2	UBE2J1
MIR103A1	MIR103A2	FGF2
MIR103A1	MIR103A2	KPNA1
MIR103A1	MIR103A2	ADI1
MIR103A1	MIR103A2	CDR2L
MIR103A1	MIR103A2	KCTD12
MIR103A1	MIR103A2	MAST2
MIR103A1	MIR103A2	TTC31
MIR103A1	MIR103A2	MEPCE
MIR103A1	MIR103A2	AP1S1
MIR103A1	MIR103A2	FOXK1
MIR103A1	MIR103A2	EIF2AK4
MIR103A1	MIR103A2	C21orf33
MIR103A1	MIR103A2	MOV10
MIR103A1	MIR103A2	ARHGEF1
MIR103A1	MIR103A2	VRK3
MIR103A1	MIR103A2	MTHFD2
MIR103A1	MIR103A2	CRTAP
MIR103A1	MIR103A2	MYO1C
MIR103A1	MIR103A2	FZD6
MIR103A1	MIR103A2	CCNT1
MIR103A1	MIR103A2	PPP1R18
MIR103A1	MIR103A2	PLXNB2
MIR103A1	MIR103A2	ZCCHC2
MIR103A1	MIR103A2	RECK
MIR103A1	MIR103A2	BMPR2
MIR103A1	MIR103A2	PICALM
MIR103A1	MIR103A2	CDK12
MIR103A1	MIR103A2	SGMS2
MIR103A1	MIR103A2	SF1
MIR103A1	MIR103A2	TUBGCP4
MIR103A1	MIR103A2	TXLNA
MIR103A1	MIR103A2	NR2F6
MIR103A1	MIR103A2	C6orf120
MIR103A1	MIR103A2	LDOC1
MIR103A1	MIR103A2	TLE3
MIR103A1	MIR103A2	RAB3B
MIR103A1	MIR103A2	FAM179A
MIR103A1	MIR103A2	FANCA
MIR103A1	MIR103A2	AHNAK
MIR103A1	MIR103A2	RPN1
MIR103A1	MIR103A2	CEP164
MIR103A1	MIR103A2	FAM219A
MIR103A1	MIR103A2	ARL10
MIR103A1	MIR103A2	TGFB1
MIR103A1	MIR103A2	METAP2
MIR103A1	MIR103A2	PI4KB
MIR103A1	MIR103A2	HIST1H2BF
MIR103A1	MIR103A2	ACSL4
MIR103A1	MIR103A2	SUN2
MIR103A1	MIR103A2	HIPK1
MIR103A1	MIR103A2	EMP1
MIR103A1	MIR103A2	GCC2
MIR103A1	MIR103A2	SHISA5
MIR103A1	MIR103A2	TRIM8
MIR103A1	MIR103A2	GARS
MIR103A1	MIR103A2	PTPRB
MIR103A1	MIR103A2	SCAP
MIR103A1	MIR103A2	RAB1A
MIR103A1	MIR103A2	PLEKHF2
MIR103A1	MIR103A2	TNPO3
MIR103A1	MIR103A2	RPL5
MIR103A1	MIR103A2	XXbac-BPG32J3.20
MIR103A1	MIR103A2	NQO1
MIR103A1	MIR103A2	GIT1
MIR103A1	MIR103A2	FASN
MIR103A1	MIR103A2	ZDHHC16
MIR103A1	MIR103A2	ANKRD52
MIR103A1	MIR103A2	CELSR1
MIR103A1	MIR103A2	CLSTN1
MIR103A1	MIR103A2	RNF19B
MIR103A1	MIR103A2	HIST1H4F
MIR103A1	MIR103A2	ST6GALNAC4
MIR103A1	MIR103A2	S1PR1
MIR103A1	MIR103A2	RPS3
MIR103A1	MIR103A2	UTP18
MIR103A1	MIR103A2	MKKS
MIR103A1	MIR103A2	TAF6
MIR103A1	MIR103A2	ETS2
MIR103A1	MIR103A2	MFSD5
MIR103A1	MIR103A2	IMP3
MIR103A1	MIR103A2	CNKSR3
MIR103A1	MIR103A2	SAE1
MIR103A1	MIR103A2	APLN
MIR103A1	MIR103A2	NUAK1
MIR103A1	MIR103A2	IST1
MIR103A1	MIR103A2	ESYT2
MIR103A1	MIR103A2	C16orf72
MIR103A1	MIR103A2	STAT2
MIR103A1	MIR103A2	COPG2
MIR103A1	MIR103A2	FAM49B
MIR103A1	MIR103A2	YTHDF2
MIR103A1	MIR103A2	POLD1
MIR103A1	MIR103A2	CDCA7L
MIR103A1	MIR103A2	USP14
MIR103A1	MIR103A2	KDM2A
MIR103A1	MIR103A2	FRYL
MIR103A1	MIR103A2	GIGYF1
MIR103A1	MIR103A2	PIP4K2B
MIR103A1	MIR103A2	MBNL1
MIR103A1	MIR103A2	TMEM101
MIR103A1	MIR103A2	ATP13A2
MIR103A1	MIR103A2	FERMT2
MIR103A1	MIR103A2	SEC14L1
MIR103A1	MIR103A2	REG3G
MIR103A1	MIR103A2	COPA
MIR103A1	MIR103A2	STARD8
MIR103A1	MIR103A2	DENND4B
MIR103A1	MIR103A2	ASH1L
MIR103A1	MIR103A2	MAPKAPK3
MIR103A1	MIR103A2	FAM69B
MIR103A1	MIR103A2	FGFRL1
MIR103A1	MIR103A2	PGAM5
MIR103A1	MIR103A2	STAM
MIR103A1	MIR103A2	TMEM109
MIR103A1	MIR103A2	MAP4
MIR103A1	MIR103A2	PLA2G15
MIR103A1	MIR103A2	SLC9A1
MIR103A1	MIR103A2	MAP3K11
MIR103A1	MIR103A2	PTPN18
MIR103A1	MIR103A2	UROD
MIR103A1	MIR103A2	KTN1
MIR103A1	MIR103A2	ZNF710
MIR103A1	MIR103A2	DDIT4
MIR103A1	MIR103A2	ANKRD17
MIR103A1	MIR103A2	KMT2D
MIR103A1	MIR103A2	H2AFV
MIR103A1	MIR103A2	HIST1H2BC
MIR103A1	MIR103A2	SH2D3C
MIR103A1	MIR103A2	MMRN1
MIR103A1	MIR103A2	RNF19A
MIR103A1	MIR103A2	SEC24C
MIR103A1	MIR103A2	ENSG00000255103
MIR103A1	MIR103A2	SAMD4A
MIR103A1	MIR103A2	IER5L
MIR103A1	MIR103A2	KIFC3
MIR103A1	MIR103A2	SRSF3
MIR103A1	MIR103A2	ATL2
MIR103A1	MIR103A2	MAPK14
MIR103A1	MIR103A2	HYAL2
MIR103A1	MIR103A2	MAPRE1
MIR103A1	MIR103A2	ORAI1
MIR103A1	MIR103A2	PDIA6
MIR103A1	MIR103A2	RNF123
MIR103A1	MIR103A2	TMEM39B
MIR103A1	MIR103A2	CD2AP
MIR103A1	MIR103A2	HERC1
MIR103A1	MIR103A2	NSUN4
MIR103A1	MIR103A2	QKI
MIR103A1	MIR103A2	EIF4G2
MIR103A1	MIR103A2	OTUD4
MIR103A1	MIR103A2	MYOF
MIR103A1	MIR103A2	TP53I11
MIR103A1	MIR103A2	RNF31
MIR103A1	MIR103A2	PPP2R5D
MIR103A1	MIR103A2	FBXO10
MIR103A1	MIR103A2	SF3B3
MIR103A1	MIR103A2	GLE1
MIR103A1	MIR103A2	IGF1R
MIR103A1	MIR103A2	AGO2
MIR103A1	MIR103A2	MIB1
MIR103A1	MIR103A2	PRPF40A
MIR103A1	MIR103A2	RBM14
MIR103A1	MIR103A2	GSN
MIR103A1	MIR103A2	DOCK6
MIR103A1	MIR103A2	FSCN1
MIR103A1	MIR103A2	DHX33
MIR103A1	MIR103A2	SPATA13
MIR103A1	MIR103A2	FBXO5
MIR103A1	MIR103A2	CREBBP
MIR103A1	MIR103A2	OGFOD1
MIR103A1	MIR103A2	KHSRP
MIR103A1	MIR103A2	SMG1
MIR103A1	MIR103A2	C2CD5
MIR103A1	MIR103A2	CYFIP1
MIR103A1	MIR103A2	FADD
MIR103A1	MIR103A2	TOR4A
MIR103A1	MIR103A2	RAB7A
MIR103A1	MIR103A2	KIF5B
MIR103A1	MIR103A2	CHMP3
MIR103A1	MIR103A2	RAI1
MIR103A1	MIR103A2	AP3D1
MIR103A1	MIR103A2	NID1
MIR103A1	MIR103A2	POM121C
MIR103A1	MIR103A2	GLTP
MIR103A1	MIR103A2	PPM1F
MIR103A1	MIR103A2	TNIP2
MIR103A1	MIR103A2	MIDN
MIR103A1	MIR103A2	MLLT4
MIR103A1	MIR103A2	SRSF2
MIR103A1	MIR103A2	CLDN5
MIR103A1	MIR103A2	NDUFS2
MIR103A1	MIR103A2	SRRM2
MIR103A1	MIR103A2	TGIF2
MIR103A1	MIR103A2	PGD
MIR103A1	MIR103A2	SNX8
MIR103A1	MIR103A2	TRAPPC1
MIR103A1	MIR103A2	C19orf68
MIR103A1	MIR103A2	CDC37
MIR103A1	MIR103A2	CHP1
MIR103A1	MIR103A2	MYO1D
MIR103A1	MIR103A2	BACE2
MIR103A1	MIR103A2	POMT2
MIR103A1	MIR103A2	TBCC
MIR103A1	MIR103A2	GLCE
MIR103A1	MIR103A2	TMEM123
MIR103A1	MIR103A2	RPL4
MIR103A1	MIR103A2	BUB1
MIR103A1	MIR103A2	SNX5
MIR103A1	MIR103A2	TNFRSF1B
MIR103A1	MIR103A2	ZFP36L1
MIR103A1	MIR103A2	C11orf58
MIR103A1	MIR103A2	GAS2L3
MIR103A1	MIR103A2	HSPA5
MIR103A1	MIR103A2	SLC18A2
MIR103A1	MIR103A2	CNOT6
MIR103A1	MIR103A2	CD80
MIR103A1	MIR103A2	ILF3
MIR103A1	MIR103A2	HERC3
MIR103A1	MIR103A2	GNA11
MIR103A1	MIR103A2	ANKS1A
MIR103A1	MIR103A2	NPTX2
MIR103A1	MIR103A2	XPO7
MIR103A1	MIR103A2	SEC24D
MIR103A1	MIR103A2	KDM6A
MIR103A1	MIR103A2	REXO2
MIR103A1	MIR103A2	EFEMP2
MIR103A1	MIR103A2	PVRL3
MIR103A1	MIR103A2	ABCB1
MIR103A1	MIR103A2	SORL1
MIR103A1	MIR103A2	IDH1
MIR103A1	MIR103A2	PURA
MIR103A1	MIR103A2	CTNND1
MIR103A1	MIR103A2	ALB
MIR103A1	MIR103A2	C17orf49
MIR103A1	MIR103A2	RHOBTB1
MIR103A1	MIR103A2	MAGED1
MIR103A1	MIR103A2	LAMC1
MIR103A1	MIR103A2	MTMR4
MIR103A1	MIR103A2	CTNNA1
MIR103A1	MIR103A2	ATG9B
MIR103A1	MIR103A2	TMEM11
MIR103A1	MIR103A2	XRN1
MIR103A1	MIR103A2	GNL3
MIR103A1	MIR103A2	NOL4L
MIR103A1	MIR103A2	SSRP1
MIR103A1	MIR103A2	TMBIM1
MIR103A1	MIR103A2	NTN4
MIR103A1	MIR103A2	RNPEP
MIR103A1	MIR103A2	HIST1H2BN
MIR103A1	MIR103A2	RTCB
MIR103A1	MIR103A2	LTBR
MIR103A1	MIR103A2	TMEM43
MIR103A1	MIR103A2	HIST1H3J
MIR103A1	MIR103A2	DSE
MIR103A1	MIR103A2	ABL2
MIR103A1	MIR103A2	UPF2
MIR103A1	MIR103A2	PRPF31
MIR103A1	MIR103A2	RORA
MIR103A1	MIR103A2	DDX54
MIR103A1	MIR103A2	CTGF
MIR103A1	MIR103A2	PAM
MIR103A1	MIR103A2	TBC1D8
MIR103A1	MIR103A2	VPS13D
MIR103A1	MIR103A2	ARHGAP21
MIR103A1	MIR103A2	MARCKS
MIR103A1	MIR103A2	TTLL12
MIR103A1	MIR103A2	APBB2
MIR103A1	MIR103A2	PAG1
MIR103A1	MIR103A2	SLC35A4
MIR103A1	MIR103A2	CSNK1A1
MIR103A1	MIR103A2	DYSF
MIR103A1	MIR103A2	RBM15B
MIR103A1	MIR103A2	CSE1L
MIR103A1	MIR103A2	TM4SF1
MIR103A1	MIR103A2	CDK6
MIR103A1	MIR103A2	KLHL18
MIR103A1	MIR103A2	CENPJ
MIR103A1	MIR103A2	DNAJC5
MIR103A1	MIR103A2	ATP1B3
MIR103A1	MIR103A2	HIST1H2BD
MIR103A1	MIR103A2	HSPH1
MIR103A1	MIR103A2	NAB1
MIR103A1	MIR103A2	NAPA
MIR103A1	MIR103A2	CMIP
MIR103A1	MIR103A2	SCAF4
MIR103A1	MIR103A2	RBM4
MIR103A1	MIR103A2	SEC61A1
MIR103A1	MIR103A2	PRDX4
MIR103A1	MIR103A2	SERPINE1
MIR103A1	MIR103A2	SIGMAR1
MIR103A1	MIR103A2	SULF2
MIR103A1	MIR103A2	CD200R1
MIR103A1	MIR103A2	SCRIB
MIR103A1	MIR103A2	CBX5
MIR103A1	MIR103A2	DDX3X
MIR103A1	MIR103A2	BCAR1
MIR103A1	MIR103A2	SLC16A3
MIR103A1	MIR103A2	SLC25A24
MIR103A1	MIR103A2	AKT2
MIR103A1	MIR103A2	HTRA1
MIR103A1	MIR103A2	SMARCC2
MIR103A1	MIR103A2	SIK3
MIR103A1	MIR103A2	CNOT10
MIR103A1	MIR103A2	MGP
MIR103A1	MIR103A2	DST
MIR103A1	MIR103A2	C10orf10
MIR103A1	MIR103A2	ARMC5
MIR103A1	MIR103A2	BTBD1
MIR103A1	MIR103A2	PIGS
MIR103A1	MIR103A2	PSMC4
MIR103A1	MIR103A2	DAG1
MIR103A1	MIR103A2	EIF4G1
MIR103A1	MIR103A2	B3GNT2
MIR103A1	MIR103A2	CLU
MIR103A1	MIR103A2	MAT2A
MIR103A1	MIR103A2	RNF24
MIR103A1	MIR103A2	RAB4A
MIR103A1	MIR103A2	STT3A
MIR103A1	MIR103A2	FHL1
MIR103A1	MIR103A2	SRM
MIR103A1	MIR103A2	PINK1
MIR103A1	MIR103A2	C7orf50
MIR103A1	MIR103A2	TUBA1A
MIR103A1	MIR103A2	TBRG4
MIR103A1	MIR103A2	VMP1
MIR103A1	MIR103A2	LRRC41
MIR103A1	MIR103A2	RBM12
MIR103A1	MIR103A2	SEMA6B
MIR103A1	MIR103A2	HJURP
MIR103A1	MIR103A2	CSNK2A1
MIR103A1	MIR103A2	SF3A2
MIR103A1	MIR103A2	SLC6A8
MIR103A1	MIR103A2	NOP9
MIR103A1	MIR103A2	FRMD4A
MIR103A1	MIR103A2	ZBED1
MIR103A1	MIR103A2	TNFRSF10D
MIR103A1	MIR103A2	FDFT1
MIR103A1	MIR103A2	SLC38A1
MIR103A1	MIR103A2	DLD
MIR103A1	MIR103A2	MRPS23
MIR103A1	MIR103A2	DESI1
MIR103A1	MIR103A2	EXTL3
MIR103A1	MIR103A2	PALM
MIR103A1	MIR103A2	ARF1
MIR103A1	MIR103A2	FAM213A
MIR103A1	MIR103A2	CCSER1
MIR103A1	MIR103A2	HIST1H2BJ
MIR103A1	MIR103A2	INPP4A
MIR103A1	MIR103A2	CIZ1
MIR103A1	MIR103A2	ATF6
MIR103A1	MIR103A2	G3BP1
MIR103A1	MIR103A2	THRA
MIR103A1	MIR103A2	ACTB
MIR103A1	MIR103A2	MYO10
MIR103A1	MIR103A2	TMEM8A
MIR103A1	MIR103A2	KLHL9
MIR103A1	MIR103A2	ATP13A3
MIR103A1	MIR103A2	DCUN1D1
MIR103A1	MIR103A2	HNRNPUL2
MIR103A1	MIR103A2	TRRAP
MIR103A1	MIR103A2	RSU1
MIR103A1	MIR103A2	SH3GLB1
MIR103A1	MIR103A2	ARID1A
MIR103A1	MIR103A2	MRPL4
MIR103A1	MIR103A2	PHF3
MIR103A1	MIR103A2	PHF19
MIR103A1	MIR103A2	AP2A2
MIR103A1	MIR103A2	SH3PXD2A
MIR103A1	MIR103A2	SEC31A
MIR103A1	MIR103A2	ABHD14A-ACY1
MIR103A1	MIR103A2	ZDHHC24
MIR103A1	MIR103A2	CNDP2
MIR103A1	MIR103A2	DDX24
MIR103A1	MIR103A2	HPS3
MIR103A1	MIR103A2	WASF2
MIR103A1	MIR103A2	THOP1
MIR103A1	MIR103A2	NFIX
MIR103A1	MIR103A2	SCARB1
MIR103A1	MIR103A2	ARAP1
MIR103A1	MIR103A2	PLS3
MIR103A1	MIR103A2	PLEC
MIR103A1	MIR103A2	TNFRSF11A
MIR103A1	MIR103A2	LRP10
MIR103A1	MIR103A2	TNS3
MIR103A1	MIR103A2	TMEM30A
MIR103A1	MIR103A2	NFKB1
MIR103A1	MIR103A2	FAM43A
MIR103A1	MIR103A2	CARM1
MIR103A1	MIR103A2	PRPF6
MIR103A1	MIR103A2	CAPNS1
MIR103A1	MIR103A2	MARCH4
MIR103A1	MIR103A2	KLF7
MIR103A1	MIR103A2	IP6K1
MIR103A1	MIR103A2	FMNL3
MIR103A1	MIR103A2	CAPN15
MIR103A1	MIR103A2	PLOD1
MIR103A1	MIR103A2	HUWE1
MIR103A1	MIR103A2	MLK4
MIR103A1	MIR103A2	DRAM2
MIR103A1	MIR103A2	NPLOC4
MIR103A1	MIR103A2	SPATS2
MIR103A1	MIR103A2	ETV6
MIR103A1	MIR103A2	GADD45GIP1
MIR103A1	MIR103A2	B3GNT1
MIR103A1	MIR103A2	PPP4C
MIR103A1	MIR103A2	ZNF362
MIR103A1	MIR103A2	UBTD1
MIR103A1	MIR103A2	CYB561A3
MIR103A1	MIR103A2	GSPT1
MIR103A1	MIR103A2	DUSP1
MIR103A1	MIR103A2	PNPLA2
MIR103A1	MIR103A2	RASSF8
MIR103A1	MIR103A2	BOD1L1
MIR103A1	MIR103A2	ARMC1
MIR103A1	MIR103A2	KLHL36
MIR103A1	MIR103A2	FAM73B
MIR103A1	MIR103A2	PRPF8
MIR103A1	MIR103A2	AARS
MIR103A1	MIR103A2	MDH2
MIR103A1	MIR103A2	RAB11FIP3
MIR103A1	MIR103A2	YEATS2
MIR103A1	MIR103A2	WEE1
MIR103A1	MIR103A2	AGPAT3
MIR103A1	MIR103A2	KLF6
MIR103A1	MIR103A2	AGFG1
MIR103A1	MIR103A2	ALDH4A1
MIR103A1	MIR103A2	CLASP1
MIR103A1	MIR103A2	EGLN2
MIR103A1	MIR103A2	PLOD3
MIR103A1	MIR103A2	C19orf48
MIR103A1	MIR103A2	ORAI2
MIR103A1	MIR103A2	KRT18
MIR103A1	MIR103A2	HMGA1
MIR103A1	MIR103A2	SH2B3
MIR103A1	MIR103A2	TRIP12
MIR103A1	MIR103A2	ATP8B2
MIR103A1	MIR103A2	LRRC8A
MIR103A1	MIR103A2	SDCBP
MIR103A1	MIR103A2	ZC3HAV1L
MIR103A1	MIR103A2	CELF1
MIR103A1	MIR103A2	SUFU
MIR103A1	MIR103A2	EIF2B2
MIR103A1	MIR103A2	KAT6A
MIR103A1	MIR103A2	SIPA1L1
MIR103A1	MIR103A2	AGPAT1
MIR103A1	MIR103A2	BTG2
MIR103A1	MIR103A2	ZSWIM8
MIR103A1	MIR103A2	HIST1H2BL
MIR103A1	MIR103A2	PLEKHM2
MIR103A1	MIR103A2	COLGALT1
MIR103A1	MIR103A2	CRLS1
MIR103A1	MIR103A2	BRD1
MIR103A1	MIR103A2	MPST
MIR103A1	MIR103A2	ZYX
MIR103A1	MIR103A2	LRRC59
MIR103A1	MIR103A2	SOGA1
MIR103A1	MIR103A2	PLEKHA1
MIR103A1	MIR103A2	C5orf24
MIR103A1	MIR103A2	WDHD1
MIR103A1	MIR103A2	CAPN1
MIR103A1	MIR103A2	LRSAM1
MIR103A1	MIR103A2	BOLA3
MIR103A1	MIR103A2	DNHD1
MIR103A1	MIR103A2	GPR125
MIR103A1	MIR103A2	NACC1
MIR103A1	MIR103A2	FAM127C
MIR103A1	MIR103A2	JADE1
MIR103A1	MIR103A2	KIF21A
MIR103A1	MIR103A2	RBFOX2
MIR103A1	MIR103A2	PHACTR4
MIR103A1	MIR103A2	LRRC61
MIR103A1	MIR103A2	ACTG1
MIR103A1	MIR103A2	ABCF2
MIR103A1	MIR103A2	TRAK1
MIR103A1	MIR103A2	USP42
MIR103A1	MIR103A2	ARHGEF2
MIR103A1	MIR103A2	CHST14
MIR103A1	MIR103A2	SHISA4
MIR103A1	MIR103A2	CEBPZOS
MIR103A1	MIR103A2	JOSD1
MIR103A1	MIR103A2	MED14
MIR103A1	MIR103A2	CTSA
MIR103A1	MIR103A2	ELK4
MIR103A1	MIR103A2	CERS2
MIR103A1	MIR103A2	C16orf58
MIR103A1	MIR103A2	MYH9
MIR103A1	MIR103A2	ELP2
MIR103A1	MIR103A2	CTNNB1
MIR103A1	MIR103A2	FBRS
MIR103A1	MIR103A2	VPRBP
MIR103A1	MIR103A2	HECTD1
MIR103A1	MIR103A2	C11orf73
MIR103A1	MIR103A2	DPYSL2
MIR103A1	MIR103A2	ITPR3
MIR103A1	MIR103A2	ZC3H7B
MIR103A1	MIR103A2	NOS3
MIR103A1	MIR103A2	CHD4
MIR103A1	MIR103A2	MPRIP
MIR103A1	MIR103A2	LOXL2
MIR103A1	MIR103A2	MAPKBP1
MIR103A1	MIR103A2	PPP1R12A
MIR103A1	MIR103A2	ABCA3
MIR103A1	MIR103A2	SRPX
MIR103A1	MIR103A2	TIMP2
MIR103A1	MIR103A2	UBOX5
MIR103A1	MIR103A2	SLC35B2
MIR103A1	MIR103A2	C9orf69
MIR103A1	MIR103A2	LRPPRC
MIR103A1	MIR103A2	CCNB1
MIR103A1	MIR103A2	DYNC1H1
MIR103A1	MIR103A2	RIOK3
MIR103A1	MIR103A2	DAB2IP
MIR103A1	MIR103A2	PRRC1
MIR103A1	MIR103A2	C7orf26
MIR103A1	MIR103A2	MPZL3
MIR103A1	MIR103A2	CRIM1
MIR103A1	MIR103A2	DHRS7
MIR103A1	MIR103A2	XRN2
MIR103A1	MIR103A2	MGST1
MIR103A1	MIR103A2	APLP2
MIR103A1	MIR103A2	DPM3
MIR103A1	MIR103A2	PRKAA1
MIR103A1	MIR103A2	MORF4L2
MIR103A1	MIR103A2	PCBD1
MIR103A1	MIR103A2	PRKCA
MIR103A1	MIR103A2	NFIA
MIR103A1	MIR103A2	PEA15
MIR103A1	MIR103A2	TACC1
MIR103A1	MIR103A2	HADHA
MIR103A1	MIR103A2	KIAA0196
MIR103A1	MIR103A2	TAOK2
MIR103A1	MIR103A2	TMEM126A
MIR103A1	MIR103A2	SGPP2
MIR103A1	MIR103A2	SGSM3
MIR103A1	MIR103A2	SLC39A6
MIR103A1	MIR103A2	HIST1H2BH
MIR103A1	MIR103A2	SFPQ
MIR103A1	MIR103A2	PPP1CB
MIR103A1	MIR103A2	PSMD3
MIR103A1	MIR103A2	MRPL12
MIR103A1	MIR103A2	TMEM134
MIR103A1	MIR103A2	TRIM35
MIR103A1	MIR103A2	BTBD2
MIR103A1	MIR103A2	RNF20
MIR103A1	MIR103A2	CCT7
MIR103A1	MIR103A2	NSMAF
MIR103A1	MIR103A2	TRAF3
MIR103A1	MIR103A2	ARSB
MIR103A1	MIR103A2	GOLT1B
MIR103A1	MIR103A2	PACS1
MIR103A1	MIR103A2	CLOCK
MIR103A1	MIR103A2	NDEL1
MIR103A1	MIR103A2	ZFYVE20
MIR103A1	MIR103A2	OGT
MIR103A1	MIR103A2	RAVER2
MIR103A1	MIR103A2	RHBDD3
MIR103A1	MIR103A2	SEPHS2
MIR103A1	MIR103A2	RTN3
MIR103A1	MIR103A2	ATP2B1
MIR103A1	MIR103A2	C20orf194
MIR103A1	MIR103A2	MAP3K3
MIR103A1	MIR103A2	RGS4
MIR103A1	MIR103A2	SKI
MIR103A1	MIR103A2	EFNA1
MIR103A1	MIR103A2	GADD45A
MIR103A1	MIR103A2	RASIP1
MIR103A1	MIR103A2	SEC24B
MIR103A1	MIR103A2	CCDC85C
MIR103A1	MIR103A2	TRIM44
MIR103A1	MIR103A2	PDGFA
MIR103A1	MIR103A2	PBDC1
MIR103A1	MIR103A2	RIN2
MIR103A1	MIR103A2	USP34
MIR103A1	MIR103A2	CCDC50
MIR103A1	MIR103A2	TTC19
MIR103A1	MIR103A2	MARCKSL1
MIR103A1	MIR103A2	INSIG1
MIR103A1	MIR103A2	GLS
MIR103A1	MIR103A2	MT1E
MIR103A1	MIR103A2	NCOA6
MIR103A1	MIR103A2	NDUFV1
MIR103A1	MIR103A2	GAPVD1
MIR103A1	MIR103A2	RPAP1
MIR103A1	MIR103A2	PHIP
MIR103A1	MIR103A2	PTBP3
MIR103A1	MIR103A2	ABHD17B
MIR103A1	MIR103A2	ADCY6
MIR103A1	MIR103A2	CINP
MIR103A1	MIR103A2	KMT2A
MIR103A1	MIR103A2	MKL2
MIR103A1	MIR103A2	RAPGEF3
MIR103A1	MIR103A2	TLE2
MIR103A1	MIR103A2	ARL8A
MIR103A1	MIR103A2	CCNF
MIR103A1	MIR103A2	PTPRK
MIR103A1	MIR103A2	TTYH3
MIR103A1	MIR103A2	C14orf1
MIR103A1	MIR103A2	SEPT9
MIR103A1	MIR103A2	CENPO
MIR103A1	MIR103A2	BCAP29
MIR103A1	MIR103A2	CCT8
MIR103A1	MIR103A2	RAVER1
MIR103A1	MIR103A2	TAB2
MIR103A1	MIR103A2	DICER1
MIR103A1	MIR103A2	COL4A1
MIR103A1	MIR103A2	CMPK1
MIR103A1	MIR103A2	PRRC2B
MIR103A1	MIR103A2	ARSJ
MIR103A1	MIR103A2	MDFI
MIR103A1	MIR103A2	MYC
MIR103A1	MIR103A2	CHD8
MIR103A1	MIR103A2	RBPMS2
MIR103A1	MIR103A2	NBR1
MIR103A1	MIR103A2	TNFRSF14
MIR103A1	MIR103A2	ARL1
MIR103A1	MIR103A2	TMEM256-PLSCR3
MIR103A1	MIR103A2	SETD1A
MIR103A1	MIR103A2	COPS7A
MIR103A1	MIR103A2	MFNG
MIR103A1	MIR103A2	TP53
MIR103A1	MIR103A2	SNRNP200
MIR103A1	MIR103A2	CCNA2
MIR103A1	MIR103A2	DAPK1
MIR103A1	MIR103A2	C2CD2
MIR103A1	MIR103A2	ZDHHC8
MIR103A1	MIR103A2	PERP
MIR103A1	MIR103A2	TM9SF2
MIR103A1	MIR103A2	EPHA2
MIR103A1	MIR103A2	CACNA2D1
MIR103A1	MIR103A2	SNRK
MIR103A1	MIR103A2	DYRK2
MIR103A1	MIR103A2	LETM1
MIR103A1	MIR103A2	PLAGL1
MIR103A1	MIR103A2	MMD
MIR103A1	MIR103A2	CHSY1
MIR103A1	MIR103A2	AKAP13
MIR103A1	MIR103A2	SFT2D3
MIR103A1	MIR103A2	PER1
MIR103A1	MIR103A2	KPNA6
MIR103A1	MIR103A2	UBQLN2
MIR103A1	MIR103A2	AGO1
MIR103A1	MIR103A2	EXOC4
MIR103A1	MIR107	LATS2
MIR103A1	MIR107	ENTHD2
MIR103A1	MIR107	NLN
MIR103A1	MIR107	SIL1
MIR103A1	MIR107	TM9SF1
MIR103A1	MIR107	SON
MIR103A1	MIR107	BCAM
MIR103A1	MIR107	HIST1H2BB
MIR103A1	MIR107	FLNC
MIR103A1	MIR107	ATP5EP2
MIR103A1	MIR107	ASPH
MIR103A1	MIR107	RAB3GAP2
MIR103A1	MIR107	CKAP5
MIR103A1	MIR107	ZHX1
MIR103A1	MIR107	ABL1
MIR103A1	MIR107	DUSP6
MIR103A1	MIR107	CDC42EP1
MIR103A1	MIR107	BECN1
MIR103A1	MIR107	ADK
MIR103A1	MIR107	MYADM
MIR103A1	MIR107	TRABD
MIR103A1	MIR107	PPP6R1
MIR103A1	MIR107	IGFBP2
MIR103A1	MIR107	NDST1
MIR103A1	MIR107	ZCCHC3
MIR103A1	MIR107	RPL35
MIR103A1	MIR107	CLCN3
MIR103A1	MIR107	NFE2L3
MIR103A1	MIR107	PML
MIR103A1	MIR107	ALDH6A1
MIR103A1	MIR107	MCM7
MIR103A1	MIR107	GPI
MIR103A1	MIR107	UBR4
MIR103A1	MIR107	APP
MIR103A1	MIR107	DNM2
MIR103A1	MIR107	TNRC18
MIR103A1	MIR107	PLAUR
MIR103A1	MIR107	AGPAT5
MIR103A1	MIR107	PPFIBP1
MIR103A1	MIR107	PLAGL2
MIR103A1	MIR107	GPC1
MIR103A1	MIR107	CREBRF
MIR103A1	MIR107	NLRP1
MIR103A1	MIR107	LRP5
MIR103A1	MIR107	DUS1L
MIR103A1	MIR107	IQGAP1
MIR103A1	MIR107	ABHD6
MIR103A1	MIR107	PTP4A2
MIR103A1	MIR107	MED11
MIR103A1	MIR107	FRMD4B
MIR103A1	MIR107	CCT4
MIR103A1	MIR107	IMMT
MIR103A1	MIR107	RACGAP1
MIR103A1	MIR107	CCNG1
MIR103A1	MIR107	RSBN1
MIR103A1	MIR107	TMEM115
MIR103A1	MIR107	ACADVL
MIR103A1	MIR107	IER3
MIR103A1	MIR107	ELK3
MIR103A1	MIR107	BCL2L13
MIR103A1	MIR107	REV3L
MIR103A1	MIR107	GDE1
MIR103A1	MIR107	CHMP1B
MIR103A1	MIR107	NUDCD1
MIR103A1	MIR107	VPS53
MIR103A1	MIR107	FRY
MIR103A1	MIR107	XPO1
MIR103A1	MIR107	SYVN1
MIR103A1	MIR107	ECSCR
MIR103A1	MIR107	GUCD1
MIR103A1	MIR107	JOSD2
MIR103A1	MIR107	GPSM1
MIR103A1	MIR107	ZNF521
MIR103A1	MIR107	PM20D2
MIR103A1	MIR107	GSK3B
MIR103A1	MIR107	CHRNA10
MIR103A1	MIR107	PVRL1
MIR103A1	MIR107	BTBD7
MIR103A1	MIR107	N4BP1
MIR103A1	MIR107	FARSA
MIR103A1	MIR107	RBL1
MIR103A1	MIR107	FUBP1
MIR103A1	MIR107	UBN1
MIR103A1	MIR107	TSPAN14
MIR103A1	MIR107	ARHGEF15
MIR103A1	MIR107	SPRY4
MIR103A1	MIR107	CD48
MIR103A1	MIR107	MED12
MIR103A1	MIR107	GEMIN8
MIR103A1	MIR107	RNF217
MIR103A1	MIR107	MGAT1
MIR103A1	MIR107	CHN1
MIR103A1	MIR107	SPCS3
MIR103A1	MIR107	CYR61
MIR103A1	MIR107	PCNXL3
MIR103A1	MIR107	TMEM44
MIR103A1	MIR107	TOMM34
MIR103A1	MIR107	TUBA1C
MIR103A1	MIR107	ZYG11B
MIR103A1	MIR107	KCNN4
MIR103A1	MIR107	ZDHHC4
MIR103A1	MIR107	MESDC1
MIR103A1	MIR107	IL6ST
MIR103A1	MIR107	VCP
MIR103A1	MIR107	MAP3K12
MIR103A1	MIR107	ZNRF2
MIR103A1	MIR107	CAP1
MIR103A1	MIR107	SLC5A3
MIR103A1	MIR107	ATF7
MIR103A1	MIR107	FBXO46
MIR103A1	MIR107	PSMD2
MIR103A1	MIR107	VPS51
MIR103A1	MIR107	IL24
MIR103A1	MIR107	BIRC6
MIR103A1	MIR107	MCRS1
MIR103A1	MIR107	ALAS1
MIR103A1	MIR107	ZBTB22
MIR103A1	MIR107	ZBTB20
MIR103A1	MIR107	MTDH
MIR103A1	MIR107	NELFA
MIR103A1	MIR107	RPA1
MIR103A1	MIR107	CDKN1A
MIR103A1	MIR107	RPS6KA3
MIR103A1	MIR107	IRF2BP2
MIR103A1	MIR107	BRD2
MIR103A1	MIR107	GRN
MIR103A1	MIR107	TUBA1B
MIR103A1	MIR107	PRKAR2A
MIR103A1	MIR107	ARL5A
MIR103A1	MIR107	MAP1B
MIR103A1	MIR107	NUP214
MIR103A1	MIR107	OS9
MIR103A1	MIR107	ASGR1
MIR103A1	MIR107	GGA2
MIR103A1	MIR107	RB1CC1
MIR103A1	MIR107	MOGS
MIR103A1	MIR107	F2R
MIR103A1	MIR107	PRR3
MIR103A1	MIR107	ADAR
MIR103A1	MIR107	BTBD3
MIR103A1	MIR107	CUL4B
MIR103A1	MIR107	NRIP1
MIR103A1	MIR107	RBM23
MIR103A1	MIR107	CHPF2
MIR103A1	MIR107	TOP2B
MIR103A1	MIR107	AIM1
MIR103A1	MIR107	TAGLN2
MIR103A1	MIR107	ARHGAP17
MIR103A1	MIR107	TSHZ1
MIR103A1	MIR107	RC3H1
MIR103A1	MIR107	EEF1B2
MIR103A1	MIR107	YWHAB
MIR103A1	MIR107	LIMD2
MIR103A1	MIR107	THEM6
MIR103A1	MIR107	RWDD1
MIR103A1	MIR107	PRKACA
MIR103A1	MIR107	RRP12
MIR103A1	MIR107	ENTPD4
MIR103A1	MIR107	CD276
MIR103A1	MIR107	NIN
MIR103A1	MIR107	ADD1
MIR103A1	MIR107	RAB1B
MIR103A1	MIR107	HIST1H2BI
MIR103A1	MIR107	PALM2-AKAP2
MIR103A1	MIR107	PLK1
MIR103A1	MIR107	STOM
MIR103A1	MIR107	FLOT1
MIR103A1	MIR107	TGFBR2
MIR103A1	MIR107	NUP210
MIR103A1	MIR107	KCTD10
MIR103A1	MIR107	MAP1S
MIR103A1	MIR107	DIAPH1
MIR103A1	MIR107	C21orf59
MIR103A1	MIR107	EPM2AIP1
MIR103A1	MIR107	FNDC4
MIR103A1	MIR107	GTSE1
MIR103A1	MIR107	SEC13
MIR103A1	MIR107	CDIPT
MIR103A1	MIR107	ITGA6
MIR103A1	MIR107	MMP14
MIR103A1	MIR107	PCBP1
MIR103A1	MIR107	SNCG
MIR103A1	MIR107	CHD3
MIR103A1	MIR107	POLR1B
MIR103A1	MIR107	AP2M1
MIR103A1	MIR107	C20orf27
MIR103A1	MIR107	SNAPC5
MIR103A1	MIR107	FAT4
MIR103A1	MIR107	TOP3A
MIR103A1	MIR107	C12orf57
MIR103A1	MIR107	TOB2
MIR103A1	MIR107	HSD17B12
MIR103A1	MIR107	SPTAN1
MIR103A1	MIR107	BZW2
MIR103A1	MIR107	OAS3
MIR103A1	MIR107	MYCBP2
MIR103A1	MIR107	HIST1H2BG
MIR103A1	MIR107	ARAP3
MIR103A1	MIR107	GTF2H4
MIR103A1	MIR107	HNRNPA0
MIR103A1	MIR107	PCSK7
MIR103A1	MIR107	IFNGR2
MIR103A1	MIR107	ACBD5
MIR103A1	MIR107	IRF4
MIR103A1	MIR107	RGS5
MIR103A1	MIR107	WDR6
MIR103A1	MIR107	EIF2AK1
MIR103A1	MIR107	GRAMD3
MIR103A1	MIR107	WLS
MIR103A1	MIR107	INPPL1
MIR103A1	MIR107	PGRMC1
MIR103A1	MIR107	PKN1
MIR103A1	MIR107	TBL1XR1
MIR103A1	MIR107	TMEM184B
MIR103A1	MIR107	GBF1
MIR103A1	MIR107	ZNF780B
MIR103A1	MIR107	ANKRD50
MIR103A1	MIR107	VPS33B
MIR103A1	MIR107	FGD4
MIR103A1	MIR107	CHUK
MIR103A1	MIR107	AKAP11
MIR103A1	MIR107	KLF5
MIR103A1	MIR107	C4orf48
MIR103A1	MIR107	LAPTM4A
MIR103A1	MIR107	NDUFS8
MIR103A1	MIR107	PHLDA3
MIR103A1	MIR107	PUF60
MIR103A1	MIR107	FAM127A
MIR103A1	MIR107	NAA38
MIR103A1	MIR107	FAM103A1
MIR103A1	MIR107	TXNRD3
MIR103A1	MIR107	FOCAD
MIR103A1	MIR107	TMEM167B
MIR103A1	MIR107	SMPD1
MIR103A1	MIR107	ENG
MIR103A1	MIR107	LATS1
MIR103A1	MIR107	GFOD2
MIR103A1	MIR107	PLXNA4
MIR103A1	MIR107	SCG2
MIR103A1	MIR107	FLT1
MIR103A1	MIR107	HIST1H2BO
MIR103A1	MIR107	SLC25A10
MIR103A1	MIR107	HHIP
MIR103A1	MIR107	MED24
MIR103A1	MIR107	INF2
MIR103A1	MIR107	COG1
MIR103A1	MIR107	TSPAN3
MIR103A1	MIR107	ZNF618
MIR103A1	MIR107	MAPK9
MIR103A1	MIR107	RCAN1
MIR103A1	MIR107	COG8
MIR103A1	MIR107	BAZ2A
MIR103A1	MIR107	DLAT
MIR103A1	MIR107	PIK3CG
MIR103A1	MIR107	RAB11B
MIR103A1	MIR107	FLOT2
MIR103A1	MIR107	HK1
MIR103A1	MIR107	FEN1
MIR103A1	MIR107	PURB
MIR103A1	MIR107	NCL
MIR103A1	MIR107	JUN
MIR103A1	MIR107	SLC52A2
MIR103A1	MIR107	EIF5
MIR103A1	MIR107	TLN1
MIR103A1	MIR107	COPB1
MIR103A1	MIR107	PRKAR2B
MIR103A1	MIR107	ARCN1
MIR103A1	MIR107	CFL1
MIR103A1	MIR107	DNAJB4
MIR103A1	MIR107	PTGFRN
MIR103A1	MIR107	PTAR1
MIR103A1	MIR107	PABPN1
MIR103A1	MIR107	NOTCH2
MIR103A1	MIR107	CD59
MIR103A1	MIR107	ZNF687
MIR103A1	MIR107	NRBP1
MIR103A1	MIR107	ENHO
MIR103A1	MIR107	SCAMP2
MIR103A1	MIR107	TNFRSF21
MIR103A1	MIR107	ST6GAL1
MIR103A1	MIR107	MBOAT2
MIR103A1	MIR107	TCIRG1
MIR103A1	MIR107	SPAG9
MIR103A1	MIR107	MGAT2
MIR103A1	MIR107	PAWR
MIR103A1	MIR107	ZBED4
MIR103A1	MIR107	UBE2T
MIR103A1	MIR107	MAT2B
MIR103A1	MIR107	TCP1
MIR103A1	MIR107	RAI14
MIR103A1	MIR107	UBR3
MIR103A1	MIR107	RNPEPL1
MIR103A1	MIR107	TIE1
MIR103A1	MIR107	FBXW7
MIR103A1	MIR107	PRKCSH
MIR103A1	MIR107	SEC22C
MIR103A1	MIR107	ARL2
MIR103A1	MIR107	CHD2
MIR103A1	MIR107	SNX6
MIR103A1	MIR107	UBE2J1
MIR103A1	MIR107	FGF2
MIR103A1	MIR107	KPNA1
MIR103A1	MIR107	ADI1
MIR103A1	MIR107	CDR2L
MIR103A1	MIR107	KCTD12
MIR103A1	MIR107	TTC31
MIR103A1	MIR107	MEPCE
MIR103A1	MIR107	AP1S1
MIR103A1	MIR107	FOXK1
MIR103A1	MIR107	EIF2AK4
MIR103A1	MIR107	C21orf33
MIR103A1	MIR107	MOV10
MIR103A1	MIR107	ARHGEF1
MIR103A1	MIR107	VRK3
MIR103A1	MIR107	MTHFD2
MIR103A1	MIR107	CRTAP
MIR103A1	MIR107	MYO1C
MIR103A1	MIR107	FZD6
MIR103A1	MIR107	CCNT1
MIR103A1	MIR107	PPP1R18
MIR103A1	MIR107	PLXNB2
MIR103A1	MIR107	ZCCHC2
MIR103A1	MIR107	RECK
MIR103A1	MIR107	BMPR2
MIR103A1	MIR107	PICALM
MIR103A1	MIR107	CDK12
MIR103A1	MIR107	SGMS2
MIR103A1	MIR107	SF1
MIR103A1	MIR107	TUBGCP4
MIR103A1	MIR107	TXLNA
MIR103A1	MIR107	NR2F6
MIR103A1	MIR107	C6orf120
MIR103A1	MIR107	LDOC1
MIR103A1	MIR107	TLE3
MIR103A1	MIR107	RAB3B
MIR103A1	MIR107	FAM179A
MIR103A1	MIR107	FANCA
MIR103A1	MIR107	AHNAK
MIR103A1	MIR107	CEP164
MIR103A1	MIR107	FAM219A
MIR103A1	MIR107	ARL10
MIR103A1	MIR107	TGFB1
MIR103A1	MIR107	METAP2
MIR103A1	MIR107	PI4KB
MIR103A1	MIR107	HIST1H2BF
MIR103A1	MIR107	ACSL4
MIR103A1	MIR107	SUN2
MIR103A1	MIR107	HIPK1
MIR103A1	MIR107	EMP1
MIR103A1	MIR107	GCC2
MIR103A1	MIR107	SHISA5
MIR103A1	MIR107	TRIM8
MIR103A1	MIR107	GARS
MIR103A1	MIR107	PTPRB
MIR103A1	MIR107	SCAP
MIR103A1	MIR107	RAB1A
MIR103A1	MIR107	PLEKHF2
MIR103A1	MIR107	TNPO3
MIR103A1	MIR107	RPL5
MIR103A1	MIR107	XXbac-BPG32J3.20
MIR103A1	MIR107	NQO1
MIR103A1	MIR107	GIT1
MIR103A1	MIR107	FASN
MIR103A1	MIR107	ZDHHC16
MIR103A1	MIR107	ANKRD52
MIR103A1	MIR107	CELSR1
MIR103A1	MIR107	CLSTN1
MIR103A1	MIR107	RNF19B
MIR103A1	MIR107	HIST1H4F
MIR103A1	MIR107	ST6GALNAC4
MIR103A1	MIR107	S1PR1
MIR103A1	MIR107	RPS3
MIR103A1	MIR107	UTP18
MIR103A1	MIR107	MKKS
MIR103A1	MIR107	TAF6
MIR103A1	MIR107	ETS2
MIR103A1	MIR107	MFSD5
MIR103A1	MIR107	IMP3
MIR103A1	MIR107	CNKSR3
MIR103A1	MIR107	SAE1
MIR103A1	MIR107	APLN
MIR103A1	MIR107	NUAK1
MIR103A1	MIR107	IST1
MIR103A1	MIR107	ESYT2
MIR103A1	MIR107	C16orf72
MIR103A1	MIR107	STAT2
MIR103A1	MIR107	COPG2
MIR103A1	MIR107	FAM49B
MIR103A1	MIR107	YTHDF2
MIR103A1	MIR107	POLD1
MIR103A1	MIR107	CDCA7L
MIR103A1	MIR107	USP14
MIR103A1	MIR107	KDM2A
MIR103A1	MIR107	FRYL
MIR103A1	MIR107	GIGYF1
MIR103A1	MIR107	PIP4K2B
MIR103A1	MIR107	MBNL1
MIR103A1	MIR107	TMEM101
MIR103A1	MIR107	ATP13A2
MIR103A1	MIR107	FERMT2
MIR103A1	MIR107	SEC14L1
MIR103A1	MIR107	REG3G
MIR103A1	MIR107	COPA
MIR103A1	MIR107	STARD8
MIR103A1	MIR107	DENND4B
MIR103A1	MIR107	ASH1L
MIR103A1	MIR107	MAPKAPK3
MIR103A1	MIR107	FAM69B
MIR103A1	MIR107	FGFRL1
MIR103A1	MIR107	PGAM5
MIR103A1	MIR107	STAM
MIR103A1	MIR107	TMEM109
MIR103A1	MIR107	MAP4
MIR103A1	MIR107	PLA2G15
MIR103A1	MIR107	SLC9A1
MIR103A1	MIR107	MAP3K11
MIR103A1	MIR107	PTPN18
MIR103A1	MIR107	UROD
MIR103A1	MIR107	KTN1
MIR103A1	MIR107	ZNF710
MIR103A1	MIR107	DDIT4
MIR103A1	MIR107	ANKRD17
MIR103A1	MIR107	KMT2D
MIR103A1	MIR107	H2AFV
MIR103A1	MIR107	HIST1H2BC
MIR103A1	MIR107	SH2D3C
MIR103A1	MIR107	MMRN1
MIR103A1	MIR107	RNF19A
MIR103A1	MIR107	SEC24C
MIR103A1	MIR107	ENSG00000255103
MIR103A1	MIR107	SAMD4A
MIR103A1	MIR107	IER5L
MIR103A1	MIR107	KIFC3
MIR103A1	MIR107	SRSF3
MIR103A1	MIR107	ATL2
MIR103A1	MIR107	MAPK14
MIR103A1	MIR107	HYAL2
MIR103A1	MIR107	MAPRE1
MIR103A1	MIR107	ORAI1
MIR103A1	MIR107	PDIA6
MIR103A1	MIR107	RNF123
MIR103A1	MIR107	TMEM39B
MIR103A1	MIR107	CD2AP
MIR103A1	MIR107	HERC1
MIR103A1	MIR107	NSUN4
MIR103A1	MIR107	QKI
MIR103A1	MIR107	EIF4G2
MIR103A1	MIR107	OTUD4
MIR103A1	MIR107	MYOF
MIR103A1	MIR107	TP53I11
MIR103A1	MIR107	RNF31
MIR103A1	MIR107	PPP2R5D
MIR103A1	MIR107	FBXO10
MIR103A1	MIR107	SF3B3
MIR103A1	MIR107	GLE1
MIR103A1	MIR107	IGF1R
MIR103A1	MIR107	AGO2
MIR103A1	MIR107	MIB1
MIR103A1	MIR107	PRPF40A
MIR103A1	MIR107	RBM14
MIR103A1	MIR107	GSN
MIR103A1	MIR107	DOCK6
MIR103A1	MIR107	FSCN1
MIR103A1	MIR107	DHX33
MIR103A1	MIR107	SPATA13
MIR103A1	MIR107	FBXO5
MIR103A1	MIR107	CREBBP
MIR103A1	MIR107	OGFOD1
MIR103A1	MIR107	KHSRP
MIR103A1	MIR107	SMG1
MIR103A1	MIR107	C2CD5
MIR103A1	MIR107	CYFIP1
MIR103A1	MIR107	FADD
MIR103A1	MIR107	TOR4A
MIR103A1	MIR107	RAB7A
MIR103A1	MIR107	KIF5B
MIR103A1	MIR107	CHMP3
MIR103A1	MIR107	RAI1
MIR103A1	MIR107	AP3D1
MIR103A1	MIR107	NID1
MIR103A1	MIR107	POM121C
MIR103A1	MIR107	GLTP
MIR103A1	MIR107	PPM1F
MIR103A1	MIR107	TNIP2
MIR103A1	MIR107	MIDN
MIR103A1	MIR107	MLLT4
MIR103A1	MIR107	SRSF2
MIR103A1	MIR107	NDUFS2
MIR103A1	MIR107	SRRM2
MIR103A1	MIR107	TGIF2
MIR103A1	MIR107	PGD
MIR103A1	MIR107	SNX8
MIR103A1	MIR107	TRAPPC1
MIR103A1	MIR107	C19orf68
MIR103A1	MIR107	CDC37
MIR103A1	MIR107	CHP1
MIR103A1	MIR107	MYO1D
MIR103A1	MIR107	BACE2
MIR103A1	MIR107	POMT2
MIR103A1	MIR107	TBCC
MIR103A1	MIR107	GLCE
MIR103A1	MIR107	TMEM123
MIR103A1	MIR107	RPL4
MIR103A1	MIR107	BUB1
MIR103A1	MIR107	SNX5
MIR103A1	MIR107	TNFRSF1B
MIR103A1	MIR107	ZFP36L1
MIR103A1	MIR107	C11orf58
MIR103A1	MIR107	GAS2L3
MIR103A1	MIR107	HSPA5
MIR103A1	MIR107	SLC18A2
MIR103A1	MIR107	CNOT6
MIR103A1	MIR107	CD80
MIR103A1	MIR107	ILF3
MIR103A1	MIR107	HERC3
MIR103A1	MIR107	GNA11
MIR103A1	MIR107	ANKS1A
MIR103A1	MIR107	NPTX2
MIR103A1	MIR107	XPO7
MIR103A1	MIR107	SEC24D
MIR103A1	MIR107	KDM6A
MIR103A1	MIR107	REXO2
MIR103A1	MIR107	PVRL3
MIR103A1	MIR107	ABCB1
MIR103A1	MIR107	SORL1
MIR103A1	MIR107	IDH1
MIR103A1	MIR107	PURA
MIR103A1	MIR107	CTNND1
MIR103A1	MIR107	ALB
MIR103A1	MIR107	C17orf49
MIR103A1	MIR107	RHOBTB1
MIR103A1	MIR107	MAGED1
MIR103A1	MIR107	LAMC1
MIR103A1	MIR107	MTMR4
MIR103A1	MIR107	CTNNA1
MIR103A1	MIR107	ATG9B
MIR103A1	MIR107	TMEM11
MIR103A1	MIR107	XRN1
MIR103A1	MIR107	GNL3
MIR103A1	MIR107	NOL4L
MIR103A1	MIR107	SSRP1
MIR103A1	MIR107	TMBIM1
MIR103A1	MIR107	NTN4
MIR103A1	MIR107	RNPEP
MIR103A1	MIR107	HIST1H2BN
MIR103A1	MIR107	RTCB
MIR103A1	MIR107	LTBR
MIR103A1	MIR107	TMEM43
MIR103A1	MIR107	HIST1H3J
MIR103A1	MIR107	DSE
MIR103A1	MIR107	ABL2
MIR103A1	MIR107	UPF2
MIR103A1	MIR107	PRPF31
MIR103A1	MIR107	RORA
MIR103A1	MIR107	DDX54
MIR103A1	MIR107	CTGF
MIR103A1	MIR107	PAM
MIR103A1	MIR107	TBC1D8
MIR103A1	MIR107	VPS13D
MIR103A1	MIR107	ARHGAP21
MIR103A1	MIR107	MARCKS
MIR103A1	MIR107	TTLL12
MIR103A1	MIR107	APBB2
MIR103A1	MIR107	PAG1
MIR103A1	MIR107	SLC35A4
MIR103A1	MIR107	CSNK1A1
MIR103A1	MIR107	DYSF
MIR103A1	MIR107	RBM15B
MIR103A1	MIR107	CSE1L
MIR103A1	MIR107	TM4SF1
MIR103A1	MIR107	CDK6
MIR103A1	MIR107	KLHL18
MIR103A1	MIR107	CENPJ
MIR103A1	MIR107	DNAJC5
MIR103A1	MIR107	ATP1B3
MIR103A1	MIR107	HIST1H2BD
MIR103A1	MIR107	HSPH1
MIR103A1	MIR107	NAB1
MIR103A1	MIR107	NAPA
MIR103A1	MIR107	CMIP
MIR103A1	MIR107	SCAF4
MIR103A1	MIR107	RBM4
MIR103A1	MIR107	SEC61A1
MIR103A1	MIR107	PRDX4
MIR103A1	MIR107	SERPINE1
MIR103A1	MIR107	SIGMAR1
MIR103A1	MIR107	SULF2
MIR103A1	MIR107	CD200R1
MIR103A1	MIR107	SCRIB
MIR103A1	MIR107	CBX5
MIR103A1	MIR107	DDX3X
MIR103A1	MIR107	BCAR1
MIR103A1	MIR107	SLC16A3
MIR103A1	MIR107	SLC25A24
MIR103A1	MIR107	AKT2
MIR103A1	MIR107	HTRA1
MIR103A1	MIR107	SMARCC2
MIR103A1	MIR107	SIK3
MIR103A1	MIR107	CNOT10
MIR103A1	MIR107	MGP
MIR103A1	MIR107	DST
MIR103A1	MIR107	C10orf10
MIR103A1	MIR107	ARMC5
MIR103A1	MIR107	BTBD1
MIR103A1	MIR107	PIGS
MIR103A1	MIR107	PSMC4
MIR103A1	MIR107	DAG1
MIR103A1	MIR107	EIF4G1
MIR103A1	MIR107	B3GNT2
MIR103A1	MIR107	MAT2A
MIR103A1	MIR107	RNF24
MIR103A1	MIR107	RAB4A
MIR103A1	MIR107	STT3A
MIR103A1	MIR107	FHL1
MIR103A1	MIR107	SRM
MIR103A1	MIR107	PINK1
MIR103A1	MIR107	C7orf50
MIR103A1	MIR107	TUBA1A
MIR103A1	MIR107	TBRG4
MIR103A1	MIR107	VMP1
MIR103A1	MIR107	LRRC41
MIR103A1	MIR107	RBM12
MIR103A1	MIR107	SEMA6B
MIR103A1	MIR107	HJURP
MIR103A1	MIR107	CSNK2A1
MIR103A1	MIR107	SF3A2
MIR103A1	MIR107	NOP9
MIR103A1	MIR107	FRMD4A
MIR103A1	MIR107	ZBED1
MIR103A1	MIR107	TNFRSF10D
MIR103A1	MIR107	FDFT1
MIR103A1	MIR107	SLC38A1
MIR103A1	MIR107	DLD
MIR103A1	MIR107	MRPS23
MIR103A1	MIR107	DESI1
MIR103A1	MIR107	EXTL3
MIR103A1	MIR107	PALM
MIR103A1	MIR107	FAM213A
MIR103A1	MIR107	CCSER1
MIR103A1	MIR107	HIST1H2BJ
MIR103A1	MIR107	INPP4A
MIR103A1	MIR107	CIZ1
MIR103A1	MIR107	ATF6
MIR103A1	MIR107	G3BP1
MIR103A1	MIR107	THRA
MIR103A1	MIR107	ACTB
MIR103A1	MIR107	MYO10
MIR103A1	MIR107	TMEM8A
MIR103A1	MIR107	KLHL9
MIR103A1	MIR107	ATP13A3
MIR103A1	MIR107	DCUN1D1
MIR103A1	MIR107	HNRNPUL2
MIR103A1	MIR107	TRRAP
MIR103A1	MIR107	RSU1
MIR103A1	MIR107	SH3GLB1
MIR103A1	MIR107	ARID1A
MIR103A1	MIR107	MRPL4
MIR103A1	MIR107	PHF3
MIR103A1	MIR107	PHF19
MIR103A1	MIR107	AP2A2
MIR103A1	MIR107	SH3PXD2A
MIR103A1	MIR107	SEC31A
MIR103A1	MIR107	ABHD14A-ACY1
MIR103A1	MIR107	ZDHHC24
MIR103A1	MIR107	CNDP2
MIR103A1	MIR107	DDX24
MIR103A1	MIR107	HPS3
MIR103A1	MIR107	WASF2
MIR103A1	MIR107	NFIX
MIR103A1	MIR107	SCARB1
MIR103A1	MIR107	ARAP1
MIR103A1	MIR107	PLS3
MIR103A1	MIR107	PLEC
MIR103A1	MIR107	TNFRSF11A
MIR103A1	MIR107	LRP10
MIR103A1	MIR107	TNS3
MIR103A1	MIR107	TMEM30A
MIR103A1	MIR107	NFKB1
MIR103A1	MIR107	FAM43A
MIR103A1	MIR107	CARM1
MIR103A1	MIR107	CAPNS1
MIR103A1	MIR107	MARCH4
MIR103A1	MIR107	KLF7
MIR103A1	MIR107	IP6K1
MIR103A1	MIR107	FMNL3
MIR103A1	MIR107	CAPN15
MIR103A1	MIR107	PLOD1
MIR103A1	MIR107	HUWE1
MIR103A1	MIR107	MLK4
MIR103A1	MIR107	DRAM2
MIR103A1	MIR107	NPLOC4
MIR103A1	MIR107	SPATS2
MIR103A1	MIR107	ETV6
MIR103A1	MIR107	GADD45GIP1
MIR103A1	MIR107	B3GNT1
MIR103A1	MIR107	PPP4C
MIR103A1	MIR107	ZNF362
MIR103A1	MIR107	UBTD1
MIR103A1	MIR107	CYB561A3
MIR103A1	MIR107	PNPLA2
MIR103A1	MIR107	DUSP1
MIR103A1	MIR107	RASSF8
MIR103A1	MIR107	BOD1L1
MIR103A1	MIR107	ARMC1
MIR103A1	MIR107	KLHL36
MIR103A1	MIR107	FAM73B
MIR103A1	MIR107	PRPF8
MIR103A1	MIR107	AARS
MIR103A1	MIR107	MDH2
MIR103A1	MIR107	RAB11FIP3
MIR103A1	MIR107	YEATS2
MIR103A1	MIR107	WEE1
MIR103A1	MIR107	AGPAT3
MIR103A1	MIR107	KLF6
MIR103A1	MIR107	AGFG1
MIR103A1	MIR107	ALDH4A1
MIR103A1	MIR107	CLASP1
MIR103A1	MIR107	EGLN2
MIR103A1	MIR107	PLOD3
MIR103A1	MIR107	C19orf48
MIR103A1	MIR107	ORAI2
MIR103A1	MIR107	KRT18
MIR103A1	MIR107	HMGA1
MIR103A1	MIR107	SH2B3
MIR103A1	MIR107	TRIP12
MIR103A1	MIR107	ATP8B2
MIR103A1	MIR107	LRRC8A
MIR103A1	MIR107	SDCBP
MIR103A1	MIR107	ZC3HAV1L
MIR103A1	MIR107	CELF1
MIR103A1	MIR107	SUFU
MIR103A1	MIR107	EIF2B2
MIR103A1	MIR107	KAT6A
MIR103A1	MIR107	SIPA1L1
MIR103A1	MIR107	AGPAT1
MIR103A1	MIR107	BTG2
MIR103A1	MIR107	ZSWIM8
MIR103A1	MIR107	HIST1H2BL
MIR103A1	MIR107	PLEKHM2
MIR103A1	MIR107	COLGALT1
MIR103A1	MIR107	CRLS1
MIR103A1	MIR107	MPST
MIR103A1	MIR107	ZYX
MIR103A1	MIR107	LRRC59
MIR103A1	MIR107	SOGA1
MIR103A1	MIR107	PLEKHA1
MIR103A1	MIR107	C5orf24
MIR103A1	MIR107	WDHD1
MIR103A1	MIR107	CAPN1
MIR103A1	MIR107	LRSAM1
MIR103A1	MIR107	BOLA3
MIR103A1	MIR107	DNHD1
MIR103A1	MIR107	GPR125
MIR103A1	MIR107	NACC1
MIR103A1	MIR107	FAM127C
MIR103A1	MIR107	JADE1
MIR103A1	MIR107	KIF21A
MIR103A1	MIR107	RBFOX2
MIR103A1	MIR107	PHACTR4
MIR103A1	MIR107	LRRC61
MIR103A1	MIR107	ACTG1
MIR103A1	MIR107	ABCF2
MIR103A1	MIR107	TRAK1
MIR103A1	MIR107	USP42
MIR103A1	MIR107	ARHGEF2
MIR103A1	MIR107	CHST14
MIR103A1	MIR107	SHISA4
MIR103A1	MIR107	JOSD1
MIR103A1	MIR107	CTSA
MIR103A1	MIR107	ELK4
MIR103A1	MIR107	CERS2
MIR103A1	MIR107	C16orf58
MIR103A1	MIR107	MYH9
MIR103A1	MIR107	ELP2
MIR103A1	MIR107	CTNNB1
MIR103A1	MIR107	FBRS
MIR103A1	MIR107	VPRBP
MIR103A1	MIR107	HECTD1
MIR103A1	MIR107	C11orf73
MIR103A1	MIR107	DPYSL2
MIR103A1	MIR107	ITPR3
MIR103A1	MIR107	ZC3H7B
MIR103A1	MIR107	NOS3
MIR103A1	MIR107	CHD4
MIR103A1	MIR107	MPRIP
MIR103A1	MIR107	LOXL2
MIR103A1	MIR107	MAPKBP1
MIR103A1	MIR107	PPP1R12A
MIR103A1	MIR107	ABCA3
MIR103A1	MIR107	SRPX
MIR103A1	MIR107	TIMP2
MIR103A1	MIR107	UBOX5
MIR103A1	MIR107	SLC35B2
MIR103A1	MIR107	C9orf69
MIR103A1	MIR107	LRPPRC
MIR103A1	MIR107	CCNB1
MIR103A1	MIR107	DYNC1H1
MIR103A1	MIR107	RIOK3
MIR103A1	MIR107	PRRC1
MIR103A1	MIR107	C7orf26
MIR103A1	MIR107	MPZL3
MIR103A1	MIR107	CRIM1
MIR103A1	MIR107	DHRS7
MIR103A1	MIR107	XRN2
MIR103A1	MIR107	MGST1
MIR103A1	MIR107	APLP2
MIR103A1	MIR107	DPM3
MIR103A1	MIR107	PRKAA1
MIR103A1	MIR107	MORF4L2
MIR103A1	MIR107	PCBD1
MIR103A1	MIR107	PRKCA
MIR103A1	MIR107	NFIA
MIR103A1	MIR107	PEA15
MIR103A1	MIR107	TACC1
MIR103A1	MIR107	HADHA
MIR103A1	MIR107	KIAA0196
MIR103A1	MIR107	TAOK2
MIR103A1	MIR107	TMEM126A
MIR103A1	MIR107	SGPP2
MIR103A1	MIR107	SGSM3
MIR103A1	MIR107	SLC39A6
MIR103A1	MIR107	HIST1H2BH
MIR103A1	MIR107	SFPQ
MIR103A1	MIR107	PPP1CB
MIR103A1	MIR107	PSMD3
MIR103A1	MIR107	MRPL12
MIR103A1	MIR107	TMEM134
MIR103A1	MIR107	TRIM35
MIR103A1	MIR107	BTBD2
MIR103A1	MIR107	RNF20
MIR103A1	MIR107	CCT7
MIR103A1	MIR107	NSMAF
MIR103A1	MIR107	TRAF3
MIR103A1	MIR107	ARSB
MIR103A1	MIR107	GOLT1B
MIR103A1	MIR107	PACS1
MIR103A1	MIR107	CLOCK
MIR103A1	MIR107	NDEL1
MIR103A1	MIR107	ZFYVE20
MIR103A1	MIR107	OGT
MIR103A1	MIR107	RAVER2
MIR103A1	MIR107	RHBDD3
MIR103A1	MIR107	SEPHS2
MIR103A1	MIR107	RTN3
MIR103A1	MIR107	ATP2B1
MIR103A1	MIR107	C20orf194
MIR103A1	MIR107	MAP3K3
MIR103A1	MIR107	RGS4
MIR103A1	MIR107	SKI
MIR103A1	MIR107	EFNA1
MIR103A1	MIR107	GADD45A
MIR103A1	MIR107	RASIP1
MIR103A1	MIR107	SEC24B
MIR103A1	MIR107	CCDC85C
MIR103A1	MIR107	TRIM44
MIR103A1	MIR107	PDGFA
MIR103A1	MIR107	PBDC1
MIR103A1	MIR107	RIN2
MIR103A1	MIR107	USP34
MIR103A1	MIR107	CCDC50
MIR103A1	MIR107	TTC19
MIR103A1	MIR107	MARCKSL1
MIR103A1	MIR107	INSIG1
MIR103A1	MIR107	GLS
MIR103A1	MIR107	MT1E
MIR103A1	MIR107	NCOA6
MIR103A1	MIR107	NDUFV1
MIR103A1	MIR107	GAPVD1
MIR103A1	MIR107	RPAP1
MIR103A1	MIR107	PHIP
MIR103A1	MIR107	PTBP3
MIR103A1	MIR107	ABHD17B
MIR103A1	MIR107	ADCY6
MIR103A1	MIR107	CINP
MIR103A1	MIR107	KMT2A
MIR103A1	MIR107	MKL2
MIR103A1	MIR107	RAPGEF3
MIR103A1	MIR107	TLE2
MIR103A1	MIR107	ARL8A
MIR103A1	MIR107	CCNF
MIR103A1	MIR107	PTPRK
MIR103A1	MIR107	TTYH3
MIR103A1	MIR107	C14orf1
MIR103A1	MIR107	SEPT9
MIR103A1	MIR107	CENPO
MIR103A1	MIR107	BCAP29
MIR103A1	MIR107	CCT8
MIR103A1	MIR107	RAVER1
MIR103A1	MIR107	TAB2
MIR103A1	MIR107	DICER1
MIR103A1	MIR107	COL4A1
MIR103A1	MIR107	CMPK1
MIR103A1	MIR107	PRRC2B
MIR103A1	MIR107	ARSJ
MIR103A1	MIR107	MDFI
MIR103A1	MIR107	MYC
MIR103A1	MIR107	CHD8
MIR103A1	MIR107	RBPMS2
MIR103A1	MIR107	NBR1
MIR103A1	MIR107	TNFRSF14
MIR103A1	MIR107	ARL1
MIR103A1	MIR107	TMEM256-PLSCR3
MIR103A1	MIR107	SETD1A
MIR103A1	MIR107	COPS7A
MIR103A1	MIR107	MFNG
MIR103A1	MIR107	TP53
MIR103A1	MIR107	SNRNP200
MIR103A1	MIR107	CCNA2
MIR103A1	MIR107	DAPK1
MIR103A1	MIR107	C2CD2
MIR103A1	MIR107	ZDHHC8
MIR103A1	MIR107	PERP
MIR103A1	MIR107	TM9SF2
MIR103A1	MIR107	EPHA2
MIR103A1	MIR107	CACNA2D1
MIR103A1	MIR107	SNRK
MIR103A1	MIR107	DYRK2
MIR103A1	MIR107	LETM1
MIR103A1	MIR107	PLAGL1
MIR103A1	MIR107	MMD
MIR103A1	MIR107	CHSY1
MIR103A1	MIR107	AKAP13
MIR103A1	MIR107	SFT2D3
MIR103A1	MIR107	PER1
MIR103A1	MIR107	KPNA6
MIR103A1	MIR107	UBQLN2
MIR103A1	MIR107	EXOC4
MIR103A2	MIR107	LATS2
MIR103A2	MIR107	ENTHD2
MIR103A2	MIR107	NLN
MIR103A2	MIR107	SIL1
MIR103A2	MIR107	TM9SF1
MIR103A2	MIR107	SON
MIR103A2	MIR107	BCAM
MIR103A2	MIR107	HIST1H2BB
MIR103A2	MIR107	FLNC
MIR103A2	MIR107	ATP5EP2
MIR103A2	MIR107	ASPH
MIR103A2	MIR107	RAB3GAP2
MIR103A2	MIR107	CKAP5
MIR103A2	MIR107	ZHX1
MIR103A2	MIR107	ABL1
MIR103A2	MIR107	DUSP6
MIR103A2	MIR107	PIKFYVE
MIR103A2	MIR107	CDC42EP1
MIR103A2	MIR107	BECN1
MIR103A2	MIR107	ADK
MIR103A2	MIR107	MYADM
MIR103A2	MIR107	TRABD
MIR103A2	MIR107	PPP6R1
MIR103A2	MIR107	IGFBP2
MIR103A2	MIR107	NDST1
MIR103A2	MIR107	ZCCHC3
MIR103A2	MIR107	RPL35
MIR103A2	MIR107	CLCN3
MIR103A2	MIR107	NFE2L3
MIR103A2	MIR107	PML
MIR103A2	MIR107	ALDH6A1
MIR103A2	MIR107	MCM7
MIR103A2	MIR107	GPI
MIR103A2	MIR107	UBR4
MIR103A2	MIR107	APP
MIR103A2	MIR107	DNM2
MIR103A2	MIR107	TNRC18
MIR103A2	MIR107	PLAUR
MIR103A2	MIR107	AGPAT5
MIR103A2	MIR107	PPFIBP1
MIR103A2	MIR107	PLAGL2
MIR103A2	MIR107	GPC1
MIR103A2	MIR107	CREBRF
MIR103A2	MIR107	NLRP1
MIR103A2	MIR107	LRP5
MIR103A2	MIR107	DUS1L
MIR103A2	MIR107	IQGAP1
MIR103A2	MIR107	ABHD6
MIR103A2	MIR107	PTP4A2
MIR103A2	MIR107	MED11
MIR103A2	MIR107	FRMD4B
MIR103A2	MIR107	CCT4
MIR103A2	MIR107	IMMT
MIR103A2	MIR107	RACGAP1
MIR103A2	MIR107	CCNG1
MIR103A2	MIR107	RSBN1
MIR103A2	MIR107	TMEM115
MIR103A2	MIR107	ACADVL
MIR103A2	MIR107	IER3
MIR103A2	MIR107	ELK3
MIR103A2	MIR107	BCL2L13
MIR103A2	MIR107	REV3L
MIR103A2	MIR107	GDE1
MIR103A2	MIR107	CHMP1B
MIR103A2	MIR107	NUDCD1
MIR103A2	MIR107	VPS53
MIR103A2	MIR107	FRY
MIR103A2	MIR107	XPO1
MIR103A2	MIR107	SYVN1
MIR103A2	MIR107	ECSCR
MIR103A2	MIR107	GUCD1
MIR103A2	MIR107	JOSD2
MIR103A2	MIR107	GPSM1
MIR103A2	MIR107	ZNF521
MIR103A2	MIR107	PM20D2
MIR103A2	MIR107	GSK3B
MIR103A2	MIR107	CHRNA10
MIR103A2	MIR107	DHCR24
MIR103A2	MIR107	BTBD7
MIR103A2	MIR107	N4BP1
MIR103A2	MIR107	PVRL1
MIR103A2	MIR107	FARSA
MIR103A2	MIR107	RBL1
MIR103A2	MIR107	FUBP1
MIR103A2	MIR107	UBN1
MIR103A2	MIR107	TSPAN14
MIR103A2	MIR107	ARHGEF15
MIR103A2	MIR107	SPRY4
MIR103A2	MIR107	CD48
MIR103A2	MIR107	MED12
MIR103A2	MIR107	GEMIN8
MIR103A2	MIR107	RNF217
MIR103A2	MIR107	MGAT1
MIR103A2	MIR107	CHN1
MIR103A2	MIR107	SPCS3
MIR103A2	MIR107	CYR61
MIR103A2	MIR107	PCNXL3
MIR103A2	MIR107	TMEM44
MIR103A2	MIR107	TOMM34
MIR103A2	MIR107	TUBA1C
MIR103A2	MIR107	ZYG11B
MIR103A2	MIR107	KCNN4
MIR103A2	MIR107	ZDHHC4
MIR103A2	MIR107	MESDC1
MIR103A2	MIR107	IL6ST
MIR103A2	MIR107	VCP
MIR103A2	MIR107	MAP3K12
MIR103A2	MIR107	ZNRF2
MIR103A2	MIR107	CAP1
MIR103A2	MIR107	SLC5A3
MIR103A2	MIR107	ATF7
MIR103A2	MIR107	FBXO46
MIR103A2	MIR107	PSMD2
MIR103A2	MIR107	VPS51
MIR103A2	MIR107	IL24
MIR103A2	MIR107	BIRC6
MIR103A2	MIR107	MCRS1
MIR103A2	MIR107	ALAS1
MIR103A2	MIR107	ZBTB22
MIR103A2	MIR107	ZBTB20
MIR103A2	MIR107	MTDH
MIR103A2	MIR107	NELFA
MIR103A2	MIR107	RPA1
MIR103A2	MIR107	CDKN1A
MIR103A2	MIR107	RPS6KA3
MIR103A2	MIR107	IRF2BP2
MIR103A2	MIR107	BRD2
MIR103A2	MIR107	GRN
MIR103A2	MIR107	TUBA1B
MIR103A2	MIR107	PRKAR2A
MIR103A2	MIR107	ARL5A
MIR103A2	MIR107	MAP1B
MIR103A2	MIR107	NUP214
MIR103A2	MIR107	OS9
MIR103A2	MIR107	ASGR1
MIR103A2	MIR107	GGA2
MIR103A2	MIR107	RB1CC1
MIR103A2	MIR107	MOGS
MIR103A2	MIR107	F2R
MIR103A2	MIR107	PRR3
MIR103A2	MIR107	ADAR
MIR103A2	MIR107	BTBD3
MIR103A2	MIR107	CUL4B
MIR103A2	MIR107	NRIP1
MIR103A2	MIR107	RBM23
MIR103A2	MIR107	CHPF2
MIR103A2	MIR107	TOP2B
MIR103A2	MIR107	AIM1
MIR103A2	MIR107	TAGLN2
MIR103A2	MIR107	ARHGAP17
MIR103A2	MIR107	TSHZ1
MIR103A2	MIR107	RC3H1
MIR103A2	MIR107	EEF1B2
MIR103A2	MIR107	YWHAB
MIR103A2	MIR107	LIMD2
MIR103A2	MIR107	THEM6
MIR103A2	MIR107	RWDD1
MIR103A2	MIR107	PRKACA
MIR103A2	MIR107	RRP12
MIR103A2	MIR107	ENTPD4
MIR103A2	MIR107	CD276
MIR103A2	MIR107	NIN
MIR103A2	MIR107	ADD1
MIR103A2	MIR107	RAB1B
MIR103A2	MIR107	HIST1H2BI
MIR103A2	MIR107	PALM2-AKAP2
MIR103A2	MIR107	PLK1
MIR103A2	MIR107	STOM
MIR103A2	MIR107	FLOT1
MIR103A2	MIR107	TGFBR2
MIR103A2	MIR107	NUP210
MIR103A2	MIR107	KCTD10
MIR103A2	MIR107	MAP1S
MIR103A2	MIR107	DIAPH1
MIR103A2	MIR107	C21orf59
MIR103A2	MIR107	EPM2AIP1
MIR103A2	MIR107	FNDC4
MIR103A2	MIR107	GTSE1
MIR103A2	MIR107	SEC13
MIR103A2	MIR107	CDIPT
MIR103A2	MIR107	ITGA6
MIR103A2	MIR107	MMP14
MIR103A2	MIR107	PCBP1
MIR103A2	MIR107	SNCG
MIR103A2	MIR107	CHD3
MIR103A2	MIR107	POLR1B
MIR103A2	MIR107	AP2M1
MIR103A2	MIR107	C20orf27
MIR103A2	MIR107	SNAPC5
MIR103A2	MIR107	FAT4
MIR103A2	MIR107	TOP3A
MIR103A2	MIR107	C12orf57
MIR103A2	MIR107	TOB2
MIR103A2	MIR107	HSD17B12
MIR103A2	MIR107	SPTAN1
MIR103A2	MIR107	BZW2
MIR103A2	MIR107	OAS3
MIR103A2	MIR107	MYCBP2
MIR103A2	MIR107	HIST1H2BG
MIR103A2	MIR107	ARAP3
MIR103A2	MIR107	GTF2H4
MIR103A2	MIR107	HNRNPA0
MIR103A2	MIR107	PCSK7
MIR103A2	MIR107	IFNGR2
MIR103A2	MIR107	ACBD5
MIR103A2	MIR107	IRF4
MIR103A2	MIR107	RGS5
MIR103A2	MIR107	WDR6
MIR103A2	MIR107	EIF2AK1
MIR103A2	MIR107	GRAMD3
MIR103A2	MIR107	WLS
MIR103A2	MIR107	INPPL1
MIR103A2	MIR107	PGRMC1
MIR103A2	MIR107	PKN1
MIR103A2	MIR107	TBL1XR1
MIR103A2	MIR107	TMEM184B
MIR103A2	MIR107	GBF1
MIR103A2	MIR107	ZNF780B
MIR103A2	MIR107	ANKRD50
MIR103A2	MIR107	VPS33B
MIR103A2	MIR107	FGD4
MIR103A2	MIR107	CHUK
MIR103A2	MIR107	AKAP11
MIR103A2	MIR107	KLF5
MIR103A2	MIR107	C4orf48
MIR103A2	MIR107	LAPTM4A
MIR103A2	MIR107	NDUFS8
MIR103A2	MIR107	PHLDA3
MIR103A2	MIR107	PUF60
MIR103A2	MIR107	FAM127A
MIR103A2	MIR107	NAA38
MIR103A2	MIR107	FAM103A1
MIR103A2	MIR107	TXNRD3
MIR103A2	MIR107	FOCAD
MIR103A2	MIR107	TMEM167B
MIR103A2	MIR107	SMPD1
MIR103A2	MIR107	ENG
MIR103A2	MIR107	LATS1
MIR103A2	MIR107	GFOD2
MIR103A2	MIR107	PLXNA4
MIR103A2	MIR107	SCG2
MIR103A2	MIR107	FLT1
MIR103A2	MIR107	HIST1H2BO
MIR103A2	MIR107	SLC25A10
MIR103A2	MIR107	HHIP
MIR103A2	MIR107	MED24
MIR103A2	MIR107	INF2
MIR103A2	MIR107	COG1
MIR103A2	MIR107	TSPAN3
MIR103A2	MIR107	ZNF618
MIR103A2	MIR107	MAPK9
MIR103A2	MIR107	RCAN1
MIR103A2	MIR107	COG8
MIR103A2	MIR107	BAZ2A
MIR103A2	MIR107	DLAT
MIR103A2	MIR107	PIK3CG
MIR103A2	MIR107	RAB11B
MIR103A2	MIR107	FLOT2
MIR103A2	MIR107	HK1
MIR103A2	MIR107	FEN1
MIR103A2	MIR107	PURB
MIR103A2	MIR107	NCL
MIR103A2	MIR107	JUN
MIR103A2	MIR107	SLC52A2
MIR103A2	MIR107	EIF5
MIR103A2	MIR107	TLN1
MIR103A2	MIR107	COPB1
MIR103A2	MIR107	PRKAR2B
MIR103A2	MIR107	ARCN1
MIR103A2	MIR107	CFL1
MIR103A2	MIR107	DNAJB4
MIR103A2	MIR107	PTGFRN
MIR103A2	MIR107	PTAR1
MIR103A2	MIR107	PABPN1
MIR103A2	MIR107	NOTCH2
MIR103A2	MIR107	CD59
MIR103A2	MIR107	ZNF687
MIR103A2	MIR107	NRBP1
MIR103A2	MIR107	ENHO
MIR103A2	MIR107	SCAMP2
MIR103A2	MIR107	TNFRSF21
MIR103A2	MIR107	ST6GAL1
MIR103A2	MIR107	MBOAT2
MIR103A2	MIR107	TCIRG1
MIR103A2	MIR107	SPAG9
MIR103A2	MIR107	MGAT2
MIR103A2	MIR107	PAWR
MIR103A2	MIR107	ZBED4
MIR103A2	MIR107	UBE2T
MIR103A2	MIR107	MAT2B
MIR103A2	MIR107	TCP1
MIR103A2	MIR107	RAI14
MIR103A2	MIR107	UBR3
MIR103A2	MIR107	RNPEPL1
MIR103A2	MIR107	TIE1
MIR103A2	MIR107	FBXW7
MIR103A2	MIR107	PRKCSH
MIR103A2	MIR107	SEC22C
MIR103A2	MIR107	ARL2
MIR103A2	MIR107	SNX6
MIR103A2	MIR107	CHD2
MIR103A2	MIR107	UBE2J1
MIR103A2	MIR107	FGF2
MIR103A2	MIR107	KPNA1
MIR103A2	MIR107	ADI1
MIR103A2	MIR107	CDR2L
MIR103A2	MIR107	KCTD12
MIR103A2	MIR107	TTC31
MIR103A2	MIR107	MEPCE
MIR103A2	MIR107	AP1S1
MIR103A2	MIR107	FOXK1
MIR103A2	MIR107	EIF2AK4
MIR103A2	MIR107	C21orf33
MIR103A2	MIR107	MOV10
MIR103A2	MIR107	ARHGEF1
MIR103A2	MIR107	VRK3
MIR103A2	MIR107	MTHFD2
MIR103A2	MIR107	CRTAP
MIR103A2	MIR107	MYO1C
MIR103A2	MIR107	FZD6
MIR103A2	MIR107	CCNT1
MIR103A2	MIR107	PPP1R18
MIR103A2	MIR107	PLXNB2
MIR103A2	MIR107	ZCCHC2
MIR103A2	MIR107	RECK
MIR103A2	MIR107	BMPR2
MIR103A2	MIR107	PICALM
MIR103A2	MIR107	CDK12
MIR103A2	MIR107	SGMS2
MIR103A2	MIR107	SF1
MIR103A2	MIR107	TUBGCP4
MIR103A2	MIR107	TXLNA
MIR103A2	MIR107	NR2F6
MIR103A2	MIR107	C6orf120
MIR103A2	MIR107	LDOC1
MIR103A2	MIR107	TLE3
MIR103A2	MIR107	RAB3B
MIR103A2	MIR107	FAM179A
MIR103A2	MIR107	FANCA
MIR103A2	MIR107	AHNAK
MIR103A2	MIR107	CEP164
MIR103A2	MIR107	FAM219A
MIR103A2	MIR107	ARL10
MIR103A2	MIR107	TGFB1
MIR103A2	MIR107	METAP2
MIR103A2	MIR107	PI4KB
MIR103A2	MIR107	HIST1H2BF
MIR103A2	MIR107	ACSL4
MIR103A2	MIR107	SUN2
MIR103A2	MIR107	HIPK1
MIR103A2	MIR107	EMP1
MIR103A2	MIR107	GCC2
MIR103A2	MIR107	SHISA5
MIR103A2	MIR107	TRIM8
MIR103A2	MIR107	GARS
MIR103A2	MIR107	PTPRB
MIR103A2	MIR107	SCAP
MIR103A2	MIR107	RAB1A
MIR103A2	MIR107	PLEKHF2
MIR103A2	MIR107	TNPO3
MIR103A2	MIR107	RPL5
MIR103A2	MIR107	XXbac-BPG32J3.20
MIR103A2	MIR107	NQO1
MIR103A2	MIR107	GIT1
MIR103A2	MIR107	FASN
MIR103A2	MIR107	ZDHHC16
MIR103A2	MIR107	ANKRD52
MIR103A2	MIR107	CELSR1
MIR103A2	MIR107	CLSTN1
MIR103A2	MIR107	RNF19B
MIR103A2	MIR107	HIST1H4F
MIR103A2	MIR107	ST6GALNAC4
MIR103A2	MIR107	S1PR1
MIR103A2	MIR107	RPS3
MIR103A2	MIR107	UTP18
MIR103A2	MIR107	MKKS
MIR103A2	MIR107	TAF6
MIR103A2	MIR107	ETS2
MIR103A2	MIR107	MFSD5
MIR103A2	MIR107	IMP3
MIR103A2	MIR107	CNKSR3
MIR103A2	MIR107	SAE1
MIR103A2	MIR107	APLN
MIR103A2	MIR107	NUAK1
MIR103A2	MIR107	IST1
MIR103A2	MIR107	ESYT2
MIR103A2	MIR107	C16orf72
MIR103A2	MIR107	STAT2
MIR103A2	MIR107	COPG2
MIR103A2	MIR107	FAM49B
MIR103A2	MIR107	YTHDF2
MIR103A2	MIR107	POLD1
MIR103A2	MIR107	CDCA7L
MIR103A2	MIR107	USP14
MIR103A2	MIR107	KDM2A
MIR103A2	MIR107	FRYL
MIR103A2	MIR107	GIGYF1
MIR103A2	MIR107	PIP4K2B
MIR103A2	MIR107	MBNL1
MIR103A2	MIR107	TMEM101
MIR103A2	MIR107	ATP13A2
MIR103A2	MIR107	FERMT2
MIR103A2	MIR107	SEC14L1
MIR103A2	MIR107	REG3G
MIR103A2	MIR107	COPA
MIR103A2	MIR107	STARD8
MIR103A2	MIR107	DENND4B
MIR103A2	MIR107	ASH1L
MIR103A2	MIR107	MAPKAPK3
MIR103A2	MIR107	FAM69B
MIR103A2	MIR107	FGFRL1
MIR103A2	MIR107	PGAM5
MIR103A2	MIR107	STAM
MIR103A2	MIR107	TMEM109
MIR103A2	MIR107	MAP4
MIR103A2	MIR107	PLA2G15
MIR103A2	MIR107	SLC9A1
MIR103A2	MIR107	MAP3K11
MIR103A2	MIR107	PTPN18
MIR103A2	MIR107	UROD
MIR103A2	MIR107	KTN1
MIR103A2	MIR107	ZNF710
MIR103A2	MIR107	DDIT4
MIR103A2	MIR107	ANKRD17
MIR103A2	MIR107	KMT2D
MIR103A2	MIR107	H2AFV
MIR103A2	MIR107	HIST1H2BC
MIR103A2	MIR107	SH2D3C
MIR103A2	MIR107	MMRN1
MIR103A2	MIR107	RNF19A
MIR103A2	MIR107	SEC24C
MIR103A2	MIR107	ENSG00000255103
MIR103A2	MIR107	SAMD4A
MIR103A2	MIR107	IER5L
MIR103A2	MIR107	KIFC3
MIR103A2	MIR107	SRSF3
MIR103A2	MIR107	ATL2
MIR103A2	MIR107	MAPK14
MIR103A2	MIR107	HYAL2
MIR103A2	MIR107	MAPRE1
MIR103A2	MIR107	ORAI1
MIR103A2	MIR107	PDIA6
MIR103A2	MIR107	RNF123
MIR103A2	MIR107	TMEM39B
MIR103A2	MIR107	CD2AP
MIR103A2	MIR107	HERC1
MIR103A2	MIR107	NSUN4
MIR103A2	MIR107	QKI
MIR103A2	MIR107	EIF4G2
MIR103A2	MIR107	OTUD4
MIR103A2	MIR107	MYOF
MIR103A2	MIR107	TP53I11
MIR103A2	MIR107	RNF31
MIR103A2	MIR107	PPP2R5D
MIR103A2	MIR107	FBXO10
MIR103A2	MIR107	SF3B3
MIR103A2	MIR107	GLE1
MIR103A2	MIR107	IGF1R
MIR103A2	MIR107	AGO2
MIR103A2	MIR107	MIB1
MIR103A2	MIR107	PRPF40A
MIR103A2	MIR107	RBM14
MIR103A2	MIR107	GSN
MIR103A2	MIR107	DOCK6
MIR103A2	MIR107	FSCN1
MIR103A2	MIR107	DHX33
MIR103A2	MIR107	SPATA13
MIR103A2	MIR107	FBXO5
MIR103A2	MIR107	CREBBP
MIR103A2	MIR107	OGFOD1
MIR103A2	MIR107	KHSRP
MIR103A2	MIR107	SMG1
MIR103A2	MIR107	C2CD5
MIR103A2	MIR107	CYFIP1
MIR103A2	MIR107	FADD
MIR103A2	MIR107	TOR4A
MIR103A2	MIR107	RAB7A
MIR103A2	MIR107	KIF5B
MIR103A2	MIR107	CHMP3
MIR103A2	MIR107	RAI1
MIR103A2	MIR107	AP3D1
MIR103A2	MIR107	NID1
MIR103A2	MIR107	POM121C
MIR103A2	MIR107	GLTP
MIR103A2	MIR107	PPM1F
MIR103A2	MIR107	TNIP2
MIR103A2	MIR107	MIDN
MIR103A2	MIR107	MLLT4
MIR103A2	MIR107	SRSF2
MIR103A2	MIR107	NDUFS2
MIR103A2	MIR107	SRRM2
MIR103A2	MIR107	TGIF2
MIR103A2	MIR107	PGD
MIR103A2	MIR107	SNX8
MIR103A2	MIR107	TRAPPC1
MIR103A2	MIR107	C19orf68
MIR103A2	MIR107	CDC37
MIR103A2	MIR107	CHP1
MIR103A2	MIR107	MYO1D
MIR103A2	MIR107	BACE2
MIR103A2	MIR107	POMT2
MIR103A2	MIR107	TBCC
MIR103A2	MIR107	GLCE
MIR103A2	MIR107	TMEM123
MIR103A2	MIR107	RPL4
MIR103A2	MIR107	BUB1
MIR103A2	MIR107	SNX5
MIR103A2	MIR107	TNFRSF1B
MIR103A2	MIR107	ZFP36L1
MIR103A2	MIR107	C11orf58
MIR103A2	MIR107	GAS2L3
MIR103A2	MIR107	HSPA5
MIR103A2	MIR107	SLC18A2
MIR103A2	MIR107	CNOT6
MIR103A2	MIR107	CD80
MIR103A2	MIR107	ILF3
MIR103A2	MIR107	HERC3
MIR103A2	MIR107	GNA11
MIR103A2	MIR107	ANKS1A
MIR103A2	MIR107	NPTX2
MIR103A2	MIR107	XPO7
MIR103A2	MIR107	SEC24D
MIR103A2	MIR107	KDM6A
MIR103A2	MIR107	REXO2
MIR103A2	MIR107	PVRL3
MIR103A2	MIR107	ABCB1
MIR103A2	MIR107	SORL1
MIR103A2	MIR107	IDH1
MIR103A2	MIR107	PURA
MIR103A2	MIR107	CTNND1
MIR103A2	MIR107	ALB
MIR103A2	MIR107	C17orf49
MIR103A2	MIR107	RHOBTB1
MIR103A2	MIR107	MAGED1
MIR103A2	MIR107	LAMC1
MIR103A2	MIR107	MTMR4
MIR103A2	MIR107	CTNNA1
MIR103A2	MIR107	ATG9B
MIR103A2	MIR107	TMEM11
MIR103A2	MIR107	XRN1
MIR103A2	MIR107	GNL3
MIR103A2	MIR107	NOL4L
MIR103A2	MIR107	SSRP1
MIR103A2	MIR107	TMBIM1
MIR103A2	MIR107	NTN4
MIR103A2	MIR107	RNPEP
MIR103A2	MIR107	HIST1H2BN
MIR103A2	MIR107	RTCB
MIR103A2	MIR107	LTBR
MIR103A2	MIR107	TMEM43
MIR103A2	MIR107	HIST1H3J
MIR103A2	MIR107	DSE
MIR103A2	MIR107	ABL2
MIR103A2	MIR107	UPF2
MIR103A2	MIR107	PRPF31
MIR103A2	MIR107	RORA
MIR103A2	MIR107	DDX54
MIR103A2	MIR107	CTGF
MIR103A2	MIR107	PAM
MIR103A2	MIR107	TBC1D8
MIR103A2	MIR107	VPS13D
MIR103A2	MIR107	ARHGAP21
MIR103A2	MIR107	MARCKS
MIR103A2	MIR107	TTLL12
MIR103A2	MIR107	APBB2
MIR103A2	MIR107	PAG1
MIR103A2	MIR107	SLC35A4
MIR103A2	MIR107	CSNK1A1
MIR103A2	MIR107	DYSF
MIR103A2	MIR107	RBM15B
MIR103A2	MIR107	CSE1L
MIR103A2	MIR107	TM4SF1
MIR103A2	MIR107	CDK6
MIR103A2	MIR107	KLHL18
MIR103A2	MIR107	CENPJ
MIR103A2	MIR107	DNAJC5
MIR103A2	MIR107	ATP1B3
MIR103A2	MIR107	HIST1H2BD
MIR103A2	MIR107	HSPH1
MIR103A2	MIR107	NAB1
MIR103A2	MIR107	NAPA
MIR103A2	MIR107	CMIP
MIR103A2	MIR107	SCAF4
MIR103A2	MIR107	RBM4
MIR103A2	MIR107	SEC61A1
MIR103A2	MIR107	PRDX4
MIR103A2	MIR107	SERPINE1
MIR103A2	MIR107	SIGMAR1
MIR103A2	MIR107	SULF2
MIR103A2	MIR107	CD200R1
MIR103A2	MIR107	SCRIB
MIR103A2	MIR107	CBX5
MIR103A2	MIR107	DDX3X
MIR103A2	MIR107	BCAR1
MIR103A2	MIR107	SLC16A3
MIR103A2	MIR107	SLC25A24
MIR103A2	MIR107	AKT2
MIR103A2	MIR107	HTRA1
MIR103A2	MIR107	SMARCC2
MIR103A2	MIR107	SIK3
MIR103A2	MIR107	CNOT10
MIR103A2	MIR107	MGP
MIR103A2	MIR107	DST
MIR103A2	MIR107	C10orf10
MIR103A2	MIR107	ARMC5
MIR103A2	MIR107	BTBD1
MIR103A2	MIR107	PIGS
MIR103A2	MIR107	PSMC4
MIR103A2	MIR107	DAG1
MIR103A2	MIR107	EIF4G1
MIR103A2	MIR107	B3GNT2
MIR103A2	MIR107	MAT2A
MIR103A2	MIR107	RNF24
MIR103A2	MIR107	STT3A
MIR103A2	MIR107	RAB4A
MIR103A2	MIR107	FHL1
MIR103A2	MIR107	SRM
MIR103A2	MIR107	PINK1
MIR103A2	MIR107	C7orf50
MIR103A2	MIR107	TUBA1A
MIR103A2	MIR107	TBRG4
MIR103A2	MIR107	VMP1
MIR103A2	MIR107	LRRC41
MIR103A2	MIR107	RBM12
MIR103A2	MIR107	SEMA6B
MIR103A2	MIR107	HJURP
MIR103A2	MIR107	CSNK2A1
MIR103A2	MIR107	SF3A2
MIR103A2	MIR107	NOP9
MIR103A2	MIR107	FRMD4A
MIR103A2	MIR107	ZBED1
MIR103A2	MIR107	TNFRSF10D
MIR103A2	MIR107	FDFT1
MIR103A2	MIR107	SLC38A1
MIR103A2	MIR107	DLD
MIR103A2	MIR107	MRPS23
MIR103A2	MIR107	DESI1
MIR103A2	MIR107	EXTL3
MIR103A2	MIR107	PALM
MIR103A2	MIR107	FAM213A
MIR103A2	MIR107	CCSER1
MIR103A2	MIR107	HIST1H2BJ
MIR103A2	MIR107	INPP4A
MIR103A2	MIR107	CIZ1
MIR103A2	MIR107	ATF6
MIR103A2	MIR107	G3BP1
MIR103A2	MIR107	THRA
MIR103A2	MIR107	ACTB
MIR103A2	MIR107	MYO10
MIR103A2	MIR107	TMEM8A
MIR103A2	MIR107	KLHL9
MIR103A2	MIR107	ATP13A3
MIR103A2	MIR107	DCUN1D1
MIR103A2	MIR107	HNRNPUL2
MIR103A2	MIR107	TRRAP
MIR103A2	MIR107	RSU1
MIR103A2	MIR107	SH3GLB1
MIR103A2	MIR107	ARID1A
MIR103A2	MIR107	MRPL4
MIR103A2	MIR107	PHF3
MIR103A2	MIR107	PHF19
MIR103A2	MIR107	AP2A2
MIR103A2	MIR107	SH3PXD2A
MIR103A2	MIR107	SEC31A
MIR103A2	MIR107	ABHD14A-ACY1
MIR103A2	MIR107	ZDHHC24
MIR103A2	MIR107	CNDP2
MIR103A2	MIR107	DDX24
MIR103A2	MIR107	PDE4DIP
MIR103A2	MIR107	HPS3
MIR103A2	MIR107	WASF2
MIR103A2	MIR107	NFIX
MIR103A2	MIR107	SCARB1
MIR103A2	MIR107	ARAP1
MIR103A2	MIR107	PLS3
MIR103A2	MIR107	PLEC
MIR103A2	MIR107	TNFRSF11A
MIR103A2	MIR107	LRP10
MIR103A2	MIR107	TNS3
MIR103A2	MIR107	TMEM30A
MIR103A2	MIR107	NFKB1
MIR103A2	MIR107	FAM43A
MIR103A2	MIR107	CARM1
MIR103A2	MIR107	CAPNS1
MIR103A2	MIR107	MARCH4
MIR103A2	MIR107	KLF7
MIR103A2	MIR107	IP6K1
MIR103A2	MIR107	FMNL3
MIR103A2	MIR107	CAPN15
MIR103A2	MIR107	PLOD1
MIR103A2	MIR107	HUWE1
MIR103A2	MIR107	MLK4
MIR103A2	MIR107	DRAM2
MIR103A2	MIR107	NPLOC4
MIR103A2	MIR107	SPATS2
MIR103A2	MIR107	ETV6
MIR103A2	MIR107	GADD45GIP1
MIR103A2	MIR107	B3GNT1
MIR103A2	MIR107	PPP4C
MIR103A2	MIR107	ZNF362
MIR103A2	MIR107	UBTD1
MIR103A2	MIR107	CYB561A3
MIR103A2	MIR107	PNPLA2
MIR103A2	MIR107	DUSP1
MIR103A2	MIR107	RASSF8
MIR103A2	MIR107	BOD1L1
MIR103A2	MIR107	ARMC1
MIR103A2	MIR107	KLHL36
MIR103A2	MIR107	FAM73B
MIR103A2	MIR107	PRPF8
MIR103A2	MIR107	AARS
MIR103A2	MIR107	MDH2
MIR103A2	MIR107	RAB11FIP3
MIR103A2	MIR107	YEATS2
MIR103A2	MIR107	WEE1
MIR103A2	MIR107	AGPAT3
MIR103A2	MIR107	KLF6
MIR103A2	MIR107	AGFG1
MIR103A2	MIR107	ALDH4A1
MIR103A2	MIR107	CLASP1
MIR103A2	MIR107	EGLN2
MIR103A2	MIR107	PLOD3
MIR103A2	MIR107	C19orf48
MIR103A2	MIR107	ORAI2
MIR103A2	MIR107	KRT18
MIR103A2	MIR107	HMGA1
MIR103A2	MIR107	SH2B3
MIR103A2	MIR107	TRIP12
MIR103A2	MIR107	ATP8B2
MIR103A2	MIR107	LRRC8A
MIR103A2	MIR107	SDCBP
MIR103A2	MIR107	ZC3HAV1L
MIR103A2	MIR107	CELF1
MIR103A2	MIR107	SUFU
MIR103A2	MIR107	EIF2B2
MIR103A2	MIR107	KAT6A
MIR103A2	MIR107	SIPA1L1
MIR103A2	MIR107	AGPAT1
MIR103A2	MIR107	BTG2
MIR103A2	MIR107	ZSWIM8
MIR103A2	MIR107	HIST1H2BL
MIR103A2	MIR107	PLEKHM2
MIR103A2	MIR107	COLGALT1
MIR103A2	MIR107	CRLS1
MIR103A2	MIR107	MPST
MIR103A2	MIR107	ZYX
MIR103A2	MIR107	LRRC59
MIR103A2	MIR107	SOGA1
MIR103A2	MIR107	PLEKHA1
MIR103A2	MIR107	C5orf24
MIR103A2	MIR107	WDHD1
MIR103A2	MIR107	CAPN1
MIR103A2	MIR107	LRSAM1
MIR103A2	MIR107	BOLA3
MIR103A2	MIR107	DNHD1
MIR103A2	MIR107	GPR125
MIR103A2	MIR107	NACC1
MIR103A2	MIR107	FAM127C
MIR103A2	MIR107	JADE1
MIR103A2	MIR107	KIF21A
MIR103A2	MIR107	RBFOX2
MIR103A2	MIR107	PHACTR4
MIR103A2	MIR107	LRRC61
MIR103A2	MIR107	ACTG1
MIR103A2	MIR107	ABCF2
MIR103A2	MIR107	TRAK1
MIR103A2	MIR107	USP42
MIR103A2	MIR107	ARHGEF2
MIR103A2	MIR107	CHST14
MIR103A2	MIR107	SHISA4
MIR103A2	MIR107	JOSD1
MIR103A2	MIR107	CTSA
MIR103A2	MIR107	ELK4
MIR103A2	MIR107	CERS2
MIR103A2	MIR107	C16orf58
MIR103A2	MIR107	MYH9
MIR103A2	MIR107	ELP2
MIR103A2	MIR107	CTNNB1
MIR103A2	MIR107	FBRS
MIR103A2	MIR107	VPRBP
MIR103A2	MIR107	HECTD1
MIR103A2	MIR107	C11orf73
MIR103A2	MIR107	DPYSL2
MIR103A2	MIR107	ITPR3
MIR103A2	MIR107	ZC3H7B
MIR103A2	MIR107	NOS3
MIR103A2	MIR107	CHD4
MIR103A2	MIR107	MPRIP
MIR103A2	MIR107	LOXL2
MIR103A2	MIR107	MAPKBP1
MIR103A2	MIR107	PPP1R12A
MIR103A2	MIR107	ABCA3
MIR103A2	MIR107	SRPX
MIR103A2	MIR107	TIMP2
MIR103A2	MIR107	UBOX5
MIR103A2	MIR107	SLC35B2
MIR103A2	MIR107	C9orf69
MIR103A2	MIR107	LRPPRC
MIR103A2	MIR107	CCNB1
MIR103A2	MIR107	DYNC1H1
MIR103A2	MIR107	RIOK3
MIR103A2	MIR107	PRRC1
MIR103A2	MIR107	C7orf26
MIR103A2	MIR107	MPZL3
MIR103A2	MIR107	CRIM1
MIR103A2	MIR107	DHRS7
MIR103A2	MIR107	XRN2
MIR103A2	MIR107	MGST1
MIR103A2	MIR107	APLP2
MIR103A2	MIR107	DPM3
MIR103A2	MIR107	PRKAA1
MIR103A2	MIR107	MORF4L2
MIR103A2	MIR107	PCBD1
MIR103A2	MIR107	PRKCA
MIR103A2	MIR107	NFIA
MIR103A2	MIR107	PEA15
MIR103A2	MIR107	TACC1
MIR103A2	MIR107	HADHA
MIR103A2	MIR107	KIAA0196
MIR103A2	MIR107	TAOK2
MIR103A2	MIR107	TMEM126A
MIR103A2	MIR107	SGPP2
MIR103A2	MIR107	SGSM3
MIR103A2	MIR107	SLC39A6
MIR103A2	MIR107	HIST1H2BH
MIR103A2	MIR107	SFPQ
MIR103A2	MIR107	PPP1CB
MIR103A2	MIR107	PSMD3
MIR103A2	MIR107	MRPL12
MIR103A2	MIR107	TMEM134
MIR103A2	MIR107	TRIM35
MIR103A2	MIR107	BTBD2
MIR103A2	MIR107	RNF20
MIR103A2	MIR107	CCT7
MIR103A2	MIR107	NSMAF
MIR103A2	MIR107	TRAF3
MIR103A2	MIR107	ARSB
MIR103A2	MIR107	GOLT1B
MIR103A2	MIR107	PACS1
MIR103A2	MIR107	CLOCK
MIR103A2	MIR107	NDEL1
MIR103A2	MIR107	ZFYVE20
MIR103A2	MIR107	OGT
MIR103A2	MIR107	RAVER2
MIR103A2	MIR107	RHBDD3
MIR103A2	MIR107	SEPHS2
MIR103A2	MIR107	RTN3
MIR103A2	MIR107	ATP2B1
MIR103A2	MIR107	C20orf194
MIR103A2	MIR107	MAP3K3
MIR103A2	MIR107	RGS4
MIR103A2	MIR107	SKI
MIR103A2	MIR107	EFNA1
MIR103A2	MIR107	GADD45A
MIR103A2	MIR107	RASIP1
MIR103A2	MIR107	SEC24B
MIR103A2	MIR107	CCDC85C
MIR103A2	MIR107	TRIM44
MIR103A2	MIR107	PDGFA
MIR103A2	MIR107	PBDC1
MIR103A2	MIR107	RIN2
MIR103A2	MIR107	USP34
MIR103A2	MIR107	CCDC50
MIR103A2	MIR107	TTC19
MIR103A2	MIR107	MARCKSL1
MIR103A2	MIR107	INSIG1
MIR103A2	MIR107	GLS
MIR103A2	MIR107	MT1E
MIR103A2	MIR107	NCOA6
MIR103A2	MIR107	NDUFV1
MIR103A2	MIR107	GAPVD1
MIR103A2	MIR107	RPAP1
MIR103A2	MIR107	PHIP
MIR103A2	MIR107	PTBP3
MIR103A2	MIR107	ABHD17B
MIR103A2	MIR107	ADCY6
MIR103A2	MIR107	CINP
MIR103A2	MIR107	KMT2A
MIR103A2	MIR107	MKL2
MIR103A2	MIR107	RAPGEF3
MIR103A2	MIR107	TLE2
MIR103A2	MIR107	ARL8A
MIR103A2	MIR107	CCNF
MIR103A2	MIR107	PTPRK
MIR103A2	MIR107	TTYH3
MIR103A2	MIR107	C14orf1
MIR103A2	MIR107	SEPT9
MIR103A2	MIR107	CENPO
MIR103A2	MIR107	BCAP29
MIR103A2	MIR107	CCT8
MIR103A2	MIR107	RAVER1
MIR103A2	MIR107	TAB2
MIR103A2	MIR107	DICER1
MIR103A2	MIR107	COL4A1
MIR103A2	MIR107	CMPK1
MIR103A2	MIR107	PRRC2B
MIR103A2	MIR107	ARSJ
MIR103A2	MIR107	MDFI
MIR103A2	MIR107	MYC
MIR103A2	MIR107	CHD8
MIR103A2	MIR107	RBPMS2
MIR103A2	MIR107	NBR1
MIR103A2	MIR107	TNFRSF14
MIR103A2	MIR107	ARL1
MIR103A2	MIR107	TMEM256-PLSCR3
MIR103A2	MIR107	SETD1A
MIR103A2	MIR107	COPS7A
MIR103A2	MIR107	MFNG
MIR103A2	MIR107	TP53
MIR103A2	MIR107	SNRNP200
MIR103A2	MIR107	CCNA2
MIR103A2	MIR107	DAPK1
MIR103A2	MIR107	C2CD2
MIR103A2	MIR107	ZDHHC8
MIR103A2	MIR107	PERP
MIR103A2	MIR107	TM9SF2
MIR103A2	MIR107	EPHA2
MIR103A2	MIR107	CACNA2D1
MIR103A2	MIR107	SNRK
MIR103A2	MIR107	DYRK2
MIR103A2	MIR107	LETM1
MIR103A2	MIR107	PLAGL1
MIR103A2	MIR107	MMD
MIR103A2	MIR107	CHSY1
MIR103A2	MIR107	AKAP13
MIR103A2	MIR107	SFT2D3
MIR103A2	MIR107	PER1
MIR103A2	MIR107	KPNA6
MIR103A2	MIR107	UBQLN2
MIR103A2	MIR107	EXOC4
MIR106A	MIR106B	SMAD5
MIR106A	MIR106B	ATL3
MIR106A	MIR106B	RNH1
MIR106A	MIR106B	SH3RF1
MIR106A	MIR106B	BTN3A1
MIR106A	MIR106B	TTC9
MIR106A	MIR106B	E2F1
MIR106A	MIR106B	WEE1
MIR106A	MIR106B	PRRX1
MIR106A	MIR106B	DDX39B
MIR106A	MIR106B	BTG3
MIR106A	MIR106B	KIAA0232
MIR106A	MIR106B	EPAS1
MIR106A	MIR106B	LAPTM4A
MIR106A	MIR106B	PCYT1A
MIR106A	MIR106B	NCOA3
MIR106A	MIR106B	MKNK2
MIR106A	MIR106B	ZBTB7A
MIR106A	MIR106B	RASSF3
MIR106A	MIR106B	SMU1
MIR106A	MIR106B	SGMS1
MIR106A	MIR106B	RPRD2
MIR106A	MIR106B	ZNF827
MIR106A	MIR106B	ATG16L1
MIR106A	MIR106B	ARNTL2
MIR106A	MIR106B	UBE3C
MIR106A	MIR106B	SOCS1
MIR106A	MIR106B	ZNF337
MIR106A	MIR106B	TNFAIP3
MIR106A	MIR106B	COQ10B
MIR106A	MIR106B	ZNF81
MIR106A	MIR106B	ANKRD11
MIR106A	MIR106B	SIPA1L1
MIR106A	MIR106B	FAM222B
MIR106A	MIR106B	RUNX3
MIR106A	MIR106B	PKD2
MIR106A	MIR106B	REEP3
MIR106A	MIR106B	CRK
MIR106A	MIR106B	MOB1A
MIR106A	MIR106B	SOGA1
MIR106A	MIR106B	PRKAR1A
MIR106A	MIR106B	MIDN
MIR106A	MIR106B	ADAM9
MIR106A	MIR106B	EZH1
MIR106A	MIR106B	RCAN1
MIR106A	MIR106B	UBR4
MIR106A	MIR106B	TP53INP1
MIR106A	MIR106B	HBP1
MIR106A	MIR106B	DNPH1
MIR106A	MIR106B	TAOK3
MIR106A	MIR106B	NSD1
MIR106A	MIR106B	IRF1
MIR106A	MIR106B	ATP9A
MIR106A	MIR106B	CCNG2
MIR106A	MIR106B	CCDC137
MIR106A	MIR106B	FAM167A
MIR106A	MIR106B	CYBRD1
MIR106A	MIR106B	NCL
MIR106A	MIR106B	GLO1
MIR106A	MIR106B	EFCAB14
MIR106A	MIR106B	IRS1
MIR106A	MIR106B	ZNF217
MIR106A	MIR106B	ZBTB18
MIR106A	MIR106B	CLIP4
MIR106A	MIR106B	MAST4
MIR106A	MIR106B	PALLD
MIR106A	MIR106B	MOB1B
MIR106A	MIR106B	ABAT
MIR106A	MIR106B	DNAJC27
MIR106A	MIR106B	EIF2S1
MIR106A	MIR106B	KLF3
MIR106A	MIR106B	AAED1
MIR106A	MIR106B	ZNF800
MIR106A	MIR106B	CNOT4
MIR106A	MIR106B	NAPB
MIR106A	MIR106B	FEM1C
MIR106A	MIR106B	SASH1
MIR106A	MIR106B	LMBR1
MIR106A	MIR106B	VEGFA
MIR106A	MIR106B	IER3
MIR106A	MIR106B	CSRNP3
MIR106A	MIR106B	REV3L
MIR106A	MIR106B	TNRC6B
MIR106A	MIR106B	KLHL28
MIR106A	MIR106B	LRCH1
MIR106A	MIR106B	ZC3H12C
MIR106A	MIR106B	RLIM
MIR106A	MIR106B	CCDC71L
MIR106A	MIR106B	RASD1
MIR106A	MIR106B	STK11
MIR106A	MIR106B	PIK3R1
MIR106A	MIR106B	RASA2
MIR106A	MIR106B	NIPA1
MIR106A	MIR106B	TBC1D20
MIR106A	MIR106B	MAP3K8
MIR106A	MIR106B	SOD2
MIR106A	MIR106B	ERAP1
MIR106A	MIR106B	MAST2
MIR106A	MIR106B	SESN1
MIR106A	MIR106B	ANKIB1
MIR106A	MIR106B	ZNF592
MIR106A	MIR106B	SEMA7A
MIR106A	MIR106B	IPO7
MIR106A	MIR106B	RAB5B
MIR106A	MIR106B	UGCG
MIR106A	MIR106B	BEND4
MIR106A	MIR106B	CRIM1
MIR106A	MIR106B	ENPP5
MIR106A	MIR106B	NLK
MIR106A	MIR106B	ZBTB4
MIR106A	MIR106B	ZNF880
MIR106A	MIR106B	CSNK1A1
MIR106A	MIR106B	MYLIP
MIR106A	MIR106B	UNC119B
MIR106A	MIR106B	EGLN3
MIR106A	MIR106B	EXOC1
MIR106A	MIR106B	TAGAP
MIR106A	MIR106B	FAM126B
MIR106A	MIR106B	KDM6B
MIR106A	MIR106B	ZFYVE26
MIR106A	MIR106B	TSG101
MIR106A	MIR106B	FLAD1
MIR106A	MIR106B	NHLRC3
MIR106A	MIR106B	MSI2
MIR106A	MIR106B	CAV1
MIR106A	MIR106B	IRF9
MIR106A	MIR106B	MAP3K9
MIR106A	MIR106B	CXCL8
MIR106A	MIR106B	FRS2
MIR106A	MIR106B	PFKP
MIR106A	MIR106B	PLEKHO2
MIR106A	MIR106B	STK38
MIR106A	MIR106B	ACSL4
MIR106A	MIR106B	ATP6V1G1
MIR106A	MIR106B	ZMPSTE24
MIR106A	MIR106B	DUSP2
MIR106A	MIR106B	KDM4A
MIR106A	MIR106B	RUFY2
MIR106A	MIR106B	CCND1
MIR106A	MIR106B	DYRK3
MIR106A	MIR106B	ZDHHC20
MIR106A	MIR106B	NABP1
MIR106A	MIR106B	TRIM8
MIR106A	MIR106B	SAMD9L
MIR106A	MIR106B	USP3
MIR106A	MIR106B	ANKRD52
MIR106A	MIR106B	DCAF10
MIR106A	MIR106B	GGNBP2
MIR106A	MIR106B	RRM2
MIR106A	MIR106B	PHLDA1
MIR106A	MIR106B	FRMD4A
MIR106A	MIR106B	ZBTB33
MIR106A	MIR106B	CROT
MIR106A	MIR106B	LZIC
MIR106A	MIR106B	PPP6C
MIR106A	MIR106B	NR2C2
MIR106A	MIR106B	SLC30A1
MIR106A	MIR106B	MAGT1
MIR106A	MIR106B	KPNA2
MIR106A	MIR106B	MAP3K2
MIR106A	MIR106B	LIMK1
MIR106A	MIR106B	PPP1R12B
MIR106A	MIR106B	MACF1
MIR106A	MIR106B	SNX9
MIR106A	MIR106B	LPXN
MIR106A	MIR106B	TGFBR2
MIR106A	MIR106B	SEPT2
MIR106A	MIR106B	FRMPD4
MIR106A	MIR106B	CCND2
MIR106A	MIR106B	KDM2A
MIR106A	MIR106B	HYOU1
MIR106A	MIR106B	NUPL1
MIR106A	MIR106B	GIGYF1
MIR106A	MIR106B	GAN
MIR106A	MIR106B	TMEM127
MIR106A	MIR106B	SH3PXD2A
MIR106A	MIR106B	SBNO1
MIR106A	MIR106B	SEC14L1
MIR106A	MIR106B	AAK1
MIR106A	MIR106B	PLXNA1
MIR106A	MIR106B	SGTB
MIR106A	MIR106B	ULK1
MIR106A	MIR106B	WDR37
MIR106A	MIR106B	FAM129A
MIR106A	MIR106B	ZNFX1
MIR106A	MIR106B	NMD3
MIR106A	MIR106B	RB1
MIR106A	MIR106B	ARL4A
MIR106A	MIR106B	DUSP18
MIR106A	MIR106B	STARD7
MIR106A	MIR106B	BNIP2
MIR106A	MIR106B	ARL1
MIR106A	MIR106B	CLTC
MIR106A	MIR106B	TBC1D2B
MIR106A	MIR106B	KCMF1
MIR106A	MIR106B	CRY2
MIR106A	MIR106B	VAPB
MIR106A	MIR106B	RHOC
MIR106A	MIR106B	PTPN4
MIR106A	MIR106B	NBL1
MIR106A	MIR106B	CELF2
MIR106A	MIR106B	MAPK1
MIR106A	MIR106B	TXNIP
MIR106A	MIR106B	PKD1
MIR106A	MIR106B	GSPT1
MIR106A	MIR17	SMAD5
MIR106A	MIR17	MEF2A
MIR106A	MIR17	EPAS1
MIR106A	MIR17	MKNK2
MIR106A	MIR17	ARL9
MIR106A	MIR17	ASPH
MIR106A	MIR17	RASSF3
MIR106A	MIR17	CKAP5
MIR106A	MIR17	PPP6R1
MIR106A	MIR17	IPO9
MIR106A	MIR17	ANKRD11
MIR106A	MIR17	RPS6KA2
MIR106A	MIR17	PRKAR1A
MIR106A	MIR17	ADAM9
MIR106A	MIR17	UBR4
MIR106A	MIR17	HMGA2
MIR106A	MIR17	DNPH1
MIR106A	MIR17	ATP9A
MIR106A	MIR17	CCNG2
MIR106A	MIR17	PUM2
MIR106A	MIR17	FAM167A
MIR106A	MIR17	GLO1
MIR106A	MIR17	AAED1
MIR106A	MIR17	CNOT4
MIR106A	MIR17	FEM1C
MIR106A	MIR17	IER3
MIR106A	MIR17	KLHL28
MIR106A	MIR17	EIF4G3
MIR106A	MIR17	PIK3R1
MIR106A	MIR17	RND3
MIR106A	MIR17	SFT2D2
MIR106A	MIR17	NIPA1
MIR106A	MIR17	DHCR24
MIR106A	MIR17	SOD2
MIR106A	MIR17	UBE2Z
MIR106A	MIR17	RAB5B
MIR106A	MIR17	IPO5
MIR106A	MIR17	ZBTB4
MIR106A	MIR17	KDM6B
MIR106A	MIR17	AFF1
MIR106A	MIR17	NHLRC3
MIR106A	MIR17	MSI2
MIR106A	MIR17	MAP3K9
MIR106A	MIR17	PLEKHO2
MIR106A	MIR17	TSPAN12
MIR106A	MIR17	KDM4A
MIR106A	MIR17	RUFY2
MIR106A	MIR17	DLC1
MIR106A	MIR17	ADAR
MIR106A	MIR17	SACS
MIR106A	MIR17	SAMD9L
MIR106A	MIR17	EIF3A
MIR106A	MIR17	USP3
MIR106A	MIR17	DCAF10
MIR106A	MIR17	CROT
MIR106A	MIR17	PPP6C
MIR106A	MIR17	SLC30A1
MIR106A	MIR17	NIN
MIR106A	MIR17	ADD1
MIR106A	MIR17	PALM2-AKAP2
MIR106A	MIR17	TGFBR2
MIR106A	MIR17	HYOU1
MIR106A	MIR17	ARL4A
MIR106A	MIR17	KMT2B
MIR106A	MIR17	CRY2
MIR106A	MIR17	DSTN
MIR106A	MIR17	PTPN4
MIR106A	MIR17	ATL3
MIR106A	MIR17	RNH1
MIR106A	MIR17	GBF1
MIR106A	MIR17	TTC9
MIR106A	MIR17	E2F1
MIR106A	MIR17	WSB1
MIR106A	MIR17	PRRX1
MIR106A	MIR17	BTG3
MIR106A	MIR17	SMAD3
MIR106A	MIR17	LAPTM4A
MIR106A	MIR17	DCBLD2
MIR106A	MIR17	UBE3C
MIR106A	MIR17	SOCS1
MIR106A	MIR17	TNFAIP3
MIR106A	MIR17	FAM222B
MIR106A	MIR17	REEP3
MIR106A	MIR17	MAPK9
MIR106A	MIR17	RCAN1
MIR106A	MIR17	CCDC137
MIR106A	MIR17	HK1
MIR106A	MIR17	ATXN2L
MIR106A	MIR17	ZNF217
MIR106A	MIR17	CLIP4
MIR106A	MIR17	MAST4
MIR106A	MIR17	ZBTB18
MIR106A	MIR17	PALLD
MIR106A	MIR17	MOB1B
MIR106A	MIR17	PCDH10
MIR106A	MIR17	NAPB
MIR106A	MIR17	SCAMP2
MIR106A	MIR17	LMTK2
MIR106A	MIR17	VEGFA
MIR106A	MIR17	FLNB
MIR106A	MIR17	MKI67
MIR106A	MIR17	TBC1D20
MIR106A	MIR17	MAP3K8
MIR106A	MIR17	ERAP1
MIR106A	MIR17	MAST2
MIR106A	MIR17	ANKIB1
MIR106A	MIR17	SEMA7A
MIR106A	MIR17	BMPR2
MIR106A	MIR17	DR1
MIR106A	MIR17	TAGAP
MIR106A	MIR17	TSG101
MIR106A	MIR17	IRF9
MIR106A	MIR17	PFKP
MIR106A	MIR17	ACSL4
MIR106A	MIR17	HIPK1
MIR106A	MIR17	ZMPSTE24
MIR106A	MIR17	EMP1
MIR106A	MIR17	TRIM8
MIR106A	MIR17	SCAP
MIR106A	MIR17	RAB1A
MIR106A	MIR17	ANKRD52
MIR106A	MIR17	CLSTN1
MIR106A	MIR17	RAB11A
MIR106A	MIR17	MAGT1
MIR106A	MIR17	KPNA2
MIR106A	MIR17	MAP3K2
MIR106A	MIR17	MLXIP
MIR106A	MIR17	MSMO1
MIR106A	MIR17	MACF1
MIR106A	MIR17	LPXN
MIR106A	MIR17	CCND2
MIR106A	MIR17	KDM2A
MIR106A	MIR17	NUPL1
MIR106A	MIR17	ADNP
MIR106A	MIR17	GIGYF1
MIR106A	MIR17	FERMT2
MIR106A	MIR17	SEC14L1
MIR106A	MIR17	ULK1
MIR106A	MIR17	WDR37
MIR106A	MIR17	FAM129A
MIR106A	MIR17	NMD3
MIR106A	MIR17	DUSP18
MIR106A	MIR17	MAP3K11
MIR106A	MIR17	RHOC
MIR106A	MIR17	NBL1
MIR106A	MIR17	CIT
MIR106A	MIR17	CELF2
MIR106A	MIR17	MAPK1
MIR106A	MIR17	HIST1H3B
MIR106A	MIR17	RNF19A
MIR106A	MIR17	ENSG00000255103
MIR106A	MIR17	PKD1
MIR106A	MIR17	WNK1
MIR106A	MIR17	SH3RF1
MIR106A	MIR17	NFIB
MIR106A	MIR17	PCYT1A
MIR106A	MIR17	SF3B3
MIR106A	MIR17	ZBTB7A
MIR106A	MIR17	SMU1
MIR106A	MIR17	SGMS1
MIR106A	MIR17	ZNF827
MIR106A	MIR17	DESI2
MIR106A	MIR17	ZNF337
MIR106A	MIR17	JAK1
MIR106A	MIR17	TRIP10
MIR106A	MIR17	TUBB4B
MIR106A	MIR17	MIDN
MIR106A	MIR17	VTA1
MIR106A	MIR17	EZH1
MIR106A	MIR17	HBP1
MIR106A	MIR17	TAOK3
MIR106A	MIR17	KIAA0355
MIR106A	MIR17	NSD1
MIR106A	MIR17	CYBRD1
MIR106A	MIR17	EFCAB14
MIR106A	MIR17	DNAJC27
MIR106A	MIR17	EIF2S1
MIR106A	MIR17	SASH1
MIR106A	MIR17	STAT3
MIR106A	MIR17	LMBR1
MIR106A	MIR17	CSRNP3
MIR106A	MIR17	LRCH1
MIR106A	MIR17	CCDC71L
MIR106A	MIR17	UBE2W
MIR106A	MIR17	DDX5
MIR106A	MIR17	ZNF592
MIR106A	MIR17	IPO7
MIR106A	MIR17	UGCG
MIR106A	MIR17	BEND4
MIR106A	MIR17	NLK
MIR106A	MIR17	CSNK1A1
MIR106A	MIR17	DDX42
MIR106A	MIR17	NOL9
MIR106A	MIR17	KLHL18
MIR106A	MIR17	ETS1
MIR106A	MIR17	ZFYVE26
MIR106A	MIR17	FLAD1
MIR106A	MIR17	CXCL8
MIR106A	MIR17	DDX3X
MIR106A	MIR17	FAM199X
MIR106A	MIR17	DOCK4
MIR106A	MIR17	DST
MIR106A	MIR17	CCND1
MIR106A	MIR17	PHACTR2
MIR106A	MIR17	RRM2
MIR106A	MIR17	FRMD4A
MIR106A	MIR17	NR2C2
MIR106A	MIR17	CRTC2
MIR106A	MIR17	SNX9
MIR106A	MIR17	MYO10
MIR106A	MIR17	SEPT2
MIR106A	MIR17	GAN
MIR106A	MIR17	DNAJC13
MIR106A	MIR17	SH3PXD2A
MIR106A	MIR17	TAL1
MIR106A	MIR17	AAK1
MIR106A	MIR17	AKT3
MIR106A	MIR17	ZNFX1
MIR106A	MIR17	PSMF1
MIR106A	MIR17	RB1
MIR106A	MIR17	BNIP2
MIR106A	MIR17	CLTC
MIR106A	MIR17	FANCI
MIR106A	MIR17	DCP2
MIR106A	MIR17	NF1
MIR106A	MIR17	SPATS2
MIR106A	MIR17	TXNIP
MIR106A	MIR17	GSPT1
MIR106A	MIR17	BTN3A1
MIR106A	MIR17	WEE1
MIR106A	MIR17	KIF3C
MIR106A	MIR17	TPP1
MIR106A	MIR17	NR2F2
MIR106A	MIR17	NCOA3
MIR106A	MIR17	ATG16L1
MIR106A	MIR17	ARNTL2
MIR106A	MIR17	ZNF81
MIR106A	MIR17	SIPA1L1
MIR106A	MIR17	PHC2
MIR106A	MIR17	RUNX3
MIR106A	MIR17	EIF3I
MIR106A	MIR17	PKD2
MIR106A	MIR17	CRK
MIR106A	MIR17	MOB1A
MIR106A	MIR17	SOGA1
MIR106A	MIR17	COL4A2
MIR106A	MIR17	IRF1
MIR106A	MIR17	KLF3
MIR106A	MIR17	ZNF800
MIR106A	MIR17	TNRC6B
MIR106A	MIR17	CTNNB1
MIR106A	MIR17	HECTD1
MIR106A	MIR17	SLC38A2
MIR106A	MIR17	ZC3H12C
MIR106A	MIR17	RLIM
MIR106A	MIR17	RASD1
MIR106A	MIR17	STK11
MIR106A	MIR17	RASA2
MIR106A	MIR17	CHD4
MIR106A	MIR17	MPRIP
MIR106A	MIR17	GRAMD1A
MIR106A	MIR17	MRPL10
MIR106A	MIR17	CRIM1
MIR106A	MIR17	ENPP5
MIR106A	MIR17	ZNF880
MIR106A	MIR17	UNC119B
MIR106A	MIR17	EGLN3
MIR106A	MIR17	EXOC1
MIR106A	MIR17	FAM126B
MIR106A	MIR17	RHOA
MIR106A	MIR17	NAP1L1
MIR106A	MIR17	FRS2
MIR106A	MIR17	STK38
MIR106A	MIR17	PABPC4
MIR106A	MIR17	DUSP2
MIR106A	MIR17	VASH1
MIR106A	MIR17	DYRK3
MIR106A	MIR17	ZDHHC20
MIR106A	MIR17	NABP1
MIR106A	MIR17	HERC2
MIR106A	MIR17	NFIC
MIR106A	MIR17	PECAM1
MIR106A	MIR17	GGNBP2
MIR106A	MIR17	PHLDA1
MIR106A	MIR17	ZBTB33
MIR106A	MIR17	PXDN
MIR106A	MIR17	LZIC
MIR106A	MIR17	LAMTOR1
MIR106A	MIR17	ATP6V0E1
MIR106A	MIR17	LIMK1
MIR106A	MIR17	PPP1R12B
MIR106A	MIR17	USP34
MIR106A	MIR17	MYO1E
MIR106A	MIR17	HNRNPL
MIR106A	MIR17	FRMPD4
MIR106A	MIR17	TMEM127
MIR106A	MIR17	FAM91A1
MIR106A	MIR17	SBNO1
MIR106A	MIR17	PLXNA1
MIR106A	MIR17	SGTB
MIR106A	MIR17	ARL1
MIR106A	MIR17	AQR
MIR106A	MIR17	TBC1D2B
MIR106A	MIR17	KCMF1
MIR106A	MIR17	RPL13
MIR106A	MIR17	NCOA1
MIR106A	MIR17	AGFG2
MIR106A	MIR17	PPP1R15B
MIR106B	MIR17	SMAD5
MIR106B	MIR17	ATL3
MIR106B	MIR17	RNH1
MIR106B	MIR17	SH3RF1
MIR106B	MIR17	BTN3A1
MIR106B	MIR17	TTC9
MIR106B	MIR17	E2F1
MIR106B	MIR17	WEE1
MIR106B	MIR17	PRRX1
MIR106B	MIR17	BTG3
MIR106B	MIR17	AKAP11
MIR106B	MIR17	EPAS1
MIR106B	MIR17	LAPTM4A
MIR106B	MIR17	PCYT1A
MIR106B	MIR17	RBP1
MIR106B	MIR17	MICAL2
MIR106B	MIR17	EIF2S2
MIR106B	MIR17	MKNK2
MIR106B	MIR17	ZBTB7A
MIR106B	MIR17	RASSF3
MIR106B	MIR17	SMU1
MIR106B	MIR17	SGMS1
MIR106B	MIR17	ZNF827
MIR106B	MIR17	NCOA3
MIR106B	MIR17	ATG16L1
MIR106B	MIR17	ARNTL2
MIR106B	MIR17	UBE3C
MIR106B	MIR17	SOCS1
MIR106B	MIR17	ZNF337
MIR106B	MIR17	TNFAIP3
MIR106B	MIR17	ZNF81
MIR106B	MIR17	ANKRD11
MIR106B	MIR17	SIPA1L1
MIR106B	MIR17	FAM222B
MIR106B	MIR17	RUNX3
MIR106B	MIR17	PKD2
MIR106B	MIR17	REEP3
MIR106B	MIR17	CRK
MIR106B	MIR17	SEMA6D
MIR106B	MIR17	MOB1A
MIR106B	MIR17	SOGA1
MIR106B	MIR17	UQCRFS1
MIR106B	MIR17	UBAP2L
MIR106B	MIR17	PRKAR1A
MIR106B	MIR17	LTBP1
MIR106B	MIR17	ADAM9
MIR106B	MIR17	MIDN
MIR106B	MIR17	RCAN1
MIR106B	MIR17	EZH1
MIR106B	MIR17	UBR4
MIR106B	MIR17	HBP1
MIR106B	MIR17	DNPH1
MIR106B	MIR17	TAOK3
MIR106B	MIR17	NSD1
MIR106B	MIR17	IRF1
MIR106B	MIR17	ATP9A
MIR106B	MIR17	CCNG2
MIR106B	MIR17	SOCS5
MIR106B	MIR17	CNEP1R1
MIR106B	MIR17	CCDC137
MIR106B	MIR17	EEF1A1
MIR106B	MIR17	FAM167A
MIR106B	MIR17	CYBRD1
MIR106B	MIR17	GLO1
MIR106B	MIR17	ATXN1
MIR106B	MIR17	EFCAB14
MIR106B	MIR17	ZNF217
MIR106B	MIR17	CLIP4
MIR106B	MIR17	MAST4
MIR106B	MIR17	ZBTB18
MIR106B	MIR17	PALLD
MIR106B	MIR17	MOB1B
MIR106B	MIR17	DNAJC27
MIR106B	MIR17	EIF2S1
MIR106B	MIR17	SCD
MIR106B	MIR17	ITGB8
MIR106B	MIR17	KLF3
MIR106B	MIR17	AAED1
MIR106B	MIR17	JOSD1
MIR106B	MIR17	ZNF800
MIR106B	MIR17	CNOT4
MIR106B	MIR17	NAPB
MIR106B	MIR17	GSPT1
MIR106B	MIR17	FEM1C
MIR106B	MIR17	SASH1
MIR106B	MIR17	PPARD
MIR106B	MIR17	LMBR1
MIR106B	MIR17	VEGFA
MIR106B	MIR17	IER3
MIR106B	MIR17	CSRNP3
MIR106B	MIR17	TNRC6B
MIR106B	MIR17	KIAA1462
MIR106B	MIR17	KLHL28
MIR106B	MIR17	PURA
MIR106B	MIR17	LRCH1
MIR106B	MIR17	ZC3H12C
MIR106B	MIR17	SLAIN2
MIR106B	MIR17	RLIM
MIR106B	MIR17	CCDC71L
MIR106B	MIR17	RASD1
MIR106B	MIR17	STK11
MIR106B	MIR17	PIK3R1
MIR106B	MIR17	RASA2
MIR106B	MIR17	NIPA1
MIR106B	MIR17	TBC1D20
MIR106B	MIR17	MAP3K8
MIR106B	MIR17	SLC7A11
MIR106B	MIR17	SOD2
MIR106B	MIR17	ERAP1
MIR106B	MIR17	MAST2
MIR106B	MIR17	ANKIB1
MIR106B	MIR17	ZNF592
MIR106B	MIR17	SEMA7A
MIR106B	MIR17	IPO7
MIR106B	MIR17	RAB5B
MIR106B	MIR17	UGCG
MIR106B	MIR17	BEND4
MIR106B	MIR17	CRIM1
MIR106B	MIR17	ENPP5
MIR106B	MIR17	AKTIP
MIR106B	MIR17	ZBTB4
MIR106B	MIR17	NLK
MIR106B	MIR17	CSNK1A1
MIR106B	MIR17	FNDC3B
MIR106B	MIR17	ZNF880
MIR106B	MIR17	UNC119B
MIR106B	MIR17	PDPK1
MIR106B	MIR17	EGLN3
MIR106B	MIR17	EXOC1
MIR106B	MIR17	TAGAP
MIR106B	MIR17	FAM126B
MIR106B	MIR17	RPS11
MIR106B	MIR17	KDM6B
MIR106B	MIR17	BIRC6
MIR106B	MIR17	TSG101
MIR106B	MIR17	ZFYVE26
MIR106B	MIR17	FLAD1
MIR106B	MIR17	NHLRC3
MIR106B	MIR17	MSI2
MIR106B	MIR17	AHNAK
MIR106B	MIR17	CBX5
MIR106B	MIR17	IRF9
MIR106B	MIR17	MAP3K9
MIR106B	MIR17	CXCL8
MIR106B	MIR17	CDKN1A
MIR106B	MIR17	SMARCA4
MIR106B	MIR17	FRS2
MIR106B	MIR17	PFKP
MIR106B	MIR17	PLEKHO2
MIR106B	MIR17	STK38
MIR106B	MIR17	ACSL4
MIR106B	MIR17	MTMR3
MIR106B	MIR17	ZMPSTE24
MIR106B	MIR17	DUSP2
MIR106B	MIR17	KDM4A
MIR106B	MIR17	RUFY2
MIR106B	MIR17	CCND1
MIR106B	MIR17	DYRK3
MIR106B	MIR17	ZDHHC20
MIR106B	MIR17	NABP1
MIR106B	MIR17	TRIM8
MIR106B	MIR17	SAMD9L
MIR106B	MIR17	VHL
MIR106B	MIR17	USP3
MIR106B	MIR17	RBM12
MIR106B	MIR17	ANKRD52
MIR106B	MIR17	DCAF10
MIR106B	MIR17	GGNBP2
MIR106B	MIR17	RRM2
MIR106B	MIR17	PHLDA1
MIR106B	MIR17	FRMD4A
MIR106B	MIR17	ZBTB33
MIR106B	MIR17	CROT
MIR106B	MIR17	LZIC
MIR106B	MIR17	PPP6C
MIR106B	MIR17	NR2C2
MIR106B	MIR17	SLC30A1
MIR106B	MIR17	MAGT1
MIR106B	MIR17	KPNA2
MIR106B	MIR17	MAP3K2
MIR106B	MIR17	LIMK1
MIR106B	MIR17	PPP1R12B
MIR106B	MIR17	ASAP2
MIR106B	MIR17	NUCKS1
MIR106B	MIR17	MACF1
MIR106B	MIR17	RAB22A
MIR106B	MIR17	SNX9
MIR106B	MIR17	LPXN
MIR106B	MIR17	TGFBR2
MIR106B	MIR17	SEPT2
MIR106B	MIR17	FRMPD4
MIR106B	MIR17	NFAT5
MIR106B	MIR17	CCND2
MIR106B	MIR17	KDM2A
MIR106B	MIR17	HYOU1
MIR106B	MIR17	NUPL1
MIR106B	MIR17	GIGYF1
MIR106B	MIR17	GAN
MIR106B	MIR17	TMEM127
MIR106B	MIR17	SH3PXD2A
MIR106B	MIR17	PRRC2C
MIR106B	MIR17	SBNO1
MIR106B	MIR17	SEC14L1
MIR106B	MIR17	LITAF
MIR106B	MIR17	AAK1
MIR106B	MIR17	PLXNA1
MIR106B	MIR17	SGTB
MIR106B	MIR17	ULK1
MIR106B	MIR17	WDR37
MIR106B	MIR17	FAM129A
MIR106B	MIR17	ZNFX1
MIR106B	MIR17	NMD3
MIR106B	MIR17	RB1
MIR106B	MIR17	ARL4A
MIR106B	MIR17	DUSP18
MIR106B	MIR17	BNIP2
MIR106B	MIR17	ARL1
MIR106B	MIR17	CLTC
MIR106B	MIR17	TBC1D2B
MIR106B	MIR17	KCMF1
MIR106B	MIR17	KLHL7
MIR106B	MIR17	CRY2
MIR106B	MIR17	DAZAP2
MIR106B	MIR17	PIP4K2A
MIR106B	MIR17	C2CD4A
MIR106B	MIR17	RHOC
MIR106B	MIR17	PTPN4
MIR106B	MIR17	NBL1
MIR106B	MIR17	NPLOC4
MIR106B	MIR17	NIPBL
MIR106B	MIR17	MARS
MIR106B	MIR17	CELF2
MIR106B	MIR17	PREX1
MIR106B	MIR17	MAPK1
MIR106B	MIR17	TXNIP
MIR106B	MIR17	PKD1
MIR106B	MIR17	KLF10
MIR106B	MIR17	ZFYVE21
MIR10A	MIR10B	H3F3B
MIR10A	MIR10B	SERPINE1
MIR10A	MIR10B	ZNF281
MIR10A	MIR10B	TRIB1
MIR10A	MIR10B	PABPC1
MIR10A	MIR10B	UBE2C
MIR10A	MIR10B	RNF213
MIR10A	MIR10B	AHNAK
MIR10A	MIR10B	CREB1
MIR10A	MIR10B	DST
MIR10A	MIR10B	MME
MIR10A	MIR10B	RALBP1
MIR10A	MIR10B	BLOC1S5
MIR10A	MIR10B	MEDAG
MIR10A	MIR10B	PLA2G4F
MIR10A	MIR10B	CTSB
MIR10A	MIR10B	ATXN7
MIR10A	MIR10B	RQCD1
MIR10A	MIR10B	RASA2
MIR10A	MIR10B	TPP2
MIR10A	MIR10B	ATF4
MIR10A	MIR10B	SF3A3
MIR10A	MIR10B	THUMPD1
MIR10A	MIR10B	TNS3
MIR10A	MIR10B	FASN
MIR10A	MIR10B	MOB1A
MIR10A	MIR10B	PTGS2
MIR10A	MIR10B	NAA60
MIR10A	MIR10B	LSS
MIR10A	MIR10B	NR1D1
MIR10A	MIR10B	SPTAN1
MIR10A	MIR10B	BCL2L11
MIR10A	MIR10B	DENND4A
MIR10A	MIR10B	CTSD
MIR10A	MIR10B	TAPBP
MIR10A	MIR10B	NDUFA1
MIR10A	MIR10B	SLC45A4
MIR10A	MIR10B	YES1
MIR10A	MIR10B	C15orf39
MIR10A	MIR10B	SPIRE1
MIR10A	MIR10B	PUM2
MIR10A	MIR10B	SP1
MIR10A	MIR10B	TPM4
MIR10A	MIR10B	FNDC3B
MIR10A	MIR10B	JUN
MIR10A	MIR10B	NEDD4L
MIR10A	MIR10B	ACTG1
MIR10A	MIR10B	SSR3
MIR10A	MIR10B	HNRNPA3
MIR124-1	MIR124-3	FAM208B
MIR124-1	MIR124-3	TTC3
MIR124-1	MIR124-3	CHRAC1
MIR124-1	MIR124-3	JAG1
MIR124-1	MIR124-3	PIGT
MIR124-1	MIR124-3	F11R
MIR124-1	MIR124-3	MBD6
MIR124-1	MIR124-3	AGFG1
MIR124-1	MIR124-3	SKIL
MIR124-1	MIR124-3	FGD4
MIR124-1	MIR124-3	YOD1
MIR124-1	MIR124-3	DDX3Y
MIR124-1	MIR124-3	PKP4
MIR124-1	MIR124-3	ASPH
MIR124-1	MIR124-3	FAM127A
MIR124-1	MIR124-3	ABL1
MIR124-1	MIR124-3	C7orf25
MIR124-1	MIR124-3	WDR3
MIR124-1	MIR124-3	CD55
MIR124-1	MIR124-3	SLC35A1
MIR124-1	MIR124-3	TNFAIP3
MIR124-1	MIR124-3	ZCCHC3
MIR124-1	MIR124-3	THAP3
MIR124-1	MIR124-3	LPAR1
MIR124-1	MIR124-3	COL5A1
MIR124-1	MIR124-3	MBD4
MIR124-1	MIR124-3	TUBB4B
MIR124-1	MIR124-3	VAT1
MIR124-1	MIR124-3	ARFGEF2
MIR124-1	MIR124-3	MROH7
MIR124-1	MIR124-3	COG1
MIR124-1	MIR124-3	ATXN2
MIR124-1	MIR124-3	RNF11
MIR124-1	MIR124-3	GTF3C4
MIR124-1	MIR124-3	CECR2
MIR124-1	MIR124-3	DHX36
MIR124-1	MIR124-3	HBP1
MIR124-1	MIR124-3	MFHAS1
MIR124-1	MIR124-3	NUMA1
MIR124-1	MIR124-3	WNT5A
MIR124-1	MIR124-3	NCOA4
MIR124-1	MIR124-3	ZNF121
MIR124-1	MIR124-3	RBM17
MIR124-1	MIR124-3	P4HB
MIR124-1	MIR124-3	ZEB1
MIR124-1	MIR124-3	EFCAB14
MIR124-1	MIR124-3	KCNK5
MIR124-1	MIR124-3	UBTD2
MIR124-1	MIR124-3	EXTL2
MIR124-1	MIR124-3	EMC10
MIR124-1	MIR124-3	RPL4
MIR124-1	MIR124-3	CHD9
MIR124-1	MIR124-3	SERINC2
MIR124-1	MIR124-3	LMAN1
MIR124-1	MIR124-3	ALG3
MIR124-1	MIR124-3	CC2D2A
MIR124-1	MIR124-3	CREB3L2
MIR124-1	MIR124-3	CDK4
MIR124-1	MIR124-3	IER3
MIR124-1	MIR124-3	CTNNB1
MIR124-1	MIR124-3	NUP50
MIR124-1	MIR124-3	DDX17
MIR124-1	MIR124-3	ITPR3
MIR124-1	MIR124-3	CNOT11
MIR124-1	MIR124-3	SOS2
MIR124-1	MIR124-3	C12orf49
MIR124-1	MIR124-3	WIPF2
MIR124-1	MIR124-3	ACADSB
MIR124-1	MIR124-3	REV1
MIR124-1	MIR124-3	PCDHA9
MIR124-1	MIR124-3	PLCB1
MIR124-1	MIR124-3	ZFP36L2
MIR124-1	MIR124-3	CCSAP
MIR124-1	MIR124-3	PVRL1
MIR124-1	MIR124-3	SH3YL1
MIR124-1	MIR124-3	MEIS1
MIR124-1	MIR124-3	UBE2B
MIR124-1	MIR124-3	ERAP1
MIR124-1	MIR124-3	TSPAN14
MIR124-1	MIR124-3	NREP
MIR124-1	MIR124-3	HNRNPF
MIR124-1	MIR124-3	LRPPRC
MIR124-1	MIR124-3	MAGI1
MIR124-1	MIR124-3	SERTAD3
MIR124-1	MIR124-3	RAPH1
MIR124-1	MIR124-3	PECR
MIR124-1	MIR124-3	EGR1
MIR124-1	MIR124-3	CYTIP
MIR124-1	MIR124-3	UNC119B
MIR124-1	MIR124-3	GGCT
MIR124-1	MIR124-3	OAS2
MIR124-1	MIR124-3	CDK6
MIR124-1	MIR124-3	SVIL
MIR124-1	MIR124-3	CSRP1
MIR124-1	MIR124-3	COL3A1
MIR124-1	MIR124-3	LARP4B
MIR124-1	MIR124-3	KDM6B
MIR124-1	MIR124-3	SYNE1
MIR124-1	MIR124-3	CMKLR1
MIR124-1	MIR124-3	SUPT16H
MIR124-1	MIR124-3	ASXL1
MIR124-1	MIR124-3	CDKN1A
MIR124-1	MIR124-3	SGPP2
MIR124-1	MIR124-3	LIMCH1
MIR124-1	MIR124-3	HTT
MIR124-1	MIR124-3	SOCS3
MIR124-1	MIR124-3	TUBB3
MIR124-1	MIR124-3	SF3B1
MIR124-1	MIR124-3	GPR133
MIR124-1	MIR124-3	PTPN3
MIR124-1	MIR124-3	GARS
MIR124-1	MIR124-3	CLK1
MIR124-1	MIR124-3	MCFD2
MIR124-1	MIR124-3	MMGT1
MIR124-1	MIR124-3	NAP1L5
MIR124-1	MIR124-3	ANO6
MIR124-1	MIR124-3	CC2D1B
MIR124-1	MIR124-3	PTPRC
MIR124-1	MIR124-3	PPM1A
MIR124-1	MIR124-3	HNRNPU
MIR124-1	MIR124-3	SYT4
MIR124-1	MIR124-3	CD164
MIR124-1	MIR124-3	PPAPDC2
MIR124-1	MIR124-3	NBEA
MIR124-1	MIR124-3	AKIRIN1
MIR124-1	MIR124-3	SMPD4
MIR124-1	MIR124-3	GNAS
MIR124-1	MIR124-3	ESYT2
MIR124-1	MIR124-3	PIEZO2
MIR124-1	MIR124-3	PCGF5
MIR124-1	MIR124-3	ADAM10
MIR124-1	MIR124-3	UBE2C
MIR124-1	MIR124-3	COPS6
MIR124-1	MIR124-3	CADPS
MIR124-1	MIR124-3	YTHDF2
MIR124-1	MIR124-3	PHIP
MIR124-1	MIR124-3	PTBP3
MIR124-1	MIR124-3	UBE2D4
MIR124-1	MIR124-3	USP36
MIR124-1	MIR124-3	IAPP
MIR124-1	MIR124-3	KDM2A
MIR124-1	MIR124-3	PAPSS2
MIR124-1	MIR124-3	IL21R
MIR124-1	MIR124-3	PDK4
MIR124-1	MIR124-3	MDM2
MIR124-1	MIR124-3	KLHL1
MIR124-1	MIR124-3	HSP90B1
MIR124-1	MIR124-3	VCL
MIR124-1	MIR124-3	SGPP1
MIR124-1	MIR124-3	WDR1
MIR124-1	MIR124-3	FCF1
MIR124-1	MIR124-3	PLRG1
MIR124-1	MIR124-3	NFKB1
MIR124-1	MIR124-3	RNF145
MIR124-1	MIR124-3	DLG1
MIR124-1	MIR124-3	CAPNS1
MIR124-1	MIR124-3	CNTN1
MIR124-1	MIR124-3	PIM3
MIR124-1	MIR124-3	XPNPEP1
MIR124-1	MIR124-3	QSER1
MIR124-1	MIR124-3	IRF4
MIR124-1	MIR124-3	RAP1GAP2
MIR124-1	MIR124-3	LDLRAP1
MIR124-1	MIR124-3	VLDLR
MIR124-1	MIR124-3	WDR6
MIR124-1	MIR124-3	ZNF362
MIR124-1	MIR124-3	TUBB
MIR124-1	MIR124-3	COPB2
MIR124-1	MIR124-3	SDCCAG3
MIR124-1	MIR124-3	ATP6V0A2
MIR124-1	MIR124-2	FAM208B
MIR124-1	MIR124-2	TTC3
MIR124-1	MIR124-2	CHRAC1
MIR124-1	MIR124-2	JAG1
MIR124-1	MIR124-2	PIGT
MIR124-1	MIR124-2	F11R
MIR124-1	MIR124-2	MBD6
MIR124-1	MIR124-2	AGFG1
MIR124-1	MIR124-2	SKIL
MIR124-1	MIR124-2	FGD4
MIR124-1	MIR124-2	YOD1
MIR124-1	MIR124-2	DDX3Y
MIR124-1	MIR124-2	PKP4
MIR124-1	MIR124-2	ASPH
MIR124-1	MIR124-2	FAM127A
MIR124-1	MIR124-2	ABL1
MIR124-1	MIR124-2	C7orf25
MIR124-1	MIR124-2	WDR3
MIR124-1	MIR124-2	CD55
MIR124-1	MIR124-2	SLC35A1
MIR124-1	MIR124-2	TNFAIP3
MIR124-1	MIR124-2	ZCCHC3
MIR124-1	MIR124-2	THAP3
MIR124-1	MIR124-2	LPAR1
MIR124-1	MIR124-2	COL5A1
MIR124-1	MIR124-2	MBD4
MIR124-1	MIR124-2	TUBB4B
MIR124-1	MIR124-2	VAT1
MIR124-1	MIR124-2	ARFGEF2
MIR124-1	MIR124-2	MROH7
MIR124-1	MIR124-2	COG1
MIR124-1	MIR124-2	ATXN2
MIR124-1	MIR124-2	RNF11
MIR124-1	MIR124-2	GTF3C4
MIR124-1	MIR124-2	CECR2
MIR124-1	MIR124-2	DHX36
MIR124-1	MIR124-2	HBP1
MIR124-1	MIR124-2	MFHAS1
MIR124-1	MIR124-2	NUMA1
MIR124-1	MIR124-2	WNT5A
MIR124-1	MIR124-2	NCOA4
MIR124-1	MIR124-2	ZNF121
MIR124-1	MIR124-2	RBM17
MIR124-1	MIR124-2	P4HB
MIR124-1	MIR124-2	ZEB1
MIR124-1	MIR124-2	EFCAB14
MIR124-1	MIR124-2	KCNK5
MIR124-1	MIR124-2	UBTD2
MIR124-1	MIR124-2	EXTL2
MIR124-1	MIR124-2	EMC10
MIR124-1	MIR124-2	RPL4
MIR124-1	MIR124-2	CHD9
MIR124-1	MIR124-2	SERINC2
MIR124-1	MIR124-2	LMAN1
MIR124-1	MIR124-2	ALG3
MIR124-1	MIR124-2	CC2D2A
MIR124-1	MIR124-2	CREB3L2
MIR124-1	MIR124-2	CDK4
MIR124-1	MIR124-2	IER3
MIR124-1	MIR124-2	CTNNB1
MIR124-1	MIR124-2	NUP50
MIR124-1	MIR124-2	DDX17
MIR124-1	MIR124-2	ITPR3
MIR124-1	MIR124-2	CNOT11
MIR124-1	MIR124-2	SOS2
MIR124-1	MIR124-2	C12orf49
MIR124-1	MIR124-2	WIPF2
MIR124-1	MIR124-2	ACADSB
MIR124-1	MIR124-2	REV1
MIR124-1	MIR124-2	PCDHA9
MIR124-1	MIR124-2	PLCB1
MIR124-1	MIR124-2	ZFP36L2
MIR124-1	MIR124-2	CCSAP
MIR124-1	MIR124-2	PVRL1
MIR124-1	MIR124-2	SH3YL1
MIR124-1	MIR124-2	MEIS1
MIR124-1	MIR124-2	UBE2B
MIR124-1	MIR124-2	ERAP1
MIR124-1	MIR124-2	TSPAN14
MIR124-1	MIR124-2	NREP
MIR124-1	MIR124-2	HNRNPF
MIR124-1	MIR124-2	LRPPRC
MIR124-1	MIR124-2	MAGI1
MIR124-1	MIR124-2	SERTAD3
MIR124-1	MIR124-2	RAPH1
MIR124-1	MIR124-2	PECR
MIR124-1	MIR124-2	EGR1
MIR124-1	MIR124-2	CYTIP
MIR124-1	MIR124-2	UNC119B
MIR124-1	MIR124-2	GGCT
MIR124-1	MIR124-2	OAS2
MIR124-1	MIR124-2	CDK6
MIR124-1	MIR124-2	SVIL
MIR124-1	MIR124-2	CSRP1
MIR124-1	MIR124-2	COL3A1
MIR124-1	MIR124-2	LARP4B
MIR124-1	MIR124-2	KDM6B
MIR124-1	MIR124-2	SYNE1
MIR124-1	MIR124-2	CMKLR1
MIR124-1	MIR124-2	SUPT16H
MIR124-1	MIR124-2	ASXL1
MIR124-1	MIR124-2	CDKN1A
MIR124-1	MIR124-2	SGPP2
MIR124-1	MIR124-2	LIMCH1
MIR124-1	MIR124-2	HTT
MIR124-1	MIR124-2	SOCS3
MIR124-1	MIR124-2	TUBB3
MIR124-1	MIR124-2	SF3B1
MIR124-1	MIR124-2	GPR133
MIR124-1	MIR124-2	PTPN3
MIR124-1	MIR124-2	GARS
MIR124-1	MIR124-2	CLK1
MIR124-1	MIR124-2	MCFD2
MIR124-1	MIR124-2	MMGT1
MIR124-1	MIR124-2	NAP1L5
MIR124-1	MIR124-2	ANO6
MIR124-1	MIR124-2	CC2D1B
MIR124-1	MIR124-2	PTPRC
MIR124-1	MIR124-2	PPM1A
MIR124-1	MIR124-2	HNRNPU
MIR124-1	MIR124-2	SYT4
MIR124-1	MIR124-2	CD164
MIR124-1	MIR124-2	PPAPDC2
MIR124-1	MIR124-2	NBEA
MIR124-1	MIR124-2	AKIRIN1
MIR124-1	MIR124-2	SMPD4
MIR124-1	MIR124-2	GNAS
MIR124-1	MIR124-2	ESYT2
MIR124-1	MIR124-2	PIEZO2
MIR124-1	MIR124-2	PCGF5
MIR124-1	MIR124-2	ADAM10
MIR124-1	MIR124-2	UBE2C
MIR124-1	MIR124-2	COPS6
MIR124-1	MIR124-2	CADPS
MIR124-1	MIR124-2	YTHDF2
MIR124-1	MIR124-2	PHIP
MIR124-1	MIR124-2	PTBP3
MIR124-1	MIR124-2	UBE2D4
MIR124-1	MIR124-2	USP36
MIR124-1	MIR124-2	IAPP
MIR124-1	MIR124-2	KDM2A
MIR124-1	MIR124-2	PAPSS2
MIR124-1	MIR124-2	IL21R
MIR124-1	MIR124-2	PDK4
MIR124-1	MIR124-2	MDM2
MIR124-1	MIR124-2	KLHL1
MIR124-1	MIR124-2	HSP90B1
MIR124-1	MIR124-2	VCL
MIR124-1	MIR124-2	SGPP1
MIR124-1	MIR124-2	WDR1
MIR124-1	MIR124-2	FCF1
MIR124-1	MIR124-2	PLRG1
MIR124-1	MIR124-2	NFKB1
MIR124-1	MIR124-2	RNF145
MIR124-1	MIR124-2	DLG1
MIR124-1	MIR124-2	CAPNS1
MIR124-1	MIR124-2	CNTN1
MIR124-1	MIR124-2	PIM3
MIR124-1	MIR124-2	XPNPEP1
MIR124-1	MIR124-2	QSER1
MIR124-1	MIR124-2	IRF4
MIR124-1	MIR124-2	RAP1GAP2
MIR124-1	MIR124-2	LDLRAP1
MIR124-1	MIR124-2	VLDLR
MIR124-1	MIR124-2	WDR6
MIR124-1	MIR124-2	ZNF362
MIR124-1	MIR124-2	TUBB
MIR124-1	MIR124-2	COPB2
MIR124-1	MIR124-2	SDCCAG3
MIR124-1	MIR124-2	ATP6V0A2
MIR124-3	MIR124-2	FAM208B
MIR124-3	MIR124-2	TTC3
MIR124-3	MIR124-2	CHRAC1
MIR124-3	MIR124-2	JAG1
MIR124-3	MIR124-2	PIGT
MIR124-3	MIR124-2	F11R
MIR124-3	MIR124-2	MBD6
MIR124-3	MIR124-2	AGFG1
MIR124-3	MIR124-2	SKIL
MIR124-3	MIR124-2	FGD4
MIR124-3	MIR124-2	YOD1
MIR124-3	MIR124-2	DDX3Y
MIR124-3	MIR124-2	PKP4
MIR124-3	MIR124-2	ASPH
MIR124-3	MIR124-2	FAM127A
MIR124-3	MIR124-2	ABL1
MIR124-3	MIR124-2	C7orf25
MIR124-3	MIR124-2	WDR3
MIR124-3	MIR124-2	CD55
MIR124-3	MIR124-2	SLC35A1
MIR124-3	MIR124-2	TNFAIP3
MIR124-3	MIR124-2	ZCCHC3
MIR124-3	MIR124-2	THAP3
MIR124-3	MIR124-2	LPAR1
MIR124-3	MIR124-2	COL5A1
MIR124-3	MIR124-2	MBD4
MIR124-3	MIR124-2	TUBB4B
MIR124-3	MIR124-2	VAT1
MIR124-3	MIR124-2	ARFGEF2
MIR124-3	MIR124-2	MROH7
MIR124-3	MIR124-2	COG1
MIR124-3	MIR124-2	ATXN2
MIR124-3	MIR124-2	RNF11
MIR124-3	MIR124-2	GTF3C4
MIR124-3	MIR124-2	CECR2
MIR124-3	MIR124-2	DHX36
MIR124-3	MIR124-2	HBP1
MIR124-3	MIR124-2	MFHAS1
MIR124-3	MIR124-2	NUMA1
MIR124-3	MIR124-2	WNT5A
MIR124-3	MIR124-2	NCOA4
MIR124-3	MIR124-2	ZNF121
MIR124-3	MIR124-2	RBM17
MIR124-3	MIR124-2	P4HB
MIR124-3	MIR124-2	ZEB1
MIR124-3	MIR124-2	EFCAB14
MIR124-3	MIR124-2	KCNK5
MIR124-3	MIR124-2	UBTD2
MIR124-3	MIR124-2	EXTL2
MIR124-3	MIR124-2	EMC10
MIR124-3	MIR124-2	RPL4
MIR124-3	MIR124-2	CHD9
MIR124-3	MIR124-2	SERINC2
MIR124-3	MIR124-2	LMAN1
MIR124-3	MIR124-2	ALG3
MIR124-3	MIR124-2	CC2D2A
MIR124-3	MIR124-2	CREB3L2
MIR124-3	MIR124-2	CDK4
MIR124-3	MIR124-2	IER3
MIR124-3	MIR124-2	CTNNB1
MIR124-3	MIR124-2	NUP50
MIR124-3	MIR124-2	DDX17
MIR124-3	MIR124-2	ITPR3
MIR124-3	MIR124-2	CNOT11
MIR124-3	MIR124-2	SOS2
MIR124-3	MIR124-2	C12orf49
MIR124-3	MIR124-2	WIPF2
MIR124-3	MIR124-2	ACADSB
MIR124-3	MIR124-2	REV1
MIR124-3	MIR124-2	PCDHA9
MIR124-3	MIR124-2	PLCB1
MIR124-3	MIR124-2	ZFP36L2
MIR124-3	MIR124-2	CCSAP
MIR124-3	MIR124-2	PVRL1
MIR124-3	MIR124-2	SH3YL1
MIR124-3	MIR124-2	MEIS1
MIR124-3	MIR124-2	UBE2B
MIR124-3	MIR124-2	ERAP1
MIR124-3	MIR124-2	TSPAN14
MIR124-3	MIR124-2	NREP
MIR124-3	MIR124-2	HNRNPF
MIR124-3	MIR124-2	LRPPRC
MIR124-3	MIR124-2	MAGI1
MIR124-3	MIR124-2	SERTAD3
MIR124-3	MIR124-2	RAPH1
MIR124-3	MIR124-2	PECR
MIR124-3	MIR124-2	EGR1
MIR124-3	MIR124-2	CYTIP
MIR124-3	MIR124-2	UNC119B
MIR124-3	MIR124-2	GGCT
MIR124-3	MIR124-2	OAS2
MIR124-3	MIR124-2	CDK6
MIR124-3	MIR124-2	SVIL
MIR124-3	MIR124-2	CSRP1
MIR124-3	MIR124-2	COL3A1
MIR124-3	MIR124-2	LARP4B
MIR124-3	MIR124-2	KDM6B
MIR124-3	MIR124-2	SYNE1
MIR124-3	MIR124-2	CMKLR1
MIR124-3	MIR124-2	SUPT16H
MIR124-3	MIR124-2	ASXL1
MIR124-3	MIR124-2	CDKN1A
MIR124-3	MIR124-2	SGPP2
MIR124-3	MIR124-2	LIMCH1
MIR124-3	MIR124-2	HTT
MIR124-3	MIR124-2	SOCS3
MIR124-3	MIR124-2	TUBB3
MIR124-3	MIR124-2	SF3B1
MIR124-3	MIR124-2	GPR133
MIR124-3	MIR124-2	PTPN3
MIR124-3	MIR124-2	GARS
MIR124-3	MIR124-2	CLK1
MIR124-3	MIR124-2	MCFD2
MIR124-3	MIR124-2	MMGT1
MIR124-3	MIR124-2	NAP1L5
MIR124-3	MIR124-2	ANO6
MIR124-3	MIR124-2	CC2D1B
MIR124-3	MIR124-2	PTPRC
MIR124-3	MIR124-2	PPM1A
MIR124-3	MIR124-2	HNRNPU
MIR124-3	MIR124-2	SYT4
MIR124-3	MIR124-2	CD164
MIR124-3	MIR124-2	PPAPDC2
MIR124-3	MIR124-2	NBEA
MIR124-3	MIR124-2	AKIRIN1
MIR124-3	MIR124-2	SMPD4
MIR124-3	MIR124-2	GNAS
MIR124-3	MIR124-2	ESYT2
MIR124-3	MIR124-2	PIEZO2
MIR124-3	MIR124-2	PCGF5
MIR124-3	MIR124-2	ADAM10
MIR124-3	MIR124-2	UBE2C
MIR124-3	MIR124-2	COPS6
MIR124-3	MIR124-2	CADPS
MIR124-3	MIR124-2	YTHDF2
MIR124-3	MIR124-2	PHIP
MIR124-3	MIR124-2	PTBP3
MIR124-3	MIR124-2	UBE2D4
MIR124-3	MIR124-2	USP36
MIR124-3	MIR124-2	IAPP
MIR124-3	MIR124-2	KDM2A
MIR124-3	MIR124-2	PAPSS2
MIR124-3	MIR124-2	IL21R
MIR124-3	MIR124-2	PDK4
MIR124-3	MIR124-2	MDM2
MIR124-3	MIR124-2	KLHL1
MIR124-3	MIR124-2	HSP90B1
MIR124-3	MIR124-2	VCL
MIR124-3	MIR124-2	SGPP1
MIR124-3	MIR124-2	WDR1
MIR124-3	MIR124-2	FCF1
MIR124-3	MIR124-2	PLRG1
MIR124-3	MIR124-2	NFKB1
MIR124-3	MIR124-2	RNF145
MIR124-3	MIR124-2	DLG1
MIR124-3	MIR124-2	CAPNS1
MIR124-3	MIR124-2	CNTN1
MIR124-3	MIR124-2	PIM3
MIR124-3	MIR124-2	XPNPEP1
MIR124-3	MIR124-2	QSER1
MIR124-3	MIR124-2	IRF4
MIR124-3	MIR124-2	RAP1GAP2
MIR124-3	MIR124-2	LDLRAP1
MIR124-3	MIR124-2	VLDLR
MIR124-3	MIR124-2	WDR6
MIR124-3	MIR124-2	ZNF362
MIR124-3	MIR124-2	TUBB
MIR124-3	MIR124-2	COPB2
MIR124-3	MIR124-2	SDCCAG3
MIR124-3	MIR124-2	ATP6V0A2
MIR125A	MIR125B1	ZBTB14
MIR125A	MIR125B1	RAPGEF2
MIR125A	MIR125B1	ZNF106
MIR125A	MIR125B1	NSUN3
MIR125A	MIR125B1	CA12
MIR125A	MIR125B1	PRRX1
MIR125A	MIR125B1	ATP5A1
MIR125A	MIR125B1	ZMYND8
MIR125A	MIR125B1	SENP1
MIR125A	MIR125B1	GFPT1
MIR125A	MIR125B1	FGD4
MIR125A	MIR125B1	SEMA4C
MIR125A	MIR125B1	SFT2D1
MIR125A	MIR125B1	LRIF1
MIR125A	MIR125B1	NCOA3
MIR125A	MIR125B1	EHD1
MIR125A	MIR125B1	MKNK2
MIR125A	MIR125B1	VPS13C
MIR125A	MIR125B1	PDS5A
MIR125A	MIR125B1	DUSP6
MIR125A	MIR125B1	LRIG1
MIR125A	MIR125B1	GDNF
MIR125A	MIR125B1	PIKFYVE
MIR125A	MIR125B1	YTHDF3
MIR125A	MIR125B1	EIF5B
MIR125A	MIR125B1	TUBGCP3
MIR125A	MIR125B1	PHC2
MIR125A	MIR125B1	PPARA
MIR125A	MIR125B1	BTG2
MIR125A	MIR125B1	CNST
MIR125A	MIR125B1	VPS13A
MIR125A	MIR125B1	ZNF483
MIR125A	MIR125B1	FAM65A
MIR125A	MIR125B1	STK35
MIR125A	MIR125B1	BTN3A3
MIR125A	MIR125B1	VPS36
MIR125A	MIR125B1	DGKD
MIR125A	MIR125B1	DSG2
MIR125A	MIR125B1	MTR
MIR125A	MIR125B1	DYNC2H1
MIR125A	MIR125B1	MOB1A
MIR125A	MIR125B1	MLEC
MIR125A	MIR125B1	PRKAR1A
MIR125A	MIR125B1	MLLT4
MIR125A	MIR125B1	EIF1B
MIR125A	MIR125B1	RAB2A
MIR125A	MIR125B1	BAZ2A
MIR125A	MIR125B1	PWWP2A
MIR125A	MIR125B1	SRRM2
MIR125A	MIR125B1	ANPEP
MIR125A	MIR125B1	GPR107
MIR125A	MIR125B1	PLAGL2
MIR125A	MIR125B1	TET2
MIR125A	MIR125B1	JUN
MIR125A	MIR125B1	GTF3C5
MIR125A	MIR125B1	TNFSF15
MIR125A	MIR125B1	TMEM200A
MIR125A	MIR125B1	SLFN5
MIR125A	MIR125B1	GPSM2
MIR125A	MIR125B1	UCHL3
MIR125A	MIR125B1	FBXO28
MIR125A	MIR125B1	ATP2A2
MIR125A	MIR125B1	SEC23IP
MIR125A	MIR125B1	COX7A2L
MIR125A	MIR125B1	TNFRSF1B
MIR125A	MIR125B1	AREL1
MIR125A	MIR125B1	FAM178A
MIR125A	MIR125B1	ZC3H13
MIR125A	MIR125B1	NXPE3
MIR125A	MIR125B1	CD59
MIR125A	MIR125B1	CREB3L2
MIR125A	MIR125B1	JARID2
MIR125A	MIR125B1	THBS1
MIR125A	MIR125B1	VEGFA
MIR125A	MIR125B1	SEC23B
MIR125A	MIR125B1	SSR1
MIR125A	MIR125B1	PSG7
MIR125A	MIR125B1	XYLT2
MIR125A	MIR125B1	MBOAT2
MIR125A	MIR125B1	ARMCX2
MIR125A	MIR125B1	SPAG9
MIR125A	MIR125B1	LEPROT
MIR125A	MIR125B1	ZDBF2
MIR125A	MIR125B1	XPO1
MIR125A	MIR125B1	HEG1
MIR125A	MIR125B1	PPP2R1B
MIR125A	MIR125B1	TEAD1
MIR125A	MIR125B1	SGPL1
MIR125A	MIR125B1	PLA2G4F
MIR125A	MIR125B1	UNC13B
MIR125A	MIR125B1	GGCX
MIR125A	MIR125B1	LSM4
MIR125A	MIR125B1	RASA2
MIR125A	MIR125B1	LOXL2
MIR125A	MIR125B1	DOCK11
MIR125A	MIR125B1	AKAP1
MIR125A	MIR125B1	RPS28
MIR125A	MIR125B1	UBE2W
MIR125A	MIR125B1	SOD2
MIR125A	MIR125B1	DDX5
MIR125A	MIR125B1	EIF6
MIR125A	MIR125B1	ALPK3
MIR125A	MIR125B1	KIAA1522
MIR125A	MIR125B1	TSPAN14
MIR125A	MIR125B1	SORT1
MIR125A	MIR125B1	SZRD1
MIR125A	MIR125B1	KIAA0368
MIR125A	MIR125B1	ULBP1
MIR125A	MIR125B1	ABL2
MIR125A	MIR125B1	RUFY3
MIR125A	MIR125B1	PCTP
MIR125A	MIR125B1	RASL10B
MIR125A	MIR125B1	LYPLA1
MIR125A	MIR125B1	NUP133
MIR125A	MIR125B1	RBM39
MIR125A	MIR125B1	SLC25A19
MIR125A	MIR125B1	UGCG
MIR125A	MIR125B1	KIDINS220
MIR125A	MIR125B1	SLC35A4
MIR125A	MIR125B1	SMEK1
MIR125A	MIR125B1	ZNF792
MIR125A	MIR125B1	FNDC3B
MIR125A	MIR125B1	PER2
MIR125A	MIR125B1	TPR
MIR125A	MIR125B1	IL6ST
MIR125A	MIR125B1	MORF4L2
MIR125A	MIR125B1	ASPHD1
MIR125A	MIR125B1	PRKCA
MIR125A	MIR125B1	SLFN13
MIR125A	MIR125B1	NSL1
MIR125A	MIR125B1	FAM126B
MIR125A	MIR125B1	CAMSAP3
MIR125A	MIR125B1	PEA15
MIR125A	MIR125B1	SERPINE1
MIR125A	MIR125B1	BIRC6
MIR125A	MIR125B1	RNF213
MIR125A	MIR125B1	AHNAK
MIR125A	MIR125B1	TET3
MIR125A	MIR125B1	CAPZA1
MIR125A	MIR125B1	TPCN2
MIR125A	MIR125B1	RPP14
MIR125A	MIR125B1	RSPH3
MIR125A	MIR125B1	GTF3C3
MIR125A	MIR125B1	AGPS
MIR125A	MIR125B1	DLC1
MIR125A	MIR125B1	ELF2
MIR125A	MIR125B1	WARS
MIR125A	MIR125B1	OGT
MIR125A	MIR125B1	SACS
MIR125A	MIR125B1	CAPRIN1
MIR125A	MIR125B1	NRIP1
MIR125A	MIR125B1	MARCH7
MIR125A	MIR125B1	MYL9
MIR125A	MIR125B1	PTPN14
MIR125A	MIR125B1	GPRIN1
MIR125A	MIR125B1	GTPBP2
MIR125A	MIR125B1	RAB11A
MIR125A	MIR125B1	SEC24B
MIR125A	MIR125B1	ZNF714
MIR125A	MIR125B1	EVC
MIR125A	MIR125B1	COBL
MIR125A	MIR125B1	ANKRD42
MIR125A	MIR125B1	STRN
MIR125A	MIR125B1	PDGFD
MIR125A	MIR125B1	MDFIC
MIR125A	MIR125B1	TNKS1BP1
MIR125A	MIR125B1	USP34
MIR125A	MIR125B1	EPS15
MIR125A	MIR125B1	SPARC
MIR125A	MIR125B1	LAMP1
MIR125A	MIR125B1	C22orf29
MIR125A	MIR125B1	ADD1
MIR125A	MIR125B1	IST1
MIR125A	MIR125B1	HIST1H4E
MIR125A	MIR125B1	PALM2-AKAP2
MIR125A	MIR125B1	TCEAL8
MIR125A	MIR125B1	MYLK
MIR125A	MIR125B1	NRP1
MIR125A	MIR125B1	CDH13
MIR125A	MIR125B1	YTHDF2
MIR125A	MIR125B1	RIT1
MIR125A	MIR125B1	ARID3A
MIR125A	MIR125B1	USP36
MIR125A	MIR125B1	DIAPH1
MIR125A	MIR125B1	ARID1A
MIR125A	MIR125B1	ALDH1A3
MIR125A	MIR125B1	MANEA
MIR125A	MIR125B1	FNDC4
MIR125A	MIR125B1	STC2
MIR125A	MIR125B1	NFE2L2
MIR125A	MIR125B1	MOAP1
MIR125A	MIR125B1	MAZ
MIR125A	MIR125B1	CAMSAP2
MIR125A	MIR125B1	B4GALT1
MIR125A	MIR125B1	DNTTIP2
MIR125A	MIR125B1	WASF2
MIR125A	MIR125B1	DICER1
MIR125A	MIR125B1	TNPO2
MIR125A	MIR125B1	STARD7
MIR125A	MIR125B1	LMTK3
MIR125A	MIR125B1	STX3
MIR125A	MIR125B1	SUV420H2
MIR125A	MIR125B1	CHD8
MIR125A	MIR125B1	VWA5A
MIR125A	MIR125B1	DSTYK
MIR125A	MIR125B1	CARM1
MIR125A	MIR125B1	IKZF4
MIR125A	MIR125B1	RTN4
MIR125A	MIR125B1	SH2B1
MIR125A	MIR125B1	SPTAN1
MIR125A	MIR125B1	PPL
MIR125A	MIR125B1	LACTB
MIR125A	MIR125B1	PTPRD
MIR125A	MIR125B1	BMPER
MIR125A	MIR125B1	NIPBL
MIR125A	MIR125B1	GTF2IRD1
MIR125A	MIR125B1	DNAJB5
MIR125A	MIR125B1	SMARCA5
MIR125A	MIR125B1	PCSK7
MIR125A	MIR125B1	AMD1
MIR125A	MIR125B1	KHNYN
MIR125A	MIR125B1	ATP1B1
MIR125A	MIR125B1	SEC61A2
MIR125A	MIR125B1	ARID2
MIR125A	MIR125B1	DGKB
MIR125A	MIR125B1	SGOL2
MIR125A	MIR125B1	TXNIP
MIR125A	MIR125B1	AMFR
MIR125A	MIR125B1	YWHAG
MIR125A	MIR125B2	ZBTB14
MIR125A	MIR125B2	RAPGEF2
MIR125A	MIR125B2	ZNF106
MIR125A	MIR125B2	NSUN3
MIR125A	MIR125B2	CA12
MIR125A	MIR125B2	WSB1
MIR125A	MIR125B2	PRRX1
MIR125A	MIR125B2	ATP5A1
MIR125A	MIR125B2	ZMYND8
MIR125A	MIR125B2	SENP1
MIR125A	MIR125B2	GFPT1
MIR125A	MIR125B2	FGD4
MIR125A	MIR125B2	SEMA4C
MIR125A	MIR125B2	SFT2D1
MIR125A	MIR125B2	LRIF1
MIR125A	MIR125B2	NCOA3
MIR125A	MIR125B2	TRIP12
MIR125A	MIR125B2	EHD1
MIR125A	MIR125B2	MKNK2
MIR125A	MIR125B2	VPS13C
MIR125A	MIR125B2	PDS5A
MIR125A	MIR125B2	DUSP6
MIR125A	MIR125B2	LRIG1
MIR125A	MIR125B2	GDNF
MIR125A	MIR125B2	PIKFYVE
MIR125A	MIR125B2	YTHDF3
MIR125A	MIR125B2	EIF5B
MIR125A	MIR125B2	TUBGCP3
MIR125A	MIR125B2	PHC2
MIR125A	MIR125B2	PPARA
MIR125A	MIR125B2	BTG2
MIR125A	MIR125B2	CNST
MIR125A	MIR125B2	VPS13A
MIR125A	MIR125B2	ZNF483
MIR125A	MIR125B2	FAM65A
MIR125A	MIR125B2	STK35
MIR125A	MIR125B2	BTN3A3
MIR125A	MIR125B2	VPS36
MIR125A	MIR125B2	DGKD
MIR125A	MIR125B2	DSG2
MIR125A	MIR125B2	MTR
MIR125A	MIR125B2	DYNC2H1
MIR125A	MIR125B2	MOB1A
MIR125A	MIR125B2	MLEC
MIR125A	MIR125B2	PRKAR1A
MIR125A	MIR125B2	MLLT4
MIR125A	MIR125B2	EIF1B
MIR125A	MIR125B2	RAB2A
MIR125A	MIR125B2	BAZ2A
MIR125A	MIR125B2	PWWP2A
MIR125A	MIR125B2	SRRM2
MIR125A	MIR125B2	ANPEP
MIR125A	MIR125B2	GPR107
MIR125A	MIR125B2	PLAGL2
MIR125A	MIR125B2	TET2
MIR125A	MIR125B2	JUN
MIR125A	MIR125B2	GTF3C5
MIR125A	MIR125B2	TNFSF15
MIR125A	MIR125B2	TMEM200A
MIR125A	MIR125B2	SLFN5
MIR125A	MIR125B2	GPSM2
MIR125A	MIR125B2	UCHL3
MIR125A	MIR125B2	FBXO28
MIR125A	MIR125B2	ATP2A2
MIR125A	MIR125B2	SEC23IP
MIR125A	MIR125B2	COX7A2L
MIR125A	MIR125B2	TNFRSF1B
MIR125A	MIR125B2	AREL1
MIR125A	MIR125B2	FAM178A
MIR125A	MIR125B2	ZC3H13
MIR125A	MIR125B2	NXPE3
MIR125A	MIR125B2	CD59
MIR125A	MIR125B2	CREB3L2
MIR125A	MIR125B2	JARID2
MIR125A	MIR125B2	THBS1
MIR125A	MIR125B2	VEGFA
MIR125A	MIR125B2	SEC23B
MIR125A	MIR125B2	SSR1
MIR125A	MIR125B2	PSG7
MIR125A	MIR125B2	XYLT2
MIR125A	MIR125B2	MBOAT2
MIR125A	MIR125B2	ARMCX2
MIR125A	MIR125B2	SPAG9
MIR125A	MIR125B2	LEPROT
MIR125A	MIR125B2	ZDBF2
MIR125A	MIR125B2	XPO1
MIR125A	MIR125B2	HEG1
MIR125A	MIR125B2	PPP2R1B
MIR125A	MIR125B2	TEAD1
MIR125A	MIR125B2	SGPL1
MIR125A	MIR125B2	PLA2G4F
MIR125A	MIR125B2	UNC13B
MIR125A	MIR125B2	GGCX
MIR125A	MIR125B2	LSM4
MIR125A	MIR125B2	RASA2
MIR125A	MIR125B2	LOXL2
MIR125A	MIR125B2	DOCK11
MIR125A	MIR125B2	AKAP1
MIR125A	MIR125B2	RPS28
MIR125A	MIR125B2	NPTN
MIR125A	MIR125B2	SOD2
MIR125A	MIR125B2	UBE2W
MIR125A	MIR125B2	DDX5
MIR125A	MIR125B2	EIF6
MIR125A	MIR125B2	ALPK3
MIR125A	MIR125B2	KIAA1522
MIR125A	MIR125B2	TSPAN14
MIR125A	MIR125B2	SORT1
MIR125A	MIR125B2	SZRD1
MIR125A	MIR125B2	KIAA0368
MIR125A	MIR125B2	ULBP1
MIR125A	MIR125B2	ABL2
MIR125A	MIR125B2	RUFY3
MIR125A	MIR125B2	PCTP
MIR125A	MIR125B2	RASL10B
MIR125A	MIR125B2	LYPLA1
MIR125A	MIR125B2	NUP133
MIR125A	MIR125B2	RBM39
MIR125A	MIR125B2	SLC25A19
MIR125A	MIR125B2	UGCG
MIR125A	MIR125B2	KIDINS220
MIR125A	MIR125B2	SLC35A4
MIR125A	MIR125B2	SMEK1
MIR125A	MIR125B2	ZNF792
MIR125A	MIR125B2	FNDC3B
MIR125A	MIR125B2	PER2
MIR125A	MIR125B2	TPR
MIR125A	MIR125B2	IL6ST
MIR125A	MIR125B2	MORF4L2
MIR125A	MIR125B2	ASPHD1
MIR125A	MIR125B2	PRKCA
MIR125A	MIR125B2	SLFN13
MIR125A	MIR125B2	NSL1
MIR125A	MIR125B2	FAM126B
MIR125A	MIR125B2	CAMSAP3
MIR125A	MIR125B2	PEA15
MIR125A	MIR125B2	SERPINE1
MIR125A	MIR125B2	BIRC6
MIR125A	MIR125B2	RNF213
MIR125A	MIR125B2	AHNAK
MIR125A	MIR125B2	TET3
MIR125A	MIR125B2	CAPZA1
MIR125A	MIR125B2	TPCN2
MIR125A	MIR125B2	RPP14
MIR125A	MIR125B2	SFPQ
MIR125A	MIR125B2	RSPH3
MIR125A	MIR125B2	GTF3C3
MIR125A	MIR125B2	AGPS
MIR125A	MIR125B2	DLC1
MIR125A	MIR125B2	ELF2
MIR125A	MIR125B2	WARS
MIR125A	MIR125B2	OGT
MIR125A	MIR125B2	SACS
MIR125A	MIR125B2	CAPRIN1
MIR125A	MIR125B2	NRIP1
MIR125A	MIR125B2	MARCH7
MIR125A	MIR125B2	MYL9
MIR125A	MIR125B2	PTPN14
MIR125A	MIR125B2	GPRIN1
MIR125A	MIR125B2	GTPBP2
MIR125A	MIR125B2	RAB11A
MIR125A	MIR125B2	SEC24B
MIR125A	MIR125B2	ZNF714
MIR125A	MIR125B2	EVC
MIR125A	MIR125B2	COBL
MIR125A	MIR125B2	ANKRD42
MIR125A	MIR125B2	STRN
MIR125A	MIR125B2	PDGFD
MIR125A	MIR125B2	MDFIC
MIR125A	MIR125B2	TNKS1BP1
MIR125A	MIR125B2	USP34
MIR125A	MIR125B2	EPS15
MIR125A	MIR125B2	SPARC
MIR125A	MIR125B2	LAMP1
MIR125A	MIR125B2	C22orf29
MIR125A	MIR125B2	ADD1
MIR125A	MIR125B2	IST1
MIR125A	MIR125B2	HIST1H4E
MIR125A	MIR125B2	PALM2-AKAP2
MIR125A	MIR125B2	TCEAL8
MIR125A	MIR125B2	MYLK
MIR125A	MIR125B2	NRP1
MIR125A	MIR125B2	CDH13
MIR125A	MIR125B2	YTHDF2
MIR125A	MIR125B2	RIT1
MIR125A	MIR125B2	ARID3A
MIR125A	MIR125B2	USP36
MIR125A	MIR125B2	DIAPH1
MIR125A	MIR125B2	ARID1A
MIR125A	MIR125B2	ALDH1A3
MIR125A	MIR125B2	MANEA
MIR125A	MIR125B2	FNDC4
MIR125A	MIR125B2	STC2
MIR125A	MIR125B2	NFE2L2
MIR125A	MIR125B2	MOAP1
MIR125A	MIR125B2	MAZ
MIR125A	MIR125B2	CAMSAP2
MIR125A	MIR125B2	B4GALT1
MIR125A	MIR125B2	DNTTIP2
MIR125A	MIR125B2	WASF2
MIR125A	MIR125B2	DICER1
MIR125A	MIR125B2	TNPO2
MIR125A	MIR125B2	STARD7
MIR125A	MIR125B2	LMTK3
MIR125A	MIR125B2	STX3
MIR125A	MIR125B2	SUV420H2
MIR125A	MIR125B2	CHD8
MIR125A	MIR125B2	VWA5A
MIR125A	MIR125B2	DSTYK
MIR125A	MIR125B2	CARM1
MIR125A	MIR125B2	IKZF4
MIR125A	MIR125B2	RTN4
MIR125A	MIR125B2	SH2B1
MIR125A	MIR125B2	SPTAN1
MIR125A	MIR125B2	PPL
MIR125A	MIR125B2	LACTB
MIR125A	MIR125B2	PTPRD
MIR125A	MIR125B2	BMPER
MIR125A	MIR125B2	NIPBL
MIR125A	MIR125B2	GTF2IRD1
MIR125A	MIR125B2	DNAJB5
MIR125A	MIR125B2	SMARCA5
MIR125A	MIR125B2	PCSK7
MIR125A	MIR125B2	AMD1
MIR125A	MIR125B2	KHNYN
MIR125A	MIR125B2	ATP1B1
MIR125A	MIR125B2	SEC61A2
MIR125A	MIR125B2	ARID2
MIR125A	MIR125B2	DGKB
MIR125A	MIR125B2	SGOL2
MIR125A	MIR125B2	TXNIP
MIR125A	MIR125B2	AMFR
MIR125A	MIR125B2	YWHAG
MIR125B1	MIR125B2	ZBTB14
MIR125B1	MIR125B2	RAPGEF2
MIR125B1	MIR125B2	ZNF106
MIR125B1	MIR125B2	NSUN3
MIR125B1	MIR125B2	CA12
MIR125B1	MIR125B2	PRRX1
MIR125B1	MIR125B2	ATP5A1
MIR125B1	MIR125B2	ZMYND8
MIR125B1	MIR125B2	SENP1
MIR125B1	MIR125B2	GFPT1
MIR125B1	MIR125B2	CREB1
MIR125B1	MIR125B2	FGD4
MIR125B1	MIR125B2	SFT2D1
MIR125B1	MIR125B2	LRIF1
MIR125B1	MIR125B2	SEMA4C
MIR125B1	MIR125B2	NCOA3
MIR125B1	MIR125B2	EHD1
MIR125B1	MIR125B2	MKNK2
MIR125B1	MIR125B2	VPS13C
MIR125B1	MIR125B2	PDS5A
MIR125B1	MIR125B2	DUSP6
MIR125B1	MIR125B2	LRIG1
MIR125B1	MIR125B2	GDNF
MIR125B1	MIR125B2	PIKFYVE
MIR125B1	MIR125B2	YTHDF3
MIR125B1	MIR125B2	EIF5B
MIR125B1	MIR125B2	TUBGCP3
MIR125B1	MIR125B2	PHC2
MIR125B1	MIR125B2	PPARA
MIR125B1	MIR125B2	BTG2
MIR125B1	MIR125B2	CNST
MIR125B1	MIR125B2	VPS13A
MIR125B1	MIR125B2	ZNF483
MIR125B1	MIR125B2	FAM65A
MIR125B1	MIR125B2	STK35
MIR125B1	MIR125B2	BTN3A3
MIR125B1	MIR125B2	VPS36
MIR125B1	MIR125B2	DGKD
MIR125B1	MIR125B2	DSG2
MIR125B1	MIR125B2	MTR
MIR125B1	MIR125B2	NME2
MIR125B1	MIR125B2	MED1
MIR125B1	MIR125B2	DYNC2H1
MIR125B1	MIR125B2	MOB1A
MIR125B1	MIR125B2	PSMB1
MIR125B1	MIR125B2	MLEC
MIR125B1	MIR125B2	PRKAR1A
MIR125B1	MIR125B2	MLLT4
MIR125B1	MIR125B2	EIF1B
MIR125B1	MIR125B2	FGFR2
MIR125B1	MIR125B2	TP53INP1
MIR125B1	MIR125B2	RAB2A
MIR125B1	MIR125B2	BAZ2A
MIR125B1	MIR125B2	PWWP2A
MIR125B1	MIR125B2	SRRM2
MIR125B1	MIR125B2	ANPEP
MIR125B1	MIR125B2	AURKB
MIR125B1	MIR125B2	GPR107
MIR125B1	MIR125B2	PLAGL2
MIR125B1	MIR125B2	ATXN1
MIR125B1	MIR125B2	TET2
MIR125B1	MIR125B2	JUN
MIR125B1	MIR125B2	GTF3C5
MIR125B1	MIR125B2	EIF5
MIR125B1	MIR125B2	TNFSF15
MIR125B1	MIR125B2	TMEM200A
MIR125B1	MIR125B2	SLFN5
MIR125B1	MIR125B2	GPSM2
MIR125B1	MIR125B2	UCHL3
MIR125B1	MIR125B2	CSDE1
MIR125B1	MIR125B2	AKAP2
MIR125B1	MIR125B2	FBXO28
MIR125B1	MIR125B2	SEC23IP
MIR125B1	MIR125B2	ATP2A2
MIR125B1	MIR125B2	COX7A2L
MIR125B1	MIR125B2	TNFRSF1B
MIR125B1	MIR125B2	AREL1
MIR125B1	MIR125B2	FAM178A
MIR125B1	MIR125B2	RPS12
MIR125B1	MIR125B2	ZC3H13
MIR125B1	MIR125B2	NXPE3
MIR125B1	MIR125B2	CD59
MIR125B1	MIR125B2	CREB3L2
MIR125B1	MIR125B2	JARID2
MIR125B1	MIR125B2	THBS1
MIR125B1	MIR125B2	VEGFA
MIR125B1	MIR125B2	SEC23B
MIR125B1	MIR125B2	SSR1
MIR125B1	MIR125B2	PSG7
MIR125B1	MIR125B2	TNRC6B
MIR125B1	MIR125B2	MBOAT2
MIR125B1	MIR125B2	XYLT2
MIR125B1	MIR125B2	ARMCX2
MIR125B1	MIR125B2	SPAG9
MIR125B1	MIR125B2	LEPROT
MIR125B1	MIR125B2	ZDBF2
MIR125B1	MIR125B2	XPO1
MIR125B1	MIR125B2	HEG1
MIR125B1	MIR125B2	PPP2R1B
MIR125B1	MIR125B2	TEAD1
MIR125B1	MIR125B2	SGPL1
MIR125B1	MIR125B2	PLA2G4F
MIR125B1	MIR125B2	UNC13B
MIR125B1	MIR125B2	GGCX
MIR125B1	MIR125B2	LSM4
MIR125B1	MIR125B2	RASA2
MIR125B1	MIR125B2	LOXL2
MIR125B1	MIR125B2	DOCK11
MIR125B1	MIR125B2	AKAP1
MIR125B1	MIR125B2	RPS28
MIR125B1	MIR125B2	UBE2W
MIR125B1	MIR125B2	SOD2
MIR125B1	MIR125B2	AMFR
MIR125B1	MIR125B2	DDX5
MIR125B1	MIR125B2	EIF6
MIR125B1	MIR125B2	ALPK3
MIR125B1	MIR125B2	KIAA1522
MIR125B1	MIR125B2	TSPAN14
MIR125B1	MIR125B2	SORT1
MIR125B1	MIR125B2	SZRD1
MIR125B1	MIR125B2	KIAA0368
MIR125B1	MIR125B2	ULBP1
MIR125B1	MIR125B2	ABL2
MIR125B1	MIR125B2	RUFY3
MIR125B1	MIR125B2	PCTP
MIR125B1	MIR125B2	RASL10B
MIR125B1	MIR125B2	LYPLA1
MIR125B1	MIR125B2	NUP133
MIR125B1	MIR125B2	RBM39
MIR125B1	MIR125B2	SLC25A19
MIR125B1	MIR125B2	UGCG
MIR125B1	MIR125B2	KIDINS220
MIR125B1	MIR125B2	SLC35A4
MIR125B1	MIR125B2	SMEK1
MIR125B1	MIR125B2	ZNF792
MIR125B1	MIR125B2	FNDC3B
MIR125B1	MIR125B2	PER2
MIR125B1	MIR125B2	TPR
MIR125B1	MIR125B2	IL6ST
MIR125B1	MIR125B2	MORF4L2
MIR125B1	MIR125B2	ASPHD1
MIR125B1	MIR125B2	PRKCA
MIR125B1	MIR125B2	SLFN13
MIR125B1	MIR125B2	NSL1
MIR125B1	MIR125B2	FAM126B
MIR125B1	MIR125B2	CAMSAP3
MIR125B1	MIR125B2	PEA15
MIR125B1	MIR125B2	SERPINE1
MIR125B1	MIR125B2	BIRC6
MIR125B1	MIR125B2	RNF213
MIR125B1	MIR125B2	AHNAK
MIR125B1	MIR125B2	TET3
MIR125B1	MIR125B2	FAM199X
MIR125B1	MIR125B2	CAPZA1
MIR125B1	MIR125B2	SLC25A12
MIR125B1	MIR125B2	TPCN2
MIR125B1	MIR125B2	RPP14
MIR125B1	MIR125B2	BTBD1
MIR125B1	MIR125B2	PABPC4
MIR125B1	MIR125B2	RSPH3
MIR125B1	MIR125B2	GTF3C3
MIR125B1	MIR125B2	AGPS
MIR125B1	MIR125B2	DLC1
MIR125B1	MIR125B2	PPP1R37
MIR125B1	MIR125B2	ELF2
MIR125B1	MIR125B2	WARS
MIR125B1	MIR125B2	OGT
MIR125B1	MIR125B2	SACS
MIR125B1	MIR125B2	GCSAM
MIR125B1	MIR125B2	CAPRIN1
MIR125B1	MIR125B2	NRIP1
MIR125B1	MIR125B2	MARCH7
MIR125B1	MIR125B2	MYL9
MIR125B1	MIR125B2	PTPN14
MIR125B1	MIR125B2	GPRIN1
MIR125B1	MIR125B2	FCHO2
MIR125B1	MIR125B2	PDZD11
MIR125B1	MIR125B2	PSMG3
MIR125B1	MIR125B2	GTPBP2
MIR125B1	MIR125B2	RAB11A
MIR125B1	MIR125B2	SEC24B
MIR125B1	MIR125B2	ZNF714
MIR125B1	MIR125B2	EVC
MIR125B1	MIR125B2	COBL
MIR125B1	MIR125B2	ANKRD42
MIR125B1	MIR125B2	STRN
MIR125B1	MIR125B2	PDGFD
MIR125B1	MIR125B2	MDFIC
MIR125B1	MIR125B2	TNKS1BP1
MIR125B1	MIR125B2	USP34
MIR125B1	MIR125B2	EPS15
MIR125B1	MIR125B2	SPARC
MIR125B1	MIR125B2	LAMP1
MIR125B1	MIR125B2	C22orf29
MIR125B1	MIR125B2	ADD1
MIR125B1	MIR125B2	IST1
MIR125B1	MIR125B2	HIST1H4E
MIR125B1	MIR125B2	PALM2-AKAP2
MIR125B1	MIR125B2	TCEAL8
MIR125B1	MIR125B2	MYLK
MIR125B1	MIR125B2	NRP1
MIR125B1	MIR125B2	CDH13
MIR125B1	MIR125B2	YTHDF2
MIR125B1	MIR125B2	RIT1
MIR125B1	MIR125B2	ARID3A
MIR125B1	MIR125B2	USP36
MIR125B1	MIR125B2	PPIF
MIR125B1	MIR125B2	DIAPH1
MIR125B1	MIR125B2	ARID1A
MIR125B1	MIR125B2	ALDH1A3
MIR125B1	MIR125B2	MANEA
MIR125B1	MIR125B2	FNDC4
MIR125B1	MIR125B2	PMAIP1
MIR125B1	MIR125B2	STC2
MIR125B1	MIR125B2	NFE2L2
MIR125B1	MIR125B2	MOAP1
MIR125B1	MIR125B2	MAZ
MIR125B1	MIR125B2	CAMSAP2
MIR125B1	MIR125B2	B4GALT1
MIR125B1	MIR125B2	DNTTIP2
MIR125B1	MIR125B2	WASF2
MIR125B1	MIR125B2	DICER1
MIR125B1	MIR125B2	TNPO2
MIR125B1	MIR125B2	STARD7
MIR125B1	MIR125B2	STARD8
MIR125B1	MIR125B2	LMTK3
MIR125B1	MIR125B2	STX3
MIR125B1	MIR125B2	SUV420H2
MIR125B1	MIR125B2	CHD8
MIR125B1	MIR125B2	COG3
MIR125B1	MIR125B2	VWA5A
MIR125B1	MIR125B2	DSTYK
MIR125B1	MIR125B2	CARM1
MIR125B1	MIR125B2	IKZF4
MIR125B1	MIR125B2	RTN4
MIR125B1	MIR125B2	SH2B1
MIR125B1	MIR125B2	SPTAN1
MIR125B1	MIR125B2	PPL
MIR125B1	MIR125B2	LACTB
MIR125B1	MIR125B2	PTPRD
MIR125B1	MIR125B2	BMPER
MIR125B1	MIR125B2	FMNL3
MIR125B1	MIR125B2	NIPBL
MIR125B1	MIR125B2	GTF2IRD1
MIR125B1	MIR125B2	DNAJB5
MIR125B1	MIR125B2	SMARCA5
MIR125B1	MIR125B2	PCSK7
MIR125B1	MIR125B2	AMD1
MIR125B1	MIR125B2	KHNYN
MIR125B1	MIR125B2	SLC6A6
MIR125B1	MIR125B2	ATP1B1
MIR125B1	MIR125B2	SEC61A2
MIR125B1	MIR125B2	ARID2
MIR125B1	MIR125B2	DGKB
MIR125B1	MIR125B2	MBTPS1
MIR125B1	MIR125B2	PKD1
MIR125B1	MIR125B2	WNK1
MIR125B1	MIR125B2	YWHAG
MIR125B1	MIR125B2	NUP205
MIR125B1	MIR125B2	SGOL2
MIR125B1	MIR125B2	TXNIP
MIR128-1	MIR128-2	THBS2
MIR128-1	MIR128-2	TTC3
MIR128-1	MIR128-2	GNB1
MIR128-1	MIR128-2	AARS
MIR128-1	MIR128-2	MBTD1
MIR128-1	MIR128-2	SASH3
MIR128-1	MIR128-2	SNX25
MIR128-1	MIR128-2	NAV1
MIR128-1	MIR128-2	QKI
MIR128-1	MIR128-2	OTUD4
MIR128-1	MIR128-2	EPAS1
MIR128-1	MIR128-2	TRIP12
MIR128-1	MIR128-2	SNAI2
MIR128-1	MIR128-2	MKNK2
MIR128-1	MIR128-2	AGO2
MIR128-1	MIR128-2	ASPH
MIR128-1	MIR128-2	NCKAP1
MIR128-1	MIR128-2	PANK1
MIR128-1	MIR128-2	SGMS1
MIR128-1	MIR128-2	LMNB1
MIR128-1	MIR128-2	TAF1B
MIR128-1	MIR128-2	LRIG1
MIR128-1	MIR128-2	FN1
MIR128-1	MIR128-2	RANGAP1
MIR128-1	MIR128-2	DYRK1A
MIR128-1	MIR128-2	BIRC3
MIR128-1	MIR128-2	FAM78A
MIR128-1	MIR128-2	PRDM2
MIR128-1	MIR128-2	ENDOG
MIR128-1	MIR128-2	BTG2
MIR128-1	MIR128-2	GPS1
MIR128-1	MIR128-2	SMARCA2
MIR128-1	MIR128-2	PKIA
MIR128-1	MIR128-2	SIKE1
MIR128-1	MIR128-2	AAR2
MIR128-1	MIR128-2	KIF2A
MIR128-1	MIR128-2	MINK1
MIR128-1	MIR128-2	RNF114
MIR128-1	MIR128-2	ZNF292
MIR128-1	MIR128-2	CXCL2
MIR128-1	MIR128-2	LTBP1
MIR128-1	MIR128-2	UBE4A
MIR128-1	MIR128-2	RCAN1
MIR128-1	MIR128-2	DGKZ
MIR128-1	MIR128-2	ERLEC1
MIR128-1	MIR128-2	UBR4
MIR128-1	MIR128-2	HBP1
MIR128-1	MIR128-2	HMGA2
MIR128-1	MIR128-2	RNF103
MIR128-1	MIR128-2	SLFN11
MIR128-1	MIR128-2	TNRC18
MIR128-1	MIR128-2	AFF4
MIR128-1	MIR128-2	NACC1
MIR128-1	MIR128-2	MSANTD3
MIR128-1	MIR128-2	SP1
MIR128-1	MIR128-2	URGCP-MRPS24
MIR128-1	MIR128-2	SATB2
MIR128-1	MIR128-2	CREBRF
MIR128-1	MIR128-2	EIF5
MIR128-1	MIR128-2	MID1
MIR128-1	MIR128-2	RBMS1
MIR128-1	MIR128-2	NGFRAP1
MIR128-1	MIR128-2	ZBTB18
MIR128-1	MIR128-2	CCDC28B
MIR128-1	MIR128-2	PDHX
MIR128-1	MIR128-2	WBP2
MIR128-1	MIR128-2	ETNK1
MIR128-1	MIR128-2	MED14
MIR128-1	MIR128-2	FAM217B
MIR128-1	MIR128-2	FOSL2
MIR128-1	MIR128-2	NXF1
MIR128-1	MIR128-2	LASP1
MIR128-1	MIR128-2	SLC25A51
MIR128-1	MIR128-2	PHB
MIR128-1	MIR128-2	CKAP2
MIR128-1	MIR128-2	RND3
MIR128-1	MIR128-2	LNPEP
MIR128-1	MIR128-2	GREM1
MIR128-1	MIR128-2	MFSD2A
MIR128-1	MIR128-2	SSH1
MIR128-1	MIR128-2	RBPJ
MIR128-1	MIR128-2	MSN
MIR128-1	MIR128-2	AOX1
MIR128-1	MIR128-2	GOLGA8B
MIR128-1	MIR128-2	HNRNPF
MIR128-1	MIR128-2	NDUFC2
MIR128-1	MIR128-2	APCDD1L
MIR128-1	MIR128-2	NDUFS4
MIR128-1	MIR128-2	RBM15
MIR128-1	MIR128-2	SARAF
MIR128-1	MIR128-2	ABL2
MIR128-1	MIR128-2	SEMA7A
MIR128-1	MIR128-2	SRPR
MIR128-1	MIR128-2	TROVE2
MIR128-1	MIR128-2	EPB41
MIR128-1	MIR128-2	UGCG
MIR128-1	MIR128-2	SNRNP40
MIR128-1	MIR128-2	CSNK1A1
MIR128-1	MIR128-2	CEP120
MIR128-1	MIR128-2	SUCO
MIR128-1	MIR128-2	APPBP2
MIR128-1	MIR128-2	TPR
MIR128-1	MIR128-2	ZFHX3
MIR128-1	MIR128-2	SEC61A1
MIR128-1	MIR128-2	MARS2
MIR128-1	MIR128-2	ETS1
MIR128-1	MIR128-2	ACVR1
MIR128-1	MIR128-2	BIRC6
MIR128-1	MIR128-2	SYNE1
MIR128-1	MIR128-2	BLOC1S6
MIR128-1	MIR128-2	AHNAK
MIR128-1	MIR128-2	CAV1
MIR128-1	MIR128-2	TES
MIR128-1	MIR128-2	ARID5B
MIR128-1	MIR128-2	ANKRD44
MIR128-1	MIR128-2	CDKN1A
MIR128-1	MIR128-2	POGLUT1
MIR128-1	MIR128-2	COPS2
MIR128-1	MIR128-2	CNOT1
MIR128-1	MIR128-2	PFKL
MIR128-1	MIR128-2	AMOTL1
MIR128-1	MIR128-2	CCND1
MIR128-1	MIR128-2	USP46
MIR128-1	MIR128-2	RNF38
MIR128-1	MIR128-2	TRAF3
MIR128-1	MIR128-2	DDX6
MIR128-1	MIR128-2	CEMIP
MIR128-1	MIR128-2	MFN2
MIR128-1	MIR128-2	RYBP
MIR128-1	MIR128-2	YAP1
MIR128-1	MIR128-2	ATP2B1
MIR128-1	MIR128-2	ITGB1
MIR128-1	MIR128-2	JAZF1
MIR128-1	MIR128-2	HSP90AA1
MIR128-1	MIR128-2	PTPN14
MIR128-1	MIR128-2	PHLDA1
MIR128-1	MIR128-2	LARP4
MIR128-1	MIR128-2	NFKBIA
MIR128-1	MIR128-2	TM9SF3
MIR128-1	MIR128-2	CCDC117
MIR128-1	MIR128-2	LONRF1
MIR128-1	MIR128-2	LLGL1
MIR128-1	MIR128-2	AKIRIN1
MIR128-1	MIR128-2	BBX
MIR128-1	MIR128-2	FNDC3A
MIR128-1	MIR128-2	SERPINE2
MIR128-1	MIR128-2	NIN
MIR128-1	MIR128-2	TMED5
MIR128-1	MIR128-2	FIP1L1
MIR128-1	MIR128-2	IST1
MIR128-1	MIR128-2	BAZ1A
MIR128-1	MIR128-2	PALM2-AKAP2
MIR128-1	MIR128-2	RREB1
MIR128-1	MIR128-2	HNRNPL
MIR128-1	MIR128-2	MLLT10
MIR128-1	MIR128-2	DENND2D
MIR128-1	MIR128-2	TMBIM6
MIR128-1	MIR128-2	DPF2
MIR128-1	MIR128-2	TNRC6A
MIR128-1	MIR128-2	EFHD2
MIR128-1	MIR128-2	FLNA
MIR128-1	MIR128-2	CXXC1
MIR128-1	MIR128-2	ASB1
MIR128-1	MIR128-2	PLXND1
MIR128-1	MIR128-2	FNBP1
MIR128-1	MIR128-2	GATAD2B
MIR128-1	MIR128-2	NFE2L2
MIR128-1	MIR128-2	PARK7
MIR128-1	MIR128-2	GATAD1
MIR128-1	MIR128-2	ASH2L
MIR128-1	MIR128-2	BMP2K
MIR128-1	MIR128-2	TRIO
MIR128-1	MIR128-2	CBX6
MIR128-1	MIR128-2	SUZ12
MIR128-1	MIR128-2	CHD3
MIR128-1	MIR128-2	WDR1
MIR128-1	MIR128-2	FAIM3
MIR128-1	MIR128-2	DCP2
MIR128-1	MIR128-2	IREB2
MIR128-1	MIR128-2	ARF3
MIR128-1	MIR128-2	KPNA5
MIR128-1	MIR128-2	NAA60
MIR128-1	MIR128-2	NF1
MIR128-1	MIR128-2	HIF1AN
MIR128-1	MIR128-2	KPNB1
MIR128-1	MIR128-2	CTDSP2
MIR128-1	MIR128-2	ADD3
MIR128-1	MIR128-2	MOCS3
MIR128-1	MIR128-2	RTN4
MIR128-1	MIR128-2	LMNB2
MIR128-1	MIR128-2	LYSMD3
MIR128-1	MIR128-2	ZNF639
MIR128-1	MIR128-2	ERCC2
MIR128-1	MIR128-2	MARS
MIR128-1	MIR128-2	TGIF1
MIR128-1	MIR128-2	SSSCA1
MIR128-1	MIR128-2	LY6G5B
MIR128-1	MIR128-2	BCL11A
MIR128-1	MIR128-2	MDM4
MIR128-1	MIR128-2	SNRPB
MIR128-1	MIR128-2	FUBP3
MIR128-1	MIR128-2	BLOC1S5-TXNDC5
MIR128-1	MIR128-2	NUDT21
MIR128-1	MIR128-2	WNK1
MIR128-1	MIR128-2	SPRED1
MIR128-1	MIR128-2	PRPF8
MIR128-1	MIR128-2	SPIN1
MIR129-1	MIR129-2	SUPT5H
MIR129-1	MIR129-2	TTC3
MIR129-1	MIR129-2	MFAP3L
MIR129-1	MIR129-2	GNB1
MIR129-1	MIR129-2	HSPA9
MIR129-1	MIR129-2	RAPGEF2
MIR129-1	MIR129-2	ZNF106
MIR129-1	MIR129-2	USP25
MIR129-1	MIR129-2	LARP1
MIR129-1	MIR129-2	DCN
MIR129-1	MIR129-2	EIF4G2
MIR129-1	MIR129-2	XPOT
MIR129-1	MIR129-2	EPAS1
MIR129-1	MIR129-2	USP44
MIR129-1	MIR129-2	IGF1R
MIR129-1	MIR129-2	CBX3
MIR129-1	MIR129-2	GLRX2
MIR129-1	MIR129-2	NCKAP1
MIR129-1	MIR129-2	CAND1
MIR129-1	MIR129-2	VPS13C
MIR129-1	MIR129-2	LRRC1
MIR129-1	MIR129-2	AGO3
MIR129-1	MIR129-2	RHBDD1
MIR129-1	MIR129-2	FN1
MIR129-1	MIR129-2	PSMA4
MIR129-1	MIR129-2	SCG2
MIR129-1	MIR129-2	FAM155A
MIR129-1	MIR129-2	CELF1
MIR129-1	MIR129-2	SRGAP1
MIR129-1	MIR129-2	KAT6A
MIR129-1	MIR129-2	HNRNPK
MIR129-1	MIR129-2	ICAM1
MIR129-1	MIR129-2	COLGALT1
MIR129-1	MIR129-2	MRPS10
MIR129-1	MIR129-2	SPTY2D1
MIR129-1	MIR129-2	MEIS2
MIR129-1	MIR129-2	ZNF292
MIR129-1	MIR129-2	PLEKHA1
MIR129-1	MIR129-2	ELOVL1
MIR129-1	MIR129-2	SPECC1L
MIR129-1	MIR129-2	PRKAR1A
MIR129-1	MIR129-2	SOX4
MIR129-1	MIR129-2	METTL15
MIR129-1	MIR129-2	PDGFC
MIR129-1	MIR129-2	BTBD11
MIR129-1	MIR129-2	SMC5
MIR129-1	MIR129-2	WNT5A
MIR129-1	MIR129-2	CCDC14
MIR129-1	MIR129-2	CAPN7
MIR129-1	MIR129-2	HK1
MIR129-1	MIR129-2	RCAN2
MIR129-1	MIR129-2	ESCO1
MIR129-1	MIR129-2	JUN
MIR129-1	MIR129-2	MON2
MIR129-1	MIR129-2	HIST1H2AG
MIR129-1	MIR129-2	FAM210B
MIR129-1	MIR129-2	RBMS1
MIR129-1	MIR129-2	EIF4EBP2
MIR129-1	MIR129-2	CALCOCO2
MIR129-1	MIR129-2	HAS2
MIR129-1	MIR129-2	USP42
MIR129-1	MIR129-2	AGBL5
MIR129-1	MIR129-2	CSDE1
MIR129-1	MIR129-2	PANK3
MIR129-1	MIR129-2	CHD9
MIR129-1	MIR129-2	FAM178A
MIR129-1	MIR129-2	PLOD2
MIR129-1	MIR129-2	ZNF644
MIR129-1	MIR129-2	ZFP36L1
MIR129-1	MIR129-2	CTSH
MIR129-1	MIR129-2	NEK1
MIR129-1	MIR129-2	CD59
MIR129-1	MIR129-2	DEPDC1
MIR129-1	MIR129-2	JARID2
MIR129-1	MIR129-2	PTPRM
MIR129-1	MIR129-2	TNFRSF21
MIR129-1	MIR129-2	AQP3
MIR129-1	MIR129-2	TRPM7
MIR129-1	MIR129-2	HEATR1
MIR129-1	MIR129-2	RPN2
MIR129-1	MIR129-2	RPL26
MIR129-1	MIR129-2	GOLGB1
MIR129-1	MIR129-2	FADS1
MIR129-1	MIR129-2	NFS1
MIR129-1	MIR129-2	SENP5
MIR129-1	MIR129-2	EPRS
MIR129-1	MIR129-2	MSH6
MIR129-1	MIR129-2	AHDC1
MIR129-1	MIR129-2	TPD52
MIR129-1	MIR129-2	SFT2D2
MIR129-1	MIR129-2	GSK3B
MIR129-1	MIR129-2	NOL4L
MIR129-1	MIR129-2	TMEM136
MIR129-1	MIR129-2	TIMP2
MIR129-1	MIR129-2	NPTN
MIR129-1	MIR129-2	SOD2
MIR129-1	MIR129-2	TMBIM1
MIR129-1	MIR129-2	TMEM2
MIR129-1	MIR129-2	SUMF2
MIR129-1	MIR129-2	TTN
MIR129-1	MIR129-2	SPRY4
MIR129-1	MIR129-2	CORO1C
MIR129-1	MIR129-2	C14orf169
MIR129-1	MIR129-2	TMEM43
MIR129-1	MIR129-2	SRPR
MIR129-1	MIR129-2	HIST1H2BE
MIR129-1	MIR129-2	SND1
MIR129-1	MIR129-2	UGCG
MIR129-1	MIR129-2	DNAH7
MIR129-1	MIR129-2	NLK
MIR129-1	MIR129-2	PGPEP1
MIR129-1	MIR129-2	SLC35A4
MIR129-1	MIR129-2	BMPR2
MIR129-1	MIR129-2	WDR25
MIR129-1	MIR129-2	DCUN1D3
MIR129-1	MIR129-2	ZFP91
MIR129-1	MIR129-2	ZNF532
MIR129-1	MIR129-2	RRM2B
MIR129-1	MIR129-2	DIAPH2
MIR129-1	MIR129-2	GNAQ
MIR129-1	MIR129-2	ZFC3H1
MIR129-1	MIR129-2	HIST1H2BD
MIR129-1	MIR129-2	RAB3B
MIR129-1	MIR129-2	RPLP1
MIR129-1	MIR129-2	KDM6B
MIR129-1	MIR129-2	RBM4
MIR129-1	MIR129-2	BAG3
MIR129-1	MIR129-2	COL6A2
MIR129-1	MIR129-2	SNRPD3
MIR129-1	MIR129-2	ALAS1
MIR129-1	MIR129-2	POLR3B
MIR129-1	MIR129-2	SULF2
MIR129-1	MIR129-2	RNF213
MIR129-1	MIR129-2	AHNAK
MIR129-1	MIR129-2	DUSP26
MIR129-1	MIR129-2	MTDH
MIR129-1	MIR129-2	CNIH1
MIR129-1	MIR129-2	DDX3X
MIR129-1	MIR129-2	PNRC1
MIR129-1	MIR129-2	RPN1
MIR129-1	MIR129-2	ZBTB20
MIR129-1	MIR129-2	JMY
MIR129-1	MIR129-2	SCRN1
MIR129-1	MIR129-2	SLC25A12
MIR129-1	MIR129-2	TPD52L2
MIR129-1	MIR129-2	CAST
MIR129-1	MIR129-2	FOXP4
MIR129-1	MIR129-2	GNA13
MIR129-1	MIR129-2	RPL18
MIR129-1	MIR129-2	STEAP4
MIR129-1	MIR129-2	AHCTF1
MIR129-1	MIR129-2	GLYR1
MIR129-1	MIR129-2	MAP1B
MIR129-1	MIR129-2	RALBP1
MIR129-1	MIR129-2	JMJD1C
MIR129-1	MIR129-2	CCND1
MIR129-1	MIR129-2	TTC37
MIR129-1	MIR129-2	VPS26A
MIR129-1	MIR129-2	CCT7
MIR129-1	MIR129-2	DCTN4
MIR129-1	MIR129-2	EXOC6
MIR129-1	MIR129-2	MCFD2
MIR129-1	MIR129-2	DDX6
MIR129-1	MIR129-2	CEP95
MIR129-1	MIR129-2	STT3B
MIR129-1	MIR129-2	PTEN
MIR129-1	MIR129-2	ADAR
MIR129-1	MIR129-2	ZNF83
MIR129-1	MIR129-2	ANKRD52
MIR129-1	MIR129-2	TRAF4
MIR129-1	MIR129-2	NT5E
MIR129-1	MIR129-2	FAM222A
MIR129-1	MIR129-2	GGNBP2
MIR129-1	MIR129-2	GSE1
MIR129-1	MIR129-2	RGS4
MIR129-1	MIR129-2	DOCK10
MIR129-1	MIR129-2	ITGA5
MIR129-1	MIR129-2	NFKBIA
MIR129-1	MIR129-2	CAPN2
MIR129-1	MIR129-2	ZNF281
MIR129-1	MIR129-2	NGRN
MIR129-1	MIR129-2	SPATA2
MIR129-1	MIR129-2	ARSK
MIR129-1	MIR129-2	CACNA1D
MIR129-1	MIR129-2	SMAD7
MIR129-1	MIR129-2	SPIRE1
MIR129-1	MIR129-2	INHBA
MIR129-1	MIR129-2	TANC2
MIR129-1	MIR129-2	SAE1
MIR129-1	MIR129-2	FBXO30
MIR129-1	MIR129-2	PPP1R12B
MIR129-1	MIR129-2	SPARC
MIR129-1	MIR129-2	BCL2A1
MIR129-1	MIR129-2	IST1
MIR129-1	MIR129-2	KARS
MIR129-1	MIR129-2	MAP2
MIR129-1	MIR129-2	NCOA6
MIR129-1	MIR129-2	FAM8A1
MIR129-1	MIR129-2	SUCLG2
MIR129-1	MIR129-2	NRP1
MIR129-1	MIR129-2	USP37
MIR129-1	MIR129-2	TXNDC15
MIR129-1	MIR129-2	KCNJ11
MIR129-1	MIR129-2	ARID3A
MIR129-1	MIR129-2	CGGBP1
MIR129-1	MIR129-2	SLC25A6
MIR129-1	MIR129-2	ADNP
MIR129-1	MIR129-2	GIGYF1
MIR129-1	MIR129-2	PHF3
MIR129-1	MIR129-2	MAP3K7
MIR129-1	MIR129-2	AP2A2
MIR129-1	MIR129-2	STC2
MIR129-1	MIR129-2	RTF1
MIR129-1	MIR129-2	ROCK1
MIR129-1	MIR129-2	ZNFX1
MIR129-1	MIR129-2	COL1A1
MIR129-1	MIR129-2	CSNK1E
MIR129-1	MIR129-2	ZBTB1
MIR129-1	MIR129-2	LANCL1
MIR129-1	MIR129-2	SMC4
MIR129-1	MIR129-2	SLC16A12
MIR129-1	MIR129-2	CBX6
MIR129-1	MIR129-2	NADK
MIR129-1	MIR129-2	NFIL3
MIR129-1	MIR129-2	RBBP6
MIR129-1	MIR129-2	SQSTM1
MIR129-1	MIR129-2	SCARB1
MIR129-1	MIR129-2	HSP90B1
MIR129-1	MIR129-2	AMOTL2
MIR129-1	MIR129-2	PLEC
MIR129-1	MIR129-2	SNRPF
MIR129-1	MIR129-2	LRP10
MIR129-1	MIR129-2	PKNOX1
MIR129-1	MIR129-2	APBB1
MIR129-1	MIR129-2	CFTR
MIR129-1	MIR129-2	CSPG4
MIR129-1	MIR129-2	NF1
MIR129-1	MIR129-2	PTBP2
MIR129-1	MIR129-2	PTGS2
MIR129-1	MIR129-2	SNRNP35
MIR129-1	MIR129-2	LSS
MIR129-1	MIR129-2	SUGP2
MIR129-1	MIR129-2	RALGAPA2
MIR129-1	MIR129-2	DDX18
MIR129-1	MIR129-2	PERP
MIR129-1	MIR129-2	TNRC6C
MIR129-1	MIR129-2	REST
MIR129-1	MIR129-2	UTRN
MIR129-1	MIR129-2	TRIO
MIR129-1	MIR129-2	STX12
MIR129-1	MIR129-2	CTCF
MIR129-1	MIR129-2	PNPLA8
MIR129-1	MIR129-2	MEF2D
MIR129-1	MIR129-2	SMARCA5
MIR129-1	MIR129-2	KMT2D
MIR129-1	MIR129-2	VAMP4
MIR129-1	MIR129-2	SETD7
MIR129-1	MIR129-2	SLC6A6
MIR129-1	MIR129-2	STAU1
MIR129-1	MIR129-2	ADORA2B
MIR129-1	MIR129-2	PRSS23
MIR129-1	MIR129-2	YTHDC1
MIR129-1	MIR129-2	C6orf106
MIR129-1	MIR129-2	B3GNT1
MIR129-1	MIR129-2	HIST1H3B
MIR129-1	MIR129-2	BLOC1S5-TXNDC5
MIR129-1	MIR129-2	RSF1
MIR129-1	MIR129-2	GSPT1
MIR129-1	MIR129-2	HOOK1
MIR129-1	MIR129-2	CLIC6
MIR129-1	MIR129-2	BOD1L1
MIR1-1	MIR1-2	INPP5F
MIR1-1	MIR1-2	ZNF644
MIR1-1	MIR1-2	ZFP36L1
MIR1-1	MIR1-2	TNRC6A
MIR1-1	MIR1-2	GPR158
MIR1-1	MIR1-2	KIAA1841
MIR1-1	MIR1-2	XPO7
MIR1-1	MIR1-2	RBMXL1
MIR1-1	MIR1-2	PAPOLA
MIR1-1	MIR1-2	TLK1
MIR1-1	MIR1-2	SCD
MIR1-1	MIR1-2	SUN2
MIR1-1	MIR1-2	CALU
MIR1-1	MIR1-2	GJA1
MIR1-1	MIR1-2	WASL
MIR1-1	MIR1-2	ARPP19
MIR1-1	MIR1-2	ARPC3
MIR1-1	MIR1-2	CAND1
MIR1-1	MIR1-2	TMX4
MIR1-1	MIR1-2	MED13
MIR1-1	MIR1-2	FCHSD2
MIR1-1	MIR1-2	LIMA1
MIR1-1	MIR1-2	JMJD1C
MIR1-1	MIR1-2	LGI2
MIR1-1	MIR1-2	SCG5
MIR1-1	MIR1-2	ABCA5
MIR1-1	MIR1-2	GPSM1
MIR1-1	MIR1-2	SOX9
MIR1-1	MIR1-2	SPEN
MIR1-1	MIR1-2	PIK3C2A
MIR1-1	MIR1-2	CEP44
MIR1-1	MIR1-2	VIT
MIR1-1	MIR1-2	BAZ2B
MIR1-1	MIR1-2	ZZZ3
MIR1-1	MIR1-2	GPR3
MIR1-1	MIR1-2	SACS
MIR1-1	MIR1-2	NEURL3
MIR1-1	MIR1-2	DDX5
MIR1-1	MIR1-2	SSH1
MIR1-1	MIR1-2	KANSL1
MIR1-1	MIR1-2	PXYLP1
MIR1-1	MIR1-2	PTGS2
MIR1-1	MIR1-2	ARF3
MIR1-1	MIR1-2	ELOVL6
MIR1-1	MIR1-2	NEDD9
MIR1-1	MIR1-2	ANKIB1
MIR1-1	MIR1-2	UBE4A
MIR1-1	MIR1-2	LPP
MIR1-1	MIR1-2	TDRD7
MIR1-1	MIR1-2	NDRG1
MIR1-1	MIR1-2	HIPK3
MIR1-1	MIR1-2	PAM
MIR1-1	MIR1-2	MMD
MIR1-1	MIR1-2	SMARCA5
MIR1-1	MIR1-2	TMEM135
MIR1-1	MIR1-2	BMPR2
MIR1-1	MIR1-2	NEUROD1
MIR1-1	MIR1-2	PTMA
MIR1-1	MIR1-2	PRPS2
MIR1-1	MIR1-2	BEND7
MIR1-1	MIR1-2	PNP
MIR1-1	MIR1-2	FAM210B
MIR1-1	MIR1-2	WIPI2
MIR1-1	MIR1-2	DDX21
MIR1-1	MIR1-2	MPHOSPH8
MIR1-1	MIR1-2	PFN2
MIR133A1	MIR133A2	SLC8A1
MIR133A1	MIR133A2	TULP4
MIR133A1	MIR133A2	KLF6
MIR133A1	MIR133A2	SACM1L
MIR133A1	MIR133A2	MYBBP1A
MIR133A1	MIR133A2	PCF11
MIR133A1	MIR133A2	NR3C1
MIR133A1	MIR133A2	COX6A1
MIR133A1	MIR133A2	FOCAD
MIR133A1	MIR133A2	LATS1
MIR133A1	MIR133A2	SCG2
MIR133A1	MIR133A2	SRSF10
MIR133A1	MIR133A2	CELF1
MIR133A1	MIR133A2	ARMCX1
MIR133A1	MIR133A2	JAK1
MIR133A1	MIR133A2	SKA2
MIR133A1	MIR133A2	TJP2
MIR133A1	MIR133A2	POLN
MIR133A1	MIR133A2	GABARAPL1
MIR133A1	MIR133A2	CYCS
MIR133A1	MIR133A2	COL6A3
MIR133A1	MIR133A2	VAT1
MIR133A1	MIR133A2	COX7A2
MIR133A1	MIR133A2	GANAB
MIR133A1	MIR133A2	KLHL42
MIR133A1	MIR133A2	ZBTB7B
MIR133A1	MIR133A2	NOLC1
MIR133A1	MIR133A2	GPR125
MIR133A1	MIR133A2	SP1
MIR133A1	MIR133A2	TMTC3
MIR133A1	MIR133A2	GCH1
MIR133A1	MIR133A2	ZKSCAN1
MIR133A1	MIR133A2	TMEM189-UBE2V1
MIR133A1	MIR133A2	SNAP25
MIR133A1	MIR133A2	LRRC40
MIR133A1	MIR133A2	DYNLT3
MIR133A1	MIR133A2	ICMT
MIR133A1	MIR133A2	FGD6
MIR133A1	MIR133A2	SUMO1
MIR133A1	MIR133A2	CFAP43
MIR133A1	MIR133A2	TEX2
MIR133A1	MIR133A2	PITPNM2
MIR133A1	MIR133A2	OSBPL9
MIR133A1	MIR133A2	PTPRM
MIR133A1	MIR133A2	COX7C
MIR133A1	MIR133A2	KIAA1279
MIR133A1	MIR133A2	FCHSD2
MIR133A1	MIR133A2	FAM173B
MIR133A1	MIR133A2	HNRNPH3
MIR133A1	MIR133A2	SOGA3
MIR133A1	MIR133A2	MCCC1
MIR133A1	MIR133A2	KDM3A
MIR133A1	MIR133A2	SUMF2
MIR133A1	MIR133A2	TTN
MIR133A1	MIR133A2	CFH
MIR133A1	MIR133A2	RUFY3
MIR133A1	MIR133A2	CSNK1G3
MIR133A1	MIR133A2	PTMA
MIR133A1	MIR133A2	YWHAQ
MIR133A1	MIR133A2	ANKHD1-EIF4EBP3
MIR133A1	MIR133A2	ODC1
MIR133A1	MIR133A2	FADS2
MIR133A1	MIR133A2	DCUN1D4
MIR133A1	MIR133A2	NAP1L1
MIR133A1	MIR133A2	BLOC1S6
MIR133A1	MIR133A2	AHNAK
MIR133A1	MIR133A2	RCE1
MIR133A1	MIR133A2	EHMT1
MIR133A1	MIR133A2	SMAD1
MIR133A1	MIR133A2	FBXO18
MIR133A1	MIR133A2	FAM199X
MIR133A1	MIR133A2	SLC25A12
MIR133A1	MIR133A2	DST
MIR133A1	MIR133A2	FBXO3
MIR133A1	MIR133A2	UBE2E3
MIR133A1	MIR133A2	TM7SF3
MIR133A1	MIR133A2	TTLL5
MIR133A1	MIR133A2	MMGT1
MIR133A1	MIR133A2	JDP2
MIR133A1	MIR133A2	PER3
MIR133A1	MIR133A2	RBM23
MIR133A1	MIR133A2	NLRX1
MIR133A1	MIR133A2	SMIM6
MIR133A1	MIR133A2	RBCK1
MIR133A1	MIR133A2	IMPA2
MIR133A1	MIR133A2	YPEL3
MIR133A1	MIR133A2	SESN3
MIR133A1	MIR133A2	HDHD1
MIR133A1	MIR133A2	SLC30A1
MIR133A1	MIR133A2	BBX
MIR133A1	MIR133A2	MAP3K2
MIR133A1	MIR133A2	ACVR1B
MIR133A1	MIR133A2	STC1
MIR133A1	MIR133A2	PNP
MIR133A1	MIR133A2	EIF4A2
MIR133A1	MIR133A2	MLLT10
MIR133A1	MIR133A2	BRAP
MIR133A1	MIR133A2	YPEL2
MIR133A1	MIR133A2	LRP8
MIR133A1	MIR133A2	DHX9
MIR133A1	MIR133A2	PVR
MIR133A1	MIR133A2	RAB27A
MIR133A1	MIR133A2	PHF3
MIR133A1	MIR133A2	PAPSS2
MIR133A1	MIR133A2	PHTF2
MIR133A1	MIR133A2	TEP1
MIR133A1	MIR133A2	MRFAP1
MIR133A1	MIR133A2	TTYH3
MIR133A1	MIR133A2	RBBP6
MIR133A1	MIR133A2	PARP1
MIR133A1	MIR133A2	FXR2
MIR133A1	MIR133A2	TNFRSF11A
MIR133A1	MIR133A2	CFAP20
MIR133A1	MIR133A2	EIF4A1
MIR133A1	MIR133A2	SAR1B
MIR133A1	MIR133A2	CHST9
MIR133A1	MIR133A2	LDB2
MIR133A1	MIR133A2	GPRC5A
MIR133A1	MIR133A2	RASSF4
MIR135A1	MIR135A2	SMAD5
MIR135A1	MIR135A2	STAT6
MIR135A1	MIR135A2	GPRASP1
MIR135A1	MIR135A2	KLF9
MIR135A1	MIR135A2	AP5M1
MIR135A1	MIR135A2	MTDH
MIR135A1	MIR135A2	NAV1
MIR135A1	MIR135A2	MKL2
MIR135A1	MIR135A2	SUPT16H
MIR135A1	MIR135A2	DUT
MIR135A1	MIR135A2	MERTK
MIR135A1	MIR135A2	OTUD4
MIR135A1	MIR135A2	VPS8
MIR135A1	MIR135A2	THBS1
MIR135A1	MIR135A2	RBMXL1
MIR135A1	MIR135A2	ZDHHC18
MIR135A1	MIR135A2	SSR2
MIR135A1	MIR135A2	MIER3
MIR135A1	MIR135A2	LSM11
MIR135A1	MIR135A2	FKBP1A
MIR135A1	MIR135A2	HNRNPD
MIR135A1	MIR135A2	PFKM
MIR135A1	MIR135A2	TBC1D4
MIR135A1	MIR135A2	UBAP1
MIR135A1	MIR135A2	WASF2
MIR135A1	MIR135A2	USP15
MIR135A1	MIR135A2	JMJD1C
MIR135A1	MIR135A2	TRPC1
MIR135A1	MIR135A2	EPB41L2
MIR135A1	MIR135A2	ATXN7L1
MIR135A1	MIR135A2	C11orf24
MIR135A1	MIR135A2	SUV420H2
MIR135A1	MIR135A2	MAPRE2
MIR135A1	MIR135A2	ZFY
MIR135A1	MIR135A2	SLC7A2
MIR135A1	MIR135A2	ZNF91
MIR135A1	MIR135A2	API5
MIR135A1	MIR135A2	ZNF596
MIR135A1	MIR135A2	ADRBK2
MIR135A1	MIR135A2	RNGTT
MIR135A1	MIR135A2	DCP2
MIR135A1	MIR135A2	SNX1
MIR135A1	MIR135A2	C5orf45
MIR135A1	MIR135A2	ANP32E
MIR135A1	MIR135A2	LRPPRC
MIR135A1	MIR135A2	FBF1
MIR135A1	MIR135A2	SKIV2L2
MIR135A1	MIR135A2	CD46
MIR135A1	MIR135A2	GRHL2
MIR135A1	MIR135A2	APP
MIR135A1	MIR135A2	KXD1
MIR135A1	MIR135A2	VAMP2
MIR135A1	MIR135A2	RRBP1
MIR135A1	MIR135A2	PSME4
MIR135A1	MIR135A2	ZNF441
MIR135A1	MIR135A2	PARVA
MIR135A1	MIR135A2	CFLAR
MIR135A1	MIR135A2	PBDC1
MIR135A1	MIR135A2	BMPR2
MIR135A1	MIR135A2	VLDLR
MIR135A1	MIR135A2	TET2
MIR135A1	MIR135A2	RP11-407N17.3
MIR135A1	MIR135A2	EIF5
MIR135A1	MIR135A2	RPL36AL
MIR135A1	MIR135A2	TXNIP
MIR135A1	MIR135A2	ZNF12
MIR135A1	MIR135A2	YWHAG
MIR135A1	MIR135A2	PHLPP1
MIR135A1	MIR135A2	ZNF217
MIR135A1	MIR135A2	PIK3C2B
MIR135A1	MIR135A2	SLC39A10
MIR135A1	MIR135B	GPRASP1
MIR135A1	MIR135B	KLF9
MIR135A1	MIR135B	AP5M1
MIR135A1	MIR135B	NAV1
MIR135A1	MIR135B	MTDH
MIR135A1	MIR135B	ZDHHC18
MIR135A1	MIR135B	SUPT16H
MIR135A1	MIR135B	MKL2
MIR135A1	MIR135B	MERTK
MIR135A1	MIR135B	OTUD4
MIR135A1	MIR135B	VPS8
MIR135A1	MIR135B	THBS1
MIR135A1	MIR135B	RBMXL1
MIR135A1	MIR135B	DUT
MIR135A1	MIR135B	ADNP
MIR135A1	MIR135B	SSR2
MIR135A1	MIR135B	MIER3
MIR135A1	MIR135B	TBC1D4
MIR135A1	MIR135B	FKBP1A
MIR135A1	MIR135B	LSM11
MIR135A1	MIR135B	HNRNPD
MIR135A1	MIR135B	PFKM
MIR135A1	MIR135B	UBAP1
MIR135A1	MIR135B	WASF2
MIR135A1	MIR135B	USP15
MIR135A1	MIR135B	JMJD1C
MIR135A1	MIR135B	EPB41L2
MIR135A1	MIR135B	ATXN7L1
MIR135A1	MIR135B	C11orf24
MIR135A1	MIR135B	ZFY
MIR135A1	MIR135B	MAPRE2
MIR135A1	MIR135B	SUV420H2
MIR135A1	MIR135B	SLC7A2
MIR135A1	MIR135B	ZNF91
MIR135A1	MIR135B	API5
MIR135A1	MIR135B	ZNF596
MIR135A1	MIR135B	ADRBK2
MIR135A1	MIR135B	RNGTT
MIR135A1	MIR135B	SNX1
MIR135A1	MIR135B	DCP2
MIR135A1	MIR135B	LRPPRC
MIR135A1	MIR135B	ANP32E
MIR135A1	MIR135B	C5orf45
MIR135A1	MIR135B	FBF1
MIR135A1	MIR135B	SKIV2L2
MIR135A1	MIR135B	CD46
MIR135A1	MIR135B	VAMP2
MIR135A1	MIR135B	APP
MIR135A1	MIR135B	GRHL2
MIR135A1	MIR135B	ZNF441
MIR135A1	MIR135B	RRBP1
MIR135A1	MIR135B	KXD1
MIR135A1	MIR135B	PSME4
MIR135A1	MIR135B	PARVA
MIR135A1	MIR135B	CFLAR
MIR135A1	MIR135B	PBDC1
MIR135A1	MIR135B	VLDLR
MIR135A1	MIR135B	TET2
MIR135A1	MIR135B	RPL36AL
MIR135A1	MIR135B	EIF5
MIR135A1	MIR135B	TXNIP
MIR135A1	MIR135B	ZNF12
MIR135A1	MIR135B	YWHAG
MIR135A1	MIR135B	PHLPP1
MIR135A1	MIR135B	ZNF217
MIR135A1	MIR135B	PIK3C2B
MIR135A1	MIR135B	SLC39A10
MIR135A2	MIR135B	GPRASP1
MIR135A2	MIR135B	KLF9
MIR135A2	MIR135B	AP5M1
MIR135A2	MIR135B	NAV1
MIR135A2	MIR135B	MTDH
MIR135A2	MIR135B	MKL2
MIR135A2	MIR135B	SUPT16H
MIR135A2	MIR135B	DUT
MIR135A2	MIR135B	MERTK
MIR135A2	MIR135B	OTUD4
MIR135A2	MIR135B	VPS8
MIR135A2	MIR135B	THBS1
MIR135A2	MIR135B	RBMXL1
MIR135A2	MIR135B	ZDHHC18
MIR135A2	MIR135B	SSR2
MIR135A2	MIR135B	MIER3
MIR135A2	MIR135B	LSM11
MIR135A2	MIR135B	FKBP1A
MIR135A2	MIR135B	HNRNPD
MIR135A2	MIR135B	PFKM
MIR135A2	MIR135B	TBC1D4
MIR135A2	MIR135B	UBAP1
MIR135A2	MIR135B	WASF2
MIR135A2	MIR135B	USP15
MIR135A2	MIR135B	JMJD1C
MIR135A2	MIR135B	EPB41L2
MIR135A2	MIR135B	ATXN7L1
MIR135A2	MIR135B	C11orf24
MIR135A2	MIR135B	SUV420H2
MIR135A2	MIR135B	MAPRE2
MIR135A2	MIR135B	ZFY
MIR135A2	MIR135B	SLC7A2
MIR135A2	MIR135B	ZNF91
MIR135A2	MIR135B	API5
MIR135A2	MIR135B	ZNF596
MIR135A2	MIR135B	ADRBK2
MIR135A2	MIR135B	RNGTT
MIR135A2	MIR135B	DCP2
MIR135A2	MIR135B	SNX1
MIR135A2	MIR135B	C5orf45
MIR135A2	MIR135B	ANP32E
MIR135A2	MIR135B	LRPPRC
MIR135A2	MIR135B	FBF1
MIR135A2	MIR135B	SKIV2L2
MIR135A2	MIR135B	CD46
MIR135A2	MIR135B	GRHL2
MIR135A2	MIR135B	APP
MIR135A2	MIR135B	KXD1
MIR135A2	MIR135B	VAMP2
MIR135A2	MIR135B	RRBP1
MIR135A2	MIR135B	PSME4
MIR135A2	MIR135B	ZNF441
MIR135A2	MIR135B	PARVA
MIR135A2	MIR135B	CFLAR
MIR135A2	MIR135B	PBDC1
MIR135A2	MIR135B	VLDLR
MIR135A2	MIR135B	TET2
MIR135A2	MIR135B	RPL36AL
MIR135A2	MIR135B	EIF5
MIR135A2	MIR135B	TXNIP
MIR135A2	MIR135B	ZNF12
MIR135A2	MIR135B	YWHAG
MIR135A2	MIR135B	PHLPP1
MIR135A2	MIR135B	ZNF217
MIR135A2	MIR135B	PIK3C2B
MIR135A2	MIR135B	SLC39A10
MIR138-1	MIR138-2	RRM1
MIR138-1	MIR138-2	HES1
MIR138-1	MIR138-2	TRPC4AP
MIR138-1	MIR138-2	GNL1
MIR138-1	MIR138-2	QKI
MIR138-1	MIR138-2	SPRTN
MIR138-1	MIR138-2	LRP1
MIR138-1	MIR138-2	OTUD4
MIR138-1	MIR138-2	PDE4B
MIR138-1	MIR138-2	PHC3
MIR138-1	MIR138-2	SMAD3
MIR138-1	MIR138-2	EPAS1
MIR138-1	MIR138-2	HMGA1
MIR138-1	MIR138-2	NR2F2
MIR138-1	MIR138-2	LONP2
MIR138-1	MIR138-2	GNAI2
MIR138-1	MIR138-2	AGO2
MIR138-1	MIR138-2	LRRC8A
MIR138-1	MIR138-2	SMARCD1
MIR138-1	MIR138-2	SRSF9
MIR138-1	MIR138-2	ZFHX2
MIR138-1	MIR138-2	KIAA0430
MIR138-1	MIR138-2	PHLDB1
MIR138-1	MIR138-2	DDX1
MIR138-1	MIR138-2	IQCA1P1
MIR138-1	MIR138-2	KHSRP
MIR138-1	MIR138-2	NUFIP2
MIR138-1	MIR138-2	ICAM1
MIR138-1	MIR138-2	TUBB4B
MIR138-1	MIR138-2	RPS29
MIR138-1	MIR138-2	SPTBN1
MIR138-1	MIR138-2	PPTC7
MIR138-1	MIR138-2	EMC7
MIR138-1	MIR138-2	SRRM2
MIR138-1	MIR138-2	ATXN2L
MIR138-1	MIR138-2	BAZ1B
MIR138-1	MIR138-2	JADE1
MIR138-1	MIR138-2	TET2
MIR138-1	MIR138-2	TMEM189-UBE2V1
MIR138-1	MIR138-2	CSDE1
MIR138-1	MIR138-2	TYK2
MIR138-1	MIR138-2	ZNF217
MIR138-1	MIR138-2	CDCP1
MIR138-1	MIR138-2	COX7A2L
MIR138-1	MIR138-2	FOSL1
MIR138-1	MIR138-2	H3F3B
MIR138-1	MIR138-2	MRC2
MIR138-1	MIR138-2	IKZF2
MIR138-1	MIR138-2	RARA
MIR138-1	MIR138-2	CTNNAL1
MIR138-1	MIR138-2	LRCH1
MIR138-1	MIR138-2	GOLGA4
MIR138-1	MIR138-2	PHB
MIR138-1	MIR138-2	FAM83H
MIR138-1	MIR138-2	CDCA4
MIR138-1	MIR138-2	CHD4
MIR138-1	MIR138-2	FAM135A
MIR138-1	MIR138-2	CD44
MIR138-1	MIR138-2	APOL2
MIR138-1	MIR138-2	NTN4
MIR138-1	MIR138-2	PHF12
MIR138-1	MIR138-2	NEDD9
MIR138-1	MIR138-2	DYNC1H1
MIR138-1	MIR138-2	DSE
MIR138-1	MIR138-2	SIRT1
MIR138-1	MIR138-2	EIF4EBP1
MIR138-1	MIR138-2	GM2A
MIR138-1	MIR138-2	PCGF3
MIR138-1	MIR138-2	PLCG1
MIR138-1	MIR138-2	CDK12
MIR138-1	MIR138-2	APLP2
MIR138-1	MIR138-2	ELL2
MIR138-1	MIR138-2	MYO1G
MIR138-1	MIR138-2	KLHL18
MIR138-1	MIR138-2	ZNF281
MIR138-1	MIR138-2	BIRC6
MIR138-1	MIR138-2	ZEB2
MIR138-1	MIR138-2	AHNAK
MIR138-1	MIR138-2	PNRC1
MIR138-1	MIR138-2	RPN1
MIR138-1	MIR138-2	IMPAD1
MIR138-1	MIR138-2	CEP350
MIR138-1	MIR138-2	PFKP
MIR138-1	MIR138-2	PTGES
MIR138-1	MIR138-2	HDLBP
MIR138-1	MIR138-2	EIF4G1
MIR138-1	MIR138-2	PI4KA
MIR138-1	MIR138-2	MAP1B
MIR138-1	MIR138-2	DYNLT1
MIR138-1	MIR138-2	SRM
MIR138-1	MIR138-2	USP33
MIR138-1	MIR138-2	DLC1
MIR138-1	MIR138-2	PARD6G-AS1
MIR138-1	MIR138-2	JAZF1
MIR138-1	MIR138-2	UBE2R2
MIR138-1	MIR138-2	ZMIZ2
MIR138-1	MIR138-2	SYNE3
MIR138-1	MIR138-2	CLIC4
MIR138-1	MIR138-2	ZNF264
MIR138-1	MIR138-2	CAPN2
MIR138-1	MIR138-2	EIF3K
MIR138-1	MIR138-2	COL12A1
MIR138-1	MIR138-2	UPF1
MIR138-1	MIR138-2	PPT1
MIR138-1	MIR138-2	HIST1H2BJ
MIR138-1	MIR138-2	RIF1
MIR138-1	MIR138-2	RPL32
MIR138-1	MIR138-2	EFR3A
MIR138-1	MIR138-2	KRIT1
MIR138-1	MIR138-2	TNRC6A
MIR138-1	MIR138-2	TRAM1
MIR138-1	MIR138-2	ARID3A
MIR138-1	MIR138-2	ENPP2
MIR138-1	MIR138-2	PTBP3
MIR138-1	MIR138-2	GPATCH2L
MIR138-1	MIR138-2	KYNU
MIR138-1	MIR138-2	SLC4A7
MIR138-1	MIR138-2	TPM1
MIR138-1	MIR138-2	COPA
MIR138-1	MIR138-2	NPTXR
MIR138-1	MIR138-2	TENM2
MIR138-1	MIR138-2	SLC3A2
MIR138-1	MIR138-2	NONO
MIR138-1	MIR138-2	BRPF3
MIR138-1	MIR138-2	SPG11
MIR138-1	MIR138-2	APH1A
MIR138-1	MIR138-2	CYB5D1
MIR138-1	MIR138-2	EEF2K
MIR138-1	MIR138-2	POU2F2
MIR138-1	MIR138-2	SH2D3C
MIR138-1	MIR138-2	ZNF44
MIR146A	MIR146B	PIGB
MIR146A	MIR146B	AP3S2
MIR146A	MIR146B	CNNM3
MIR146A	MIR146B	TULP4
MIR146A	MIR146B	CLASP1
MIR146A	MIR146B	GNAI2
MIR146A	MIR146B	SLC2A3
MIR146A	MIR146B	RHBDD1
MIR146A	MIR146B	ABL1
MIR146A	MIR146B	YTHDF3
MIR146A	MIR146B	NUFIP2
MIR146A	MIR146B	ZNF367
MIR146A	MIR146B	BTG2
MIR146A	MIR146B	RAB18
MIR146A	MIR146B	SNRNP27
MIR146A	MIR146B	KLHL42
MIR146A	MIR146B	C1RL
MIR146A	MIR146B	ACTL6A
MIR146A	MIR146B	STIM1
MIR146A	MIR146B	PPRC1
MIR146A	MIR146B	CCNT2
MIR146A	MIR146B	TP53INP1
MIR146A	MIR146B	AP1G2
MIR146A	MIR146B	DNM2
MIR146A	MIR146B	NFE2L1
MIR146A	MIR146B	SLFN11
MIR146A	MIR146B	APMAP
MIR146A	MIR146B	ACO1
MIR146A	MIR146B	JUN
MIR146A	MIR146B	SREK1
MIR146A	MIR146B	SESTD1
MIR146A	MIR146B	MID1
MIR146A	MIR146B	HAS2
MIR146A	MIR146B	CSDE1
MIR146A	MIR146B	SLC26A2
MIR146A	MIR146B	RHPN2
MIR146A	MIR146B	MOB1B
MIR146A	MIR146B	PRKDC
MIR146A	MIR146B	ZNF823
MIR146A	MIR146B	MR1
MIR146A	MIR146B	PTAR1
MIR146A	MIR146B	RPS6
MIR146A	MIR146B	ZC3H10
MIR146A	MIR146B	DDHD1
MIR146A	MIR146B	TSPYL1
MIR146A	MIR146B	GART
MIR146A	MIR146B	SRPRB
MIR146A	MIR146B	C12orf4
MIR146A	MIR146B	RBL1
MIR146A	MIR146B	KIAA1586
MIR146A	MIR146B	ACTN1
MIR146A	MIR146B	RAPH1
MIR146A	MIR146B	SLC2A12
MIR146A	MIR146B	P2RX5
MIR146A	MIR146B	SF1
MIR146A	MIR146B	RIC1
MIR146A	MIR146B	AEN
MIR146A	MIR146B	HSPH1
MIR146A	MIR146B	PLA1A
MIR146A	MIR146B	BAIAP2
MIR146A	MIR146B	DCUN1D4
MIR146A	MIR146B	CD84
MIR146A	MIR146B	TNFAIP8
MIR146A	MIR146B	DHX8
MIR146A	MIR146B	SLC16A3
MIR146A	MIR146B	MKLN1
MIR146A	MIR146B	BRK1
MIR146A	MIR146B	STAT5B
MIR146A	MIR146B	PLIN2
MIR146A	MIR146B	OTUD1
MIR146A	MIR146B	ANXA7
MIR146A	MIR146B	IER2
MIR146A	MIR146B	NR6A1
MIR146A	MIR146B	IRAK1
MIR146A	MIR146B	KBTBD6
MIR146A	MIR146B	TRMT112
MIR146A	MIR146B	FLI1
MIR146A	MIR146B	HLA-C
MIR146A	MIR146B	METRNL
MIR146A	MIR146B	ATXN1L
MIR146A	MIR146B	ISG20L2
MIR146A	MIR146B	DDX60
MIR146A	MIR146B	HLA-DPA1
MIR146A	MIR146B	SESN3
MIR146A	MIR146B	ZNF197
MIR146A	MIR146B	CPNE1
MIR146A	MIR146B	STC1
MIR146A	MIR146B	ITPRIPL2
MIR146A	MIR146B	BAZ1A
MIR146A	MIR146B	C16orf72
MIR146A	MIR146B	MAML1
MIR146A	MIR146B	HNRNPA3
MIR146A	MIR146B	ZNF410
MIR146A	MIR146B	GOPC
MIR146A	MIR146B	CASK
MIR146A	MIR146B	ADAM10
MIR146A	MIR146B	YTHDF2
MIR146A	MIR146B	TNRC6A
MIR146A	MIR146B	ZSWIM4
MIR146A	MIR146B	ABHD17B
MIR146A	MIR146B	ERRFI1
MIR146A	MIR146B	HIST1H4B
MIR146A	MIR146B	HYOU1
MIR146A	MIR146B	RAD9A
MIR146A	MIR146B	SLC50A1
MIR146A	MIR146B	ARL8A
MIR146A	MIR146B	PHF3
MIR146A	MIR146B	TRIM26
MIR146A	MIR146B	COPA
MIR146A	MIR146B	LCOR
MIR146A	MIR146B	SQSTM1
MIR146A	MIR146B	KSR1
MIR146A	MIR146B	AVL9
MIR146A	MIR146B	SLK
MIR146A	MIR146B	MAP3K5
MIR146A	MIR146B	TMEM164
MIR146A	MIR146B	PAPD5
MIR146A	MIR146B	PTGS2
MIR146A	MIR146B	NF1
MIR146A	MIR146B	SERPINB9
MIR146A	MIR146B	RAB20
MIR146A	MIR146B	TOMM70A
MIR146A	MIR146B	STX12
MIR146A	MIR146B	SYNJ1
MIR146A	MIR146B	SLC1A5
MIR146A	MIR146B	CDC25B
MIR146A	MIR146B	WDR36
MIR146A	MIR146B	RFX5
MIR146A	MIR146B	RBM26
MIR148A	MIR148B	ARFGEF1
MIR148A	MIR148B	CYTH3
MIR148A	MIR148B	FAM168B
MIR148A	MIR148B	GNAI1
MIR148A	MIR148B	ATXN10
MIR148A	MIR148B	RMDN3
MIR148A	MIR148B	AGO2
MIR148A	MIR148B	ASPH
MIR148A	MIR148B	DOCK6
MIR148A	MIR148B	VPS37A
MIR148A	MIR148B	TTBK2
MIR148A	MIR148B	LY75
MIR148A	MIR148B	CHMP3
MIR148A	MIR148B	DYNC2H1
MIR148A	MIR148B	MOB1A
MIR148A	MIR148B	KDM3B
MIR148A	MIR148B	ADAM9
MIR148A	MIR148B	UBR4
MIR148A	MIR148B	RNF103
MIR148A	MIR148B	ALDOA
MIR148A	MIR148B	TET2
MIR148A	MIR148B	NRAS
MIR148A	MIR148B	LRP12
MIR148A	MIR148B	IARS
MIR148A	MIR148B	TCTN1
MIR148A	MIR148B	MAST4
MIR148A	MIR148B	ITGB8
MIR148A	MIR148B	ITPK1
MIR148A	MIR148B	MED14
MIR148A	MIR148B	CTSA
MIR148A	MIR148B	PHAX
MIR148A	MIR148B	ATP8A1
MIR148A	MIR148B	WBP1L
MIR148A	MIR148B	ARL6IP1
MIR148A	MIR148B	CCNI
MIR148A	MIR148B	LEMD2
MIR148A	MIR148B	SYVN1
MIR148A	MIR148B	MRPS30
MIR148A	MIR148B	NSMF
MIR148A	MIR148B	RNPEPL1
MIR148A	MIR148B	MLYCD
MIR148A	MIR148B	CENPP
MIR148A	MIR148B	TMEM170A
MIR148A	MIR148B	LIPA
MIR148A	MIR148B	LRPPRC
MIR148A	MIR148B	IFT172
MIR148A	MIR148B	TCEB3
MIR148A	MIR148B	CLN6
MIR148A	MIR148B	KCNC1
MIR148A	MIR148B	DCAF16
MIR148A	MIR148B	SLC7A5
MIR148A	MIR148B	FZD6
MIR148A	MIR148B	IPO5
MIR148A	MIR148B	MARCKS
MIR148A	MIR148B	ZNF460
MIR148A	MIR148B	LGALS8
MIR148A	MIR148B	FXR1
MIR148A	MIR148B	SEC23A
MIR148A	MIR148B	SUCO
MIR148A	MIR148B	RNF125
MIR148A	MIR148B	IL6ST
MIR148A	MIR148B	B2M
MIR148A	MIR148B	HMGB1
MIR148A	MIR148B	HSPH1
MIR148A	MIR148B	ATG4B
MIR148A	MIR148B	TBL1XR1
MIR148A	MIR148B	ZFYVE26
MIR148A	MIR148B	MRPS7
MIR148A	MIR148B	SSH2
MIR148A	MIR148B	MAP3K9
MIR148A	MIR148B	ANKRD44
MIR148A	MIR148B	CDKN1A
MIR148A	MIR148B	SLC16A9
MIR148A	MIR148B	ZNF131
MIR148A	MIR148B	ZBTB8A
MIR148A	MIR148B	CAST
MIR148A	MIR148B	SUPT20H
MIR148A	MIR148B	UBE2D3
MIR148A	MIR148B	CNTN4
MIR148A	MIR148B	SBF2
MIR148A	MIR148B	TMEM9B
MIR148A	MIR148B	UVRAG
MIR148A	MIR148B	NFYA
MIR148A	MIR148B	C1GALT1
MIR148A	MIR148B	EP300
MIR148A	MIR148B	SLMO2
MIR148A	MIR148B	BTBD3
MIR148A	MIR148B	MARCH7
MIR148A	MIR148B	DENND1B
MIR148A	MIR148B	MOK
MIR148A	MIR148B	RAB6A
MIR148A	MIR148B	PPM1A
MIR148A	MIR148B	AIM1
MIR148A	MIR148B	KIF2C
MIR148A	MIR148B	PREPL
MIR148A	MIR148B	LRRC8B
MIR148A	MIR148B	TMEM246
MIR148A	MIR148B	RC3H1
MIR148A	MIR148B	ZNF239
MIR148A	MIR148B	ARHGAP35
MIR148A	MIR148B	BTRC
MIR148A	MIR148B	SPIRE1
MIR148A	MIR148B	YWHAB
MIR148A	MIR148B	HLA-DPA1
MIR148A	MIR148B	ELL
MIR148A	MIR148B	SMAP1
MIR148A	MIR148B	SAMD12
MIR148A	MIR148B	STX6
MIR148A	MIR148B	PPP1R12B
MIR148A	MIR148B	CALR
MIR148A	MIR148B	AMPD3
MIR148A	MIR148B	EPS15
MIR148A	MIR148B	IFI30
MIR148A	MIR148B	PRNP
MIR148A	MIR148B	ELMOD2
MIR148A	MIR148B	EI24
MIR148A	MIR148B	MLLT10
MIR148A	MIR148B	NRP1
MIR148A	MIR148B	PPIF
MIR148A	MIR148B	CCND2
MIR148A	MIR148B	FLNA
MIR148A	MIR148B	PAPSS1
MIR148A	MIR148B	PAPSS2
MIR148A	MIR148B	CDKN1B
MIR148A	MIR148B	STX11
MIR148A	MIR148B	PHKA1
MIR148A	MIR148B	PDE4DIP
MIR148A	MIR148B	FARSB
MIR148A	MIR148B	AP3B1
MIR148A	MIR148B	LDLR
MIR148A	MIR148B	SAMD15
MIR148A	MIR148B	SLK
MIR148A	MIR148B	BNIP2
MIR148A	MIR148B	NUP155
MIR148A	MIR148B	TMEM214
MIR148A	MIR148B	KCNMA1
MIR148A	MIR148B	NFKB1
MIR148A	MIR148B	KIAA1468
MIR148A	MIR148B	SNRK
MIR148A	MIR148B	SNX7
MIR148A	MIR148B	LY9
MIR148A	MIR148B	PLAGL1
MIR148A	MIR148B	MMD
MIR148A	MIR148B	AKAP13
MIR148A	MIR148B	TLR7
MIR148A	MIR148B	HNRNPM
MIR148A	MIR148B	DUSP5
MIR148A	MIR148B	DYRK1B
MIR148A	MIR148B	DSTYK
MIR148A	MIR148B	ZDHHC17
MIR148A	MIR152	ARFGEF1
MIR148A	MIR152	PATL1
MIR148A	MIR152	CYTH3
MIR148A	MIR152	FAM168B
MIR148A	MIR152	ACACA
MIR148A	MIR152	GNAI1
MIR148A	MIR152	ATXN10
MIR148A	MIR152	EPAS1
MIR148A	MIR152	RMDN3
MIR148A	MIR152	ATP8B2
MIR148A	MIR152	AGO2
MIR148A	MIR152	ASPH
MIR148A	MIR152	NAA38
MIR148A	MIR152	CDK1
MIR148A	MIR152	NCKAP1
MIR148A	MIR152	CAND1
MIR148A	MIR152	PBXIP1
MIR148A	MIR152	VPS37A
MIR148A	MIR152	BEX1
MIR148A	MIR152	TTBK2
MIR148A	MIR152	COLGALT1
MIR148A	MIR152	COL6A3
MIR148A	MIR152	CHMP3
MIR148A	MIR152	DYNC2H1
MIR148A	MIR152	MOB1A
MIR148A	MIR152	UBAP2L
MIR148A	MIR152	KDM3B
MIR148A	MIR152	RNF103
MIR148A	MIR152	CTSC
MIR148A	MIR152	ALDOA
MIR148A	MIR152	PTPN1
MIR148A	MIR152	PUM2
MIR148A	MIR152	TET2
MIR148A	MIR152	DNMT1
MIR148A	MIR152	IARS
MIR148A	MIR152	TCTN1
MIR148A	MIR152	MCM3AP
MIR148A	MIR152	MAST4
MIR148A	MIR152	PANK3
MIR148A	MIR152	ITGB8
MIR148A	MIR152	ITPK1
MIR148A	MIR152	MED14
MIR148A	MIR152	CTSA
MIR148A	MIR152	TSPYL1
MIR148A	MIR152	PHAX
MIR148A	MIR152	JARID2
MIR148A	MIR152	ATP8A1
MIR148A	MIR152	VEGFA
MIR148A	MIR152	WBP1L
MIR148A	MIR152	USP7
MIR148A	MIR152	HECTD1
MIR148A	MIR152	ARL6IP1
MIR148A	MIR152	CCNI
MIR148A	MIR152	LEMD2
MIR148A	MIR152	MRPS30
MIR148A	MIR152	NSMF
MIR148A	MIR152	MLYCD
MIR148A	MIR152	DHCR24
MIR148A	MIR152	CENPP
MIR148A	MIR152	RAB34
MIR148A	MIR152	FGF2
MIR148A	MIR152	TMEM170A
MIR148A	MIR152	LIPA
MIR148A	MIR152	LRPPRC
MIR148A	MIR152	IFT172
MIR148A	MIR152	TCEB3
MIR148A	MIR152	CLN6
MIR148A	MIR152	SLC7A5
MIR148A	MIR152	BCL2L11
MIR148A	MIR152	TROVE2
MIR148A	MIR152	RSBN1L
MIR148A	MIR152	RASSF8
MIR148A	MIR152	FZD6
MIR148A	MIR152	IPO5
MIR148A	MIR152	MARCKS
MIR148A	MIR152	ZNF460
MIR148A	MIR152	LGALS8
MIR148A	MIR152	FXR1
MIR148A	MIR152	SEC23A
MIR148A	MIR152	SUCO
MIR148A	MIR152	RNF125
MIR148A	MIR152	IL6ST
MIR148A	MIR152	ELOVL5
MIR148A	MIR152	B2M
MIR148A	MIR152	HSPH1
MIR148A	MIR152	WTAP
MIR148A	MIR152	SERPINE1
MIR148A	MIR152	C6orf62
MIR148A	MIR152	CMTR2
MIR148A	MIR152	ZFYVE26
MIR148A	MIR152	MRPS7
MIR148A	MIR152	SSH2
MIR148A	MIR152	MAP3K9
MIR148A	MIR152	ANKRD44
MIR148A	MIR152	CDKN1A
MIR148A	MIR152	SLC16A9
MIR148A	MIR152	ZNF131
MIR148A	MIR152	ZBTB8A
MIR148A	MIR152	CAST
MIR148A	MIR152	SUPT20H
MIR148A	MIR152	UBE2D3
MIR148A	MIR152	CNTN4
MIR148A	MIR152	SBF2
MIR148A	MIR152	TMEM9B
MIR148A	MIR152	UVRAG
MIR148A	MIR152	NFYA
MIR148A	MIR152	C1GALT1
MIR148A	MIR152	SLMO2
MIR148A	MIR152	BTBD3
MIR148A	MIR152	MARCH7
MIR148A	MIR152	DENND1B
MIR148A	MIR152	MOK
MIR148A	MIR152	RAB6A
MIR148A	MIR152	PPM1A
MIR148A	MIR152	PREPL
MIR148A	MIR152	KIF2C
MIR148A	MIR152	PTPN14
MIR148A	MIR152	FAM208A
MIR148A	MIR152	ITGA5
MIR148A	MIR152	LRRC8B
MIR148A	MIR152	RC3H1
MIR148A	MIR152	TMEM246
MIR148A	MIR152	ARHGAP35
MIR148A	MIR152	BTRC
MIR148A	MIR152	ZNF239
MIR148A	MIR152	SPIRE1
MIR148A	MIR152	YWHAB
MIR148A	MIR152	SMAP1
MIR148A	MIR152	ELL
MIR148A	MIR152	STX6
MIR148A	MIR152	SAMD12
MIR148A	MIR152	CALR
MIR148A	MIR152	AMPD3
MIR148A	MIR152	EPS15
MIR148A	MIR152	SESN2
MIR148A	MIR152	IFI30
MIR148A	MIR152	PRNP
MIR148A	MIR152	ELMOD2
MIR148A	MIR152	MLLT10
MIR148A	MIR152	PNPLA6
MIR148A	MIR152	NRP1
MIR148A	MIR152	PPIF
MIR148A	MIR152	ATP2B4
MIR148A	MIR152	CCND2
MIR148A	MIR152	FLNA
MIR148A	MIR152	PAPSS1
MIR148A	MIR152	PAPSS2
MIR148A	MIR152	CDKN1B
MIR148A	MIR152	STX11
MIR148A	MIR152	ROCK1
MIR148A	MIR152	PHKA1
MIR148A	MIR152	PDE4DIP
MIR148A	MIR152	FARSB
MIR148A	MIR152	BMP2K
MIR148A	MIR152	ZDHHC17
MIR148A	MIR152	AP3B1
MIR148A	MIR152	LDLR
MIR148A	MIR152	SAMD15
MIR148A	MIR152	NFIX
MIR148A	MIR152	SLK
MIR148A	MIR152	PHF20
MIR148A	MIR152	BNIP2
MIR148A	MIR152	NUP155
MIR148A	MIR152	TMEM214
MIR148A	MIR152	KCNMA1
MIR148A	MIR152	LMNA
MIR148A	MIR152	HTRA2
MIR148A	MIR152	USP9X
MIR148A	MIR152	NFKB1
MIR148A	MIR152	AMMECR1
MIR148A	MIR152	NCLN
MIR148A	MIR152	KIAA1468
MIR148A	MIR152	SNRK
MIR148A	MIR152	SNX7
MIR148A	MIR152	PLAGL1
MIR148A	MIR152	AKAP13
MIR148A	MIR152	TLR7
MIR148A	MIR152	TRAK2
MIR148A	MIR152	ADORA2B
MIR148A	MIR152	HNRNPM
MIR148A	MIR152	DUSP5
MIR148A	MIR152	DYRK1B
MIR148A	MIR152	RC3H2
MIR148A	MIR152	TUBB
MIR148A	MIR152	DSTYK
MIR148A	MIR152	TBL1XR1
MIR148B	MIR152	ARFGEF1
MIR148B	MIR152	HCFC2
MIR148B	MIR152	CYTH3
MIR148B	MIR152	FAM168B
MIR148B	MIR152	SNX25
MIR148B	MIR152	GNAI1
MIR148B	MIR152	ATXN10
MIR148B	MIR152	CSRP2BP
MIR148B	MIR152	RMDN3
MIR148B	MIR152	AGO2
MIR148B	MIR152	ASPH
MIR148B	MIR152	VPS37A
MIR148B	MIR152	YTHDF3
MIR148B	MIR152	CCDC28A
MIR148B	MIR152	TTBK2
MIR148B	MIR152	CHMP3
MIR148B	MIR152	DYNC2H1
MIR148B	MIR152	MOB1A
MIR148B	MIR152	KDM3B
MIR148B	MIR152	LPP
MIR148B	MIR152	CYYR1
MIR148B	MIR152	RNF103
MIR148B	MIR152	ALDOA
MIR148B	MIR152	TET2
MIR148B	MIR152	RIPK4
MIR148B	MIR152	IARS
MIR148B	MIR152	TCTN1
MIR148B	MIR152	MAST4
MIR148B	MIR152	ITGB8
MIR148B	MIR152	ITPK1
MIR148B	MIR152	MED14
MIR148B	MIR152	CNOT4
MIR148B	MIR152	CTSA
MIR148B	MIR152	HCCS
MIR148B	MIR152	PHAX
MIR148B	MIR152	KLF4
MIR148B	MIR152	ATP8A1
MIR148B	MIR152	WBP1L
MIR148B	MIR152	ARL6IP1
MIR148B	MIR152	CCNI
MIR148B	MIR152	LEMD2
MIR148B	MIR152	COQ9
MIR148B	MIR152	MRPS30
MIR148B	MIR152	NSMF
MIR148B	MIR152	XRN1
MIR148B	MIR152	MLYCD
MIR148B	MIR152	CENPP
MIR148B	MIR152	NPTN
MIR148B	MIR152	TMEM170A
MIR148B	MIR152	LIPA
MIR148B	MIR152	LRPPRC
MIR148B	MIR152	SZRD1
MIR148B	MIR152	IFT172
MIR148B	MIR152	TCEB3
MIR148B	MIR152	CLN6
MIR148B	MIR152	SLC7A5
MIR148B	MIR152	YES1
MIR148B	MIR152	FZD6
MIR148B	MIR152	IPO5
MIR148B	MIR152	DLGAP1
MIR148B	MIR152	MARCKS
MIR148B	MIR152	ZNF460
MIR148B	MIR152	LGALS8
MIR148B	MIR152	FXR1
MIR148B	MIR152	SEC23A
MIR148B	MIR152	PICALM
MIR148B	MIR152	SUCO
MIR148B	MIR152	RNF125
MIR148B	MIR152	IL6ST
MIR148B	MIR152	B2M
MIR148B	MIR152	HSPH1
MIR148B	MIR152	TBL1XR1
MIR148B	MIR152	ZFYVE26
MIR148B	MIR152	MRPS7
MIR148B	MIR152	MEGF8
MIR148B	MIR152	SSH2
MIR148B	MIR152	MAP3K9
MIR148B	MIR152	ANKRD44
MIR148B	MIR152	CDKN1A
MIR148B	MIR152	SLC16A9
MIR148B	MIR152	ZNF131
MIR148B	MIR152	ZBTB8A
MIR148B	MIR152	DNAJC3
MIR148B	MIR152	CAST
MIR148B	MIR152	SUPT20H
MIR148B	MIR152	UBE2D3
MIR148B	MIR152	CNTN4
MIR148B	MIR152	SBF2
MIR148B	MIR152	TMEM9B
MIR148B	MIR152	UVRAG
MIR148B	MIR152	NFYA
MIR148B	MIR152	C1GALT1
MIR148B	MIR152	SLMO2
MIR148B	MIR152	NR1D2
MIR148B	MIR152	BTBD3
MIR148B	MIR152	MARCH7
MIR148B	MIR152	DENND1B
MIR148B	MIR152	MOK
MIR148B	MIR152	RAB6A
MIR148B	MIR152	PPM1A
MIR148B	MIR152	PREPL
MIR148B	MIR152	KIF2C
MIR148B	MIR152	LRRC8B
MIR148B	MIR152	TMEM246
MIR148B	MIR152	RC3H1
MIR148B	MIR152	ZNF239
MIR148B	MIR152	ARHGAP35
MIR148B	MIR152	BTRC
MIR148B	MIR152	SPIRE1
MIR148B	MIR152	YWHAB
MIR148B	MIR152	SMAP1
MIR148B	MIR152	ELL
MIR148B	MIR152	STX6
MIR148B	MIR152	SAMD12
MIR148B	MIR152	DCP1A
MIR148B	MIR152	OPA1
MIR148B	MIR152	CALR
MIR148B	MIR152	AMPD3
MIR148B	MIR152	EPS15
MIR148B	MIR152	IFI30
MIR148B	MIR152	PRNP
MIR148B	MIR152	ELMOD2
MIR148B	MIR152	MLLT10
MIR148B	MIR152	NRP1
MIR148B	MIR152	PHIP
MIR148B	MIR152	PPIF
MIR148B	MIR152	CCND2
MIR148B	MIR152	FLNA
MIR148B	MIR152	PAPSS1
MIR148B	MIR152	PAPSS2
MIR148B	MIR152	SEC31A
MIR148B	MIR152	CDKN1B
MIR148B	MIR152	STX11
MIR148B	MIR152	PHKA1
MIR148B	MIR152	PDE4DIP
MIR148B	MIR152	FARSB
MIR148B	MIR152	PDK4
MIR148B	MIR152	AP3B1
MIR148B	MIR152	LDLR
MIR148B	MIR152	SAMD15
MIR148B	MIR152	SLK
MIR148B	MIR152	BNIP2
MIR148B	MIR152	NUP155
MIR148B	MIR152	TMEM214
MIR148B	MIR152	KCNMA1
MIR148B	MIR152	GMFB
MIR148B	MIR152	NCEH1
MIR148B	MIR152	NFKB1
MIR148B	MIR152	KIAA1468
MIR148B	MIR152	SNRK
MIR148B	MIR152	SNX7
MIR148B	MIR152	PLAGL1
MIR148B	MIR152	AKAP13
MIR148B	MIR152	TLR7
MIR148B	MIR152	HNRNPM
MIR148B	MIR152	DUSP5
MIR148B	MIR152	DYRK1B
MIR148B	MIR152	PNPLA2
MIR148B	MIR152	DSTYK
MIR148B	MIR152	ZDHHC17
MIR153-1	MIR153-2	TTC3
MIR153-1	MIR153-2	PSAP
MIR153-1	MIR153-2	FBXL17
MIR153-1	MIR153-2	NCDN
MIR153-1	MIR153-2	NFAT5
MIR153-1	MIR153-2	BAD
MIR153-1	MIR153-2	GFPT1
MIR153-1	MIR153-2	FRS2
MIR153-1	MIR153-2	RICTOR
MIR153-1	MIR153-2	TSPYL2
MIR153-1	MIR153-2	PLEKHA3
MIR153-1	MIR153-2	NFE2L2
MIR153-1	MIR153-2	VPS13C
MIR153-1	MIR153-2	C5orf63
MIR153-1	MIR153-2	PDS5B
MIR153-1	MIR153-2	PBXIP1
MIR153-1	MIR153-2	VPS54
MIR153-1	MIR153-2	GLUL
MIR153-1	MIR153-2	NFYA
MIR153-1	MIR153-2	NUFIP2
MIR153-1	MIR153-2	CCNH
MIR153-1	MIR153-2	DOT1L
MIR153-1	MIR153-2	CAPRIN1
MIR153-1	MIR153-2	SPTY2D1
MIR153-1	MIR153-2	CCND3
MIR153-1	MIR153-2	KPNA5
MIR153-1	MIR153-2	ACTR2
MIR153-1	MIR153-2	NFIC
MIR153-1	MIR153-2	CCDC30
MIR153-1	MIR153-2	SLC2A13
MIR153-1	MIR153-2	TOB2
MIR153-1	MIR153-2	LARP4
MIR153-1	MIR153-2	VASH2
MIR153-1	MIR153-2	ELMSAN1
MIR153-1	MIR153-2	GM2A
MIR153-1	MIR153-2	SPPL2A
MIR153-1	MIR153-2	DDIT4
MIR153-1	MIR153-2	NIPBL
MIR153-1	MIR153-2	INHBA
MIR153-1	MIR153-2	CITED2
MIR153-1	MIR153-2	PBDC1
MIR153-1	MIR153-2	CSNK1A1
MIR153-1	MIR153-2	UBE2H
MIR153-1	MIR153-2	PRKX
MIR153-1	MIR153-2	ARFIP2
MIR153-1	MIR153-2	ZNF211
MIR153-1	MIR153-2	ATG5
MIR153-1	MIR153-2	CASP4
MIR153-1	MIR153-2	TMEM261
MIR153-1	MIR153-2	NRD1
MIR15A	MIR15B	NAV1
MIR15A	MIR15B	CPEB2
MIR15A	MIR15B	U2SURP
MIR15A	MIR15B	MKNK2
MIR15A	MIR15B	NBPF1
MIR15A	MIR15B	RHBDD1
MIR15A	MIR15B	BECN1
MIR15A	MIR15B	IKBKB
MIR15A	MIR15B	MYADM
MIR15A	MIR15B	ZCCHC3
MIR15A	MIR15B	IPO9
MIR15A	MIR15B	ARMCX1
MIR15A	MIR15B	CLCN3
MIR15A	MIR15B	MOSPD2
MIR15A	MIR15B	TMEM159
MIR15A	MIR15B	SMEK2
MIR15A	MIR15B	PRKAR1A
MIR15A	MIR15B	UBR4
MIR15A	MIR15B	PDGFC
MIR15A	MIR15B	SMC3
MIR15A	MIR15B	ZC3H11A
MIR15A	MIR15B	ZFYVE1
MIR15A	MIR15B	PUM2
MIR15A	MIR15B	CREBRF
MIR15A	MIR15B	CDC42
MIR15A	MIR15B	NLRP1
MIR15A	MIR15B	MAFK
MIR15A	MIR15B	ATP2A2
MIR15A	MIR15B	BLVRB
MIR15A	MIR15B	GYLTL1B
MIR15A	MIR15B	CCT4
MIR15A	MIR15B	CNOT4
MIR15A	MIR15B	RACGAP1
MIR15A	MIR15B	WNT9A
MIR15A	MIR15B	TEX261
MIR15A	MIR15B	RSBN1
MIR15A	MIR15B	RDH11
MIR15A	MIR15B	REV3L
MIR15A	MIR15B	REEP5
MIR15A	MIR15B	NUDCD1
MIR15A	MIR15B	XPO1
MIR15A	MIR15B	SLC15A4
MIR15A	MIR15B	AGO4
MIR15A	MIR15B	STARD13
MIR15A	MIR15B	CDCA4
MIR15A	MIR15B	PVRL1
MIR15A	MIR15B	N4BP1
MIR15A	MIR15B	TTC30B
MIR15A	MIR15B	RBL1
MIR15A	MIR15B	C12orf5
MIR15A	MIR15B	IPO8
MIR15A	MIR15B	ELMSAN1
MIR15A	MIR15B	KIAA1549L
MIR15A	MIR15B	KCNN4
MIR15A	MIR15B	SEC23A
MIR15A	MIR15B	SMEK1
MIR15A	MIR15B	ELL2
MIR15A	MIR15B	VCP
MIR15A	MIR15B	CDC42SE2
MIR15A	MIR15B	RNF213
MIR15A	MIR15B	TTK
MIR15A	MIR15B	RNF138
MIR15A	MIR15B	RRAS2
MIR15A	MIR15B	CNOT1
MIR15A	MIR15B	LRRC47
MIR15A	MIR15B	KIFAP3
MIR15A	MIR15B	BCL2
MIR15A	MIR15B	CACUL1
MIR15A	MIR15B	RPS6KA3
MIR15A	MIR15B	PRKAR2A
MIR15A	MIR15B	BCL2L12
MIR15A	MIR15B	PRR3
MIR15A	MIR15B	SLC25A3
MIR15A	MIR15B	CAPRIN1
MIR15A	MIR15B	YAP1
MIR15A	MIR15B	PARP16
MIR15A	MIR15B	AIM1
MIR15A	MIR15B	BDKRB2
MIR15A	MIR15B	CNBP
MIR15A	MIR15B	SMAD7
MIR15A	MIR15B	SOX5
MIR15A	MIR15B	ITPR2
MIR15A	MIR15B	PPT1
MIR15A	MIR15B	NIN
MIR15A	MIR15B	PALM2-AKAP2
MIR15A	MIR15B	POLR2D
MIR15A	MIR15B	UBA6
MIR15A	MIR15B	NUP210
MIR15A	MIR15B	KCTD10
MIR15A	MIR15B	PRRC2C
MIR15A	MIR15B	UVSSA
MIR15A	MIR15B	FBN2
MIR15A	MIR15B	CLPX
MIR15A	MIR15B	CCNE1
MIR15A	MIR15B	NET1
MIR15A	MIR15B	DDX46
MIR15A	MIR15B	SLC39A14
MIR15A	MIR15B	ARRDC4
MIR15A	MIR15B	UNC13A
MIR15A	MIR15B	IRF2
MIR15A	MIR15B	VPS13B
MIR15A	MIR15B	MRPL1
MIR15A	MIR15B	POLR2B
MIR15A	MIR15B	ADORA2B
MIR15A	MIR15B	DYRK1B
MIR15A	MIR15B	RC3H2
MIR15A	MIR15B	WIPI2
MIR15A	MIR15B	PGRMC1
MIR15A	MIR15B	TBL1XR1
MIR15A	MIR15B	GRB2
MIR15A	MIR15B	GBF1
MIR15A	MIR15B	HSPA9
MIR15A	MIR15B	WSB1
MIR15A	MIR15B	GFPT1
MIR15A	MIR15B	FGD4
MIR15A	MIR15B	FAM98A
MIR15A	MIR15B	SEMA4C
MIR15A	MIR15B	AKAP11
MIR15A	MIR15B	KLF5
MIR15A	MIR15B	PHLDA3
MIR15A	MIR15B	UBE2QL1
MIR15A	MIR15B	LATS1
MIR15A	MIR15B	DNAJC24
MIR15A	MIR15B	VPS13A
MIR15A	MIR15B	KATNAL1
MIR15A	MIR15B	TSPAN3
MIR15A	MIR15B	LTBP1
MIR15A	MIR15B	DMXL2
MIR15A	MIR15B	BAZ2A
MIR15A	MIR15B	TBP
MIR15A	MIR15B	SP1
MIR15A	MIR15B	DNAJB4
MIR15A	MIR15B	SCAMP2
MIR15A	MIR15B	VEGFA
MIR15A	MIR15B	VAMP7
MIR15A	MIR15B	UBE2T
MIR15A	MIR15B	UBR3
MIR15A	MIR15B	TCP1
MIR15A	MIR15B	TLE4
MIR15A	MIR15B	FBXW7
MIR15A	MIR15B	ARL2
MIR15A	MIR15B	FGF2
MIR15A	MIR15B	FOXK1
MIR15A	MIR15B	ABI2
MIR15A	MIR15B	SRPR
MIR15A	MIR15B	ZCCHC2
MIR15A	MIR15B	RECK
MIR15A	MIR15B	TXLNA
MIR15A	MIR15B	MAN1A1
MIR15A	MIR15B	CIRBP
MIR15A	MIR15B	ZFHX3
MIR15A	MIR15B	PLAA
MIR15A	MIR15B	WTAP
MIR15A	MIR15B	ANXA4
MIR15A	MIR15B	FAM179A
MIR15A	MIR15B	ZNF281
MIR15A	MIR15B	SMARCA4
MIR15A	MIR15B	ACSL4
MIR15A	MIR15B	GNA13
MIR15A	MIR15B	GPBP1L1
MIR15A	MIR15B	JMJD1C
MIR15A	MIR15B	SHISA5
MIR15A	MIR15B	METTL9
MIR15A	MIR15B	TRIM33
MIR15A	MIR15B	ISYNA1
MIR15A	MIR15B	LARP4
MIR15A	MIR15B	UBE4B
MIR15A	MIR15B	MFSD5
MIR15A	MIR15B	CNKSR3
MIR15A	MIR15B	ZSWIM6
MIR15A	MIR15B	ANKRD36
MIR15A	MIR15B	EIF4A2
MIR15A	MIR15B	TFG
MIR15A	MIR15B	C16orf72
MIR15A	MIR15B	KARS
MIR15A	MIR15B	MACF1
MIR15A	MIR15B	HSD17B4
MIR15A	MIR15B	CCND2
MIR15A	MIR15B	ZMAT3
MIR15A	MIR15B	TLK1
MIR15A	MIR15B	TSC22D2
MIR15A	MIR15B	ASH1L
MIR15A	MIR15B	MAP4
MIR15A	MIR15B	DDB1
MIR15A	MIR15B	KIAA0100
MIR15A	MIR15B	ANKRD17
MIR15A	MIR15B	CXCL5
MIR15A	MIR15B	KMT2D
MIR15A	MIR15B	NSRP1
MIR15A	MIR15B	ANKRD12
MIR15A	MIR15B	PDIA6
MIR15A	MIR15B	CD2AP
MIR15A	MIR15B	QKI
MIR15A	MIR15B	OTUD4
MIR15A	MIR15B	SACM1L
MIR15A	MIR15B	HLA-DQA1
MIR15A	MIR15B	CCNC
MIR15A	MIR15B	MIB1
MIR15A	MIR15B	TBL3
MIR15A	MIR15B	RARS
MIR15A	MIR15B	PTPRF
MIR15A	MIR15B	CREBBP
MIR15A	MIR15B	PKM
MIR15A	MIR15B	CRKL
MIR15A	MIR15B	HINT1
MIR15A	MIR15B	KIF5B
MIR15A	MIR15B	MIDN
MIR15A	MIR15B	PSAT1
MIR15A	MIR15B	ATP5G3
MIR15A	MIR15B	TMTC3
MIR15A	MIR15B	EMC4
MIR15A	MIR15B	ATXN7L3
MIR15A	MIR15B	MYO5B
MIR15A	MIR15B	GLCE
MIR15A	MIR15B	NHLRC2
MIR15A	MIR15B	MCL1
MIR15A	MIR15B	ZNF181
MIR15A	MIR15B	UBE3A
MIR15A	MIR15B	SLC18A2
MIR15A	MIR15B	XPO7
MIR15A	MIR15B	SGK1
MIR15A	MIR15B	FOSL2
MIR15A	MIR15B	ARMCX2
MIR15A	MIR15B	PURA
MIR15A	MIR15B	CALM1
MIR15A	MIR15B	MAGED1
MIR15A	MIR15B	NOL4L
MIR15A	MIR15B	CD151
MIR15A	MIR15B	JKAMP
MIR15A	MIR15B	FLVCR2
MIR15A	MIR15B	TMEM2
MIR15A	MIR15B	EIF2S3
MIR15A	MIR15B	RTCB
MIR15A	MIR15B	TMEM43
MIR15A	MIR15B	DSE
MIR15A	MIR15B	ABL2
MIR15A	MIR15B	IPO7
MIR15A	MIR15B	PAM
MIR15A	MIR15B	PDCD4
MIR15A	MIR15B	PAG1
MIR15A	MIR15B	RASA1
MIR15A	MIR15B	ST8SIA3
MIR15A	MIR15B	PSKH1
MIR15A	MIR15B	RRM2B
MIR15A	MIR15B	MYO1G
MIR15A	MIR15B	CDK6
MIR15A	MIR15B	RRAGA
MIR15A	MIR15B	LARP4B
MIR15A	MIR15B	PPP2R5C
MIR15A	MIR15B	DNAJA1
MIR15A	MIR15B	MNT
MIR15A	MIR15B	SIK3
MIR15A	MIR15B	SECISBP2L
MIR15A	MIR15B	ARPP19
MIR15A	MIR15B	MAT2A
MIR15A	MIR15B	CCND1
MIR15A	MIR15B	IFT74
MIR15A	MIR15B	HNRNPDL
MIR15A	MIR15B	SVIP
MIR15A	MIR15B	METTL4
MIR15A	MIR15B	ERLIN2
MIR15A	MIR15B	PINK1
MIR15A	MIR15B	PTPN3
MIR15A	MIR15B	TUBA1A
MIR15A	MIR15B	ABCC10
MIR15A	MIR15B	LRRC41
MIR15A	MIR15B	ECHDC1
MIR15A	MIR15B	ARHGEF18
MIR15A	MIR15B	DESI1
MIR15A	MIR15B	FNDC3A
MIR15A	MIR15B	CDV3
MIR15A	MIR15B	PNPLA6
MIR15A	MIR15B	SEPT2
MIR15A	MIR15B	ATP13A3
MIR15A	MIR15B	TRAM1
MIR15A	MIR15B	TRRAP
MIR15A	MIR15B	PIK3CA
MIR15A	MIR15B	FSTL1
MIR15A	MIR15B	LMO7
MIR15A	MIR15B	AKT3
MIR15A	MIR15B	PDE4DIP
MIR15A	MIR15B	HPS3
MIR15A	MIR15B	LRRK1
MIR15A	MIR15B	TAPT1
MIR15A	MIR15B	FRK
MIR15A	MIR15B	NF1
MIR15A	MIR15B	DNM1L
MIR15A	MIR15B	KPNB1
MIR15A	MIR15B	RAB14
MIR15A	MIR15B	SH3D19
MIR15A	MIR15B	PPIG
MIR15A	MIR15B	SOCS6
MIR15A	MIR15B	ARMC1
MIR15A	MIR15B	ORMDL3
MIR15A	MIR15B	PIGB
MIR15A	MIR15B	WEE1
MIR15A	MIR15B	CLASP1
MIR15A	MIR15B	KRT18
MIR15A	MIR15B	HMGA1
MIR15A	MIR15B	DHX15
MIR15A	MIR15B	CAB39
MIR15A	MIR15B	CELF1
MIR15A	MIR15B	NUFIP2
MIR15A	MIR15B	PAFAH1B2
MIR15A	MIR15B	BTG2
MIR15A	MIR15B	PLEKHM2
MIR15A	MIR15B	VTCN1
MIR15A	MIR15B	PLEKHA1
MIR15A	MIR15B	PSD
MIR15A	MIR15B	ANAPC13
MIR15A	MIR15B	ZW10
MIR15A	MIR15B	RPS25
MIR15A	MIR15B	NFE2L1
MIR15A	MIR15B	SLC30A8
MIR15A	MIR15B	ZBED5
MIR15A	MIR15B	KIF21A
MIR15A	MIR15B	TFCP2
MIR15A	MIR15B	MYO19
MIR15A	MIR15B	MAPK8
MIR15A	MIR15B	ABCF2
MIR15A	MIR15B	UBLCP1
MIR15A	MIR15B	USP42
MIR15A	MIR15B	NARF
MIR15A	MIR15B	LMAN1
MIR15A	MIR15B	CTSA
MIR15A	MIR15B	PPP2R1B
MIR15A	MIR15B	PAFAH1B1
MIR15A	MIR15B	EIF5A
MIR15A	MIR15B	ELMO2
MIR15A	MIR15B	SOBP
MIR15A	MIR15B	PRRC1
MIR15A	MIR15B	CD300A
MIR15A	MIR15B	LAMC2
MIR15A	MIR15B	ATG9A
MIR15A	MIR15B	ODC1
MIR15A	MIR15B	FAM126B
MIR15A	MIR15B	SPPL2B
MIR15A	MIR15B	BACH1
MIR15A	MIR15B	HIST1H2AH
MIR15A	MIR15B	SGPP2
MIR15A	MIR15B	FRS2
MIR15A	MIR15B	STK38
MIR15A	MIR15B	PABPC4
MIR15A	MIR15B	ARL8B
MIR15A	MIR15B	MME
MIR15A	MIR15B	DUSP2
MIR15A	MIR15B	TRIM35
MIR15A	MIR15B	HTT
MIR15A	MIR15B	GOLT1B
MIR15A	MIR15B	VDAC3
MIR15A	MIR15B	ATP2B1
MIR15A	MIR15B	SMTN
MIR15A	MIR15B	MBNL2
MIR15A	MIR15B	HIAT1
MIR15A	MIR15B	HDHD2
MIR15A	MIR15B	ADIPOR1
MIR15A	MIR15B	SKI
MIR15A	MIR15B	CD164
MIR15A	MIR15B	SLIT2
MIR15A	MIR15B	TRIM44
MIR15A	MIR15B	CALR
MIR15A	MIR15B	NUCKS1
MIR15A	MIR15B	TNRC6A
MIR15A	MIR15B	ABHD17B
MIR15A	MIR15B	ACP2
MIR15A	MIR15B	NAPG
MIR15A	MIR15B	BCAP29
MIR15A	MIR15B	SMURF2
MIR15A	MIR15B	CCNA2
MIR15A	MIR15B	SLC38A9
MIR15A	MIR15B	PI4K2B
MIR15A	MIR15B	CTDSP2
MIR15A	MIR15B	FNBP4
MIR15A	MIR15B	CACNA2D1
MIR15A	MIR15B	KIAA1468
MIR15A	MIR15B	SNRK
MIR15A	MIR15B	SLC1A5
MIR15A	MIR15B	RBM26
MIR15A	MIR424	GRB2
MIR15A	MIR424	PDIA6
MIR15A	MIR424	CD2AP
MIR15A	MIR424	WEE1
MIR15A	MIR424	NAV1
MIR15A	MIR424	QKI
MIR15A	MIR424	OTUD4
MIR15A	MIR424	CLASP1
MIR15A	MIR424	FGD4
MIR15A	MIR424	SEMA4C
MIR15A	MIR424	CPEB2
MIR15A	MIR424	PHLDA3
MIR15A	MIR424	DCBLD2
MIR15A	MIR424	NBPF1
MIR15A	MIR424	TBL3
MIR15A	MIR424	PTPRF
MIR15A	MIR424	IKBKB
MIR15A	MIR424	BECN1
MIR15A	MIR424	ZCCHC3
MIR15A	MIR424	LATS1
MIR15A	MIR424	TNFAIP3
MIR15A	MIR424	OGFOD1
MIR15A	MIR424	PKM
MIR15A	MIR424	ENAH
MIR15A	MIR424	CELF1
MIR15A	MIR424	NUFIP2
MIR15A	MIR424	BTG2
MIR15A	MIR424	VPS13A
MIR15A	MIR424	CLCN3
MIR15A	MIR424	KIF5B
MIR15A	MIR424	VTCN1
MIR15A	MIR424	PLEKHA1
MIR15A	MIR424	PSD
MIR15A	MIR424	ANAPC13
MIR15A	MIR424	UBR4
MIR15A	MIR424	SMC3
MIR15A	MIR424	ZC3H11A
MIR15A	MIR424	ZFYVE1
MIR15A	MIR424	SP1
MIR15A	MIR424	KIF21A
MIR15A	MIR424	CREBRF
MIR15A	MIR424	ATXN7L3
MIR15A	MIR424	CDC42
MIR15A	MIR424	MYO19
MIR15A	MIR424	NLRP1
MIR15A	MIR424	USP42
MIR15A	MIR424	ARCN1
MIR15A	MIR424	NARF
MIR15A	MIR424	MCL1
MIR15A	MIR424	ZNF181
MIR15A	MIR424	DNAJB4
MIR15A	MIR424	UBE3A
MIR15A	MIR424	SLC18A2
MIR15A	MIR424	HSPA5
MIR15A	MIR424	RACGAP1
MIR15A	MIR424	CNOT4
MIR15A	MIR424	TEX261
MIR15A	MIR424	RSBN1
MIR15A	MIR424	SCAMP2
MIR15A	MIR424	XPO7
MIR15A	MIR424	VEGFA
MIR15A	MIR424	RPN2
MIR15A	MIR424	REV3L
MIR15A	MIR424	SGK1
MIR15A	MIR424	FOSL2
MIR15A	MIR424	PURA
MIR15A	MIR424	XPO1
MIR15A	MIR424	PPP2R1B
MIR15A	MIR424	CALM1
MIR15A	MIR424	AGO4
MIR15A	MIR424	UBE2T
MIR15A	MIR424	UBR3
MIR15A	MIR424	PAFAH1B1
MIR15A	MIR424	TLE4
MIR15A	MIR424	STARD13
MIR15A	MIR424	CDCA4
MIR15A	MIR424	FBXW7
MIR15A	MIR424	NOL4L
MIR15A	MIR424	CD151
MIR15A	MIR424	ARL2
MIR15A	MIR424	PVRL1
MIR15A	MIR424	N4BP1
MIR15A	MIR424	TIMP2
MIR15A	MIR424	JKAMP
MIR15A	MIR424	TMEM2
MIR15A	MIR424	RBL1
MIR15A	MIR424	NTN4
MIR15A	MIR424	SOBP
MIR15A	MIR424	FOXK1
MIR15A	MIR424	DSE
MIR15A	MIR424	ABI2
MIR15A	MIR424	SRPR
MIR15A	MIR424	PRRC1
MIR15A	MIR424	IPO7
MIR15A	MIR424	CD300A
MIR15A	MIR424	PDCD4
MIR15A	MIR424	RASA1
MIR15A	MIR424	ZCCHC2
MIR15A	MIR424	KCNN4
MIR15A	MIR424	RECK
MIR15A	MIR424	TXLNA
MIR15A	MIR424	MAN1A1
MIR15A	MIR424	VCP
MIR15A	MIR424	CIRBP
MIR15A	MIR424	ZFHX3
MIR15A	MIR424	PLAA
MIR15A	MIR424	PSKH1
MIR15A	MIR424	RRM2B
MIR15A	MIR424	ATG9A
MIR15A	MIR424	FAM126B
MIR15A	MIR424	LARP4B
MIR15A	MIR424	BACH1
MIR15A	MIR424	FAM179A
MIR15A	MIR424	HIST1H2AH
MIR15A	MIR424	DNAJA1
MIR15A	MIR424	MNT
MIR15A	MIR424	SGPP2
MIR15A	MIR424	RNF138
MIR15A	MIR424	RRAS2
MIR15A	MIR424	CNOT1
MIR15A	MIR424	SMARCA4
MIR15A	MIR424	STK38
MIR15A	MIR424	KIFAP3
MIR15A	MIR424	BCL2
MIR15A	MIR424	SECISBP2L
MIR15A	MIR424	CACUL1
MIR15A	MIR424	RPS6KA3
MIR15A	MIR424	ACSL4
MIR15A	MIR424	GPBP1L1
MIR15A	MIR424	ARL8B
MIR15A	MIR424	PRKAR2A
MIR15A	MIR424	MAT2A
MIR15A	MIR424	CCND1
MIR15A	MIR424	PINK1
MIR15A	MIR424	SHISA5
MIR15A	MIR424	PTPN3
MIR15A	MIR424	GOLT1B
MIR15A	MIR424	PRR3
MIR15A	MIR424	USP22
MIR15A	MIR424	ABCC10
MIR15A	MIR424	LRRC41
MIR15A	MIR424	YAP1
MIR15A	MIR424	ATP2B1
MIR15A	MIR424	PARP16
MIR15A	MIR424	ECHDC1
MIR15A	MIR424	ARHGEF18
MIR15A	MIR424	MBNL2
MIR15A	MIR424	TRIP11
MIR15A	MIR424	BDKRB2
MIR15A	MIR424	SKI
MIR15A	MIR424	LARP4
MIR15A	MIR424	UBE4B
MIR15A	MIR424	SLIT2
MIR15A	MIR424	SMAD7
MIR15A	MIR424	MFSD5
MIR15A	MIR424	PPT1
MIR15A	MIR424	FNDC3A
MIR15A	MIR424	NIN
MIR15A	MIR424	ANKRD36
MIR15A	MIR424	C16orf72
MIR15A	MIR424	PALM2-AKAP2
MIR15A	MIR424	NUCKS1
MIR15A	MIR424	POLR2D
MIR15A	MIR424	SEPT2
MIR15A	MIR424	ATP13A3
MIR15A	MIR424	ABHD17B
MIR15A	MIR424	CCND2
MIR15A	MIR424	ZMAT3
MIR15A	MIR424	SMAD2
MIR15A	MIR424	TLK1
MIR15A	MIR424	PRRC2C
MIR15A	MIR424	AKT3
MIR15A	MIR424	NAPG
MIR15A	MIR424	PDE4DIP
MIR15A	MIR424	HPS3
MIR15A	MIR424	BCAP29
MIR15A	MIR424	LRRK1
MIR15A	MIR424	HIPK2
MIR15A	MIR424	NET1
MIR15A	MIR424	DDX46
MIR15A	MIR424	SLC39A14
MIR15A	MIR424	MYC
MIR15A	MIR424	FRK
MIR15A	MIR424	ASH1L
MIR15A	MIR424	UNC13A
MIR15A	MIR424	DNM1
MIR15A	MIR424	CCNA2
MIR15A	MIR424	SLC38A9
MIR15A	MIR424	NF1
MIR15A	MIR424	PI4K2B
MIR15A	MIR424	RTN4
MIR15A	MIR424	DDB1
MIR15A	MIR424	MRPL1
MIR15A	MIR424	CACNA2D1
MIR15A	MIR424	CXCL5
MIR15A	MIR424	KMT2D
MIR15A	MIR424	SLC1A5
MIR15A	MIR424	ADORA2B
MIR15A	MIR424	DYRK1B
MIR15A	MIR424	TXNIP
MIR15A	MIR424	SOCS6
MIR15A	MIR424	TBL1XR1
MIR15A	MIR424	RBM26
MIR15A	MIR497	LATS2
MIR15A	MIR497	GRB2
MIR15A	MIR497	GBF1
MIR15A	MIR497	HSPA9
MIR15A	MIR497	PDIA6
MIR15A	MIR497	CD2AP
MIR15A	MIR497	WEE1
MIR15A	MIR497	NAV1
MIR15A	MIR497	QKI
MIR15A	MIR497	GFPT1
MIR15A	MIR497	CLASP1
MIR15A	MIR497	SEMA4C
MIR15A	MIR497	AKAP11
MIR15A	MIR497	CPEB2
MIR15A	MIR497	PHLDA3
MIR15A	MIR497	KRT18
MIR15A	MIR497	HMGA1
MIR15A	MIR497	DCBLD2
MIR15A	MIR497	UBE2QL1
MIR15A	MIR497	CCNC
MIR15A	MIR497	NBPF1
MIR15A	MIR497	TBL3
MIR15A	MIR497	PTPRF
MIR15A	MIR497	LATS1
MIR15A	MIR497	MYADM
MIR15A	MIR497	ZCCHC3
MIR15A	MIR497	TNFAIP3
MIR15A	MIR497	ENAH
MIR15A	MIR497	CELF1
MIR15A	MIR497	NUFIP2
MIR15A	MIR497	BTG2
MIR15A	MIR497	PLEKHM2
MIR15A	MIR497	CLCN3
MIR15A	MIR497	TMEM159
MIR15A	MIR497	VTCN1
MIR15A	MIR497	PLEKHA1
MIR15A	MIR497	ANAPC13
MIR15A	MIR497	UBR4
MIR15A	MIR497	SMC3
MIR15A	MIR497	ZC3H11A
MIR15A	MIR497	ZFYVE1
MIR15A	MIR497	PUM2
MIR15A	MIR497	ATXN2L
MIR15A	MIR497	KIF21A
MIR15A	MIR497	CREBRF
MIR15A	MIR497	ATXN7L3
MIR15A	MIR497	CDC42
MIR15A	MIR497	MAPK8
MIR15A	MIR497	ABCF2
MIR15A	MIR497	NLRP1
MIR15A	MIR497	USP42
MIR15A	MIR497	ATP2A2
MIR15A	MIR497	NARF
MIR15A	MIR497	ZNF181
MIR15A	MIR497	DNAJB4
MIR15A	MIR497	UBE3A
MIR15A	MIR497	SLC18A2
MIR15A	MIR497	HSPA5
MIR15A	MIR497	LMAN1
MIR15A	MIR497	RACGAP1
MIR15A	MIR497	CTSA
MIR15A	MIR497	WNT9A
MIR15A	MIR497	TEX261
MIR15A	MIR497	SCAMP2
MIR15A	MIR497	XPO7
MIR15A	MIR497	VEGFA
MIR15A	MIR497	ABCB1
MIR15A	MIR497	SGK1
MIR15A	MIR497	FOSL2
MIR15A	MIR497	ARMCX2
MIR15A	MIR497	PURA
MIR15A	MIR497	VAMP7
MIR15A	MIR497	CALM1
MIR15A	MIR497	AGO4
MIR15A	MIR497	UBR3
MIR15A	MIR497	TLE4
MIR15A	MIR497	CDCA4
MIR15A	MIR497	FBXW7
MIR15A	MIR497	EIF5A
MIR15A	MIR497	NOL4L
MIR15A	MIR497	ARL2
MIR15A	MIR497	PVRL1
MIR15A	MIR497	N4BP1
MIR15A	MIR497	TIMP2
MIR15A	MIR497	JKAMP
MIR15A	MIR497	FGF2
MIR15A	MIR497	RBL1
MIR15A	MIR497	FLVCR2
MIR15A	MIR497	NTN4
MIR15A	MIR497	TMEM2
MIR15A	MIR497	ELMO2
MIR15A	MIR497	FOXK1
MIR15A	MIR497	TMEM43
MIR15A	MIR497	DSE
MIR15A	MIR497	ABI2
MIR15A	MIR497	SRPR
MIR15A	MIR497	ABL2
MIR15A	MIR497	PRRC1
MIR15A	MIR497	ELMSAN1
MIR15A	MIR497	IPO7
MIR15A	MIR497	CD300A
MIR15A	MIR497	KIAA1549L
MIR15A	MIR497	LAMC2
MIR15A	MIR497	PDCD4
MIR15A	MIR497	PAG1
MIR15A	MIR497	ZCCHC2
MIR15A	MIR497	SEC23A
MIR15A	MIR497	RECK
MIR15A	MIR497	TXLNA
MIR15A	MIR497	MAN1A1
MIR15A	MIR497	VCP
MIR15A	MIR497	PSKH1
MIR15A	MIR497	ZFHX3
MIR15A	MIR497	PLAA
MIR15A	MIR497	RRM2B
MIR15A	MIR497	MYO1G
MIR15A	MIR497	RRAGA
MIR15A	MIR497	ATG9A
MIR15A	MIR497	SPPL2B
MIR15A	MIR497	BACH1
MIR15A	MIR497	ZNF281
MIR15A	MIR497	FAM179A
MIR15A	MIR497	DNAJA1
MIR15A	MIR497	MNT
MIR15A	MIR497	SGPP2
MIR15A	MIR497	RNF138
MIR15A	MIR497	SMARCA4
MIR15A	MIR497	STK38
MIR15A	MIR497	KIFAP3
MIR15A	MIR497	BCL2
MIR15A	MIR497	FBXO3
MIR15A	MIR497	CACUL1
MIR15A	MIR497	RPS6KA3
MIR15A	MIR497	ACSL4
MIR15A	MIR497	GPBP1L1
MIR15A	MIR497	PABPC4
MIR15A	MIR497	MAT2A
MIR15A	MIR497	ARL8B
MIR15A	MIR497	HTT
MIR15A	MIR497	CCND1
MIR15A	MIR497	METTL4
MIR15A	MIR497	PINK1
MIR15A	MIR497	SHISA5
MIR15A	MIR497	METTL9
MIR15A	MIR497	GOLT1B
MIR15A	MIR497	TUBA1A
MIR15A	MIR497	CAPRIN1
MIR15A	MIR497	YAP1
MIR15A	MIR497	PARP16
MIR15A	MIR497	ARHGEF18
MIR15A	MIR497	HIAT1
MIR15A	MIR497	SKI
MIR15A	MIR497	UBE4B
MIR15A	MIR497	SMAD7
MIR15A	MIR497	TRIM44
MIR15A	MIR497	MFSD5
MIR15A	MIR497	FNDC3A
MIR15A	MIR497	NIN
MIR15A	MIR497	ANKRD36
MIR15A	MIR497	C16orf72
MIR15A	MIR497	PALM2-AKAP2
MIR15A	MIR497	KARS
MIR15A	MIR497	NUCKS1
MIR15A	MIR497	POLR2D
MIR15A	MIR497	TNRC6A
MIR15A	MIR497	NUP210
MIR15A	MIR497	SEPT2
MIR15A	MIR497	ATP13A3
MIR15A	MIR497	TRRAP
MIR15A	MIR497	ABHD17B
MIR15A	MIR497	CCND2
MIR15A	MIR497	ZMAT3
MIR15A	MIR497	ACP2
MIR15A	MIR497	PIK3CA
MIR15A	MIR497	TLK1
MIR15A	MIR497	PRRC2C
MIR15A	MIR497	SBNO1
MIR15A	MIR497	AKT3
MIR15A	MIR497	NAPG
MIR15A	MIR497	PDE4DIP
MIR15A	MIR497	HPS3
MIR15A	MIR497	LRRK1
MIR15A	MIR497	HIPK2
MIR15A	MIR497	NET1
MIR15A	MIR497	SLC39A14
MIR15A	MIR497	MYC
MIR15A	MIR497	FRK
MIR15A	MIR497	ASH1L
MIR15A	MIR497	DNM1
MIR15A	MIR497	USP9X
MIR15A	MIR497	PI4K2B
MIR15A	MIR497	RTN4
MIR15A	MIR497	KPNB1
MIR15A	MIR497	CTDSP2
MIR15A	MIR497	FNBP4
MIR15A	MIR497	MRPL1
MIR15A	MIR497	CACNA2D1
MIR15A	MIR497	KIAA1468
MIR15A	MIR497	CXCL5
MIR15A	MIR497	SLC1A5
MIR15A	MIR497	ADORA2B
MIR15A	MIR497	DYRK1B
MIR15A	MIR497	TXNIP
MIR15A	MIR497	WIPI2
MIR15A	MIR497	SOCS6
MIR15A	MIR497	TBL1XR1
MIR15B	MIR424	GRB2
MIR15B	MIR424	PDIA6
MIR15B	MIR424	CD2AP
MIR15B	MIR424	WEE1
MIR15B	MIR424	NAV1
MIR15B	MIR424	QKI
MIR15B	MIR424	OTUD4
MIR15B	MIR424	CLASP1
MIR15B	MIR424	FGD4
MIR15B	MIR424	SEMA4C
MIR15B	MIR424	CPEB2
MIR15B	MIR424	PHLDA3
MIR15B	MIR424	TMED7
MIR15B	MIR424	NBPF1
MIR15B	MIR424	TBL3
MIR15B	MIR424	DUSP6
MIR15B	MIR424	PTPRF
MIR15B	MIR424	BECN1
MIR15B	MIR424	IKBKB
MIR15B	MIR424	ZCCHC3
MIR15B	MIR424	LATS1
MIR15B	MIR424	PKM
MIR15B	MIR424	CELF1
MIR15B	MIR424	NUFIP2
MIR15B	MIR424	BTG2
MIR15B	MIR424	VPS13A
MIR15B	MIR424	CLCN3
MIR15B	MIR424	KIF5B
MIR15B	MIR424	VTCN1
MIR15B	MIR424	PLEKHA1
MIR15B	MIR424	PSD
MIR15B	MIR424	ANAPC13
MIR15B	MIR424	UBR4
MIR15B	MIR424	SMC3
MIR15B	MIR424	ZC3H11A
MIR15B	MIR424	ZFYVE1
MIR15B	MIR424	SP1
MIR15B	MIR424	KIF21A
MIR15B	MIR424	CREBRF
MIR15B	MIR424	ATXN7L3
MIR15B	MIR424	CDC42
MIR15B	MIR424	MYO19
MIR15B	MIR424	NLRP1
MIR15B	MIR424	USP42
MIR15B	MIR424	NARF
MIR15B	MIR424	MCL1
MIR15B	MIR424	ZNF181
MIR15B	MIR424	DNAJB4
MIR15B	MIR424	UBE3A
MIR15B	MIR424	SLC18A2
MIR15B	MIR424	RACGAP1
MIR15B	MIR424	CNOT4
MIR15B	MIR424	TEX261
MIR15B	MIR424	RSBN1
MIR15B	MIR424	SCAMP2
MIR15B	MIR424	XPO7
MIR15B	MIR424	VEGFA
MIR15B	MIR424	REV3L
MIR15B	MIR424	SGK1
MIR15B	MIR424	FOSL2
MIR15B	MIR424	GSR
MIR15B	MIR424	PURA
MIR15B	MIR424	XPO1
MIR15B	MIR424	PPP2R1B
MIR15B	MIR424	CALM1
MIR15B	MIR424	AGO4
MIR15B	MIR424	UBE2T
MIR15B	MIR424	UBR3
MIR15B	MIR424	PAFAH1B1
MIR15B	MIR424	TLE4
MIR15B	MIR424	STARD13
MIR15B	MIR424	CDCA4
MIR15B	MIR424	FBXW7
MIR15B	MIR424	NOL4L
MIR15B	MIR424	CD151
MIR15B	MIR424	ARL2
MIR15B	MIR424	PVRL1
MIR15B	MIR424	N4BP1
MIR15B	MIR424	JKAMP
MIR15B	MIR424	TMEM2
MIR15B	MIR424	RBL1
MIR15B	MIR424	SOBP
MIR15B	MIR424	TAOK1
MIR15B	MIR424	FOXK1
MIR15B	MIR424	DSE
MIR15B	MIR424	ABI2
MIR15B	MIR424	SRPR
MIR15B	MIR424	LAMP2
MIR15B	MIR424	PRRC1
MIR15B	MIR424	IPO7
MIR15B	MIR424	CD300A
MIR15B	MIR424	PDCD4
MIR15B	MIR424	RASA1
MIR15B	MIR424	ZCCHC2
MIR15B	MIR424	KCNN4
MIR15B	MIR424	CRIM1
MIR15B	MIR424	RECK
MIR15B	MIR424	TXLNA
MIR15B	MIR424	MAN1A1
MIR15B	MIR424	VCP
MIR15B	MIR424	CIRBP
MIR15B	MIR424	ZFHX3
MIR15B	MIR424	PLAA
MIR15B	MIR424	PSKH1
MIR15B	MIR424	RRM2B
MIR15B	MIR424	ATG9A
MIR15B	MIR424	FAM126B
MIR15B	MIR424	LARP4B
MIR15B	MIR424	BACH1
MIR15B	MIR424	FAM179A
MIR15B	MIR424	HIST1H2AH
MIR15B	MIR424	DNAJA1
MIR15B	MIR424	MNT
MIR15B	MIR424	SGPP2
MIR15B	MIR424	RNF138
MIR15B	MIR424	RRAS2
MIR15B	MIR424	CNOT1
MIR15B	MIR424	SMARCA4
MIR15B	MIR424	STK38
MIR15B	MIR424	KIFAP3
MIR15B	MIR424	BCL2
MIR15B	MIR424	SECISBP2L
MIR15B	MIR424	CACUL1
MIR15B	MIR424	RPS6KA3
MIR15B	MIR424	ACSL4
MIR15B	MIR424	GPBP1L1
MIR15B	MIR424	ARL8B
MIR15B	MIR424	PRKAR2A
MIR15B	MIR424	MAT2A
MIR15B	MIR424	CCND1
MIR15B	MIR424	PINK1
MIR15B	MIR424	SHISA5
MIR15B	MIR424	PTPN3
MIR15B	MIR424	GOLT1B
MIR15B	MIR424	PRR3
MIR15B	MIR424	ABCC10
MIR15B	MIR424	LRRC41
MIR15B	MIR424	YAP1
MIR15B	MIR424	ATP2B1
MIR15B	MIR424	PARP16
MIR15B	MIR424	ECHDC1
MIR15B	MIR424	ARHGEF18
MIR15B	MIR424	MBNL2
MIR15B	MIR424	BDKRB2
MIR15B	MIR424	SKI
MIR15B	MIR424	LARP4
MIR15B	MIR424	UBE4B
MIR15B	MIR424	SLIT2
MIR15B	MIR424	SMAD7
MIR15B	MIR424	PRKRA
MIR15B	MIR424	MFSD5
MIR15B	MIR424	PPT1
MIR15B	MIR424	FNDC3A
MIR15B	MIR424	NIN
MIR15B	MIR424	ANKRD36
MIR15B	MIR424	C16orf72
MIR15B	MIR424	PALM2-AKAP2
MIR15B	MIR424	NUCKS1
MIR15B	MIR424	POLR2D
MIR15B	MIR424	SEPT2
MIR15B	MIR424	ATP13A3
MIR15B	MIR424	ABHD17B
MIR15B	MIR424	CCND2
MIR15B	MIR424	ZMAT3
MIR15B	MIR424	GNB2
MIR15B	MIR424	ASB1
MIR15B	MIR424	TLK1
MIR15B	MIR424	PRRC2C
MIR15B	MIR424	AKT3
MIR15B	MIR424	NAPG
MIR15B	MIR424	PDE4DIP
MIR15B	MIR424	HPS3
MIR15B	MIR424	B4GALT1
MIR15B	MIR424	BCAP29
MIR15B	MIR424	LRRK1
MIR15B	MIR424	NET1
MIR15B	MIR424	DDX46
MIR15B	MIR424	SLC39A14
MIR15B	MIR424	FRK
MIR15B	MIR424	ASH1L
MIR15B	MIR424	UNC13A
MIR15B	MIR424	APBB1
MIR15B	MIR424	CCNA2
MIR15B	MIR424	SLC38A9
MIR15B	MIR424	NF1
MIR15B	MIR424	PI4K2B
MIR15B	MIR424	DDB1
MIR15B	MIR424	MRPL1
MIR15B	MIR424	KLF7
MIR15B	MIR424	CACNA2D1
MIR15B	MIR424	CXCL5
MIR15B	MIR424	KMT2D
MIR15B	MIR424	SLC1A5
MIR15B	MIR424	ADORA2B
MIR15B	MIR424	DYRK1B
MIR15B	MIR424	SOCS6
MIR15B	MIR424	TBL1XR1
MIR15B	MIR424	RBM26
MIR15B	MIR497	GRB2
MIR15B	MIR497	GBF1
MIR15B	MIR497	HSPA9
MIR15B	MIR497	PDIA6
MIR15B	MIR497	CD2AP
MIR15B	MIR497	WEE1
MIR15B	MIR497	NAV1
MIR15B	MIR497	QKI
MIR15B	MIR497	GFPT1
MIR15B	MIR497	CLASP1
MIR15B	MIR497	SEMA4C
MIR15B	MIR497	AKAP11
MIR15B	MIR497	CPEB2
MIR15B	MIR497	PHLDA3
MIR15B	MIR497	KRT18
MIR15B	MIR497	HMGA1
MIR15B	MIR497	UBE2QL1
MIR15B	MIR497	CCNC
MIR15B	MIR497	NBPF1
MIR15B	MIR497	TBL3
MIR15B	MIR497	DUSP6
MIR15B	MIR497	PTPRF
MIR15B	MIR497	LATS1
MIR15B	MIR497	MYADM
MIR15B	MIR497	ZCCHC3
MIR15B	MIR497	CELF1
MIR15B	MIR497	NUFIP2
MIR15B	MIR497	BTG2
MIR15B	MIR497	PLEKHM2
MIR15B	MIR497	CLCN3
MIR15B	MIR497	TMEM159
MIR15B	MIR497	VTCN1
MIR15B	MIR497	PLEKHA1
MIR15B	MIR497	ANAPC13
MIR15B	MIR497	UBR4
MIR15B	MIR497	SMC3
MIR15B	MIR497	ZC3H11A
MIR15B	MIR497	ZFYVE1
MIR15B	MIR497	PUM2
MIR15B	MIR497	KIF21A
MIR15B	MIR497	CREBRF
MIR15B	MIR497	ATXN7L3
MIR15B	MIR497	CDC42
MIR15B	MIR497	MAPK8
MIR15B	MIR497	ABCF2
MIR15B	MIR497	NLRP1
MIR15B	MIR497	USP42
MIR15B	MIR497	ATP2A2
MIR15B	MIR497	NARF
MIR15B	MIR497	ZNF181
MIR15B	MIR497	DNAJB4
MIR15B	MIR497	UBE3A
MIR15B	MIR497	SLC18A2
MIR15B	MIR497	LMAN1
MIR15B	MIR497	RACGAP1
MIR15B	MIR497	CTSA
MIR15B	MIR497	FEM1C
MIR15B	MIR497	WNT9A
MIR15B	MIR497	TEX261
MIR15B	MIR497	SCAMP2
MIR15B	MIR497	XPO7
MIR15B	MIR497	VEGFA
MIR15B	MIR497	SGK1
MIR15B	MIR497	FOSL2
MIR15B	MIR497	GSR
MIR15B	MIR497	ARMCX2
MIR15B	MIR497	PURA
MIR15B	MIR497	VAMP7
MIR15B	MIR497	CALM1
MIR15B	MIR497	AGO4
MIR15B	MIR497	UBR3
MIR15B	MIR497	TLE4
MIR15B	MIR497	CDCA4
MIR15B	MIR497	FBXW7
MIR15B	MIR497	EIF5A
MIR15B	MIR497	NOL4L
MIR15B	MIR497	ARL2
MIR15B	MIR497	PVRL1
MIR15B	MIR497	N4BP1
MIR15B	MIR497	JKAMP
MIR15B	MIR497	FGF2
MIR15B	MIR497	RBL1
MIR15B	MIR497	FLVCR2
MIR15B	MIR497	TMEM2
MIR15B	MIR497	ELMO2
MIR15B	MIR497	FOXK1
MIR15B	MIR497	TMEM43
MIR15B	MIR497	DSE
MIR15B	MIR497	ABI2
MIR15B	MIR497	SRPR
MIR15B	MIR497	ABL2
MIR15B	MIR497	PRRC1
MIR15B	MIR497	ELMSAN1
MIR15B	MIR497	IPO7
MIR15B	MIR497	CD300A
MIR15B	MIR497	KIAA1549L
MIR15B	MIR497	LAMC2
MIR15B	MIR497	PDCD4
MIR15B	MIR497	PAG1
MIR15B	MIR497	ZCCHC2
MIR15B	MIR497	SEC23A
MIR15B	MIR497	CRIM1
MIR15B	MIR497	RECK
MIR15B	MIR497	TXLNA
MIR15B	MIR497	MAN1A1
MIR15B	MIR497	VCP
MIR15B	MIR497	PSKH1
MIR15B	MIR497	ZFHX3
MIR15B	MIR497	PLAA
MIR15B	MIR497	RRM2B
MIR15B	MIR497	MYO1G
MIR15B	MIR497	RRAGA
MIR15B	MIR497	ATG9A
MIR15B	MIR497	SPPL2B
MIR15B	MIR497	BACH1
MIR15B	MIR497	ZNF281
MIR15B	MIR497	FAM179A
MIR15B	MIR497	DNAJA1
MIR15B	MIR497	MNT
MIR15B	MIR497	SGPP2
MIR15B	MIR497	RNF138
MIR15B	MIR497	SMARCA4
MIR15B	MIR497	STK38
MIR15B	MIR497	KIFAP3
MIR15B	MIR497	BCL2
MIR15B	MIR497	CACUL1
MIR15B	MIR497	RPS6KA3
MIR15B	MIR497	ACSL4
MIR15B	MIR497	GPBP1L1
MIR15B	MIR497	PABPC4
MIR15B	MIR497	MAT2A
MIR15B	MIR497	ARL8B
MIR15B	MIR497	HTT
MIR15B	MIR497	CCND1
MIR15B	MIR497	SF3B1
MIR15B	MIR497	METTL4
MIR15B	MIR497	PINK1
MIR15B	MIR497	SHISA5
MIR15B	MIR497	METTL9
MIR15B	MIR497	GOLT1B
MIR15B	MIR497	TUBA1A
MIR15B	MIR497	CAPRIN1
MIR15B	MIR497	YAP1
MIR15B	MIR497	PARP16
MIR15B	MIR497	ARHGEF18
MIR15B	MIR497	HIAT1
MIR15B	MIR497	SKI
MIR15B	MIR497	UBE4B
MIR15B	MIR497	SMAD7
MIR15B	MIR497	TRIM44
MIR15B	MIR497	MFSD5
MIR15B	MIR497	FNDC3A
MIR15B	MIR497	NIN
MIR15B	MIR497	ANKRD36
MIR15B	MIR497	C16orf72
MIR15B	MIR497	PALM2-AKAP2
MIR15B	MIR497	KARS
MIR15B	MIR497	NUCKS1
MIR15B	MIR497	POLR2D
MIR15B	MIR497	TNRC6A
MIR15B	MIR497	NUP210
MIR15B	MIR497	SEPT2
MIR15B	MIR497	ATP13A3
MIR15B	MIR497	TRRAP
MIR15B	MIR497	ABHD17B
MIR15B	MIR497	CCND2
MIR15B	MIR497	ZMAT3
MIR15B	MIR497	GNB2
MIR15B	MIR497	ACP2
MIR15B	MIR497	PIK3CA
MIR15B	MIR497	ASB1
MIR15B	MIR497	CMAS
MIR15B	MIR497	TLK1
MIR15B	MIR497	PRRC2C
MIR15B	MIR497	AKT3
MIR15B	MIR497	NAPG
MIR15B	MIR497	PDE4DIP
MIR15B	MIR497	HPS3
MIR15B	MIR497	B4GALT1
MIR15B	MIR497	LRRK1
MIR15B	MIR497	NET1
MIR15B	MIR497	SLC39A14
MIR15B	MIR497	FRK
MIR15B	MIR497	ASH1L
MIR15B	MIR497	PI4K2B
MIR15B	MIR497	KPNB1
MIR15B	MIR497	CTDSP2
MIR15B	MIR497	FNBP4
MIR15B	MIR497	MRPL1
MIR15B	MIR497	KLF7
MIR15B	MIR497	KTN1
MIR15B	MIR497	CACNA2D1
MIR15B	MIR497	KIAA1468
MIR15B	MIR497	CXCL5
MIR15B	MIR497	SLC1A5
MIR15B	MIR497	ADORA2B
MIR15B	MIR497	DYRK1B
MIR15B	MIR497	WIPI2
MIR15B	MIR497	SOCS6
MIR15B	MIR497	TBL1XR1
MIR424	MIR497	MAP7
MIR424	MIR497	SON
MIR424	MIR497	NAV1
MIR424	MIR497	DAGLB
MIR424	MIR497	CPEB2
MIR424	MIR497	NBPF1
MIR424	MIR497	DUSP6
MIR424	MIR497	ZCCHC3
MIR424	MIR497	CLCN3
MIR424	MIR497	LPAR1
MIR424	MIR497	PREB
MIR424	MIR497	UBR4
MIR424	MIR497	WNT5A
MIR424	MIR497	SMC3
MIR424	MIR497	ZC3H11A
MIR424	MIR497	ZFYVE1
MIR424	MIR497	CREBRF
MIR424	MIR497	CDC42
MIR424	MIR497	NLRP1
MIR424	MIR497	PDHX
MIR424	MIR497	E2F7
MIR424	MIR497	RACGAP1
MIR424	MIR497	TEX261
MIR424	MIR497	BCL2L13
MIR424	MIR497	MMP1
MIR424	MIR497	SREBF1
MIR424	MIR497	SEPW1
MIR424	MIR497	GUCD1
MIR424	MIR497	AGO4
MIR424	MIR497	B4GALT5
MIR424	MIR497	CDCA4
MIR424	MIR497	STIM2
MIR424	MIR497	ACKR3
MIR424	MIR497	PVRL1
MIR424	MIR497	N4BP1
MIR424	MIR497	FARSA
MIR424	MIR497	RBL1
MIR424	MIR497	ABR
MIR424	MIR497	SUMF2
MIR424	MIR497	SPCS3
MIR424	MIR497	EPG5
MIR424	MIR497	ZDHHC4
MIR424	MIR497	ALS2CL
MIR424	MIR497	ANKRD27
MIR424	MIR497	VCP
MIR424	MIR497	FBXO46
MIR424	MIR497	ATF7
MIR424	MIR497	MCM8
MIR424	MIR497	RNF138
MIR424	MIR497	KIFAP3
MIR424	MIR497	BCL2
MIR424	MIR497	CACUL1
MIR424	MIR497	RPS6KA3
MIR424	MIR497	BRD2
MIR424	MIR497	PLEKHG3
MIR424	MIR497	YAP1
MIR424	MIR497	PARP16
MIR424	MIR497	SNTB2
MIR424	MIR497	DVL3
MIR424	MIR497	LOXL4
MIR424	MIR497	ZFAT
MIR424	MIR497	SMAD7
MIR424	MIR497	SMAP1
MIR424	MIR497	SHOC2
MIR424	MIR497	NIN
MIR424	MIR497	RAB1B
MIR424	MIR497	PALM2-AKAP2
MIR424	MIR497	POLR2D
MIR424	MIR497	FLOT1
MIR424	MIR497	PREP
MIR424	MIR497	AP000721.4
MIR424	MIR497	TMEM87B
MIR424	MIR497	PRRC2C
MIR424	MIR497	CTTNBP2
MIR424	MIR497	B4GALT1
MIR424	MIR497	NET1
MIR424	MIR497	SLC39A14
MIR424	MIR497	CHD3
MIR424	MIR497	LSS
MIR424	MIR497	RTN4
MIR424	MIR497	TNRC6C
MIR424	MIR497	MRPL1
MIR424	MIR497	INPP5B
MIR424	MIR497	GTF2IRD1
MIR424	MIR497	ADORA2B
MIR424	MIR497	TXN2
MIR424	MIR497	DYRK1B
MIR424	MIR497	SDCCAG3
MIR424	MIR497	TBL1XR1
MIR424	MIR497	GRB2
MIR424	MIR497	ZNF780B
MIR424	MIR497	SEMA4C
MIR424	MIR497	NDUFS8
MIR424	MIR497	PHLDA3
MIR424	MIR497	OSBPL3
MIR424	MIR497	ARHGAP5
MIR424	MIR497	DCBLD2
MIR424	MIR497	PUF60
MIR424	MIR497	SMPD1
MIR424	MIR497	FN1
MIR424	MIR497	LATS1
MIR424	MIR497	TNFAIP3
MIR424	MIR497	TMED10
MIR424	MIR497	ZNF652
MIR424	MIR497	TMEM87A
MIR424	MIR497	CYSTM1
MIR424	MIR497	PPP1R15A
MIR424	MIR497	TYK2
MIR424	MIR497	CENPB
MIR424	MIR497	DNAJB4
MIR424	MIR497	RAB8B
MIR424	MIR497	NOTCH2
MIR424	MIR497	NRBP1
MIR424	MIR497	TNFRSF21
MIR424	MIR497	SCAMP2
MIR424	MIR497	VEGFA
MIR424	MIR497	TBC1D13
MIR424	MIR497	UBR3
MIR424	MIR497	TLE4
MIR424	MIR497	FBXW7
MIR424	MIR497	ARL2
MIR424	MIR497	FOXK1
MIR424	MIR497	ABI2
MIR424	MIR497	SRPR
MIR424	MIR497	EGR1
MIR424	MIR497	ZCCHC2
MIR424	MIR497	RECK
MIR424	MIR497	TXLNA
MIR424	MIR497	MAN1A1
MIR424	MIR497	YTHDF1
MIR424	MIR497	ZFHX3
MIR424	MIR497	PLAA
MIR424	MIR497	MAVS
MIR424	MIR497	NR2F6
MIR424	MIR497	ACTR1A
MIR424	MIR497	FAM179A
MIR424	MIR497	CNIH1
MIR424	MIR497	HIST1H3H
MIR424	MIR497	SMARCA4
MIR424	MIR497	ACSL4
MIR424	MIR497	GPBP1L1
MIR424	MIR497	EDARADD
MIR424	MIR497	QSOX1
MIR424	MIR497	SHISA5
MIR424	MIR497	ANKRD52
MIR424	MIR497	UBE4B
MIR424	MIR497	MFSD5
MIR424	MIR497	ANKRD36
MIR424	MIR497	IST1
MIR424	MIR497	C16orf72
MIR424	MIR497	CARS
MIR424	MIR497	KRIT1
MIR424	MIR497	CCND2
MIR424	MIR497	PROCR
MIR424	MIR497	ZMAT3
MIR424	MIR497	TMEM101
MIR424	MIR497	TLK1
MIR424	MIR497	ULK1
MIR424	MIR497	PHF20
MIR424	MIR497	ASH1L
MIR424	MIR497	CXCL5
MIR424	MIR497	FBN1
MIR424	MIR497	TTC3
MIR424	MIR497	PDIA6
MIR424	MIR497	CD2AP
MIR424	MIR497	QKI
MIR424	MIR497	CPD
MIR424	MIR497	IRF2BPL
MIR424	MIR497	TBL3
MIR424	MIR497	PTPRF
MIR424	MIR497	SZT2
MIR424	MIR497	RNF114
MIR424	MIR497	SRI
MIR424	MIR497	IL2RB
MIR424	MIR497	ATXN7L3
MIR424	MIR497	TMEM123
MIR424	MIR497	HAS2
MIR424	MIR497	ZNF181
MIR424	MIR497	PPP6R3
MIR424	MIR497	C11orf58
MIR424	MIR497	SLC18A2
MIR424	MIR497	HSPA5
MIR424	MIR497	UBE3A
MIR424	MIR497	HIBADH
MIR424	MIR497	XPO7
MIR424	MIR497	SGK1
MIR424	MIR497	FOSL2
MIR424	MIR497	GSR
MIR424	MIR497	PURA
MIR424	MIR497	CALM1
MIR424	MIR497	MTMR4
MIR424	MIR497	NOL4L
MIR424	MIR497	SSRP1
MIR424	MIR497	PEG10
MIR424	MIR497	JKAMP
MIR424	MIR497	TMEM2
MIR424	MIR497	NTN4
MIR424	MIR497	TCF25
MIR424	MIR497	TRIL
MIR424	MIR497	DSE
MIR424	MIR497	RORA
MIR424	MIR497	IPO7
MIR424	MIR497	PDCD4
MIR424	MIR497	HECTD4
MIR424	MIR497	PSKH1
MIR424	MIR497	RRM2B
MIR424	MIR497	C2orf68
MIR424	MIR497	DNAJB11
MIR424	MIR497	DNAJA1
MIR424	MIR497	MNT
MIR424	MIR497	RIN1
MIR424	MIR497	EIF4G1
MIR424	MIR497	MAT2A
MIR424	MIR497	CCND1
MIR424	MIR497	PINK1
MIR424	MIR497	CKB
MIR424	MIR497	CEMIP
MIR424	MIR497	ARHGEF18
MIR424	MIR497	CITED2
MIR424	MIR497	FNDC3A
MIR424	MIR497	SEPT2
MIR424	MIR497	ATP13A3
MIR424	MIR497	GNB2
MIR424	MIR497	DNAJC13
MIR424	MIR497	PFKM
MIR424	MIR497	AKT3
MIR424	MIR497	PDE4DIP
MIR424	MIR497	HPS3
MIR424	MIR497	LRRK1
MIR424	MIR497	HIPK2
MIR424	MIR497	SIPA1L3
MIR424	MIR497	SURF4
MIR424	MIR497	C1orf85
MIR424	MIR497	BNIP2
MIR424	MIR497	CIC
MIR424	MIR497	FRK
MIR424	MIR497	DNM1
MIR424	MIR497	FAM43A
MIR424	MIR497	LMBR1L
MIR424	MIR497	PLEK
MIR424	MIR497	KLF7
MIR424	MIR497	HUWE1
MIR424	MIR497	MLK4
MIR424	MIR497	TXNIP
MIR424	MIR497	RGS16
MIR424	MIR497	SOCS6
MIR424	MIR497	PLIN5
MIR424	MIR497	YEATS2
MIR424	MIR497	WEE1
MIR424	MIR497	CLASP1
MIR424	MIR497	PHC3
MIR424	MIR497	SMIM13
MIR424	MIR497	EMD
MIR424	MIR497	KIF1B
MIR424	MIR497	IL11
MIR424	MIR497	LRIG1
MIR424	MIR497	ENAH
MIR424	MIR497	CELF1
MIR424	MIR497	NUFIP2
MIR424	MIR497	KAT6A
MIR424	MIR497	PHC2
MIR424	MIR497	BTG2
MIR424	MIR497	AP2B1
MIR424	MIR497	SOGA1
MIR424	MIR497	PLEKHA1
MIR424	MIR497	VTCN1
MIR424	MIR497	ANAPC13
MIR424	MIR497	CCNT2
MIR424	MIR497	ALDOA
MIR424	MIR497	RPL14
MIR424	MIR497	KIF21A
MIR424	MIR497	USP42
MIR424	MIR497	NARF
MIR424	MIR497	PID1
MIR424	MIR497	STAG2
MIR424	MIR497	LRPAP1
MIR424	MIR497	VPRBP
MIR424	MIR497	SOS2
MIR424	MIR497	TIMP2
MIR424	MIR497	SPG20
MIR424	MIR497	CDS2
MIR424	MIR497	CLDN12
MIR424	MIR497	AMMECR1L
MIR424	MIR497	GATC
MIR424	MIR497	PRRC1
MIR424	MIR497	KCNK6
MIR424	MIR497	CD300A
MIR424	MIR497	CRIM1
MIR424	MIR497	ATG9A
MIR424	MIR497	NIPA2
MIR424	MIR497	COL6A1
MIR424	MIR497	BACH1
MIR424	MIR497	FBXO38
MIR424	MIR497	SGPP2
MIR424	MIR497	STK38
MIR424	MIR497	TRAPPC10
MIR424	MIR497	ARL8B
MIR424	MIR497	MESDC2
MIR424	MIR497	GOLT1B
MIR424	MIR497	NDEL1
MIR424	MIR497	GDPGP1
MIR424	MIR497	TRAP1
MIR424	MIR497	ANLN
MIR424	MIR497	SKI
MIR424	MIR497	FAM83G
MIR424	MIR497	KDELR2
MIR424	MIR497	FBXO30
MIR424	MIR497	MYT1L
MIR424	MIR497	NUCKS1
MIR424	MIR497	ASNS
MIR424	MIR497	PTBP3
MIR424	MIR497	ABHD17B
MIR424	MIR497	PPIF
MIR424	MIR497	ASB1
MIR424	MIR497	NAPG
MIR424	MIR497	LCOR
MIR424	MIR497	MYC
MIR424	MIR497	ARL1
MIR424	MIR497	SNRNP200
MIR424	MIR497	PI4K2B
MIR424	MIR497	CACNA2D1
MIR424	MIR497	SMARCA5
MIR424	MIR497	SLC1A5
MIR424	MIR497	UBQLN2
MIR424	MIR497	IGFBP7
MIR424	MIR497	AUP1
MIR16-1	MIR16-2	LATS2
MIR16-1	MIR16-2	RAB4B
MIR16-1	MIR16-2	TMEM245
MIR16-1	MIR16-2	NAV1
MIR16-1	MIR16-2	MAPKAPK2
MIR16-1	MIR16-2	SON
MIR16-1	MIR16-2	PIEZO1
MIR16-1	MIR16-2	GLG1
MIR16-1	MIR16-2	HIST1H2BB
MIR16-1	MIR16-2	FLNC
MIR16-1	MIR16-2	ANKRD1
MIR16-1	MIR16-2	EBPL
MIR16-1	MIR16-2	CPEB2
MIR16-1	MIR16-2	PRAF2
MIR16-1	MIR16-2	NBPF1
MIR16-1	MIR16-2	KIF1C
MIR16-1	MIR16-2	LRRC1
MIR16-1	MIR16-2	ABL1
MIR16-1	MIR16-2	DUSP6
MIR16-1	MIR16-2	PCDHGB4
MIR16-1	MIR16-2	RHBDD1
MIR16-1	MIR16-2	BECN1
MIR16-1	MIR16-2	IKBKB
MIR16-1	MIR16-2	MYADM
MIR16-1	MIR16-2	TRABD
MIR16-1	MIR16-2	ZCCHC3
MIR16-1	MIR16-2	IGFBP2
MIR16-1	MIR16-2	ARMCX1
MIR16-1	MIR16-2	FOXO1
MIR16-1	MIR16-2	ANKRD11
MIR16-1	MIR16-2	IPO9
MIR16-1	MIR16-2	JAG2
MIR16-1	MIR16-2	NDST1
MIR16-1	MIR16-2	PDIA5
MIR16-1	MIR16-2	SYMPK
MIR16-1	MIR16-2	RPL35
MIR16-1	MIR16-2	CLCN3
MIR16-1	MIR16-2	TFPI
MIR16-1	MIR16-2	MOSPD2
MIR16-1	MIR16-2	TMEM159
MIR16-1	MIR16-2	MCM7
MIR16-1	MIR16-2	MINK1
MIR16-1	MIR16-2	MYO5A
MIR16-1	MIR16-2	TMTC4
MIR16-1	MIR16-2	SMEK2
MIR16-1	MIR16-2	PRKAR1A
MIR16-1	MIR16-2	C6orf1
MIR16-1	MIR16-2	CHAMP1
MIR16-1	MIR16-2	UBR4
MIR16-1	MIR16-2	APP
MIR16-1	MIR16-2	STOML2
MIR16-1	MIR16-2	CTSD
MIR16-1	MIR16-2	MEX3A
MIR16-1	MIR16-2	PDGFC
MIR16-1	MIR16-2	MSL3
MIR16-1	MIR16-2	SLFN11
MIR16-1	MIR16-2	ATP9A
MIR16-1	MIR16-2	SMC3
MIR16-1	MIR16-2	PLAUR
MIR16-1	MIR16-2	AGPAT5
MIR16-1	MIR16-2	ZC3H11A
MIR16-1	MIR16-2	PUM2
MIR16-1	MIR16-2	ZFYVE1
MIR16-1	MIR16-2	CREBRF
MIR16-1	MIR16-2	CKLF-CMTM1
MIR16-1	MIR16-2	CDC42
MIR16-1	MIR16-2	PLEKHG1
MIR16-1	MIR16-2	TMEM189-UBE2V1
MIR16-1	MIR16-2	FHL3
MIR16-1	MIR16-2	NLRP1
MIR16-1	MIR16-2	MAFK
MIR16-1	MIR16-2	TCF3
MIR16-1	MIR16-2	KLHL6
MIR16-1	MIR16-2	NNT
MIR16-1	MIR16-2	ATP2A2
MIR16-1	MIR16-2	COASY
MIR16-1	MIR16-2	GYLTL1B
MIR16-1	MIR16-2	DNAJA3
MIR16-1	MIR16-2	WDR83OS
MIR16-1	MIR16-2	CCT4
MIR16-1	MIR16-2	RACGAP1
MIR16-1	MIR16-2	LIFR
MIR16-1	MIR16-2	TEX261
MIR16-1	MIR16-2	WNT9A
MIR16-1	MIR16-2	SREBF2
MIR16-1	MIR16-2	RDH11
MIR16-1	MIR16-2	QPCT
MIR16-1	MIR16-2	TGS1
MIR16-1	MIR16-2	IER3
MIR16-1	MIR16-2	SSR1
MIR16-1	MIR16-2	REV3L
MIR16-1	MIR16-2	REEP5
MIR16-1	MIR16-2	UXS1
MIR16-1	MIR16-2	GDE1
MIR16-1	MIR16-2	NUDCD1
MIR16-1	MIR16-2	USP7
MIR16-1	MIR16-2	XPO1
MIR16-1	MIR16-2	SLC15A4
MIR16-1	MIR16-2	AGO4
MIR16-1	MIR16-2	B4GALT5
MIR16-1	MIR16-2	HARS
MIR16-1	MIR16-2	STARD13
MIR16-1	MIR16-2	SFT2D2
MIR16-1	MIR16-2	CDCA4
MIR16-1	MIR16-2	MCCC1
MIR16-1	MIR16-2	ZFP36L2
MIR16-1	MIR16-2	UBL3
MIR16-1	MIR16-2	DHCR24
MIR16-1	MIR16-2	N4BP1
MIR16-1	MIR16-2	PVRL1
MIR16-1	MIR16-2	TTC30B
MIR16-1	MIR16-2	RBL1
MIR16-1	MIR16-2	UBN1
MIR16-1	MIR16-2	HMGCS1
MIR16-1	MIR16-2	FIGN
MIR16-1	MIR16-2	ARHGEF15
MIR16-1	MIR16-2	C12orf5
MIR16-1	MIR16-2	SPRY4
MIR16-1	MIR16-2	LRRC58
MIR16-1	MIR16-2	SRGN
MIR16-1	MIR16-2	TSPAN14
MIR16-1	MIR16-2	KIAA0368
MIR16-1	MIR16-2	TIMP3
MIR16-1	MIR16-2	CD93
MIR16-1	MIR16-2	UBE2Z
MIR16-1	MIR16-2	IPO8
MIR16-1	MIR16-2	AAGAB
MIR16-1	MIR16-2	RNF217
MIR16-1	MIR16-2	BRD3
MIR16-1	MIR16-2	ELMSAN1
MIR16-1	MIR16-2	SPCS3
MIR16-1	MIR16-2	RBM39
MIR16-1	MIR16-2	DPM1
MIR16-1	MIR16-2	KIAA1549L
MIR16-1	MIR16-2	KCNN4
MIR16-1	MIR16-2	SEC23A
MIR16-1	MIR16-2	SMEK1
MIR16-1	MIR16-2	TK2
MIR16-1	MIR16-2	ELL2
MIR16-1	MIR16-2	FEM1B
MIR16-1	MIR16-2	VCP
MIR16-1	MIR16-2	ARHGAP10
MIR16-1	MIR16-2	VPS51
MIR16-1	MIR16-2	MAPK3
MIR16-1	MIR16-2	PPP2CB
MIR16-1	MIR16-2	BIRC6
MIR16-1	MIR16-2	SLC39A1
MIR16-1	MIR16-2	CDC20
MIR16-1	MIR16-2	CDC42SE2
MIR16-1	MIR16-2	ENSG00000138041
MIR16-1	MIR16-2	RNF213
MIR16-1	MIR16-2	NUDT8
MIR16-1	MIR16-2	MTDH
MIR16-1	MIR16-2	TTK
MIR16-1	MIR16-2	MIF4GD
MIR16-1	MIR16-2	ESM1
MIR16-1	MIR16-2	CNOT1
MIR16-1	MIR16-2	RNF138
MIR16-1	MIR16-2	LRRC47
MIR16-1	MIR16-2	KIFAP3
MIR16-1	MIR16-2	BCL2
MIR16-1	MIR16-2	RRAS2
MIR16-1	MIR16-2	CACUL1
MIR16-1	MIR16-2	RPS6KA3
MIR16-1	MIR16-2	BRD2
MIR16-1	MIR16-2	ATP6V1C1
MIR16-1	MIR16-2	BRK1
MIR16-1	MIR16-2	PRKAR2A
MIR16-1	MIR16-2	MRPL11
MIR16-1	MIR16-2	BCL2L12
MIR16-1	MIR16-2	OS9
MIR16-1	MIR16-2	HSPG2
MIR16-1	MIR16-2	ASGR1
MIR16-1	MIR16-2	GGA2
MIR16-1	MIR16-2	RBMS2
MIR16-1	MIR16-2	RNF38
MIR16-1	MIR16-2	MICALL1
MIR16-1	MIR16-2	F2R
MIR16-1	MIR16-2	UTP20
MIR16-1	MIR16-2	PRR3
MIR16-1	MIR16-2	SACS
MIR16-1	MIR16-2	CUL4B
MIR16-1	MIR16-2	SLC25A3
MIR16-1	MIR16-2	USP22
MIR16-1	MIR16-2	CAPRIN1
MIR16-1	MIR16-2	NRIP1
MIR16-1	MIR16-2	RBM23
MIR16-1	MIR16-2	YAP1
MIR16-1	MIR16-2	PARP16
MIR16-1	MIR16-2	H2AFJ
MIR16-1	MIR16-2	POLR3K
MIR16-1	MIR16-2	AIM1
MIR16-1	MIR16-2	SNTB2
MIR16-1	MIR16-2	BDKRB2
MIR16-1	MIR16-2	REEP4
MIR16-1	MIR16-2	SLC7A1
MIR16-1	MIR16-2	HEATR2
MIR16-1	MIR16-2	CNBP
MIR16-1	MIR16-2	PDIA4
MIR16-1	MIR16-2	HIST1H2AB
MIR16-1	MIR16-2	PPP6C
MIR16-1	MIR16-2	SMAD7
MIR16-1	MIR16-2	SOX5
MIR16-1	MIR16-2	GHITM
MIR16-1	MIR16-2	UPF1
MIR16-1	MIR16-2	USO1
MIR16-1	MIR16-2	ZNRF3
MIR16-1	MIR16-2	TMEM173
MIR16-1	MIR16-2	ITPR2
MIR16-1	MIR16-2	PRKACA
MIR16-1	MIR16-2	PPT1
MIR16-1	MIR16-2	RRP12
MIR16-1	MIR16-2	LHX6
MIR16-1	MIR16-2	TMED5
MIR16-1	MIR16-2	NIN
MIR16-1	MIR16-2	NAGA
MIR16-1	MIR16-2	SPRYD3
MIR16-1	MIR16-2	ABCB8
MIR16-1	MIR16-2	RAB1B
MIR16-1	MIR16-2	PALM2-AKAP2
MIR16-1	MIR16-2	GNA12
MIR16-1	MIR16-2	PLK1
MIR16-1	MIR16-2	POLR2D
MIR16-1	MIR16-2	PSAP
MIR16-1	MIR16-2	UBA6
MIR16-1	MIR16-2	NUP210
MIR16-1	MIR16-2	AP1B1
MIR16-1	MIR16-2	DCUN1D5
MIR16-1	MIR16-2	AP000721.4
MIR16-1	MIR16-2	HYOU1
MIR16-1	MIR16-2	MAP1S
MIR16-1	MIR16-2	UNG
MIR16-1	MIR16-2	PRRC2C
MIR16-1	MIR16-2	FAM189B
MIR16-1	MIR16-2	PHLDA2
MIR16-1	MIR16-2	UVSSA
MIR16-1	MIR16-2	FBN2
MIR16-1	MIR16-2	CLPX
MIR16-1	MIR16-2	KDR
MIR16-1	MIR16-2	LTBP3
MIR16-1	MIR16-2	CCNE1
MIR16-1	MIR16-2	MRPS2
MIR16-1	MIR16-2	TJP1
MIR16-1	MIR16-2	PCM1
MIR16-1	MIR16-2	NET1
MIR16-1	MIR16-2	DDX46
MIR16-1	MIR16-2	MMP14
MIR16-1	MIR16-2	ANKLE2
MIR16-1	MIR16-2	PCBP1
MIR16-1	MIR16-2	RPP25L
MIR16-1	MIR16-2	SLC39A14
MIR16-1	MIR16-2	SNCG
MIR16-1	MIR16-2	TOMM6
MIR16-1	MIR16-2	TMEM214
MIR16-1	MIR16-2	ARRDC4
MIR16-1	MIR16-2	AP2M1
MIR16-1	MIR16-2	C20orf27
MIR16-1	MIR16-2	UNC13A
MIR16-1	MIR16-2	IRF2
MIR16-1	MIR16-2	RTN4
MIR16-1	MIR16-2	VPS13B
MIR16-1	MIR16-2	IGFBP4
MIR16-1	MIR16-2	MRPL1
MIR16-1	MIR16-2	BZW2
MIR16-1	MIR16-2	DLGAP4
MIR16-1	MIR16-2	MYCBP2
MIR16-1	MIR16-2	S1PR3
MIR16-1	MIR16-2	PAQR7
MIR16-1	MIR16-2	NR2F1
MIR16-1	MIR16-2	CALCRL
MIR16-1	MIR16-2	HIST1H2BG
MIR16-1	MIR16-2	SLC25A11
MIR16-1	MIR16-2	POLR2B
MIR16-1	MIR16-2	AASDHPPT
MIR16-1	MIR16-2	ADORA2B
MIR16-1	MIR16-2	SNX13
MIR16-1	MIR16-2	WDR6
MIR16-1	MIR16-2	TXN2
MIR16-1	MIR16-2	GOT2
MIR16-1	MIR16-2	DYRK1B
MIR16-1	MIR16-2	RC3H2
MIR16-1	MIR16-2	SGSH
MIR16-1	MIR16-2	WIPI2
MIR16-1	MIR16-2	SDCCAG3
MIR16-1	MIR16-2	TBL1XR1
MIR16-1	MIR16-2	YKT6
MIR16-1	MIR16-2	GRB2
MIR16-1	MIR16-2	TMEM184B
MIR16-1	MIR16-2	HSPA14
MIR16-1	MIR16-2	GNB1
MIR16-1	MIR16-2	GBF1
MIR16-1	MIR16-2	HSPA9
MIR16-1	MIR16-2	RNH1
MIR16-1	MIR16-2	CLIP3
MIR16-1	MIR16-2	RNF216
MIR16-1	MIR16-2	WSB1
MIR16-1	MIR16-2	LEPRE1
MIR16-1	MIR16-2	GFPT1
MIR16-1	MIR16-2	FGD4
MIR16-1	MIR16-2	FAM98A
MIR16-1	MIR16-2	SEMA4C
MIR16-1	MIR16-2	AKAP11
MIR16-1	MIR16-2	KLF5
MIR16-1	MIR16-2	C4orf48
MIR16-1	MIR16-2	PHLDA3
MIR16-1	MIR16-2	SMAD3
MIR16-1	MIR16-2	DCBLD2
MIR16-1	MIR16-2	UBE2QL1
MIR16-1	MIR16-2	FAM127A
MIR16-1	MIR16-2	HIRA
MIR16-1	MIR16-2	SMAP2
MIR16-1	MIR16-2	TMEM167B
MIR16-1	MIR16-2	ENG
MIR16-1	MIR16-2	PDS5B
MIR16-1	MIR16-2	SLC8B1
MIR16-1	MIR16-2	UBE3C
MIR16-1	MIR16-2	FN1
MIR16-1	MIR16-2	NUP188
MIR16-1	MIR16-2	LATS1
MIR16-1	MIR16-2	FLT1
MIR16-1	MIR16-2	CYP51A1
MIR16-1	MIR16-2	TMED10
MIR16-1	MIR16-2	DNAJC24
MIR16-1	MIR16-2	TPCN1
MIR16-1	MIR16-2	ALG9
MIR16-1	MIR16-2	TFDP1
MIR16-1	MIR16-2	VPS13A
MIR16-1	MIR16-2	HHIP
MIR16-1	MIR16-2	KATNAL1
MIR16-1	MIR16-2	REEP3
MIR16-1	MIR16-2	INF2
MIR16-1	MIR16-2	TIMELESS
MIR16-1	MIR16-2	SLC35C1
MIR16-1	MIR16-2	TSPAN3
MIR16-1	MIR16-2	LTBP1
MIR16-1	MIR16-2	ZNF618
MIR16-1	MIR16-2	DMXL2
MIR16-1	MIR16-2	LPP
MIR16-1	MIR16-2	CLUH
MIR16-1	MIR16-2	PPP1R13B
MIR16-1	MIR16-2	BAZ2A
MIR16-1	MIR16-2	FARP1
MIR16-1	MIR16-2	RIC8A
MIR16-1	MIR16-2	TBP
MIR16-1	MIR16-2	EEF1A1
MIR16-1	MIR16-2	HK1
MIR16-1	MIR16-2	SP1
MIR16-1	MIR16-2	BAZ1B
MIR16-1	MIR16-2	CNN3
MIR16-1	MIR16-2	JUN
MIR16-1	MIR16-2	NF2
MIR16-1	MIR16-2	NPRL3
MIR16-1	MIR16-2	TLN1
MIR16-1	MIR16-2	ARCN1
MIR16-1	MIR16-2	NCAPD2
MIR16-1	MIR16-2	TCTN1
MIR16-1	MIR16-2	GLIS2
MIR16-1	MIR16-2	SLC23A2
MIR16-1	MIR16-2	DNAJB4
MIR16-1	MIR16-2	BSDC1
MIR16-1	MIR16-2	IL4R
MIR16-1	MIR16-2	ZNF280C
MIR16-1	MIR16-2	ALG3
MIR16-1	MIR16-2	PABPN1
MIR16-1	MIR16-2	TNFRSF21
MIR16-1	MIR16-2	SCAMP2
MIR16-1	MIR16-2	CDC42BPA
MIR16-1	MIR16-2	VEGFA
MIR16-1	MIR16-2	ST6GAL1
MIR16-1	MIR16-2	FZD4
MIR16-1	MIR16-2	TBC1D13
MIR16-1	MIR16-2	HGSNAT
MIR16-1	MIR16-2	WDTC1
MIR16-1	MIR16-2	VAMP7
MIR16-1	MIR16-2	NFS1
MIR16-1	MIR16-2	PPAP2A
MIR16-1	MIR16-2	MKI67
MIR16-1	MIR16-2	UBE2T
MIR16-1	MIR16-2	UBR3
MIR16-1	MIR16-2	TCP1
MIR16-1	MIR16-2	RAI14
MIR16-1	MIR16-2	TLE4
MIR16-1	MIR16-2	RNPEPL1
MIR16-1	MIR16-2	WDR59
MIR16-1	MIR16-2	FBXW7
MIR16-1	MIR16-2	CCDC71
MIR16-1	MIR16-2	ARL2
MIR16-1	MIR16-2	SNX6
MIR16-1	MIR16-2	RIPK2
MIR16-1	MIR16-2	FGF2
MIR16-1	MIR16-2	KPNA1
MIR16-1	MIR16-2	CDR2L
MIR16-1	MIR16-2	KCTD12
MIR16-1	MIR16-2	CDC73
MIR16-1	MIR16-2	KIAA0226
MIR16-1	MIR16-2	FOXK1
MIR16-1	MIR16-2	ABI2
MIR16-1	MIR16-2	SRPR
MIR16-1	MIR16-2	ZNF608
MIR16-1	MIR16-2	SLC7A5
MIR16-1	MIR16-2	ABCF1
MIR16-1	MIR16-2	SNRPC
MIR16-1	MIR16-2	CLEC1A
MIR16-1	MIR16-2	PPP1R18
MIR16-1	MIR16-2	PLXNB2
MIR16-1	MIR16-2	ZCCHC2
MIR16-1	MIR16-2	PLXNA2
MIR16-1	MIR16-2	RECK
MIR16-1	MIR16-2	GLYCTK
MIR16-1	MIR16-2	TXLNA
MIR16-1	MIR16-2	MAN1A1
MIR16-1	MIR16-2	C1QTNF5
MIR16-1	MIR16-2	CIRBP
MIR16-1	MIR16-2	PLAA
MIR16-1	MIR16-2	ZFHX3
MIR16-1	MIR16-2	LDOC1
MIR16-1	MIR16-2	PXN
MIR16-1	MIR16-2	WTAP
MIR16-1	MIR16-2	ILVBL
MIR16-1	MIR16-2	ANXA4
MIR16-1	MIR16-2	FADS2
MIR16-1	MIR16-2	FAM179A
MIR16-1	MIR16-2	SCARB2
MIR16-1	MIR16-2	ZNF281
MIR16-1	MIR16-2	AP2A1
MIR16-1	MIR16-2	BMP4
MIR16-1	MIR16-2	CHFR
MIR16-1	MIR16-2	CNIH1
MIR16-1	MIR16-2	ARID5B
MIR16-1	MIR16-2	FMNL2
MIR16-1	MIR16-2	TMEM106C
MIR16-1	MIR16-2	FAM219A
MIR16-1	MIR16-2	NAV2
MIR16-1	MIR16-2	ARL10
MIR16-1	MIR16-2	SMARCA4
MIR16-1	MIR16-2	SETX
MIR16-1	MIR16-2	TMEM185B
MIR16-1	MIR16-2	ACSL4
MIR16-1	MIR16-2	AKR1A1
MIR16-1	MIR16-2	GNA13
MIR16-1	MIR16-2	GPBP1L1
MIR16-1	MIR16-2	HIPK1
MIR16-1	MIR16-2	TRPV2
MIR16-1	MIR16-2	TNFAIP8L1
MIR16-1	MIR16-2	EDARADD
MIR16-1	MIR16-2	JMJD1C
MIR16-1	MIR16-2	NUP98
MIR16-1	MIR16-2	ANXA5
MIR16-1	MIR16-2	ACLY
MIR16-1	MIR16-2	SF3B1
MIR16-1	MIR16-2	KDSR
MIR16-1	MIR16-2	SHISA5
MIR16-1	MIR16-2	METTL9
MIR16-1	MIR16-2	GARS
MIR16-1	MIR16-2	DDX6
MIR16-1	MIR16-2	LENG8
MIR16-1	MIR16-2	PTPRB
MIR16-1	MIR16-2	TRIM8
MIR16-1	MIR16-2	MAP4K4
MIR16-1	MIR16-2	NPEPPS
MIR16-1	MIR16-2	ADCK2
MIR16-1	MIR16-2	PSRC1
MIR16-1	MIR16-2	RAB1A
MIR16-1	MIR16-2	RPL5
MIR16-1	MIR16-2	SCAP
MIR16-1	MIR16-2	TNPO3
MIR16-1	MIR16-2	XXbac-BPG32J3.20
MIR16-1	MIR16-2	MARVELD1
MIR16-1	MIR16-2	FASN
MIR16-1	MIR16-2	ANKRD52
MIR16-1	MIR16-2	ATXN7L3B
MIR16-1	MIR16-2	CLSTN1
MIR16-1	MIR16-2	FAM124B
MIR16-1	MIR16-2	PTPN14
MIR16-1	MIR16-2	S1PR1
MIR16-1	MIR16-2	CHST12
MIR16-1	MIR16-2	TRIM33
MIR16-1	MIR16-2	ISYNA1
MIR16-1	MIR16-2	LARP4
MIR16-1	MIR16-2	PELP1
MIR16-1	MIR16-2	RBCK1
MIR16-1	MIR16-2	SPATA2
MIR16-1	MIR16-2	UBE4B
MIR16-1	MIR16-2	ZNF714
MIR16-1	MIR16-2	ADSS
MIR16-1	MIR16-2	MFSD5
MIR16-1	MIR16-2	SAE1
MIR16-1	MIR16-2	CNKSR3
MIR16-1	MIR16-2	ZSWIM6
MIR16-1	MIR16-2	APLN
MIR16-1	MIR16-2	STEAP3
MIR16-1	MIR16-2	TACSTD2
MIR16-1	MIR16-2	ANKRD36
MIR16-1	MIR16-2	EIF4A2
MIR16-1	MIR16-2	NUAK1
MIR16-1	MIR16-2	TFG
MIR16-1	MIR16-2	IST1
MIR16-1	MIR16-2	C16orf72
MIR16-1	MIR16-2	KARS
MIR16-1	MIR16-2	MACF1
MIR16-1	MIR16-2	COPG2
MIR16-1	MIR16-2	VTI1B
MIR16-1	MIR16-2	HSD17B4
MIR16-1	MIR16-2	LAPTM4B
MIR16-1	MIR16-2	RIC8B
MIR16-1	MIR16-2	ATP2B4
MIR16-1	MIR16-2	CCND2
MIR16-1	MIR16-2	PROCR
MIR16-1	MIR16-2	KDM2A
MIR16-1	MIR16-2	ZMAT3
MIR16-1	MIR16-2	TLK1
MIR16-1	MIR16-2	ATP13A2
MIR16-1	MIR16-2	TPGS1
MIR16-1	MIR16-2	RTF1
MIR16-1	MIR16-2	COPA
MIR16-1	MIR16-2	ICOSLG
MIR16-1	MIR16-2	MFSD10
MIR16-1	MIR16-2	FHL2
MIR16-1	MIR16-2	DENND4B
MIR16-1	MIR16-2	TSC22D2
MIR16-1	MIR16-2	ASH1L
MIR16-1	MIR16-2	FAM69B
MIR16-1	MIR16-2	GIMAP4
MIR16-1	MIR16-2	APH1A
MIR16-1	MIR16-2	MAP4
MIR16-1	MIR16-2	ABCC1
MIR16-1	MIR16-2	SLC9A1
MIR16-1	MIR16-2	MAP3K11
MIR16-1	MIR16-2	DDB1
MIR16-1	MIR16-2	KIAA0100
MIR16-1	MIR16-2	MCM3
MIR16-1	MIR16-2	KTN1
MIR16-1	MIR16-2	NOD1
MIR16-1	MIR16-2	RPLP0
MIR16-1	MIR16-2	ANKRD17
MIR16-1	MIR16-2	CXCL5
MIR16-1	MIR16-2	G3BP2
MIR16-1	MIR16-2	KMT2D
MIR16-1	MIR16-2	PEAK1
MIR16-1	MIR16-2	HIST1H2BC
MIR16-1	MIR16-2	KANK2
MIR16-1	MIR16-2	ENSG00000255103
MIR16-1	MIR16-2	GOLGA7
MIR16-1	MIR16-2	RGS3
MIR16-1	MIR16-2	YWHAG
MIR16-1	MIR16-2	NSRP1
MIR16-1	MIR16-2	ANKRD12
MIR16-1	MIR16-2	ASAP1
MIR16-1	MIR16-2	MAPK14
MIR16-1	MIR16-2	TTC3
MIR16-1	MIR16-2	JAG1
MIR16-1	MIR16-2	PDIA6
MIR16-1	MIR16-2	VKORC1
MIR16-1	MIR16-2	CD2AP
MIR16-1	MIR16-2	BFAR
MIR16-1	MIR16-2	MBD6
MIR16-1	MIR16-2	QKI
MIR16-1	MIR16-2	EIF4G2
MIR16-1	MIR16-2	FUCA2
MIR16-1	MIR16-2	GNAI1
MIR16-1	MIR16-2	MYOF
MIR16-1	MIR16-2	OTUD4
MIR16-1	MIR16-2	SACM1L
MIR16-1	MIR16-2	SH3TC1
MIR16-1	MIR16-2	TP53I11
MIR16-1	MIR16-2	CPD
MIR16-1	MIR16-2	PPP2R5D
MIR16-1	MIR16-2	SF3B3
MIR16-1	MIR16-2	IGF1R
MIR16-1	MIR16-2	CCNC
MIR16-1	MIR16-2	MIB1
MIR16-1	MIR16-2	GSN
MIR16-1	MIR16-2	DOCK6
MIR16-1	MIR16-2	RARS
MIR16-1	MIR16-2	TBL3
MIR16-1	MIR16-2	PTPRF
MIR16-1	MIR16-2	DHX33
MIR16-1	MIR16-2	CREBBP
MIR16-1	MIR16-2	PKM
MIR16-1	MIR16-2	KIF13A
MIR16-1	MIR16-2	IGSF1
MIR16-1	MIR16-2	CRKL
MIR16-1	MIR16-2	CYFIP1
MIR16-1	MIR16-2	FADD
MIR16-1	MIR16-2	HINT1
MIR16-1	MIR16-2	KIF5B
MIR16-1	MIR16-2	CHMP3
MIR16-1	MIR16-2	RAI1
MIR16-1	MIR16-2	AP3D1
MIR16-1	MIR16-2	NID1
MIR16-1	MIR16-2	KIF2A
MIR16-1	MIR16-2	POM121C
MIR16-1	MIR16-2	PPM1F
MIR16-1	MIR16-2	TOR4A
MIR16-1	MIR16-2	MIDN
MIR16-1	MIR16-2	PSAT1
MIR16-1	MIR16-2	CLDN5
MIR16-1	MIR16-2	KANK1
MIR16-1	MIR16-2	PTPRA
MIR16-1	MIR16-2	SPTBN1
MIR16-1	MIR16-2	MGAT4B
MIR16-1	MIR16-2	NSD1
MIR16-1	MIR16-2	SRRM2
MIR16-1	MIR16-2	TGIF2
MIR16-1	MIR16-2	ATP5G3
MIR16-1	MIR16-2	TMED9
MIR16-1	MIR16-2	ATP5C1
MIR16-1	MIR16-2	EXOC7
MIR16-1	MIR16-2	PGD
MIR16-1	MIR16-2	SNX8
MIR16-1	MIR16-2	H2AFX
MIR16-1	MIR16-2	IL2RB
MIR16-1	MIR16-2	EMC4
MIR16-1	MIR16-2	ATXN7L3
MIR16-1	MIR16-2	TMTC3
MIR16-1	MIR16-2	GTF3C5
MIR16-1	MIR16-2	MBOAT7
MIR16-1	MIR16-2	POMT2
MIR16-1	MIR16-2	GLCE
MIR16-1	MIR16-2	NHLRC2
MIR16-1	MIR16-2	TMEM123
MIR16-1	MIR16-2	CSDE1
MIR16-1	MIR16-2	FAM195B
MIR16-1	MIR16-2	TXNDC5
MIR16-1	MIR16-2	ICMT
MIR16-1	MIR16-2	UQCRH
MIR16-1	MIR16-2	MCL1
MIR16-1	MIR16-2	VPS72
MIR16-1	MIR16-2	CD320
MIR16-1	MIR16-2	ZNF181
MIR16-1	MIR16-2	HSPA4
MIR16-1	MIR16-2	C11orf58
MIR16-1	MIR16-2	PPP6R3
MIR16-1	MIR16-2	HSPA5
MIR16-1	MIR16-2	KMT2E
MIR16-1	MIR16-2	SLC18A2
MIR16-1	MIR16-2	SLC19A1
MIR16-1	MIR16-2	HIVEP2
MIR16-1	MIR16-2	UBE3A
MIR16-1	MIR16-2	SASH1
MIR16-1	MIR16-2	STAT3
MIR16-1	MIR16-2	XPO7
MIR16-1	MIR16-2	SEC24D
MIR16-1	MIR16-2	KDM6A
MIR16-1	MIR16-2	COL18A1
MIR16-1	MIR16-2	EFEMP2
MIR16-1	MIR16-2	LAMB1
MIR16-1	MIR16-2	SGK1
MIR16-1	MIR16-2	ABCB1
MIR16-1	MIR16-2	PVRL3
MIR16-1	MIR16-2	REXO2
MIR16-1	MIR16-2	CAAP1
MIR16-1	MIR16-2	FOSL2
MIR16-1	MIR16-2	LPGAT1
MIR16-1	MIR16-2	ARMCX2
MIR16-1	MIR16-2	ID3
MIR16-1	MIR16-2	CTNND1
MIR16-1	MIR16-2	PURA
MIR16-1	MIR16-2	CALM1
MIR16-1	MIR16-2	MAGED1
MIR16-1	MIR16-2	XRN1
MIR16-1	MIR16-2	GNL3
MIR16-1	MIR16-2	NOL4L
MIR16-1	MIR16-2	CD151
MIR16-1	MIR16-2	JKAMP
MIR16-1	MIR16-2	DDX5
MIR16-1	MIR16-2	FLVCR2
MIR16-1	MIR16-2	EIF6
MIR16-1	MIR16-2	ATIC
MIR16-1	MIR16-2	EIF2S3
MIR16-1	MIR16-2	LIX1L
MIR16-1	MIR16-2	NUCB1
MIR16-1	MIR16-2	RTCB
MIR16-1	MIR16-2	SLC12A7
MIR16-1	MIR16-2	ACP1
MIR16-1	MIR16-2	NHSL1
MIR16-1	MIR16-2	TMEM43
MIR16-1	MIR16-2	HIST1H3J
MIR16-1	MIR16-2	DSE
MIR16-1	MIR16-2	ABL2
MIR16-1	MIR16-2	RORA
MIR16-1	MIR16-2	KCNC4
MIR16-1	MIR16-2	IPO7
MIR16-1	MIR16-2	MRPS16
MIR16-1	MIR16-2	AFAP1L1
MIR16-1	MIR16-2	PAM
MIR16-1	MIR16-2	MARCKS
MIR16-1	MIR16-2	TTLL12
MIR16-1	MIR16-2	PDCD4
MIR16-1	MIR16-2	APBB2
MIR16-1	MIR16-2	RASA1
MIR16-1	MIR16-2	REPIN1
MIR16-1	MIR16-2	SLC35A4
MIR16-1	MIR16-2	ST8SIA3
MIR16-1	MIR16-2	DYSF
MIR16-1	MIR16-2	TERF2IP
MIR16-1	MIR16-2	PPP4R1
MIR16-1	MIR16-2	RBM15B
MIR16-1	MIR16-2	RPS19
MIR16-1	MIR16-2	PSKH1
MIR16-1	MIR16-2	TM4SF1
MIR16-1	MIR16-2	RRM2B
MIR16-1	MIR16-2	NOTCH4
MIR16-1	MIR16-2	MYO1G
MIR16-1	MIR16-2	MTSS1
MIR16-1	MIR16-2	CDK6
MIR16-1	MIR16-2	DNMBP
MIR16-1	MIR16-2	RRAGA
MIR16-1	MIR16-2	SEC61A1
MIR16-1	MIR16-2	KLHDC3
MIR16-1	MIR16-2	HIST1H2BD
MIR16-1	MIR16-2	HIST1H2AJ
MIR16-1	MIR16-2	SVIL
MIR16-1	MIR16-2	CMIP
MIR16-1	MIR16-2	LARP4B
MIR16-1	MIR16-2	PPP2R5C
MIR16-1	MIR16-2	SIGMAR1
MIR16-1	MIR16-2	PCDH1
MIR16-1	MIR16-2	SMIM12
MIR16-1	MIR16-2	DNAJA1
MIR16-1	MIR16-2	MNT
MIR16-1	MIR16-2	SCRIB
MIR16-1	MIR16-2	CBX5
MIR16-1	MIR16-2	RNPS1
MIR16-1	MIR16-2	SLC16A3
MIR16-1	MIR16-2	RIN1
MIR16-1	MIR16-2	HTRA1
MIR16-1	MIR16-2	DOCK4
MIR16-1	MIR16-2	LAPTM5
MIR16-1	MIR16-2	MGP
MIR16-1	MIR16-2	DST
MIR16-1	MIR16-2	SECISBP2L
MIR16-1	MIR16-2	ARMC5
MIR16-1	MIR16-2	ARPP19
MIR16-1	MIR16-2	NTSR1
MIR16-1	MIR16-2	DAG1
MIR16-1	MIR16-2	EIF4G1
MIR16-1	MIR16-2	B3GNT2
MIR16-1	MIR16-2	CLU
MIR16-1	MIR16-2	CCL2
MIR16-1	MIR16-2	MAT2A
MIR16-1	MIR16-2	PTPMT1
MIR16-1	MIR16-2	STT3A
MIR16-1	MIR16-2	TMEM203
MIR16-1	MIR16-2	SOCS3
MIR16-1	MIR16-2	CCND1
MIR16-1	MIR16-2	IFT74
MIR16-1	MIR16-2	CCT3
MIR16-1	MIR16-2	HNRNPDL
MIR16-1	MIR16-2	METTL4
MIR16-1	MIR16-2	SVIP
MIR16-1	MIR16-2	PINK1
MIR16-1	MIR16-2	HIST3H2A
MIR16-1	MIR16-2	PTPN3
MIR16-1	MIR16-2	KIAA1143
MIR16-1	MIR16-2	BIN1
MIR16-1	MIR16-2	SLC25A22
MIR16-1	MIR16-2	DHX38
MIR16-1	MIR16-2	TBRG4
MIR16-1	MIR16-2	TUBA1A
MIR16-1	MIR16-2	ABCC10
MIR16-1	MIR16-2	LRRC41
MIR16-1	MIR16-2	INTS5
MIR16-1	MIR16-2	SOX4
MIR16-1	MIR16-2	PRKD2
MIR16-1	MIR16-2	RBM12
MIR16-1	MIR16-2	FADS3
MIR16-1	MIR16-2	ECHDC1
MIR16-1	MIR16-2	ENTPD6
MIR16-1	MIR16-2	ARHGEF18
MIR16-1	MIR16-2	RERE
MIR16-1	MIR16-2	ADRB1
MIR16-1	MIR16-2	TNFRSF10D
MIR16-1	MIR16-2	G6PD
MIR16-1	MIR16-2	FDFT1
MIR16-1	MIR16-2	JAM3
MIR16-1	MIR16-2	GTPBP2
MIR16-1	MIR16-2	HEXB
MIR16-1	MIR16-2	DESI1
MIR16-1	MIR16-2	TPM3
MIR16-1	MIR16-2	PRKRA
MIR16-1	MIR16-2	FAM213A
MIR16-1	MIR16-2	NR2C2
MIR16-1	MIR16-2	PTPN12
MIR16-1	MIR16-2	MVP
MIR16-1	MIR16-2	SLC38A5
MIR16-1	MIR16-2	FNDC3A
MIR16-1	MIR16-2	USP6NL
MIR16-1	MIR16-2	SPARC
MIR16-1	MIR16-2	CDV3
MIR16-1	MIR16-2	ITPRIPL2
MIR16-1	MIR16-2	MICAL1
MIR16-1	MIR16-2	CIZ1
MIR16-1	MIR16-2	THRA
MIR16-1	MIR16-2	CTTNBP2NL
MIR16-1	MIR16-2	PNPLA6
MIR16-1	MIR16-2	GPATCH8
MIR16-1	MIR16-2	ACTB
MIR16-1	MIR16-2	MYO10
MIR16-1	MIR16-2	TMEM8A
MIR16-1	MIR16-2	SEPT2
MIR16-1	MIR16-2	ATP13A3
MIR16-1	MIR16-2	DCUN1D1
MIR16-1	MIR16-2	BRAT1
MIR16-1	MIR16-2	HNRNPUL2
MIR16-1	MIR16-2	TRAM1
MIR16-1	MIR16-2	TRRAP
MIR16-1	MIR16-2	PIK3CA
MIR16-1	MIR16-2	ARID1A
MIR16-1	MIR16-2	XPO4
MIR16-1	MIR16-2	HNRNPD
MIR16-1	MIR16-2	B4GALT2
MIR16-1	MIR16-2	SEC31A
MIR16-1	MIR16-2	ZDHHC24
MIR16-1	MIR16-2	CNDP2
MIR16-1	MIR16-2	AKT3
MIR16-1	MIR16-2	TMEM132A
MIR16-1	MIR16-2	DDX24
MIR16-1	MIR16-2	PDE4DIP
MIR16-1	MIR16-2	HPS3
MIR16-1	MIR16-2	SRCAP
MIR16-1	MIR16-2	WASF2
MIR16-1	MIR16-2	LRRK1
MIR16-1	MIR16-2	TMEM2
MIR16-1	MIR16-2	VAMP5
MIR16-1	MIR16-2	HIPK2
MIR16-1	MIR16-2	FPGS
MIR16-1	MIR16-2	KIRREL
MIR16-1	MIR16-2	VARS
MIR16-1	MIR16-2	SURF4
MIR16-1	MIR16-2	SCARB1
MIR16-1	MIR16-2	TAPT1
MIR16-1	MIR16-2	FRK
MIR16-1	MIR16-2	ARAP1
MIR16-1	MIR16-2	PI4K2A
MIR16-1	MIR16-2	THAP11
MIR16-1	MIR16-2	PLEC
MIR16-1	MIR16-2	CLTC
MIR16-1	MIR16-2	DNM1
MIR16-1	MIR16-2	LRP10
MIR16-1	MIR16-2	TMEM30A
MIR16-1	MIR16-2	NF1
MIR16-1	MIR16-2	FAM43A
MIR16-1	MIR16-2	NFKB1
MIR16-1	MIR16-2	PRPF6
MIR16-1	MIR16-2	DNM1L
MIR16-1	MIR16-2	KPNB1
MIR16-1	MIR16-2	ARHGDIA
MIR16-1	MIR16-2	UBN2
MIR16-1	MIR16-2	KLF7
MIR16-1	MIR16-2	GFOD1
MIR16-1	MIR16-2	PRPSAP1
MIR16-1	MIR16-2	RAB14
MIR16-1	MIR16-2	SDF2L1
MIR16-1	MIR16-2	FMNL3
MIR16-1	MIR16-2	PLOD1
MIR16-1	MIR16-2	HUWE1
MIR16-1	MIR16-2	ATP6AP1
MIR16-1	MIR16-2	PMS1
MIR16-1	MIR16-2	CCDC25
MIR16-1	MIR16-2	SH3D19
MIR16-1	MIR16-2	ETV6
MIR16-1	MIR16-2	PPIG
MIR16-1	MIR16-2	ARHGEF12
MIR16-1	MIR16-2	B3GNT1
MIR16-1	MIR16-2	YWHAE
MIR16-1	MIR16-2	UBTD1
MIR16-1	MIR16-2	CYB561A3
MIR16-1	MIR16-2	PNPLA2
MIR16-1	MIR16-2	DUSP1
MIR16-1	MIR16-2	RSF1
MIR16-1	MIR16-2	SOCS6
MIR16-1	MIR16-2	LMF2
MIR16-1	MIR16-2	ARMC1
MIR16-1	MIR16-2	RAB10
MIR16-1	MIR16-2	H6PD
MIR16-1	MIR16-2	HES1
MIR16-1	MIR16-2	ORMDL3
MIR16-1	MIR16-2	RRM1
MIR16-1	MIR16-2	PIGB
MIR16-1	MIR16-2	TXNRD2
MIR16-1	MIR16-2	RAB11FIP3
MIR16-1	MIR16-2	GET4
MIR16-1	MIR16-2	NACA
MIR16-1	MIR16-2	RASSF2
MIR16-1	MIR16-2	YEATS2
MIR16-1	MIR16-2	ZMYND11
MIR16-1	MIR16-2	WEE1
MIR16-1	MIR16-2	BRI3
MIR16-1	MIR16-2	LARP1
MIR16-1	MIR16-2	CLASP1
MIR16-1	MIR16-2	EGLN2
MIR16-1	MIR16-2	FGFR1
MIR16-1	MIR16-2	ORAI2
MIR16-1	MIR16-2	KRT18
MIR16-1	MIR16-2	HMGA1
MIR16-1	MIR16-2	MPLKIP
MIR16-1	MIR16-2	NCOA3
MIR16-1	MIR16-2	DHX15
MIR16-1	MIR16-2	CAB39
MIR16-1	MIR16-2	RPS6KA4
MIR16-1	MIR16-2	NOC2L
MIR16-1	MIR16-2	COMT
MIR16-1	MIR16-2	CELF1
MIR16-1	MIR16-2	EIF2B2
MIR16-1	MIR16-2	NUFIP2
MIR16-1	MIR16-2	PAFAH1B2
MIR16-1	MIR16-2	AGPAT1
MIR16-1	MIR16-2	BTG2
MIR16-1	MIR16-2	TMEM59
MIR16-1	MIR16-2	GABARAPL1
MIR16-1	MIR16-2	PLEKHM2
MIR16-1	MIR16-2	AP2B1
MIR16-1	MIR16-2	VAT1
MIR16-1	MIR16-2	ZYX
MIR16-1	MIR16-2	TMEM258
MIR16-1	MIR16-2	LRRC59
MIR16-1	MIR16-2	SOGA1
MIR16-1	MIR16-2	PLEKHA1
MIR16-1	MIR16-2	VTCN1
MIR16-1	MIR16-2	UBE4A
MIR16-1	MIR16-2	ANAPC13
MIR16-1	MIR16-2	AP5B1
MIR16-1	MIR16-2	RPS25
MIR16-1	MIR16-2	ZW10
MIR16-1	MIR16-2	NFE2L1
MIR16-1	MIR16-2	BOLA3
MIR16-1	MIR16-2	SLC30A8
MIR16-1	MIR16-2	SBF1
MIR16-1	MIR16-2	ZBED5
MIR16-1	MIR16-2	HIST1H2AK
MIR16-1	MIR16-2	KIF21A
MIR16-1	MIR16-2	RBFOX2
MIR16-1	MIR16-2	TFCP2
MIR16-1	MIR16-2	MYO19
MIR16-1	MIR16-2	MAPK8
MIR16-1	MIR16-2	ABCF2
MIR16-1	MIR16-2	HIST1H1C
MIR16-1	MIR16-2	UBLCP1
MIR16-1	MIR16-2	USP42
MIR16-1	MIR16-2	NARF
MIR16-1	MIR16-2	TMED2
MIR16-1	MIR16-2	PLOD2
MIR16-1	MIR16-2	LMAN1
MIR16-1	MIR16-2	CEBPZOS
MIR16-1	MIR16-2	ACTN4
MIR16-1	MIR16-2	CTSA
MIR16-1	MIR16-2	HEATR1
MIR16-1	MIR16-2	SPATA20
MIR16-1	MIR16-2	C1orf174
MIR16-1	MIR16-2	ZNF518B
MIR16-1	MIR16-2	FKBP11
MIR16-1	MIR16-2	HECTD1
MIR16-1	MIR16-2	SUMO3
MIR16-1	MIR16-2	ZFPL1
MIR16-1	MIR16-2	ARFGAP2
MIR16-1	MIR16-2	PPP2R1B
MIR16-1	MIR16-2	ZC3H7B
MIR16-1	MIR16-2	UNC13B
MIR16-1	MIR16-2	PAFAH1B1
MIR16-1	MIR16-2	STK11
MIR16-1	MIR16-2	ILK
MIR16-1	MIR16-2	CHD4
MIR16-1	MIR16-2	HIST1H3C
MIR16-1	MIR16-2	NCOR2
MIR16-1	MIR16-2	SAR1A
MIR16-1	MIR16-2	EIF5A
MIR16-1	MIR16-2	ABCA3
MIR16-1	MIR16-2	SRPX
MIR16-1	MIR16-2	TIMP2
MIR16-1	MIR16-2	RETSAT
MIR16-1	MIR16-2	PDE2A
MIR16-1	MIR16-2	SPG20
MIR16-1	MIR16-2	ELMO2
MIR16-1	MIR16-2	MDH1
MIR16-1	MIR16-2	C9orf69
MIR16-1	MIR16-2	CLDN12
MIR16-1	MIR16-2	HNRNPF
MIR16-1	MIR16-2	SOBP
MIR16-1	MIR16-2	LY6E
MIR16-1	MIR16-2	DYNC1H1
MIR16-1	MIR16-2	ATG4C
MIR16-1	MIR16-2	CD46
MIR16-1	MIR16-2	GPAA1
MIR16-1	MIR16-2	PRRC1
MIR16-1	MIR16-2	BCL6B
MIR16-1	MIR16-2	CD300A
MIR16-1	MIR16-2	CFLAR
MIR16-1	MIR16-2	CRIM1
MIR16-1	MIR16-2	DHRS7
MIR16-1	MIR16-2	SLC20A1
MIR16-1	MIR16-2	ZFP91
MIR16-1	MIR16-2	PDLIM5
MIR16-1	MIR16-2	HIST1H2AM
MIR16-1	MIR16-2	APLP2
MIR16-1	MIR16-2	ATG9A
MIR16-1	MIR16-2	DPM3
MIR16-1	MIR16-2	DLST
MIR16-1	MIR16-2	ANKHD1-EIF4EBP3
MIR16-1	MIR16-2	EMCN
MIR16-1	MIR16-2	FBXW5
MIR16-1	MIR16-2	FAM126B
MIR16-1	MIR16-2	GNAI3
MIR16-1	MIR16-2	BACH1
MIR16-1	MIR16-2	ODC1
MIR16-1	MIR16-2	SPPL2B
MIR16-1	MIR16-2	TACC1
MIR16-1	MIR16-2	RHOA
MIR16-1	MIR16-2	CHD7
MIR16-1	MIR16-2	HIST1H2AH
MIR16-1	MIR16-2	TSSC1
MIR16-1	MIR16-2	DCHS1
MIR16-1	MIR16-2	TAOK2
MIR16-1	MIR16-2	DCTN1
MIR16-1	MIR16-2	RANBP3
MIR16-1	MIR16-2	SGPP2
MIR16-1	MIR16-2	SGSM3
MIR16-1	MIR16-2	FRS2
MIR16-1	MIR16-2	TUSC2
MIR16-1	MIR16-2	STK38
MIR16-1	MIR16-2	TRAPPC10
MIR16-1	MIR16-2	CAST
MIR16-1	MIR16-2	PABPC4
MIR16-1	MIR16-2	ARL8B
MIR16-1	MIR16-2	IFNAR1
MIR16-1	MIR16-2	MME
MIR16-1	MIR16-2	DUSP2
MIR16-1	MIR16-2	TRIM35
MIR16-1	MIR16-2	TMEM9B
MIR16-1	MIR16-2	C14orf80
MIR16-1	MIR16-2	GTPBP4
MIR16-1	MIR16-2	SDF4
MIR16-1	MIR16-2	HPS1
MIR16-1	MIR16-2	HTT
MIR16-1	MIR16-2	MESDC2
MIR16-1	MIR16-2	ARSB
MIR16-1	MIR16-2	SPATC1L
MIR16-1	MIR16-2	GOLT1B
MIR16-1	MIR16-2	ZFYVE20
MIR16-1	MIR16-2	SHROOM4
MIR16-1	MIR16-2	TRAP1
MIR16-1	MIR16-2	VDAC3
MIR16-1	MIR16-2	ATP2B1
MIR16-1	MIR16-2	SMTN
MIR16-1	MIR16-2	MBNL2
MIR16-1	MIR16-2	C20orf194
MIR16-1	MIR16-2	NT5E
MIR16-1	MIR16-2	HIAT1
MIR16-1	MIR16-2	HDHD2
MIR16-1	MIR16-2	SYNE3
MIR16-1	MIR16-2	ADIPOR1
MIR16-1	MIR16-2	PHLDA1
MIR16-1	MIR16-2	SKI
MIR16-1	MIR16-2	PXDN
MIR16-1	MIR16-2	WDR18
MIR16-1	MIR16-2	ZNF264
MIR16-1	MIR16-2	CD164
MIR16-1	MIR16-2	RASIP1
MIR16-1	MIR16-2	KDELR2
MIR16-1	MIR16-2	ROBO4
MIR16-1	MIR16-2	SLIT2
MIR16-1	MIR16-2	RUVBL1
MIR16-1	MIR16-2	TRIM44
MIR16-1	MIR16-2	SUCLG1
MIR16-1	MIR16-2	PNP
MIR16-1	MIR16-2	CALR
MIR16-1	MIR16-2	USP34
MIR16-1	MIR16-2	RAB3D
MIR16-1	MIR16-2	NUCKS1
MIR16-1	MIR16-2	MT1E
MIR16-1	MIR16-2	AAAS
MIR16-1	MIR16-2	DCAF12
MIR16-1	MIR16-2	HEXIM1
MIR16-1	MIR16-2	HNRNPL
MIR16-1	MIR16-2	LRP11
MIR16-1	MIR16-2	RPAP1
MIR16-1	MIR16-2	TRIB1
MIR16-1	MIR16-2	SEL1L3
MIR16-1	MIR16-2	TNRC6A
MIR16-1	MIR16-2	PHIP
MIR16-1	MIR16-2	HDAC2
MIR16-1	MIR16-2	LRFN3
MIR16-1	MIR16-2	ABHD17B
MIR16-1	MIR16-2	ADCY6
MIR16-1	MIR16-2	LRRC42
MIR16-1	MIR16-2	MKL2
MIR16-1	MIR16-2	AQP1
MIR16-1	MIR16-2	ACP2
MIR16-1	MIR16-2	ASB1
MIR16-1	MIR16-2	CCNF
MIR16-1	MIR16-2	FAM174A
MIR16-1	MIR16-2	TOMM5
MIR16-1	MIR16-2	TNPO1
MIR16-1	MIR16-2	POMP
MIR16-1	MIR16-2	NAPG
MIR16-1	MIR16-2	PLXNA1
MIR16-1	MIR16-2	SEPT9
MIR16-1	MIR16-2	FAM98B
MIR16-1	MIR16-2	BCAP29
MIR16-1	MIR16-2	RAPGEF1
MIR16-1	MIR16-2	FEM1A
MIR16-1	MIR16-2	RAVER1
MIR16-1	MIR16-2	DICER1
MIR16-1	MIR16-2	DCTD
MIR16-1	MIR16-2	COL4A1
MIR16-1	MIR16-2	RAN
MIR16-1	MIR16-2	SLK
MIR16-1	MIR16-2	PRRC2B
MIR16-1	MIR16-2	CD99
MIR16-1	MIR16-2	NBR1
MIR16-1	MIR16-2	SMURF2
MIR16-1	MIR16-2	HIST1H3I
MIR16-1	MIR16-2	CUL9
MIR16-1	MIR16-2	MFNG
MIR16-1	MIR16-2	TSPAN18
MIR16-1	MIR16-2	SNRNP200
MIR16-1	MIR16-2	CCNA2
MIR16-1	MIR16-2	SLC38A9
MIR16-1	MIR16-2	TBC1D2B
MIR16-1	MIR16-2	DAPK1
MIR16-1	MIR16-2	PI4K2B
MIR16-1	MIR16-2	WHSC1
MIR16-1	MIR16-2	AURKAIP1
MIR16-1	MIR16-2	CTDSP2
MIR16-1	MIR16-2	FNBP4
MIR16-1	MIR16-2	ROBO1
MIR16-1	MIR16-2	TM9SF2
MIR16-1	MIR16-2	NCLN
MIR16-1	MIR16-2	BRD4
MIR16-1	MIR16-2	SLC11A2
MIR16-1	MIR16-2	CACNA2D1
MIR16-1	MIR16-2	DEDD
MIR16-1	MIR16-2	BHLHE40
MIR16-1	MIR16-2	KIAA1468
MIR16-1	MIR16-2	RAB8A
MIR16-1	MIR16-2	SNRK
MIR16-1	MIR16-2	PTDSS1
MIR16-1	MIR16-2	SYDE1
MIR16-1	MIR16-2	CHSY1
MIR16-1	MIR16-2	SLC1A5
MIR16-1	MIR16-2	GFM1
MIR16-1	MIR16-2	C6orf106
MIR16-1	MIR16-2	NACC2
MIR16-1	MIR16-2	PQLC2
MIR16-1	MIR16-2	IGFBP7
MIR16-1	MIR16-2	RBM26
MIR16-1	MIR195	SON
MIR16-1	MIR195	NAV1
MIR16-1	MIR195	CPEB2
MIR16-1	MIR195	NBPF1
MIR16-1	MIR195	RHBDD1
MIR16-1	MIR195	BECN1
MIR16-1	MIR195	IKBKB
MIR16-1	MIR195	ZCCHC3
MIR16-1	MIR195	IPO9
MIR16-1	MIR195	ARMCX1
MIR16-1	MIR195	CLCN3
MIR16-1	MIR195	MOSPD2
MIR16-1	MIR195	TMEM159
MIR16-1	MIR195	SMEK2
MIR16-1	MIR195	PRKAR1A
MIR16-1	MIR195	UBR4
MIR16-1	MIR195	PDGFC
MIR16-1	MIR195	SMC3
MIR16-1	MIR195	ZC3H11A
MIR16-1	MIR195	ZFYVE1
MIR16-1	MIR195	PUM2
MIR16-1	MIR195	CREBRF
MIR16-1	MIR195	CDC42
MIR16-1	MIR195	NLRP1
MIR16-1	MIR195	MAFK
MIR16-1	MIR195	ATP2A2
MIR16-1	MIR195	GYLTL1B
MIR16-1	MIR195	CCT4
MIR16-1	MIR195	RACGAP1
MIR16-1	MIR195	WNT9A
MIR16-1	MIR195	TEX261
MIR16-1	MIR195	RDH11
MIR16-1	MIR195	REV3L
MIR16-1	MIR195	REEP5
MIR16-1	MIR195	NUDCD1
MIR16-1	MIR195	XPO1
MIR16-1	MIR195	SLC15A4
MIR16-1	MIR195	AGO4
MIR16-1	MIR195	STARD13
MIR16-1	MIR195	CDCA4
MIR16-1	MIR195	PVRL1
MIR16-1	MIR195	N4BP1
MIR16-1	MIR195	TTC30B
MIR16-1	MIR195	RBL1
MIR16-1	MIR195	C12orf5
MIR16-1	MIR195	ELMSAN1
MIR16-1	MIR195	KIAA1549L
MIR16-1	MIR195	KCNN4
MIR16-1	MIR195	SEC23A
MIR16-1	MIR195	SMEK1
MIR16-1	MIR195	ELL2
MIR16-1	MIR195	VCP
MIR16-1	MIR195	CDC42SE2
MIR16-1	MIR195	RNF213
MIR16-1	MIR195	TTK
MIR16-1	MIR195	RNF138
MIR16-1	MIR195	RRAS2
MIR16-1	MIR195	CNOT1
MIR16-1	MIR195	LRRC47
MIR16-1	MIR195	KIFAP3
MIR16-1	MIR195	BCL2
MIR16-1	MIR195	RPS6KA3
MIR16-1	MIR195	CACUL1
MIR16-1	MIR195	PRKAR2A
MIR16-1	MIR195	BCL2L12
MIR16-1	MIR195	PRR3
MIR16-1	MIR195	SLC25A3
MIR16-1	MIR195	CAPRIN1
MIR16-1	MIR195	YAP1
MIR16-1	MIR195	PARP16
MIR16-1	MIR195	AIM1
MIR16-1	MIR195	BDKRB2
MIR16-1	MIR195	CNBP
MIR16-1	MIR195	SMAD7
MIR16-1	MIR195	SOX5
MIR16-1	MIR195	ITPR2
MIR16-1	MIR195	PPT1
MIR16-1	MIR195	NIN
MIR16-1	MIR195	PALM2-AKAP2
MIR16-1	MIR195	POLR2D
MIR16-1	MIR195	UBA6
MIR16-1	MIR195	NUP210
MIR16-1	MIR195	PRRC2C
MIR16-1	MIR195	UVSSA
MIR16-1	MIR195	FBN2
MIR16-1	MIR195	CLPX
MIR16-1	MIR195	CCNE1
MIR16-1	MIR195	NET1
MIR16-1	MIR195	DDX46
MIR16-1	MIR195	SLC39A14
MIR16-1	MIR195	ARRDC4
MIR16-1	MIR195	UNC13A
MIR16-1	MIR195	IRF2
MIR16-1	MIR195	VPS13B
MIR16-1	MIR195	MRPL1
MIR16-1	MIR195	ADORA2B
MIR16-1	MIR195	DYRK1B
MIR16-1	MIR195	RC3H2
MIR16-1	MIR195	WIPI2
MIR16-1	MIR195	TBL1XR1
MIR16-1	MIR195	GRB2
MIR16-1	MIR195	RNH1
MIR16-1	MIR195	GBF1
MIR16-1	MIR195	HSPA9
MIR16-1	MIR195	WSB1
MIR16-1	MIR195	GFPT1
MIR16-1	MIR195	FGD4
MIR16-1	MIR195	FAM98A
MIR16-1	MIR195	SEMA4C
MIR16-1	MIR195	AKAP11
MIR16-1	MIR195	KLF5
MIR16-1	MIR195	PHLDA3
MIR16-1	MIR195	DCBLD2
MIR16-1	MIR195	UBE2QL1
MIR16-1	MIR195	LATS1
MIR16-1	MIR195	DNAJC24
MIR16-1	MIR195	VPS13A
MIR16-1	MIR195	KATNAL1
MIR16-1	MIR195	TSPAN3
MIR16-1	MIR195	LTBP1
MIR16-1	MIR195	DMXL2
MIR16-1	MIR195	BAZ2A
MIR16-1	MIR195	TBP
MIR16-1	MIR195	SP1
MIR16-1	MIR195	TCTN1
MIR16-1	MIR195	DNAJB4
MIR16-1	MIR195	SCAMP2
MIR16-1	MIR195	VEGFA
MIR16-1	MIR195	VAMP7
MIR16-1	MIR195	UBE2T
MIR16-1	MIR195	UBR3
MIR16-1	MIR195	TCP1
MIR16-1	MIR195	TLE4
MIR16-1	MIR195	FBXW7
MIR16-1	MIR195	ARL2
MIR16-1	MIR195	FGF2
MIR16-1	MIR195	FOXK1
MIR16-1	MIR195	ABI2
MIR16-1	MIR195	SRPR
MIR16-1	MIR195	ZCCHC2
MIR16-1	MIR195	RECK
MIR16-1	MIR195	TXLNA
MIR16-1	MIR195	MAN1A1
MIR16-1	MIR195	CIRBP
MIR16-1	MIR195	ZFHX3
MIR16-1	MIR195	PLAA
MIR16-1	MIR195	WTAP
MIR16-1	MIR195	ANXA4
MIR16-1	MIR195	FAM179A
MIR16-1	MIR195	ZNF281
MIR16-1	MIR195	CNIH1
MIR16-1	MIR195	SMARCA4
MIR16-1	MIR195	ACSL4
MIR16-1	MIR195	GNA13
MIR16-1	MIR195	GPBP1L1
MIR16-1	MIR195	JMJD1C
MIR16-1	MIR195	SF3B1
MIR16-1	MIR195	SHISA5
MIR16-1	MIR195	METTL9
MIR16-1	MIR195	TRIM33
MIR16-1	MIR195	ISYNA1
MIR16-1	MIR195	LARP4
MIR16-1	MIR195	SPATA2
MIR16-1	MIR195	UBE4B
MIR16-1	MIR195	MFSD5
MIR16-1	MIR195	CNKSR3
MIR16-1	MIR195	ZSWIM6
MIR16-1	MIR195	ANKRD36
MIR16-1	MIR195	EIF4A2
MIR16-1	MIR195	TFG
MIR16-1	MIR195	C16orf72
MIR16-1	MIR195	KARS
MIR16-1	MIR195	MACF1
MIR16-1	MIR195	HSD17B4
MIR16-1	MIR195	CCND2
MIR16-1	MIR195	ZMAT3
MIR16-1	MIR195	TLK1
MIR16-1	MIR195	TSC22D2
MIR16-1	MIR195	ASH1L
MIR16-1	MIR195	MAP4
MIR16-1	MIR195	DDB1
MIR16-1	MIR195	KIAA0100
MIR16-1	MIR195	KTN1
MIR16-1	MIR195	ANKRD17
MIR16-1	MIR195	CXCL5
MIR16-1	MIR195	KMT2D
MIR16-1	MIR195	NSRP1
MIR16-1	MIR195	ANKRD12
MIR16-1	MIR195	PDIA6
MIR16-1	MIR195	CD2AP
MIR16-1	MIR195	QKI
MIR16-1	MIR195	OTUD4
MIR16-1	MIR195	SACM1L
MIR16-1	MIR195	IGF1R
MIR16-1	MIR195	CCNC
MIR16-1	MIR195	MIB1
MIR16-1	MIR195	TBL3
MIR16-1	MIR195	RARS
MIR16-1	MIR195	PTPRF
MIR16-1	MIR195	CREBBP
MIR16-1	MIR195	PKM
MIR16-1	MIR195	CRKL
MIR16-1	MIR195	HINT1
MIR16-1	MIR195	KIF5B
MIR16-1	MIR195	MIDN
MIR16-1	MIR195	PSAT1
MIR16-1	MIR195	ATP5G3
MIR16-1	MIR195	IL2RB
MIR16-1	MIR195	TMTC3
MIR16-1	MIR195	EMC4
MIR16-1	MIR195	ATXN7L3
MIR16-1	MIR195	GLCE
MIR16-1	MIR195	NHLRC2
MIR16-1	MIR195	MCL1
MIR16-1	MIR195	ZNF181
MIR16-1	MIR195	HSPA4
MIR16-1	MIR195	UBE3A
MIR16-1	MIR195	SLC18A2
MIR16-1	MIR195	HIVEP2
MIR16-1	MIR195	XPO7
MIR16-1	MIR195	ABCB1
MIR16-1	MIR195	SGK1
MIR16-1	MIR195	FOSL2
MIR16-1	MIR195	ARMCX2
MIR16-1	MIR195	PURA
MIR16-1	MIR195	CALM1
MIR16-1	MIR195	NOL4L
MIR16-1	MIR195	CD151
MIR16-1	MIR195	JKAMP
MIR16-1	MIR195	FLVCR2
MIR16-1	MIR195	TMEM2
MIR16-1	MIR195	EIF2S3
MIR16-1	MIR195	RTCB
MIR16-1	MIR195	TMEM43
MIR16-1	MIR195	DSE
MIR16-1	MIR195	ABL2
MIR16-1	MIR195	IPO7
MIR16-1	MIR195	PAM
MIR16-1	MIR195	PDCD4
MIR16-1	MIR195	RASA1
MIR16-1	MIR195	ST8SIA3
MIR16-1	MIR195	PSKH1
MIR16-1	MIR195	RRM2B
MIR16-1	MIR195	MYO1G
MIR16-1	MIR195	CDK6
MIR16-1	MIR195	RRAGA
MIR16-1	MIR195	LARP4B
MIR16-1	MIR195	PPP2R5C
MIR16-1	MIR195	DNAJA1
MIR16-1	MIR195	MNT
MIR16-1	MIR195	SECISBP2L
MIR16-1	MIR195	DST
MIR16-1	MIR195	ARPP19
MIR16-1	MIR195	MAT2A
MIR16-1	MIR195	CCND1
MIR16-1	MIR195	IFT74
MIR16-1	MIR195	HNRNPDL
MIR16-1	MIR195	SVIP
MIR16-1	MIR195	METTL4
MIR16-1	MIR195	PINK1
MIR16-1	MIR195	PTPN3
MIR16-1	MIR195	TUBA1A
MIR16-1	MIR195	ABCC10
MIR16-1	MIR195	LRRC41
MIR16-1	MIR195	ECHDC1
MIR16-1	MIR195	ARHGEF18
MIR16-1	MIR195	DESI1
MIR16-1	MIR195	PRKRA
MIR16-1	MIR195	FNDC3A
MIR16-1	MIR195	CDV3
MIR16-1	MIR195	PNPLA6
MIR16-1	MIR195	SEPT2
MIR16-1	MIR195	ATP13A3
MIR16-1	MIR195	TRAM1
MIR16-1	MIR195	TRRAP
MIR16-1	MIR195	PIK3CA
MIR16-1	MIR195	AKT3
MIR16-1	MIR195	PDE4DIP
MIR16-1	MIR195	HPS3
MIR16-1	MIR195	LRRK1
MIR16-1	MIR195	HIPK2
MIR16-1	MIR195	TAPT1
MIR16-1	MIR195	FRK
MIR16-1	MIR195	DNM1
MIR16-1	MIR195	NF1
MIR16-1	MIR195	DNM1L
MIR16-1	MIR195	KPNB1
MIR16-1	MIR195	RAB14
MIR16-1	MIR195	SH3D19
MIR16-1	MIR195	PPIG
MIR16-1	MIR195	SOCS6
MIR16-1	MIR195	ARMC1
MIR16-1	MIR195	ORMDL3
MIR16-1	MIR195	PIGB
MIR16-1	MIR195	WEE1
MIR16-1	MIR195	CLASP1
MIR16-1	MIR195	KRT18
MIR16-1	MIR195	HMGA1
MIR16-1	MIR195	DHX15
MIR16-1	MIR195	CAB39
MIR16-1	MIR195	CELF1
MIR16-1	MIR195	NUFIP2
MIR16-1	MIR195	PAFAH1B2
MIR16-1	MIR195	BTG2
MIR16-1	MIR195	PLEKHM2
MIR16-1	MIR195	VTCN1
MIR16-1	MIR195	PLEKHA1
MIR16-1	MIR195	ANAPC13
MIR16-1	MIR195	ZW10
MIR16-1	MIR195	RPS25
MIR16-1	MIR195	NFE2L1
MIR16-1	MIR195	SLC30A8
MIR16-1	MIR195	ZBED5
MIR16-1	MIR195	KIF21A
MIR16-1	MIR195	TFCP2
MIR16-1	MIR195	MYO19
MIR16-1	MIR195	MAPK8
MIR16-1	MIR195	ABCF2
MIR16-1	MIR195	UBLCP1
MIR16-1	MIR195	USP42
MIR16-1	MIR195	NARF
MIR16-1	MIR195	LMAN1
MIR16-1	MIR195	HEATR1
MIR16-1	MIR195	PPP2R1B
MIR16-1	MIR195	PAFAH1B1
MIR16-1	MIR195	EIF5A
MIR16-1	MIR195	ELMO2
MIR16-1	MIR195	SOBP
MIR16-1	MIR195	PRRC1
MIR16-1	MIR195	CD300A
MIR16-1	MIR195	ATG9A
MIR16-1	MIR195	ODC1
MIR16-1	MIR195	FAM126B
MIR16-1	MIR195	SPPL2B
MIR16-1	MIR195	BACH1
MIR16-1	MIR195	HIST1H2AH
MIR16-1	MIR195	SGPP2
MIR16-1	MIR195	FRS2
MIR16-1	MIR195	STK38
MIR16-1	MIR195	PABPC4
MIR16-1	MIR195	ARL8B
MIR16-1	MIR195	MME
MIR16-1	MIR195	DUSP2
MIR16-1	MIR195	TRIM35
MIR16-1	MIR195	HTT
MIR16-1	MIR195	VDAC3
MIR16-1	MIR195	ATP2B1
MIR16-1	MIR195	SMTN
MIR16-1	MIR195	MBNL2
MIR16-1	MIR195	HIAT1
MIR16-1	MIR195	HDHD2
MIR16-1	MIR195	ADIPOR1
MIR16-1	MIR195	SKI
MIR16-1	MIR195	CD164
MIR16-1	MIR195	SLIT2
MIR16-1	MIR195	TRIM44
MIR16-1	MIR195	CALR
MIR16-1	MIR195	NUCKS1
MIR16-1	MIR195	TNRC6A
MIR16-1	MIR195	ABHD17B
MIR16-1	MIR195	ACP2
MIR16-1	MIR195	ASB1
MIR16-1	MIR195	NAPG
MIR16-1	MIR195	BCAP29
MIR16-1	MIR195	SMURF2
MIR16-1	MIR195	CCNA2
MIR16-1	MIR195	SLC38A9
MIR16-1	MIR195	CTDSP2
MIR16-1	MIR195	FNBP4
MIR16-1	MIR195	CACNA2D1
MIR16-1	MIR195	KIAA1468
MIR16-1	MIR195	SNRK
MIR16-1	MIR195	SLC1A5
MIR16-1	MIR195	RBM26
MIR16-1	MIR503	PIGB
MIR16-1	MIR503	WEE1
MIR16-1	MIR503	WSB1
MIR16-1	MIR503	QKI
MIR16-1	MIR503	LARP1
MIR16-1	MIR503	OTUD4
MIR16-1	MIR503	CLASP1
MIR16-1	MIR503	SACM1L
MIR16-1	MIR503	FAM98A
MIR16-1	MIR503	CPEB2
MIR16-1	MIR503	KRT18
MIR16-1	MIR503	IGF1R
MIR16-1	MIR503	DHX15
MIR16-1	MIR503	NBPF1
MIR16-1	MIR503	RARS
MIR16-1	MIR503	RHBDD1
MIR16-1	MIR503	ARMCX1
MIR16-1	MIR503	BTG2
MIR16-1	MIR503	VPS13A
MIR16-1	MIR503	CRKL
MIR16-1	MIR503	KATNAL1
MIR16-1	MIR503	KIF5B
MIR16-1	MIR503	MOSPD2
MIR16-1	MIR503	TMEM159
MIR16-1	MIR503	AP3D1
MIR16-1	MIR503	PLEKHA1
MIR16-1	MIR503	LTBP1
MIR16-1	MIR503	PRKAR1A
MIR16-1	MIR503	DMXL2
MIR16-1	MIR503	ZW10
MIR16-1	MIR503	NFE2L1
MIR16-1	MIR503	ARMC1
MIR16-1	MIR503	ZBED5
MIR16-1	MIR503	TMTC3
MIR16-1	MIR503	KIF21A
MIR16-1	MIR503	CREBRF
MIR16-1	MIR503	TLN1
MIR16-1	MIR503	ABCF2
MIR16-1	MIR503	NLRP1
MIR16-1	MIR503	TMEM123
MIR16-1	MIR503	VPS72
MIR16-1	MIR503	NARF
MIR16-1	MIR503	MCL1
MIR16-1	MIR503	LMAN1
MIR16-1	MIR503	HIVEP2
MIR16-1	MIR503	SCAMP2
MIR16-1	MIR503	VEGFA
MIR16-1	MIR503	FOSL2
MIR16-1	MIR503	SLC15A4
MIR16-1	MIR503	B4GALT5
MIR16-1	MIR503	UBE2T
MIR16-1	MIR503	MAGED1
MIR16-1	MIR503	RAI14
MIR16-1	MIR503	TLE4
MIR16-1	MIR503	CDCA4
MIR16-1	MIR503	FBXW7
MIR16-1	MIR503	NOL4L
MIR16-1	MIR503	N4BP1
MIR16-1	MIR503	TTC30B
MIR16-1	MIR503	FGF2
MIR16-1	MIR503	EIF2S3
MIR16-1	MIR503	HMGCS1
MIR16-1	MIR503	DSE
MIR16-1	MIR503	SRPR
MIR16-1	MIR503	ABCF1
MIR16-1	MIR503	PAM
MIR16-1	MIR503	NDUFS1
MIR16-1	MIR503	PDCD4
MIR16-1	MIR503	RASA1
MIR16-1	MIR503	RECK
MIR16-1	MIR503	ELL2
MIR16-1	MIR503	MAN1A1
MIR16-1	MIR503	TXLNA
MIR16-1	MIR503	RRM2B
MIR16-1	MIR503	VCP
MIR16-1	MIR503	ZFHX3
MIR16-1	MIR503	FAM126B
MIR16-1	MIR503	ANXA4
MIR16-1	MIR503	FMNL2
MIR16-1	MIR503	ARID5B
MIR16-1	MIR503	TTK
MIR16-1	MIR503	SGPP2
MIR16-1	MIR503	RNF138
MIR16-1	MIR503	RRAS2
MIR16-1	MIR503	KIFAP3
MIR16-1	MIR503	BCL2
MIR16-1	MIR503	SECISBP2L
MIR16-1	MIR503	ACSL4
MIR16-1	MIR503	CACUL1
MIR16-1	MIR503	GPBP1L1
MIR16-1	MIR503	EIF4G1
MIR16-1	MIR503	DUSP2
MIR16-1	MIR503	MAT2A
MIR16-1	MIR503	BCL2L12
MIR16-1	MIR503	HTT
MIR16-1	MIR503	CCND1
MIR16-1	MIR503	JMJD1C
MIR16-1	MIR503	SF3B1
MIR16-1	MIR503	METTL4
MIR16-1	MIR503	SVIP
MIR16-1	MIR503	PRR3
MIR16-1	MIR503	SLC25A3
MIR16-1	MIR503	ANKRD52
MIR16-1	MIR503	SMTN
MIR16-1	MIR503	AIM1
MIR16-1	MIR503	ISYNA1
MIR16-1	MIR503	PXDN
MIR16-1	MIR503	UBE4B
MIR16-1	MIR503	SMAD7
MIR16-1	MIR503	SOX5
MIR16-1	MIR503	TRIM44
MIR16-1	MIR503	ZSWIM6
MIR16-1	MIR503	FNDC3A
MIR16-1	MIR503	NIN
MIR16-1	MIR503	TFG
MIR16-1	MIR503	NUCKS1
MIR16-1	MIR503	MACF1
MIR16-1	MIR503	UBA6
MIR16-1	MIR503	TNRC6A
MIR16-1	MIR503	NUP210
MIR16-1	MIR503	SEPT2
MIR16-1	MIR503	DCUN1D1
MIR16-1	MIR503	CCND2
MIR16-1	MIR503	ZMAT3
MIR16-1	MIR503	TLK1
MIR16-1	MIR503	PRRC2C
MIR16-1	MIR503	AKT3
MIR16-1	MIR503	HPS3
MIR16-1	MIR503	HIPK2
MIR16-1	MIR503	SMURF2
MIR16-1	MIR503	TSC22D2
MIR16-1	MIR503	ASH1L
MIR16-1	MIR503	IRF2
MIR16-1	MIR503	RTN4
MIR16-1	MIR503	KIAA0100
MIR16-1	MIR503	KLF7
MIR16-1	MIR503	KTN1
MIR16-1	MIR503	RAB14
MIR16-1	MIR503	CACNA2D1
MIR16-1	MIR503	G3BP2
MIR16-1	MIR503	ADORA2B
MIR16-1	MIR503	DYRK1B
MIR16-1	MIR503	RC3H2
MIR16-1	MIR503	NSRP1
MIR16-1	MIR503	RBM26
MIR16-2	MIR195	SON
MIR16-2	MIR195	NAV1
MIR16-2	MIR195	CPEB2
MIR16-2	MIR195	NBPF1
MIR16-2	MIR195	RHBDD1
MIR16-2	MIR195	CPB1
MIR16-2	MIR195	BECN1
MIR16-2	MIR195	IKBKB
MIR16-2	MIR195	ZCCHC3
MIR16-2	MIR195	IPO9
MIR16-2	MIR195	ARMCX1
MIR16-2	MIR195	CLCN3
MIR16-2	MIR195	MOSPD2
MIR16-2	MIR195	TMEM159
MIR16-2	MIR195	SMEK2
MIR16-2	MIR195	PRKAR1A
MIR16-2	MIR195	UBR4
MIR16-2	MIR195	PDGFC
MIR16-2	MIR195	SMC3
MIR16-2	MIR195	ZC3H11A
MIR16-2	MIR195	ZFYVE1
MIR16-2	MIR195	PUM2
MIR16-2	MIR195	CREBRF
MIR16-2	MIR195	CDC42
MIR16-2	MIR195	NLRP1
MIR16-2	MIR195	MAFK
MIR16-2	MIR195	ATP2A2
MIR16-2	MIR195	GYLTL1B
MIR16-2	MIR195	CCT4
MIR16-2	MIR195	RACGAP1
MIR16-2	MIR195	WNT9A
MIR16-2	MIR195	TEX261
MIR16-2	MIR195	RDH11
MIR16-2	MIR195	REV3L
MIR16-2	MIR195	REEP5
MIR16-2	MIR195	NUDCD1
MIR16-2	MIR195	XPO1
MIR16-2	MIR195	SLC15A4
MIR16-2	MIR195	AGO4
MIR16-2	MIR195	STARD13
MIR16-2	MIR195	CDCA4
MIR16-2	MIR195	PVRL1
MIR16-2	MIR195	N4BP1
MIR16-2	MIR195	TTC30B
MIR16-2	MIR195	RBL1
MIR16-2	MIR195	C12orf5
MIR16-2	MIR195	ELMSAN1
MIR16-2	MIR195	KIAA1549L
MIR16-2	MIR195	KCNN4
MIR16-2	MIR195	SEC23A
MIR16-2	MIR195	SMEK1
MIR16-2	MIR195	SCYL2
MIR16-2	MIR195	ELL2
MIR16-2	MIR195	VCP
MIR16-2	MIR195	CDC42SE2
MIR16-2	MIR195	RNF213
MIR16-2	MIR195	TTK
MIR16-2	MIR195	RNF138
MIR16-2	MIR195	RRAS2
MIR16-2	MIR195	CNOT1
MIR16-2	MIR195	LRRC47
MIR16-2	MIR195	KIFAP3
MIR16-2	MIR195	BCL2
MIR16-2	MIR195	RPS6KA3
MIR16-2	MIR195	CACUL1
MIR16-2	MIR195	PRKAR2A
MIR16-2	MIR195	BCL2L12
MIR16-2	MIR195	PRR3
MIR16-2	MIR195	SLC25A3
MIR16-2	MIR195	CAPRIN1
MIR16-2	MIR195	YAP1
MIR16-2	MIR195	PARP16
MIR16-2	MIR195	AIM1
MIR16-2	MIR195	BDKRB2
MIR16-2	MIR195	CNBP
MIR16-2	MIR195	SMAD7
MIR16-2	MIR195	SOX5
MIR16-2	MIR195	ITPR2
MIR16-2	MIR195	PPT1
MIR16-2	MIR195	NIN
MIR16-2	MIR195	PALM2-AKAP2
MIR16-2	MIR195	POLR2D
MIR16-2	MIR195	UBA6
MIR16-2	MIR195	NUP210
MIR16-2	MIR195	PRRC2C
MIR16-2	MIR195	UVSSA
MIR16-2	MIR195	FBN2
MIR16-2	MIR195	CLPX
MIR16-2	MIR195	CCNE1
MIR16-2	MIR195	NET1
MIR16-2	MIR195	DDX46
MIR16-2	MIR195	SLC39A14
MIR16-2	MIR195	USP10
MIR16-2	MIR195	ARRDC4
MIR16-2	MIR195	UNC13A
MIR16-2	MIR195	IRF2
MIR16-2	MIR195	VPS13B
MIR16-2	MIR195	LARS
MIR16-2	MIR195	MRPL1
MIR16-2	MIR195	ADORA2B
MIR16-2	MIR195	DYRK1B
MIR16-2	MIR195	RC3H2
MIR16-2	MIR195	WIPI2
MIR16-2	MIR195	TBL1XR1
MIR16-2	MIR195	GRB2
MIR16-2	MIR195	RNH1
MIR16-2	MIR195	GBF1
MIR16-2	MIR195	HSPA9
MIR16-2	MIR195	WSB1
MIR16-2	MIR195	GFPT1
MIR16-2	MIR195	FGD4
MIR16-2	MIR195	FAM98A
MIR16-2	MIR195	SEMA4C
MIR16-2	MIR195	AKAP11
MIR16-2	MIR195	KLF5
MIR16-2	MIR195	PHLDA3
MIR16-2	MIR195	DCBLD2
MIR16-2	MIR195	UBE2QL1
MIR16-2	MIR195	LATS1
MIR16-2	MIR195	DNAJC24
MIR16-2	MIR195	VPS13A
MIR16-2	MIR195	KATNAL1
MIR16-2	MIR195	TSPAN3
MIR16-2	MIR195	LTBP1
MIR16-2	MIR195	DMXL2
MIR16-2	MIR195	BAZ2A
MIR16-2	MIR195	TBP
MIR16-2	MIR195	SP1
MIR16-2	MIR195	TCTN1
MIR16-2	MIR195	DNAJB4
MIR16-2	MIR195	SCAMP2
MIR16-2	MIR195	VEGFA
MIR16-2	MIR195	VAMP7
MIR16-2	MIR195	UBE2T
MIR16-2	MIR195	UBR3
MIR16-2	MIR195	TCP1
MIR16-2	MIR195	TLE4
MIR16-2	MIR195	FBXW7
MIR16-2	MIR195	ARL2
MIR16-2	MIR195	FGF2
MIR16-2	MIR195	FOXK1
MIR16-2	MIR195	ABI2
MIR16-2	MIR195	SRPR
MIR16-2	MIR195	ZCCHC2
MIR16-2	MIR195	RECK
MIR16-2	MIR195	TXLNA
MIR16-2	MIR195	MAN1A1
MIR16-2	MIR195	CIRBP
MIR16-2	MIR195	ZFHX3
MIR16-2	MIR195	PLAA
MIR16-2	MIR195	WTAP
MIR16-2	MIR195	BCOR
MIR16-2	MIR195	ANXA4
MIR16-2	MIR195	FAM179A
MIR16-2	MIR195	ZNF281
MIR16-2	MIR195	ALG11
MIR16-2	MIR195	CNIH1
MIR16-2	MIR195	SMARCA4
MIR16-2	MIR195	ACSL4
MIR16-2	MIR195	GNA13
MIR16-2	MIR195	GPBP1L1
MIR16-2	MIR195	JMJD1C
MIR16-2	MIR195	SF3B1
MIR16-2	MIR195	SHISA5
MIR16-2	MIR195	METTL9
MIR16-2	MIR195	TDP2
MIR16-2	MIR195	TRIM33
MIR16-2	MIR195	ISYNA1
MIR16-2	MIR195	LARP4
MIR16-2	MIR195	SPATA2
MIR16-2	MIR195	UBE4B
MIR16-2	MIR195	MFSD5
MIR16-2	MIR195	CNKSR3
MIR16-2	MIR195	ZSWIM6
MIR16-2	MIR195	ZNF33A
MIR16-2	MIR195	ANKRD36
MIR16-2	MIR195	EIF4A2
MIR16-2	MIR195	TFG
MIR16-2	MIR195	C16orf72
MIR16-2	MIR195	KARS
MIR16-2	MIR195	MACF1
MIR16-2	MIR195	HSD17B4
MIR16-2	MIR195	CCND2
MIR16-2	MIR195	ZMAT3
MIR16-2	MIR195	TLK1
MIR16-2	MIR195	TSC22D2
MIR16-2	MIR195	ASH1L
MIR16-2	MIR195	MAP4
MIR16-2	MIR195	DDB1
MIR16-2	MIR195	KIAA0100
MIR16-2	MIR195	KTN1
MIR16-2	MIR195	ANKRD17
MIR16-2	MIR195	CXCL5
MIR16-2	MIR195	KMT2D
MIR16-2	MIR195	NSRP1
MIR16-2	MIR195	ANKRD12
MIR16-2	MIR195	PDIA6
MIR16-2	MIR195	CD2AP
MIR16-2	MIR195	QKI
MIR16-2	MIR195	OTUD4
MIR16-2	MIR195	SACM1L
MIR16-2	MIR195	IGF1R
MIR16-2	MIR195	CCNC
MIR16-2	MIR195	MIB1
MIR16-2	MIR195	TBL3
MIR16-2	MIR195	RARS
MIR16-2	MIR195	PTPRF
MIR16-2	MIR195	CREBBP
MIR16-2	MIR195	PKM
MIR16-2	MIR195	CRKL
MIR16-2	MIR195	HINT1
MIR16-2	MIR195	KIF5B
MIR16-2	MIR195	MIDN
MIR16-2	MIR195	PSAT1
MIR16-2	MIR195	ATP5G3
MIR16-2	MIR195	IL2RB
MIR16-2	MIR195	TMTC3
MIR16-2	MIR195	EMC4
MIR16-2	MIR195	ATXN7L3
MIR16-2	MIR195	GLCE
MIR16-2	MIR195	NHLRC2
MIR16-2	MIR195	MCL1
MIR16-2	MIR195	ZNF181
MIR16-2	MIR195	HSPA4
MIR16-2	MIR195	UBE3A
MIR16-2	MIR195	SLC18A2
MIR16-2	MIR195	HIVEP2
MIR16-2	MIR195	XPO7
MIR16-2	MIR195	ABCB1
MIR16-2	MIR195	SGK1
MIR16-2	MIR195	FOSL2
MIR16-2	MIR195	ARMCX2
MIR16-2	MIR195	PURA
MIR16-2	MIR195	CALM1
MIR16-2	MIR195	NOL4L
MIR16-2	MIR195	CD151
MIR16-2	MIR195	JKAMP
MIR16-2	MIR195	FLVCR2
MIR16-2	MIR195	TMEM2
MIR16-2	MIR195	EIF2S3
MIR16-2	MIR195	RTCB
MIR16-2	MIR195	TMEM43
MIR16-2	MIR195	DSE
MIR16-2	MIR195	ABL2
MIR16-2	MIR195	IPO7
MIR16-2	MIR195	PAM
MIR16-2	MIR195	PDCD4
MIR16-2	MIR195	RASA1
MIR16-2	MIR195	ST8SIA3
MIR16-2	MIR195	PSKH1
MIR16-2	MIR195	RRM2B
MIR16-2	MIR195	MYO1G
MIR16-2	MIR195	CDK6
MIR16-2	MIR195	RRAGA
MIR16-2	MIR195	LARP4B
MIR16-2	MIR195	PPP2R5C
MIR16-2	MIR195	DNAJA1
MIR16-2	MIR195	MNT
MIR16-2	MIR195	SECISBP2L
MIR16-2	MIR195	DST
MIR16-2	MIR195	ARPP19
MIR16-2	MIR195	MAT2A
MIR16-2	MIR195	CCND1
MIR16-2	MIR195	IFT74
MIR16-2	MIR195	HNRNPDL
MIR16-2	MIR195	SVIP
MIR16-2	MIR195	METTL4
MIR16-2	MIR195	PINK1
MIR16-2	MIR195	PTPN3
MIR16-2	MIR195	TUBA1A
MIR16-2	MIR195	ABCC10
MIR16-2	MIR195	LRRC41
MIR16-2	MIR195	ECHDC1
MIR16-2	MIR195	PPM1A
MIR16-2	MIR195	ARHGEF18
MIR16-2	MIR195	USP54
MIR16-2	MIR195	AHI1
MIR16-2	MIR195	DESI1
MIR16-2	MIR195	PRKRA
MIR16-2	MIR195	FNDC3A
MIR16-2	MIR195	CDV3
MIR16-2	MIR195	PNPLA6
MIR16-2	MIR195	SEPT2
MIR16-2	MIR195	ATP13A3
MIR16-2	MIR195	TRAM1
MIR16-2	MIR195	TRRAP
MIR16-2	MIR195	PIK3CA
MIR16-2	MIR195	AKT3
MIR16-2	MIR195	PDE4DIP
MIR16-2	MIR195	HPS3
MIR16-2	MIR195	LRRK1
MIR16-2	MIR195	HIPK2
MIR16-2	MIR195	TAPT1
MIR16-2	MIR195	FRK
MIR16-2	MIR195	DNM1
MIR16-2	MIR195	NF1
MIR16-2	MIR195	DNM1L
MIR16-2	MIR195	KPNB1
MIR16-2	MIR195	RAB14
MIR16-2	MIR195	SH3D19
MIR16-2	MIR195	PPIG
MIR16-2	MIR195	VDAC1
MIR16-2	MIR195	SOCS6
MIR16-2	MIR195	ARMC1
MIR16-2	MIR195	ORMDL3
MIR16-2	MIR195	PIGB
MIR16-2	MIR195	WEE1
MIR16-2	MIR195	CLASP1
MIR16-2	MIR195	TMED7
MIR16-2	MIR195	KRT18
MIR16-2	MIR195	HMGA1
MIR16-2	MIR195	DHX15
MIR16-2	MIR195	CAB39
MIR16-2	MIR195	CELF1
MIR16-2	MIR195	NUFIP2
MIR16-2	MIR195	PAFAH1B2
MIR16-2	MIR195	BTG2
MIR16-2	MIR195	PLEKHM2
MIR16-2	MIR195	VTCN1
MIR16-2	MIR195	PLEKHA1
MIR16-2	MIR195	ANAPC13
MIR16-2	MIR195	ZW10
MIR16-2	MIR195	RPS25
MIR16-2	MIR195	NFE2L1
MIR16-2	MIR195	SLC30A8
MIR16-2	MIR195	ZBED5
MIR16-2	MIR195	KIAA1033
MIR16-2	MIR195	KIF21A
MIR16-2	MIR195	TFCP2
MIR16-2	MIR195	MYO19
MIR16-2	MIR195	MAPK8
MIR16-2	MIR195	ABCF2
MIR16-2	MIR195	KLHDC1
MIR16-2	MIR195	UBLCP1
MIR16-2	MIR195	USP42
MIR16-2	MIR195	NARF
MIR16-2	MIR195	LMAN1
MIR16-2	MIR195	HEATR1
MIR16-2	MIR195	PPP2R1B
MIR16-2	MIR195	PAFAH1B1
MIR16-2	MIR195	EIF5A
MIR16-2	MIR195	RCOR1
MIR16-2	MIR195	ELMO2
MIR16-2	MIR195	SOBP
MIR16-2	MIR195	PRRC1
MIR16-2	MIR195	CD300A
MIR16-2	MIR195	ATG9A
MIR16-2	MIR195	ODC1
MIR16-2	MIR195	FAM126B
MIR16-2	MIR195	SPPL2B
MIR16-2	MIR195	BACH1
MIR16-2	MIR195	HIST1H2AH
MIR16-2	MIR195	SGPP2
MIR16-2	MIR195	FRS2
MIR16-2	MIR195	STK38
MIR16-2	MIR195	PABPC4
MIR16-2	MIR195	ARL8B
MIR16-2	MIR195	MME
MIR16-2	MIR195	DUSP2
MIR16-2	MIR195	TRIM35
MIR16-2	MIR195	HTT
MIR16-2	MIR195	VDAC3
MIR16-2	MIR195	ATP2B1
MIR16-2	MIR195	SMTN
MIR16-2	MIR195	MBNL2
MIR16-2	MIR195	HIAT1
MIR16-2	MIR195	HDHD2
MIR16-2	MIR195	ADIPOR1
MIR16-2	MIR195	SKI
MIR16-2	MIR195	CD164
MIR16-2	MIR195	SLIT2
MIR16-2	MIR195	TRIM44
MIR16-2	MIR195	CALR
MIR16-2	MIR195	NUCKS1
MIR16-2	MIR195	TNRC6A
MIR16-2	MIR195	ABHD17B
MIR16-2	MIR195	ACP2
MIR16-2	MIR195	ASB1
MIR16-2	MIR195	NAPG
MIR16-2	MIR195	BCAP29
MIR16-2	MIR195	SMURF2
MIR16-2	MIR195	CCNA2
MIR16-2	MIR195	SLC38A9
MIR16-2	MIR195	CTDSP2
MIR16-2	MIR195	FNBP4
MIR16-2	MIR195	CACNA2D1
MIR16-2	MIR195	KIAA1468
MIR16-2	MIR195	SNRK
MIR16-2	MIR195	SLC1A5
MIR16-2	MIR195	RBM26
MIR16-2	MIR503	PIGB
MIR16-2	MIR503	WEE1
MIR16-2	MIR503	WSB1
MIR16-2	MIR503	QKI
MIR16-2	MIR503	LARP1
MIR16-2	MIR503	OTUD4
MIR16-2	MIR503	CLASP1
MIR16-2	MIR503	SACM1L
MIR16-2	MIR503	FAM98A
MIR16-2	MIR503	CPEB2
MIR16-2	MIR503	KRT18
MIR16-2	MIR503	IGF1R
MIR16-2	MIR503	DHX15
MIR16-2	MIR503	NBPF1
MIR16-2	MIR503	RARS
MIR16-2	MIR503	RHBDD1
MIR16-2	MIR503	ARMCX1
MIR16-2	MIR503	BTG2
MIR16-2	MIR503	VPS13A
MIR16-2	MIR503	CRKL
MIR16-2	MIR503	KATNAL1
MIR16-2	MIR503	KIF5B
MIR16-2	MIR503	MOSPD2
MIR16-2	MIR503	TMEM159
MIR16-2	MIR503	AP3D1
MIR16-2	MIR503	PLEKHA1
MIR16-2	MIR503	LTBP1
MIR16-2	MIR503	PRKAR1A
MIR16-2	MIR503	DMXL2
MIR16-2	MIR503	ZW10
MIR16-2	MIR503	NFE2L1
MIR16-2	MIR503	ARMC1
MIR16-2	MIR503	ZBED5
MIR16-2	MIR503	TMTC3
MIR16-2	MIR503	KIF21A
MIR16-2	MIR503	CREBRF
MIR16-2	MIR503	TLN1
MIR16-2	MIR503	ABCF2
MIR16-2	MIR503	NLRP1
MIR16-2	MIR503	TMEM123
MIR16-2	MIR503	VPS72
MIR16-2	MIR503	NARF
MIR16-2	MIR503	MCL1
MIR16-2	MIR503	LMAN1
MIR16-2	MIR503	HIVEP2
MIR16-2	MIR503	SCAMP2
MIR16-2	MIR503	VEGFA
MIR16-2	MIR503	FOSL2
MIR16-2	MIR503	SLC15A4
MIR16-2	MIR503	B4GALT5
MIR16-2	MIR503	UBE2T
MIR16-2	MIR503	MAGED1
MIR16-2	MIR503	RAI14
MIR16-2	MIR503	TLE4
MIR16-2	MIR503	CDCA4
MIR16-2	MIR503	FBXW7
MIR16-2	MIR503	NOL4L
MIR16-2	MIR503	N4BP1
MIR16-2	MIR503	TTC30B
MIR16-2	MIR503	FGF2
MIR16-2	MIR503	EIF2S3
MIR16-2	MIR503	HMGCS1
MIR16-2	MIR503	DSE
MIR16-2	MIR503	SRPR
MIR16-2	MIR503	ABCF1
MIR16-2	MIR503	PAM
MIR16-2	MIR503	PDCD4
MIR16-2	MIR503	RASA1
MIR16-2	MIR503	RECK
MIR16-2	MIR503	ELL2
MIR16-2	MIR503	MAN1A1
MIR16-2	MIR503	TXLNA
MIR16-2	MIR503	RRM2B
MIR16-2	MIR503	VCP
MIR16-2	MIR503	ZFHX3
MIR16-2	MIR503	FAM126B
MIR16-2	MIR503	ANXA4
MIR16-2	MIR503	FMNL2
MIR16-2	MIR503	ARID5B
MIR16-2	MIR503	TTK
MIR16-2	MIR503	SGPP2
MIR16-2	MIR503	RNF138
MIR16-2	MIR503	RRAS2
MIR16-2	MIR503	KIFAP3
MIR16-2	MIR503	BCL2
MIR16-2	MIR503	SECISBP2L
MIR16-2	MIR503	ACSL4
MIR16-2	MIR503	CACUL1
MIR16-2	MIR503	GPBP1L1
MIR16-2	MIR503	EIF4G1
MIR16-2	MIR503	DUSP2
MIR16-2	MIR503	MAT2A
MIR16-2	MIR503	BCL2L12
MIR16-2	MIR503	HTT
MIR16-2	MIR503	CCND1
MIR16-2	MIR503	JMJD1C
MIR16-2	MIR503	SF3B1
MIR16-2	MIR503	METTL4
MIR16-2	MIR503	SVIP
MIR16-2	MIR503	PRR3
MIR16-2	MIR503	SLC25A3
MIR16-2	MIR503	ANKRD52
MIR16-2	MIR503	SMTN
MIR16-2	MIR503	AIM1
MIR16-2	MIR503	ISYNA1
MIR16-2	MIR503	PXDN
MIR16-2	MIR503	UBE4B
MIR16-2	MIR503	SMAD7
MIR16-2	MIR503	SOX5
MIR16-2	MIR503	TRIM44
MIR16-2	MIR503	ZSWIM6
MIR16-2	MIR503	FNDC3A
MIR16-2	MIR503	NIN
MIR16-2	MIR503	TFG
MIR16-2	MIR503	NUCKS1
MIR16-2	MIR503	MACF1
MIR16-2	MIR503	UBA6
MIR16-2	MIR503	TNRC6A
MIR16-2	MIR503	NUP210
MIR16-2	MIR503	SEPT2
MIR16-2	MIR503	DCUN1D1
MIR16-2	MIR503	CCND2
MIR16-2	MIR503	ZMAT3
MIR16-2	MIR503	TLK1
MIR16-2	MIR503	PRRC2C
MIR16-2	MIR503	AKT3
MIR16-2	MIR503	HPS3
MIR16-2	MIR503	HIPK2
MIR16-2	MIR503	SMURF2
MIR16-2	MIR503	TSC22D2
MIR16-2	MIR503	ASH1L
MIR16-2	MIR503	IRF2
MIR16-2	MIR503	RTN4
MIR16-2	MIR503	KIAA0100
MIR16-2	MIR503	KLF7
MIR16-2	MIR503	KTN1
MIR16-2	MIR503	RAB14
MIR16-2	MIR503	CACNA2D1
MIR16-2	MIR503	G3BP2
MIR16-2	MIR503	ADORA2B
MIR16-2	MIR503	DYRK1B
MIR16-2	MIR503	RC3H2
MIR16-2	MIR503	NSRP1
MIR16-2	MIR503	RBM26
MIR195	MIR503	PIGB
MIR195	MIR503	WEE1
MIR195	MIR503	WSB1
MIR195	MIR503	QKI
MIR195	MIR503	OTUD4
MIR195	MIR503	CLASP1
MIR195	MIR503	SACM1L
MIR195	MIR503	FAM98A
MIR195	MIR503	CPEB2
MIR195	MIR503	KRT18
MIR195	MIR503	HLA-DQA1
MIR195	MIR503	IGF1R
MIR195	MIR503	DHX15
MIR195	MIR503	NBPF1
MIR195	MIR503	RARS
MIR195	MIR503	RHBDD1
MIR195	MIR503	ARMCX1
MIR195	MIR503	BTG2
MIR195	MIR503	VPS13A
MIR195	MIR503	CRKL
MIR195	MIR503	KATNAL1
MIR195	MIR503	KIF5B
MIR195	MIR503	MOSPD2
MIR195	MIR503	TMEM159
MIR195	MIR503	PLEKHA1
MIR195	MIR503	LTBP1
MIR195	MIR503	PRKAR1A
MIR195	MIR503	DMXL2
MIR195	MIR503	ZW10
MIR195	MIR503	NFE2L1
MIR195	MIR503	ARMC1
MIR195	MIR503	ZBED5
MIR195	MIR503	TMTC3
MIR195	MIR503	KIF21A
MIR195	MIR503	CREBRF
MIR195	MIR503	ABCF2
MIR195	MIR503	NLRP1
MIR195	MIR503	NARF
MIR195	MIR503	MCL1
MIR195	MIR503	LMAN1
MIR195	MIR503	HIVEP2
MIR195	MIR503	SCAMP2
MIR195	MIR503	VEGFA
MIR195	MIR503	FOSL2
MIR195	MIR503	SLC15A4
MIR195	MIR503	UBE2T
MIR195	MIR503	TLE4
MIR195	MIR503	CDCA4
MIR195	MIR503	FBXW7
MIR195	MIR503	NOL4L
MIR195	MIR503	N4BP1
MIR195	MIR503	TTC30B
MIR195	MIR503	FGF2
MIR195	MIR503	EIF2S3
MIR195	MIR503	DSE
MIR195	MIR503	SRPR
MIR195	MIR503	PAM
MIR195	MIR503	LAMC2
MIR195	MIR503	PDCD4
MIR195	MIR503	RASA1
MIR195	MIR503	RECK
MIR195	MIR503	ELL2
MIR195	MIR503	MAN1A1
MIR195	MIR503	TXLNA
MIR195	MIR503	RRM2B
MIR195	MIR503	VCP
MIR195	MIR503	ZFHX3
MIR195	MIR503	FAM126B
MIR195	MIR503	ANXA4
MIR195	MIR503	TTK
MIR195	MIR503	C1orf52
MIR195	MIR503	RNF138
MIR195	MIR503	RRAS2
MIR195	MIR503	SGPP2
MIR195	MIR503	KIFAP3
MIR195	MIR503	BCL2
MIR195	MIR503	SECISBP2L
MIR195	MIR503	ACSL4
MIR195	MIR503	CACUL1
MIR195	MIR503	GPBP1L1
MIR195	MIR503	MAT2A
MIR195	MIR503	DUSP2
MIR195	MIR503	BCL2L12
MIR195	MIR503	HTT
MIR195	MIR503	CCND1
MIR195	MIR503	JMJD1C
MIR195	MIR503	SF3B1
MIR195	MIR503	METTL4
MIR195	MIR503	SVIP
MIR195	MIR503	PRR3
MIR195	MIR503	SLC25A3
MIR195	MIR503	SMTN
MIR195	MIR503	AIM1
MIR195	MIR503	ISYNA1
MIR195	MIR503	UBE4B
MIR195	MIR503	SMAD7
MIR195	MIR503	SOX5
MIR195	MIR503	TRIM44
MIR195	MIR503	ZSWIM6
MIR195	MIR503	FNDC3A
MIR195	MIR503	NIN
MIR195	MIR503	TFG
MIR195	MIR503	NUCKS1
MIR195	MIR503	MACF1
MIR195	MIR503	UBA6
MIR195	MIR503	TNRC6A
MIR195	MIR503	NUP210
MIR195	MIR503	SEPT2
MIR195	MIR503	CCND2
MIR195	MIR503	KCTD10
MIR195	MIR503	ZMAT3
MIR195	MIR503	TLK1
MIR195	MIR503	PRRC2C
MIR195	MIR503	AKT3
MIR195	MIR503	HPS3
MIR195	MIR503	HIPK2
MIR195	MIR503	SMURF2
MIR195	MIR503	TSC22D2
MIR195	MIR503	ASH1L
MIR195	MIR503	IRF2
MIR195	MIR503	KIAA0100
MIR195	MIR503	KTN1
MIR195	MIR503	RAB14
MIR195	MIR503	CACNA2D1
MIR195	MIR503	ADORA2B
MIR195	MIR503	DYRK1B
MIR195	MIR503	RC3H2
MIR195	MIR503	NSRP1
MIR195	MIR503	RBM26
MIR181A1	MIR181A2	FAM168B
MIR181A1	MIR181A2	ARV1
MIR181A1	MIR181A2	SIL1
MIR181A1	MIR181A2	POLR2A
MIR181A1	MIR181A2	SLC25A25
MIR181A1	MIR181A2	SON
MIR181A1	MIR181A2	ATP5A1
MIR181A1	MIR181A2	DYNC1LI2
MIR181A1	MIR181A2	BRCA1
MIR181A1	MIR181A2	FOXP1
MIR181A1	MIR181A2	GABBR2
MIR181A1	MIR181A2	FAM160B1
MIR181A1	MIR181A2	FAM171A1
MIR181A1	MIR181A2	DUSP6
MIR181A1	MIR181A2	ADK
MIR181A1	MIR181A2	GBA2
MIR181A1	MIR181A2	TMEM241
MIR181A1	MIR181A2	LPAR1
MIR181A1	MIR181A2	TFPI
MIR181A1	MIR181A2	AAR2
MIR181A1	MIR181A2	YY1
MIR181A1	MIR181A2	CXorf23
MIR181A1	MIR181A2	UBR4
MIR181A1	MIR181A2	PRCP
MIR181A1	MIR181A2	CTSD
MIR181A1	MIR181A2	HMGA2
MIR181A1	MIR181A2	AGPAT9
MIR181A1	MIR181A2	ATP9A
MIR181A1	MIR181A2	ZC3H11A
MIR181A1	MIR181A2	DOCK1
MIR181A1	MIR181A2	PNMA1
MIR181A1	MIR181A2	COX7A2L
MIR181A1	MIR181A2	PRKDC
MIR181A1	MIR181A2	LMO2
MIR181A1	MIR181A2	E2F7
MIR181A1	MIR181A2	PRKCE
MIR181A1	MIR181A2	ZBTB37
MIR181A1	MIR181A2	CCNG1
MIR181A1	MIR181A2	DDHD1
MIR181A1	MIR181A2	SREBF2
MIR181A1	MIR181A2	MYH10
MIR181A1	MIR181A2	CENPI
MIR181A1	MIR181A2	FKBP1A
MIR181A1	MIR181A2	GPR183
MIR181A1	MIR181A2	USP7
MIR181A1	MIR181A2	XPO1
MIR181A1	MIR181A2	SMNDC1
MIR181A1	MIR181A2	SFT2D2
MIR181A1	MIR181A2	ZFP36L2
MIR181A1	MIR181A2	EPB41L3
MIR181A1	MIR181A2	AVEN
MIR181A1	MIR181A2	FIGN
MIR181A1	MIR181A2	ARHGEF15
MIR181A1	MIR181A2	SRGN
MIR181A1	MIR181A2	TMEM192
MIR181A1	MIR181A2	SRP72
MIR181A1	MIR181A2	CD93
MIR181A1	MIR181A2	ALDH1A1
MIR181A1	MIR181A2	SIRT1
MIR181A1	MIR181A2	S100A13
MIR181A1	MIR181A2	CYR61
MIR181A1	MIR181A2	ZYG11B
MIR181A1	MIR181A2	IPO5
MIR181A1	MIR181A2	RLF
MIR181A1	MIR181A2	SEC23A
MIR181A1	MIR181A2	ZBTB4
MIR181A1	MIR181A2	ITGA2
MIR181A1	MIR181A2	ERO1LB
MIR181A1	MIR181A2	CAP1
MIR181A1	MIR181A2	ADAM17
MIR181A1	MIR181A2	CDC42SE2
MIR181A1	MIR181A2	SMAD1
MIR181A1	MIR181A2	HLA-DQA2
MIR181A1	MIR181A2	CNOT1
MIR181A1	MIR181A2	BCL2
MIR181A1	MIR181A2	EYA3
MIR181A1	MIR181A2	MAP1B
MIR181A1	MIR181A2	ACSS2
MIR181A1	MIR181A2	F2R
MIR181A1	MIR181A2	UTP20
MIR181A1	MIR181A2	SACS
MIR181A1	MIR181A2	CUL4B
MIR181A1	MIR181A2	PTPN13
MIR181A1	MIR181A2	CHPF2
MIR181A1	MIR181A2	MEST
MIR181A1	MIR181A2	H2AFJ
MIR181A1	MIR181A2	MTCH2
MIR181A1	MIR181A2	GOLGA6L4
MIR181A1	MIR181A2	ARHGAP17
MIR181A1	MIR181A2	RC3H1
MIR181A1	MIR181A2	PRDX6
MIR181A1	MIR181A2	YWHAB
MIR181A1	MIR181A2	COL12A1
MIR181A1	MIR181A2	NIN
MIR181A1	MIR181A2	PALM2-AKAP2
MIR181A1	MIR181A2	GNA12
MIR181A1	MIR181A2	PSAP
MIR181A1	MIR181A2	EPC2
MIR181A1	MIR181A2	TGFBR2
MIR181A1	MIR181A2	TMEM87B
MIR181A1	MIR181A2	C16orf87
MIR181A1	MIR181A2	B4GALT1
MIR181A1	MIR181A2	TJP1
MIR181A1	MIR181A2	AVL9
MIR181A1	MIR181A2	ANKLE2
MIR181A1	MIR181A2	MMP14
MIR181A1	MIR181A2	COG3
MIR181A1	MIR181A2	AMOTL2
MIR181A1	MIR181A2	ZNF543
MIR181A1	MIR181A2	IGFBP4
MIR181A1	MIR181A2	LARS
MIR181A1	MIR181A2	CDC27
MIR181A1	MIR181A2	MFSD6
MIR181A1	MIR181A2	TMED4
MIR181A1	MIR181A2	RC3H2
MIR181A1	MIR181A2	THOC2
MIR181A1	MIR181A2	UBE2Q1
MIR181A1	MIR181A2	TBL1XR1
MIR181A1	MIR181A2	SMCHD1
MIR181A1	MIR181A2	SPIN1
MIR181A1	MIR181A2	ATL3
MIR181A1	MIR181A2	PQLC1
MIR181A1	MIR181A2	ZNF106
MIR181A1	MIR181A2	TRPC4AP
MIR181A1	MIR181A2	WSB1
MIR181A1	MIR181A2	ADH5
MIR181A1	MIR181A2	DEGS1
MIR181A1	MIR181A2	ANGPT2
MIR181A1	MIR181A2	SLC2A3
MIR181A1	MIR181A2	ATRN
MIR181A1	MIR181A2	PDS5B
MIR181A1	MIR181A2	ANKRD13C
MIR181A1	MIR181A2	SORBS3
MIR181A1	MIR181A2	FRMD6
MIR181A1	MIR181A2	GANAB
MIR181A1	MIR181A2	WDR48
MIR181A1	MIR181A2	ZNF618
MIR181A1	MIR181A2	BAZ2A
MIR181A1	MIR181A2	OGDH
MIR181A1	MIR181A2	HK1
MIR181A1	MIR181A2	JUN
MIR181A1	MIR181A2	EIF5
MIR181A1	MIR181A2	EIF4ENIF1
MIR181A1	MIR181A2	COPB1
MIR181A1	MIR181A2	ARCN1
MIR181A1	MIR181A2	ZNF217
MIR181A1	MIR181A2	CFL1
MIR181A1	MIR181A2	PTGFRN
MIR181A1	MIR181A2	FAM175B
MIR181A1	MIR181A2	NOTCH2
MIR181A1	MIR181A2	CD59
MIR181A1	MIR181A2	SCAMP2
MIR181A1	MIR181A2	THBS1
MIR181A1	MIR181A2	DCAF17
MIR181A1	MIR181A2	PSD3
MIR181A1	MIR181A2	FLNB
MIR181A1	MIR181A2	AKAP12
MIR181A1	MIR181A2	FOS
MIR181A1	MIR181A2	RAI14
MIR181A1	MIR181A2	NBN
MIR181A1	MIR181A2	CCSAP
MIR181A1	MIR181A2	UBE2J1
MIR181A1	MIR181A2	MAP3K8
MIR181A1	MIR181A2	NPTN
MIR181A1	MIR181A2	SFXN4
MIR181A1	MIR181A2	FURIN
MIR181A1	MIR181A2	FBXO11
MIR181A1	MIR181A2	ANKIB1
MIR181A1	MIR181A2	ABI2
MIR181A1	MIR181A2	FAM198B
MIR181A1	MIR181A2	MGA
MIR181A1	MIR181A2	SNRNP40
MIR181A1	MIR181A2	GLYCTK
MIR181A1	MIR181A2	CLEC16A
MIR181A1	MIR181A2	AEN
MIR181A1	MIR181A2	CPEB4
MIR181A1	MIR181A2	KSR2
MIR181A1	MIR181A2	TMF1
MIR181A1	MIR181A2	RPLP1
MIR181A1	MIR181A2	AHNAK
MIR181A1	MIR181A2	MATR3
MIR181A1	MIR181A2	CNIH1
MIR181A1	MIR181A2	ARHGEF28
MIR181A1	MIR181A2	ASXL1
MIR181A1	MIR181A2	IKBIP
MIR181A1	MIR181A2	ACSL4
MIR181A1	MIR181A2	UBE2D3
MIR181A1	MIR181A2	DENND5B
MIR181A1	MIR181A2	TSPAN5
MIR181A1	MIR181A2	JMJD1C
MIR181A1	MIR181A2	ZNF484
MIR181A1	MIR181A2	PHF10
MIR181A1	MIR181A2	BLMH
MIR181A1	MIR181A2	CEP55
MIR181A1	MIR181A2	MCFD2
MIR181A1	MIR181A2	MAP4K4
MIR181A1	MIR181A2	PTEN
MIR181A1	MIR181A2	TNPO3
MIR181A1	MIR181A2	HN1L
MIR181A1	MIR181A2	CLSTN1
MIR181A1	MIR181A2	TEAD4
MIR181A1	MIR181A2	AFTPH
MIR181A1	MIR181A2	HNRNPU
MIR181A1	MIR181A2	HSP90AA1
MIR181A1	MIR181A2	S1PR1
MIR181A1	MIR181A2	TAF7
MIR181A1	MIR181A2	ZNF544
MIR181A1	MIR181A2	ARHGAP35
MIR181A1	MIR181A2	BBS7
MIR181A1	MIR181A2	SPATA2
MIR181A1	MIR181A2	ERG
MIR181A1	MIR181A2	ADSS
MIR181A1	MIR181A2	BCAT1
MIR181A1	MIR181A2	EIF4A2
MIR181A1	MIR181A2	TCF4
MIR181A1	MIR181A2	PCGF5
MIR181A1	MIR181A2	MBNL1
MIR181A1	MIR181A2	LITAF
MIR181A1	MIR181A2	STC2
MIR181A1	MIR181A2	ULK1
MIR181A1	MIR181A2	WDR37
MIR181A1	MIR181A2	SPEN
MIR181A1	MIR181A2	CCNY
MIR181A1	MIR181A2	GPCPD1
MIR181A1	MIR181A2	IWS1
MIR181A1	MIR181A2	HSPA8
MIR181A1	MIR181A2	USP9X
MIR181A1	MIR181A2	PTGS2
MIR181A1	MIR181A2	NOTCH1
MIR181A1	MIR181A2	PITPNB
MIR181A1	MIR181A2	SLC25A36
MIR181A1	MIR181A2	SWAP70
MIR181A1	MIR181A2	FUS
MIR181A1	MIR181A2	RPLP0
MIR181A1	MIR181A2	G3BP2
MIR181A1	MIR181A2	LSG1
MIR181A1	MIR181A2	MMRN1
MIR181A1	MIR181A2	WNK1
MIR181A1	MIR181A2	ZNF22
MIR181A1	MIR181A2	ADM
MIR181A1	MIR181A2	PDIA6
MIR181A1	MIR181A2	ORAI1
MIR181A1	MIR181A2	PELI1
MIR181A1	MIR181A2	MT-ND2
MIR181A1	MIR181A2	PUM1
MIR181A1	MIR181A2	QKI
MIR181A1	MIR181A2	DIEXF
MIR181A1	MIR181A2	NR3C1
MIR181A1	MIR181A2	DHX33
MIR181A1	MIR181A2	SIN3A
MIR181A1	MIR181A2	PPP1CC
MIR181A1	MIR181A2	AP3D1
MIR181A1	MIR181A2	ASXL2
MIR181A1	MIR181A2	ATP6V0E2
MIR181A1	MIR181A2	HOOK3
MIR181A1	MIR181A2	SPTBN1
MIR181A1	MIR181A2	SRRM2
MIR181A1	MIR181A2	METAP1
MIR181A1	MIR181A2	HAS2
MIR181A1	MIR181A2	ICMT
MIR181A1	MIR181A2	MCL1
MIR181A1	MIR181A2	EIF2S1
MIR181A1	MIR181A2	ZFP36L1
MIR181A1	MIR181A2	POLR1D
MIR181A1	MIR181A2	ILF3
MIR181A1	MIR181A2	SAMD8
MIR181A1	MIR181A2	FOSL2
MIR181A1	MIR181A2	HERPUD1
MIR181A1	MIR181A2	C1orf131
MIR181A1	MIR181A2	ARL6IP1
MIR181A1	MIR181A2	GOLGA4
MIR181A1	MIR181A2	MAGED1
MIR181A1	MIR181A2	LAMC1
MIR181A1	MIR181A2	XRN1
MIR181A1	MIR181A2	UBE2B
MIR181A1	MIR181A2	BUB3
MIR181A1	MIR181A2	SFXN3
MIR181A1	MIR181A2	ABL2
MIR181A1	MIR181A2	BIRC5
MIR181A1	MIR181A2	NAA30
MIR181A1	MIR181A2	CTGF
MIR181A1	MIR181A2	BEND4
MIR181A1	MIR181A2	PKN2
MIR181A1	MIR181A2	CSE1L
MIR181A1	MIR181A2	MTMR12
MIR181A1	MIR181A2	NCS1
MIR181A1	MIR181A2	TM4SF1
MIR181A1	MIR181A2	ZFR
MIR181A1	MIR181A2	MARCH3
MIR181A1	MIR181A2	N4BP2L2
MIR181A1	MIR181A2	NAB1
MIR181A1	MIR181A2	SERPINE1
MIR181A1	MIR181A2	ST8SIA4
MIR181A1	MIR181A2	DDX3X
MIR181A1	MIR181A2	SLC16A3
MIR181A1	MIR181A2	IMPAD1
MIR181A1	MIR181A2	ANKRD44
MIR181A1	MIR181A2	ADIPOR2
MIR181A1	MIR181A2	COPS2
MIR181A1	MIR181A2	CHTF8
MIR181A1	MIR181A2	INTS6
MIR181A1	MIR181A2	MAT2A
MIR181A1	MIR181A2	ZFAND6
MIR181A1	MIR181A2	RNF24
MIR181A1	MIR181A2	MNDA
MIR181A1	MIR181A2	IGF2BP1
MIR181A1	MIR181A2	CCT3
MIR181A1	MIR181A2	RSPRY1
MIR181A1	MIR181A2	TMCO3
MIR181A1	MIR181A2	CEMIP
MIR181A1	MIR181A2	ENTPD6
MIR181A1	MIR181A2	UCHL1
MIR181A1	MIR181A2	ZNF717
MIR181A1	MIR181A2	SNX4
MIR181A1	MIR181A2	MGAT5
MIR181A1	MIR181A2	AKNA
MIR181A1	MIR181A2	CDV3
MIR181A1	MIR181A2	ARPC1B
MIR181A1	MIR181A2	G3BP1
MIR181A1	MIR181A2	ACTB
MIR181A1	MIR181A2	GDI2
MIR181A1	MIR181A2	ZNF260
MIR181A1	MIR181A2	TRRAP
MIR181A1	MIR181A2	FSTL1
MIR181A1	MIR181A2	SEC31A
MIR181A1	MIR181A2	AKT3
MIR181A1	MIR181A2	RBM27
MIR181A1	MIR181A2	SMC4
MIR181A1	MIR181A2	C9orf16
MIR181A1	MIR181A2	TMED8
MIR181A1	MIR181A2	RNF146
MIR181A1	MIR181A2	PLS3
MIR181A1	MIR181A2	VCL
MIR181A1	MIR181A2	HSP90B1
MIR181A1	MIR181A2	CLTC
MIR181A1	MIR181A2	DGCR2
MIR181A1	MIR181A2	NF1
MIR181A1	MIR181A2	TMEM30A
MIR181A1	MIR181A2	PRKCD
MIR181A1	MIR181A2	CAMK4
MIR181A1	MIR181A2	STX12
MIR181A1	MIR181A2	EIF1
MIR181A1	MIR181A2	YARS
MIR181A1	MIR181A2	ADCY9
MIR181A1	MIR181A2	C6orf48
MIR181A1	MIR181A2	RNF220
MIR181A1	MIR181A2	TUBB
MIR181A1	MIR181A2	BLOC1S5-TXNDC5
MIR181A1	MIR181A2	FAM208B
MIR181A1	MIR181A2	AFAP1
MIR181A1	MIR181A2	AGPAT3
MIR181A1	MIR181A2	SCAF11
MIR181A1	MIR181A2	ARID1B
MIR181A1	MIR181A2	CLASP1
MIR181A1	MIR181A2	SH2B3
MIR181A1	MIR181A2	NUMB
MIR181A1	MIR181A2	TCTN3
MIR181A1	MIR181A2	NCOA3
MIR181A1	MIR181A2	SCD
MIR181A1	MIR181A2	TRIP12
MIR181A1	MIR181A2	SMARCD1
MIR181A1	MIR181A2	ABI3BP
MIR181A1	MIR181A2	HK2
MIR181A1	MIR181A2	KAT6A
MIR181A1	MIR181A2	PPARA
MIR181A1	MIR181A2	COLGALT1
MIR181A1	MIR181A2	PEAR1
MIR181A1	MIR181A2	BRD1
MIR181A1	MIR181A2	PKIA
MIR181A1	MIR181A2	MYNN
MIR181A1	MIR181A2	SOGA1
MIR181A1	MIR181A2	MFAP3
MIR181A1	MIR181A2	FDX1L
MIR181A1	MIR181A2	UBR5
MIR181A1	MIR181A2	CCNT2
MIR181A1	MIR181A2	SELK
MIR181A1	MIR181A2	FBXL7
MIR181A1	MIR181A2	MFHAS1
MIR181A1	MIR181A2	NDUFS5
MIR181A1	MIR181A2	NFE2L1
MIR181A1	MIR181A2	AFF4
MIR181A1	MIR181A2	ARL4D
MIR181A1	MIR181A2	STRBP
MIR181A1	MIR181A2	ADAMTS2
MIR181A1	MIR181A2	ADAMTS9
MIR181A1	MIR181A2	PANK3
MIR181A1	MIR181A2	STX7
MIR181A1	MIR181A2	UBA2
MIR181A1	MIR181A2	TNRC6B
MIR181A1	MIR181A2	CAMK2N1
MIR181A1	MIR181A2	CTNNB1
MIR181A1	MIR181A2	HECTD1
MIR181A1	MIR181A2	SLC38A2
MIR181A1	MIR181A2	ZC3H12C
MIR181A1	MIR181A2	TIMP2
MIR181A1	MIR181A2	CEP97
MIR181A1	MIR181A2	NUP43
MIR181A1	MIR181A2	PGAP1
MIR181A1	MIR181A2	HNRNPF
MIR181A1	MIR181A2	GATC
MIR181A1	MIR181A2	DYNC1H1
MIR181A1	MIR181A2	KRAS
MIR181A1	MIR181A2	GPAA1
MIR181A1	MIR181A2	CARD10
MIR181A1	MIR181A2	CRIM1
MIR181A1	MIR181A2	PER2
MIR181A1	MIR181A2	APLP2
MIR181A1	MIR181A2	USP18
MIR181A1	MIR181A2	ATP8B1
MIR181A1	MIR181A2	DUSP4
MIR181A1	MIR181A2	BACH1
MIR181A1	MIR181A2	GSDMD
MIR181A1	MIR181A2	ZFAND3
MIR181A1	MIR181A2	CHD7
MIR181A1	MIR181A2	NAP1L1
MIR181A1	MIR181A2	RBBP7
MIR181A1	MIR181A2	XIAP
MIR181A1	MIR181A2	CLASP2
MIR181A1	MIR181A2	SLC19A2
MIR181A1	MIR181A2	LPCAT1
MIR181A1	MIR181A2	TTI1
MIR181A1	MIR181A2	PPP1CB
MIR181A1	MIR181A2	VASH1
MIR181A1	MIR181A2	ZNF627
MIR181A1	MIR181A2	DIP2B
MIR181A1	MIR181A2	CCNJ
MIR181A1	MIR181A2	MCTP1
MIR181A1	MIR181A2	KIAA1109
MIR181A1	MIR181A2	CEP57
MIR181A1	MIR181A2	HIST1H3D
MIR181A1	MIR181A2	ITGB1
MIR181A1	MIR181A2	DOCK10
MIR181A1	MIR181A2	TGFBR3
MIR181A1	MIR181A2	KDELR2
MIR181A1	MIR181A2	ZNF197
MIR181A1	MIR181A2	STRN
MIR181A1	MIR181A2	MARCKSL1
MIR181A1	MIR181A2	NUCKS1
MIR181A1	MIR181A2	GAPVD1
MIR181A1	MIR181A2	PTBP3
MIR181A1	MIR181A2	XPO6
MIR181A1	MIR181A2	TNPO1
MIR181A1	MIR181A2	CENPO
MIR181A1	MIR181A2	MED13
MIR181A1	MIR181A2	GXYLT1
MIR181A1	MIR181A2	RPL13A
MIR181A1	MIR181A2	TMSB4X
MIR181A1	MIR181A2	TP53
MIR181A1	MIR181A2	SNRNP200
MIR181A1	MIR181A2	EAPP
MIR181A1	MIR181A2	DAPK1
MIR181A1	MIR181A2	C2CD2
MIR181A1	MIR181A2	CTDSP2
MIR181A1	MIR181A2	IL1A
MIR181A1	MIR181A2	NIPBL
MIR181A1	MIR181A2	GPR75-ASB3
MIR181A1	MIR181A2	LDLRAP1
MIR181A1	MIR181A2	ZNF626
MIR181A1	MIR181A2	GFM1
MIR181A1	MIR181A2	C6orf106
MIR181A1	MIR181A2	KPNA6
MIR181A1	MIR181A2	UBE2N
MIR181A1	MIR181A2	APEX2
MIR181A1	MIR181A2	HMGB2
MIR181A1	MIR181A2	PPP1R15B
MIR181A1	MIR181A2	RBM26
MIR181A1	MIR181C	ADM
MIR181A1	MIR181C	FAM168B
MIR181A1	MIR181C	PDIA6
MIR181A1	MIR181C	PELI1
MIR181A1	MIR181C	SIL1
MIR181A1	MIR181C	AFAP1
MIR181A1	MIR181C	SLC25A25
MIR181A1	MIR181C	WSB1
MIR181A1	MIR181C	AGPAT3
MIR181A1	MIR181C	QKI
MIR181A1	MIR181C	DIEXF
MIR181A1	MIR181C	CLASP1
MIR181A1	MIR181C	DYNC1LI2
MIR181A1	MIR181C	NUMB
MIR181A1	MIR181C	NCOA3
MIR181A1	MIR181C	SLC2A3
MIR181A1	MIR181C	NR3C1
MIR181A1	MIR181C	BRCA1
MIR181A1	MIR181C	FOXP1
MIR181A1	MIR181C	ATRN
MIR181A1	MIR181C	ABI3BP
MIR181A1	MIR181C	DHX33
MIR181A1	MIR181C	ANKRD13C
MIR181A1	MIR181C	HK2
MIR181A1	MIR181C	PPARA
MIR181A1	MIR181C	LPAR1
MIR181A1	MIR181C	BRD1
MIR181A1	MIR181C	PKIA
MIR181A1	MIR181C	ASXL2
MIR181A1	MIR181C	MYNN
MIR181A1	MIR181C	SOGA1
MIR181A1	MIR181C	MFAP3
MIR181A1	MIR181C	YY1
MIR181A1	MIR181C	CXorf23
MIR181A1	MIR181C	UBR4
MIR181A1	MIR181C	CCNT2
MIR181A1	MIR181C	MFHAS1
MIR181A1	MIR181C	NFE2L1
MIR181A1	MIR181C	AGPAT9
MIR181A1	MIR181C	SRRM2
MIR181A1	MIR181C	ATP9A
MIR181A1	MIR181C	AFF4
MIR181A1	MIR181C	ZC3H11A
MIR181A1	MIR181C	RALGPS2
MIR181A1	MIR181C	ARL4D
MIR181A1	MIR181C	STRBP
MIR181A1	MIR181C	JUN
MIR181A1	MIR181C	ADAMTS2
MIR181A1	MIR181C	COPB1
MIR181A1	MIR181C	METAP1
MIR181A1	MIR181C	HAS2
MIR181A1	MIR181C	ZNF217
MIR181A1	MIR181C	E2F7
MIR181A1	MIR181C	ZFP36L1
MIR181A1	MIR181C	STX7
MIR181A1	MIR181C	SAMD8
MIR181A1	MIR181C	UBA2
MIR181A1	MIR181C	CD59
MIR181A1	MIR181C	DDHD1
MIR181A1	MIR181C	SCAMP2
MIR181A1	MIR181C	DCAF17
MIR181A1	MIR181C	MYH10
MIR181A1	MIR181C	TNRC6B
MIR181A1	MIR181C	PSD3
MIR181A1	MIR181C	CAMK2N1
MIR181A1	MIR181C	GPR183
MIR181A1	MIR181C	AKAP12
MIR181A1	MIR181C	SLC38A2
MIR181A1	MIR181C	ZC3H12C
MIR181A1	MIR181C	USP38
MIR181A1	MIR181C	XPO1
MIR181A1	MIR181C	CALM1
MIR181A1	MIR181C	FOS
MIR181A1	MIR181C	XRN1
MIR181A1	MIR181C	NBN
MIR181A1	MIR181C	ZFP36L2
MIR181A1	MIR181C	CCSAP
MIR181A1	MIR181C	UBE2J1
MIR181A1	MIR181C	CEP97
MIR181A1	MIR181C	UBE2B
MIR181A1	MIR181C	BUB3
MIR181A1	MIR181C	ACSL1
MIR181A1	MIR181C	FIGN
MIR181A1	MIR181C	SRGN
MIR181A1	MIR181C	FBXO11
MIR181A1	MIR181C	SRP72
MIR181A1	MIR181C	ANKIB1
MIR181A1	MIR181C	GATC
MIR181A1	MIR181C	KRAS
MIR181A1	MIR181C	CTGF
MIR181A1	MIR181C	MGA
MIR181A1	MIR181C	CYR61
MIR181A1	MIR181C	ZYG11B
MIR181A1	MIR181C	BEND4
MIR181A1	MIR181C	IPO5
MIR181A1	MIR181C	CRIM1
MIR181A1	MIR181C	RLF
MIR181A1	MIR181C	ZBTB4
MIR181A1	MIR181C	PER2
MIR181A1	MIR181C	PKN2
MIR181A1	MIR181C	CLEC16A
MIR181A1	MIR181C	CSE1L
MIR181A1	MIR181C	RPL36AL
MIR181A1	MIR181C	ITGA2
MIR181A1	MIR181C	ERO1LB
MIR181A1	MIR181C	AEN
MIR181A1	MIR181C	NAB1
MIR181A1	MIR181C	CPEB4
MIR181A1	MIR181C	BACH1
MIR181A1	MIR181C	RPLP1
MIR181A1	MIR181C	ST8SIA4
MIR181A1	MIR181C	TMF1
MIR181A1	MIR181C	ZFAND3
MIR181A1	MIR181C	ADAM17
MIR181A1	MIR181C	SMCHD1
MIR181A1	MIR181C	AHNAK
MIR181A1	MIR181C	MATR3
MIR181A1	MIR181C	HLA-DQA2
MIR181A1	MIR181C	DDX3X
MIR181A1	MIR181C	IKBIP
MIR181A1	MIR181C	IMPAD1
MIR181A1	MIR181C	RBBP7
MIR181A1	MIR181C	ANKRD44
MIR181A1	MIR181C	SLC19A2
MIR181A1	MIR181C	ADIPOR2
MIR181A1	MIR181C	COPS2
MIR181A1	MIR181C	CNOT1
MIR181A1	MIR181C	TTI1
MIR181A1	MIR181C	PPP1CB
MIR181A1	MIR181C	HIPK1
MIR181A1	MIR181C	DENND5B
MIR181A1	MIR181C	INTS6
MIR181A1	MIR181C	MAT2A
MIR181A1	MIR181C	UBE2D3
MIR181A1	MIR181C	RNF24
MIR181A1	MIR181C	ZFAND6
MIR181A1	MIR181C	MAP1B
MIR181A1	MIR181C	MNDA
MIR181A1	MIR181C	IGF2BP1
MIR181A1	MIR181C	JMJD1C
MIR181A1	MIR181C	ZNF627
MIR181A1	MIR181C	ZNF484
MIR181A1	MIR181C	RSPRY1
MIR181A1	MIR181C	MCFD2
MIR181A1	MIR181C	UTP20
MIR181A1	MIR181C	PTEN
MIR181A1	MIR181C	CCNJ
MIR181A1	MIR181C	CEMIP
MIR181A1	MIR181C	CUL4B
MIR181A1	MIR181C	SACS
MIR181A1	MIR181C	ITGB1
MIR181A1	MIR181C	CLSTN1
MIR181A1	MIR181C	ENTPD6
MIR181A1	MIR181C	MEST
MIR181A1	MIR181C	AFTPH
MIR181A1	MIR181C	HNRNPU
MIR181A1	MIR181C	HSP90AA1
MIR181A1	MIR181C	S1PR1
MIR181A1	MIR181C	GOLGA6L4
MIR181A1	MIR181C	DOCK10
MIR181A1	MIR181C	TGFBR3
MIR181A1	MIR181C	RC3H1
MIR181A1	MIR181C	UCHL1
MIR181A1	MIR181C	KDELR2
MIR181A1	MIR181C	SNX4
MIR181A1	MIR181C	SPATA2
MIR181A1	MIR181C	COL12A1
MIR181A1	MIR181C	ZNF197
MIR181A1	MIR181C	STRN
MIR181A1	MIR181C	NIN
MIR181A1	MIR181C	G3BP1
MIR181A1	MIR181C	PCGF5
MIR181A1	MIR181C	PSAP
MIR181A1	MIR181C	EPC2
MIR181A1	MIR181C	TGFBR2
MIR181A1	MIR181C	CLCN6
MIR181A1	MIR181C	ZNF260
MIR181A1	MIR181C	PTBP3
MIR181A1	MIR181C	TMEM87B
MIR181A1	MIR181C	FSTL1
MIR181A1	MIR181C	TNPO1
MIR181A1	MIR181C	LITAF
MIR181A1	MIR181C	STC2
MIR181A1	MIR181C	AKT3
MIR181A1	MIR181C	RBM27
MIR181A1	MIR181C	C16orf87
MIR181A1	MIR181C	WDR37
MIR181A1	MIR181C	MED13
MIR181A1	MIR181C	GPCPD1
MIR181A1	MIR181C	COG3
MIR181A1	MIR181C	HSPA8
MIR181A1	MIR181C	PLS3
MIR181A1	MIR181C	VCL
MIR181A1	MIR181C	HSP90B1
MIR181A1	MIR181C	AMOTL2
MIR181A1	MIR181C	WDR1
MIR181A1	MIR181C	DGCR2
MIR181A1	MIR181C	NF1
MIR181A1	MIR181C	PTGS2
MIR181A1	MIR181C	DAPK1
MIR181A1	MIR181C	PRKCD
MIR181A1	MIR181C	C2CD2
MIR181A1	MIR181C	PANX1
MIR181A1	MIR181C	PITPNB
MIR181A1	MIR181C	SLC25A36
MIR181A1	MIR181C	CAMK4
MIR181A1	MIR181C	STX12
MIR181A1	MIR181C	SWAP70
MIR181A1	MIR181C	MFSD6
MIR181A1	MIR181C	ADCY9
MIR181A1	MIR181C	IL1A
MIR181A1	MIR181C	RPLP0
MIR181A1	MIR181C	G3BP2
MIR181A1	MIR181C	AKAP13
MIR181A1	MIR181C	ZNF626
MIR181A1	MIR181C	TUBB
MIR181A1	MIR181C	THOC2
MIR181A1	MIR181C	HMGB2
MIR181A1	MIR181C	WNK1
MIR181A1	MIR181C	RBM26
MIR181A2	MIR181C	ADM
MIR181A2	MIR181C	FAM168B
MIR181A2	MIR181C	PDIA6
MIR181A2	MIR181C	PELI1
MIR181A2	MIR181C	SIL1
MIR181A2	MIR181C	AFAP1
MIR181A2	MIR181C	SLC25A25
MIR181A2	MIR181C	WSB1
MIR181A2	MIR181C	AGPAT3
MIR181A2	MIR181C	QKI
MIR181A2	MIR181C	DIEXF
MIR181A2	MIR181C	CLASP1
MIR181A2	MIR181C	DYNC1LI2
MIR181A2	MIR181C	NUMB
MIR181A2	MIR181C	NCOA3
MIR181A2	MIR181C	SLC2A3
MIR181A2	MIR181C	NR3C1
MIR181A2	MIR181C	BRCA1
MIR181A2	MIR181C	FOXP1
MIR181A2	MIR181C	ATRN
MIR181A2	MIR181C	ABI3BP
MIR181A2	MIR181C	DHX33
MIR181A2	MIR181C	ANKRD13C
MIR181A2	MIR181C	HK2
MIR181A2	MIR181C	PPARA
MIR181A2	MIR181C	LPAR1
MIR181A2	MIR181C	BRD1
MIR181A2	MIR181C	PKIA
MIR181A2	MIR181C	ASXL2
MIR181A2	MIR181C	MYNN
MIR181A2	MIR181C	SOGA1
MIR181A2	MIR181C	MFAP3
MIR181A2	MIR181C	YY1
MIR181A2	MIR181C	CXorf23
MIR181A2	MIR181C	UBR4
MIR181A2	MIR181C	CCNT2
MIR181A2	MIR181C	MFHAS1
MIR181A2	MIR181C	NFE2L1
MIR181A2	MIR181C	AGPAT9
MIR181A2	MIR181C	SRRM2
MIR181A2	MIR181C	ATP9A
MIR181A2	MIR181C	AFF4
MIR181A2	MIR181C	ZC3H11A
MIR181A2	MIR181C	ARL4D
MIR181A2	MIR181C	STRBP
MIR181A2	MIR181C	JUN
MIR181A2	MIR181C	ADAMTS2
MIR181A2	MIR181C	COPB1
MIR181A2	MIR181C	METAP1
MIR181A2	MIR181C	HAS2
MIR181A2	MIR181C	ZNF217
MIR181A2	MIR181C	E2F7
MIR181A2	MIR181C	ZFP36L1
MIR181A2	MIR181C	STX7
MIR181A2	MIR181C	SAMD8
MIR181A2	MIR181C	UBA2
MIR181A2	MIR181C	CD59
MIR181A2	MIR181C	DDHD1
MIR181A2	MIR181C	SCAMP2
MIR181A2	MIR181C	DCAF17
MIR181A2	MIR181C	MYH10
MIR181A2	MIR181C	TNRC6B
MIR181A2	MIR181C	PSD3
MIR181A2	MIR181C	CAMK2N1
MIR181A2	MIR181C	GPR183
MIR181A2	MIR181C	AKAP12
MIR181A2	MIR181C	SLC38A2
MIR181A2	MIR181C	ZC3H12C
MIR181A2	MIR181C	XPO1
MIR181A2	MIR181C	FOS
MIR181A2	MIR181C	XRN1
MIR181A2	MIR181C	NBN
MIR181A2	MIR181C	ZFP36L2
MIR181A2	MIR181C	CCSAP
MIR181A2	MIR181C	UBE2J1
MIR181A2	MIR181C	CEP97
MIR181A2	MIR181C	UBE2B
MIR181A2	MIR181C	BUB3
MIR181A2	MIR181C	FIGN
MIR181A2	MIR181C	SRGN
MIR181A2	MIR181C	FBXO11
MIR181A2	MIR181C	SRP72
MIR181A2	MIR181C	ANKIB1
MIR181A2	MIR181C	GATC
MIR181A2	MIR181C	KRAS
MIR181A2	MIR181C	CTGF
MIR181A2	MIR181C	MGA
MIR181A2	MIR181C	CYR61
MIR181A2	MIR181C	ZYG11B
MIR181A2	MIR181C	BEND4
MIR181A2	MIR181C	IPO5
MIR181A2	MIR181C	CRIM1
MIR181A2	MIR181C	RLF
MIR181A2	MIR181C	ZBTB4
MIR181A2	MIR181C	PER2
MIR181A2	MIR181C	PKN2
MIR181A2	MIR181C	CLEC16A
MIR181A2	MIR181C	CSE1L
MIR181A2	MIR181C	ITGA2
MIR181A2	MIR181C	ERO1LB
MIR181A2	MIR181C	AEN
MIR181A2	MIR181C	NAB1
MIR181A2	MIR181C	CPEB4
MIR181A2	MIR181C	BACH1
MIR181A2	MIR181C	RPLP1
MIR181A2	MIR181C	ST8SIA4
MIR181A2	MIR181C	TMF1
MIR181A2	MIR181C	ZFAND3
MIR181A2	MIR181C	ADAM17
MIR181A2	MIR181C	SMCHD1
MIR181A2	MIR181C	AHNAK
MIR181A2	MIR181C	MATR3
MIR181A2	MIR181C	HLA-DQA2
MIR181A2	MIR181C	DDX3X
MIR181A2	MIR181C	IKBIP
MIR181A2	MIR181C	IMPAD1
MIR181A2	MIR181C	RBBP7
MIR181A2	MIR181C	ANKRD44
MIR181A2	MIR181C	SLC19A2
MIR181A2	MIR181C	ADIPOR2
MIR181A2	MIR181C	COPS2
MIR181A2	MIR181C	CNOT1
MIR181A2	MIR181C	TTI1
MIR181A2	MIR181C	PPP1CB
MIR181A2	MIR181C	INTS6
MIR181A2	MIR181C	DENND5B
MIR181A2	MIR181C	UBE2D3
MIR181A2	MIR181C	MAT2A
MIR181A2	MIR181C	ZFAND6
MIR181A2	MIR181C	RNF24
MIR181A2	MIR181C	MAP1B
MIR181A2	MIR181C	MNDA
MIR181A2	MIR181C	IGF2BP1
MIR181A2	MIR181C	JMJD1C
MIR181A2	MIR181C	ZNF627
MIR181A2	MIR181C	ZNF484
MIR181A2	MIR181C	RSPRY1
MIR181A2	MIR181C	MCFD2
MIR181A2	MIR181C	UTP20
MIR181A2	MIR181C	PTEN
MIR181A2	MIR181C	CCNJ
MIR181A2	MIR181C	CEMIP
MIR181A2	MIR181C	CUL4B
MIR181A2	MIR181C	SACS
MIR181A2	MIR181C	ITGB1
MIR181A2	MIR181C	CLSTN1
MIR181A2	MIR181C	ENTPD6
MIR181A2	MIR181C	MEST
MIR181A2	MIR181C	AFTPH
MIR181A2	MIR181C	HNRNPU
MIR181A2	MIR181C	HSP90AA1
MIR181A2	MIR181C	S1PR1
MIR181A2	MIR181C	GOLGA6L4
MIR181A2	MIR181C	DOCK10
MIR181A2	MIR181C	TGFBR3
MIR181A2	MIR181C	RC3H1
MIR181A2	MIR181C	UCHL1
MIR181A2	MIR181C	KDELR2
MIR181A2	MIR181C	SNX4
MIR181A2	MIR181C	SPATA2
MIR181A2	MIR181C	COL12A1
MIR181A2	MIR181C	ZNF197
MIR181A2	MIR181C	STRN
MIR181A2	MIR181C	NIN
MIR181A2	MIR181C	G3BP1
MIR181A2	MIR181C	PCGF5
MIR181A2	MIR181C	PSAP
MIR181A2	MIR181C	RAB22A
MIR181A2	MIR181C	EPC2
MIR181A2	MIR181C	TGFBR2
MIR181A2	MIR181C	ZNF260
MIR181A2	MIR181C	PTBP3
MIR181A2	MIR181C	TMEM87B
MIR181A2	MIR181C	FSTL1
MIR181A2	MIR181C	TNPO1
MIR181A2	MIR181C	LITAF
MIR181A2	MIR181C	STC2
MIR181A2	MIR181C	AKT3
MIR181A2	MIR181C	RBM27
MIR181A2	MIR181C	C16orf87
MIR181A2	MIR181C	WDR37
MIR181A2	MIR181C	MED13
MIR181A2	MIR181C	GPCPD1
MIR181A2	MIR181C	COG3
MIR181A2	MIR181C	HSPA8
MIR181A2	MIR181C	PLS3
MIR181A2	MIR181C	VCL
MIR181A2	MIR181C	HSP90B1
MIR181A2	MIR181C	AMOTL2
MIR181A2	MIR181C	DGCR2
MIR181A2	MIR181C	NF1
MIR181A2	MIR181C	PTGS2
MIR181A2	MIR181C	DAPK1
MIR181A2	MIR181C	PRKCD
MIR181A2	MIR181C	C2CD2
MIR181A2	MIR181C	PITPNB
MIR181A2	MIR181C	SLC25A36
MIR181A2	MIR181C	CAMK4
MIR181A2	MIR181C	STX12
MIR181A2	MIR181C	SWAP70
MIR181A2	MIR181C	MFSD6
MIR181A2	MIR181C	ADCY9
MIR181A2	MIR181C	IL1A
MIR181A2	MIR181C	RPLP0
MIR181A2	MIR181C	G3BP2
MIR181A2	MIR181C	TGIF1
MIR181A2	MIR181C	ZNF626
MIR181A2	MIR181C	WDR45B
MIR181A2	MIR181C	TUBB
MIR181A2	MIR181C	THOC2
MIR181A2	MIR181C	HMGB2
MIR181A2	MIR181C	WNK1
MIR181A2	MIR181C	RBM26
MIR181B1	MIR181B2	ADM
MIR181B1	MIR181B2	TRANK1
MIR181B1	MIR181B2	PELI1
MIR181B1	MIR181B2	CD2AP
MIR181B1	MIR181B2	SLC25A25
MIR181B1	MIR181B2	SPIDR
MIR181B1	MIR181B2	QKI
MIR181B1	MIR181B2	DIEXF
MIR181B1	MIR181B2	LRP1
MIR181B1	MIR181B2	GDA
MIR181B1	MIR181B2	CLASP1
MIR181B1	MIR181B2	DYNC1LI2
MIR181B1	MIR181B2	NUMB
MIR181B1	MIR181B2	ARNT2
MIR181B1	MIR181B2	NCOA3
MIR181B1	MIR181B2	NR3C1
MIR181B1	MIR181B2	BRCA1
MIR181B1	MIR181B2	ARHGAP5
MIR181B1	MIR181B2	FOXP1
MIR181B1	MIR181B2	ARHGAP18
MIR181B1	MIR181B2	ABI3BP
MIR181B1	MIR181B2	DHX33
MIR181B1	MIR181B2	ANKRD13C
MIR181B1	MIR181B2	HK2
MIR181B1	MIR181B2	RPRD1A
MIR181B1	MIR181B2	KHSRP
MIR181B1	MIR181B2	DYNLL2
MIR181B1	MIR181B2	PPARA
MIR181B1	MIR181B2	FBXO34
MIR181B1	MIR181B2	LPAR1
MIR181B1	MIR181B2	BRD1
MIR181B1	MIR181B2	PKIA
MIR181B1	MIR181B2	ASXL2
MIR181B1	MIR181B2	CTDSPL2
MIR181B1	MIR181B2	LIF
MIR181B1	MIR181B2	MYNN
MIR181B1	MIR181B2	SOGA1
MIR181B1	MIR181B2	CXCL2
MIR181B1	MIR181B2	PDE10A
MIR181B1	MIR181B2	UBE4A
MIR181B1	MIR181B2	YY1
MIR181B1	MIR181B2	BBC3
MIR181B1	MIR181B2	MFHAS1
MIR181B1	MIR181B2	AGPAT9
MIR181B1	MIR181B2	HLA-DRB1
MIR181B1	MIR181B2	AFF4
MIR181B1	MIR181B2	ZC3H11A
MIR181B1	MIR181B2	PCNXL4
MIR181B1	MIR181B2	CNN3
MIR181B1	MIR181B2	ADAMTS2
MIR181B1	MIR181B2	COPB1
MIR181B1	MIR181B2	NHLRC2
MIR181B1	MIR181B2	CEBPB
MIR181B1	MIR181B2	HAS2
MIR181B1	MIR181B2	ZNF217
MIR181B1	MIR181B2	CDCP1
MIR181B1	MIR181B2	MCL1
MIR181B1	MIR181B2	SNX5
MIR181B1	MIR181B2	E2F7
MIR181B1	MIR181B2	PAK3
MIR181B1	MIR181B2	ZFP36L1
MIR181B1	MIR181B2	SAMD8
MIR181B1	MIR181B2	UBA2
MIR181B1	MIR181B2	DDHD1
MIR181B1	MIR181B2	SCAMP2
MIR181B1	MIR181B2	DCAF17
MIR181B1	MIR181B2	MYH10
MIR181B1	MIR181B2	ZNF439
MIR181B1	MIR181B2	C20orf173
MIR181B1	MIR181B2	PSD3
MIR181B1	MIR181B2	CAMK2N1
MIR181B1	MIR181B2	FOSL2
MIR181B1	MIR181B2	GPR183
MIR181B1	MIR181B2	HGSNAT
MIR181B1	MIR181B2	AKAP12
MIR181B1	MIR181B2	ZC3H12C
MIR181B1	MIR181B2	GAS7
MIR181B1	MIR181B2	FOS
MIR181B1	MIR181B2	MTPN
MIR181B1	MIR181B2	RQCD1
MIR181B1	MIR181B2	NBN
MIR181B1	MIR181B2	ZFP36L2
MIR181B1	MIR181B2	UBE2J1
MIR181B1	MIR181B2	DHCR24
MIR181B1	MIR181B2	CEP97
MIR181B1	MIR181B2	SLC7A11
MIR181B1	MIR181B2	UBE2B
MIR181B1	MIR181B2	BUB3
MIR181B1	MIR181B2	FIGN
MIR181B1	MIR181B2	SRGN
MIR181B1	MIR181B2	UBE2Z
MIR181B1	MIR181B2	CD48
MIR181B1	MIR181B2	ANKIB1
MIR181B1	MIR181B2	GATC
MIR181B1	MIR181B2	TAF15
MIR181B1	MIR181B2	WWP1
MIR181B1	MIR181B2	SIRT1
MIR181B1	MIR181B2	NUP54
MIR181B1	MIR181B2	RCN1
MIR181B1	MIR181B2	CTGF
MIR181B1	MIR181B2	MGA
MIR181B1	MIR181B2	PAM
MIR181B1	MIR181B2	BEND4
MIR181B1	MIR181B2	RLF
MIR181B1	MIR181B2	CRIM1
MIR181B1	MIR181B2	ARHGAP11A
MIR181B1	MIR181B2	ZBTB4
MIR181B1	MIR181B2	ZNF700
MIR181B1	MIR181B2	PKN2
MIR181B1	MIR181B2	DNAH14
MIR181B1	MIR181B2	BEX2
MIR181B1	MIR181B2	ITGA2
MIR181B1	MIR181B2	DIDO1
MIR181B1	MIR181B2	CAP1
MIR181B1	MIR181B2	AEN
MIR181B1	MIR181B2	NAB1
MIR181B1	MIR181B2	HSPH1
MIR181B1	MIR181B2	CPEB4
MIR181B1	MIR181B2	ERO1LB
MIR181B1	MIR181B2	SERPINE1
MIR181B1	MIR181B2	TMF1
MIR181B1	MIR181B2	ST8SIA4
MIR181B1	MIR181B2	ZFAND3
MIR181B1	MIR181B2	NAP1L1
MIR181B1	MIR181B2	AHNAK
MIR181B1	MIR181B2	RBBP7
MIR181B1	MIR181B2	HLA-DQA2
MIR181B1	MIR181B2	DDX3X
MIR181B1	MIR181B2	IKBIP
MIR181B1	MIR181B2	XIAP
MIR181B1	MIR181B2	ARRDC3
MIR181B1	MIR181B2	ANKRD44
MIR181B1	MIR181B2	SLC19A2
MIR181B1	MIR181B2	SCRN1
MIR181B1	MIR181B2	COPS2
MIR181B1	MIR181B2	CNOT1
MIR181B1	MIR181B2	C5orf34
MIR181B1	MIR181B2	BCL2
MIR181B1	MIR181B2	TTI1
MIR181B1	MIR181B2	INTS6
MIR181B1	MIR181B2	DENND5B
MIR181B1	MIR181B2	MME
MIR181B1	MIR181B2	TSPAN5
MIR181B1	MIR181B2	RNF24
MIR181B1	MIR181B2	CCL2
MIR181B1	MIR181B2	ZFAND6
MIR181B1	MIR181B2	MAP1B
MIR181B1	MIR181B2	MNDA
MIR181B1	MIR181B2	ZNF627
MIR181B1	MIR181B2	EP300
MIR181B1	MIR181B2	RSPRY1
MIR181B1	MIR181B2	PTEN
MIR181B1	MIR181B2	CCNJ
MIR181B1	MIR181B2	MEST
MIR181B1	MIR181B2	CLSTN1
MIR181B1	MIR181B2	AFTPH
MIR181B1	MIR181B2	HNRNPU
MIR181B1	MIR181B2	LUM
MIR181B1	MIR181B2	XRCC6
MIR181B1	MIR181B2	GOLGA6L4
MIR181B1	MIR181B2	RC3H1
MIR181B1	MIR181B2	SIK2
MIR181B1	MIR181B2	KDELR2
MIR181B1	MIR181B2	SNX4
MIR181B1	MIR181B2	SPATA2
MIR181B1	MIR181B2	COL12A1
MIR181B1	MIR181B2	ZNF197
MIR181B1	MIR181B2	STRN
MIR181B1	MIR181B2	PGRMC2
MIR181B1	MIR181B2	NIN
MIR181B1	MIR181B2	EIF4A2
MIR181B1	MIR181B2	ZNF33A
MIR181B1	MIR181B2	FLVCR1
MIR181B1	MIR181B2	HIST1H4E
MIR181B1	MIR181B2	ZNF606
MIR181B1	MIR181B2	G3BP1
MIR181B1	MIR181B2	ZXDC
MIR181B1	MIR181B2	PSAP
MIR181B1	MIR181B2	BAG4
MIR181B1	MIR181B2	EPC2
MIR181B1	MIR181B2	TGFBR2
MIR181B1	MIR181B2	PTBP3
MIR181B1	MIR181B2	ZBTB9
MIR181B1	MIR181B2	ARID1A
MIR181B1	MIR181B2	FSTL1
MIR181B1	MIR181B2	TNPO1
MIR181B1	MIR181B2	STC2
MIR181B1	MIR181B2	RBM27
MIR181B1	MIR181B2	C16orf87
MIR181B1	MIR181B2	STIP1
MIR181B1	MIR181B2	MED13
MIR181B1	MIR181B2	WDR37
MIR181B1	MIR181B2	LCOR
MIR181B1	MIR181B2	ZNF429
MIR181B1	MIR181B2	EGLN1
MIR181B1	MIR181B2	GPCPD1
MIR181B1	MIR181B2	EML5
MIR181B1	MIR181B2	ZNF655
MIR181B1	MIR181B2	ZNF596
MIR181B1	MIR181B2	KLHDC10
MIR181B1	MIR181B2	NF1
MIR181B1	MIR181B2	RNF145
MIR181B1	MIR181B2	ZNF587B
MIR181B1	MIR181B2	PRKCD
MIR181B1	MIR181B2	C2CD2
MIR181B1	MIR181B2	ABCC1
MIR181B1	MIR181B2	TBC1D5
MIR181B1	MIR181B2	KPNB1
MIR181B1	MIR181B2	PITPNB
MIR181B1	MIR181B2	ZNF638
MIR181B1	MIR181B2	CAMK4
MIR181B1	MIR181B2	SWAP70
MIR181B1	MIR181B2	ZNF160
MIR181B1	MIR181B2	DDIT4
MIR181B1	MIR181B2	HUWE1
MIR181B1	MIR181B2	IL1A
MIR181B1	MIR181B2	HNRNPA0
MIR181B1	MIR181B2	RPLP0
MIR181B1	MIR181B2	EYA1
MIR181B1	MIR181B2	G3BP2
MIR181B1	MIR181B2	ZNF331
MIR181B1	MIR181B2	RAP1GAP2
MIR181B1	MIR181B2	RPS8
MIR181B1	MIR181B2	ZNF721
MIR181B1	MIR181B2	ATP11A
MIR181B1	MIR181B2	RNF19A
MIR181B1	MIR181B2	SPRED1
MIR181B1	MIR181B2	HMGB2
MIR181B1	MIR181B2	THOC2
MIR181B1	MIR181B2	WNK1
MIR181B1	MIR181B2	TBL1XR1
MIR181B1	MIR181B2	SMCHD1
MIR181B1	MIR181D	ADM
MIR181B1	MIR181D	PELI1
MIR181B1	MIR181D	CD2AP
MIR181B1	MIR181D	SLC25A25
MIR181B1	MIR181D	DIEXF
MIR181B1	MIR181D	LRP1
MIR181B1	MIR181D	DYNC1LI2
MIR181B1	MIR181D	ARNT2
MIR181B1	MIR181D	NCOA3
MIR181B1	MIR181D	ARHGAP5
MIR181B1	MIR181D	BRCA1
MIR181B1	MIR181D	FOXP1
MIR181B1	MIR181D	ARHGAP18
MIR181B1	MIR181D	ABI3BP
MIR181B1	MIR181D	HK2
MIR181B1	MIR181D	KHSRP
MIR181B1	MIR181D	PPARA
MIR181B1	MIR181D	BRD1
MIR181B1	MIR181D	PKIA
MIR181B1	MIR181D	CTDSPL2
MIR181B1	MIR181D	LIF
MIR181B1	MIR181D	SOGA1
MIR181B1	MIR181D	CXCL2
MIR181B1	MIR181D	YY1
MIR181B1	MIR181D	UBE4A
MIR181B1	MIR181D	BBC3
MIR181B1	MIR181D	AGPAT9
MIR181B1	MIR181D	HLA-DRB1
MIR181B1	MIR181D	AFF4
MIR181B1	MIR181D	CNN3
MIR181B1	MIR181D	NHLRC2
MIR181B1	MIR181D	CEBPB
MIR181B1	MIR181D	HAS2
MIR181B1	MIR181D	ZNF217
MIR181B1	MIR181D	CDCP1
MIR181B1	MIR181D	E2F7
MIR181B1	MIR181D	ZFP36L1
MIR181B1	MIR181D	SAMD8
MIR181B1	MIR181D	DDHD1
MIR181B1	MIR181D	SCAMP2
MIR181B1	MIR181D	DCAF17
MIR181B1	MIR181D	ZNF439
MIR181B1	MIR181D	PSD3
MIR181B1	MIR181D	CAMK2N1
MIR181B1	MIR181D	FOSL2
MIR181B1	MIR181D	GPR183
MIR181B1	MIR181D	ZC3H12C
MIR181B1	MIR181D	GAS7
MIR181B1	MIR181D	FOS
MIR181B1	MIR181D	MTPN
MIR181B1	MIR181D	NBN
MIR181B1	MIR181D	ZFP36L2
MIR181B1	MIR181D	DHCR24
MIR181B1	MIR181D	CEP97
MIR181B1	MIR181D	SLC7A11
MIR181B1	MIR181D	UBE2B
MIR181B1	MIR181D	BUB3
MIR181B1	MIR181D	FIGN
MIR181B1	MIR181D	UBE2Z
MIR181B1	MIR181D	CD48
MIR181B1	MIR181D	ANKIB1
MIR181B1	MIR181D	GATC
MIR181B1	MIR181D	TAF15
MIR181B1	MIR181D	NUP54
MIR181B1	MIR181D	CTGF
MIR181B1	MIR181D	MGA
MIR181B1	MIR181D	BEND4
MIR181B1	MIR181D	CRIM1
MIR181B1	MIR181D	ARHGAP11A
MIR181B1	MIR181D	ZNF700
MIR181B1	MIR181D	PKN2
MIR181B1	MIR181D	DIDO1
MIR181B1	MIR181D	CAP1
MIR181B1	MIR181D	AEN
MIR181B1	MIR181D	NAB1
MIR181B1	MIR181D	HSPH1
MIR181B1	MIR181D	SERPINE1
MIR181B1	MIR181D	TMF1
MIR181B1	MIR181D	ST8SIA4
MIR181B1	MIR181D	ZFAND3
MIR181B1	MIR181D	AHNAK
MIR181B1	MIR181D	RBBP7
MIR181B1	MIR181D	HLA-DQA2
MIR181B1	MIR181D	IKBIP
MIR181B1	MIR181D	ARRDC3
MIR181B1	MIR181D	ANKRD44
MIR181B1	MIR181D	SLC19A2
MIR181B1	MIR181D	SCRN1
MIR181B1	MIR181D	COPS2
MIR181B1	MIR181D	CNOT1
MIR181B1	MIR181D	TTI1
MIR181B1	MIR181D	INTS6
MIR181B1	MIR181D	DENND5B
MIR181B1	MIR181D	MME
MIR181B1	MIR181D	TSPAN5
MIR181B1	MIR181D	RNF24
MIR181B1	MIR181D	CCL2
MIR181B1	MIR181D	ZFAND6
MIR181B1	MIR181D	MAP1B
MIR181B1	MIR181D	MNDA
MIR181B1	MIR181D	ZNF627
MIR181B1	MIR181D	RSPRY1
MIR181B1	MIR181D	MEST
MIR181B1	MIR181D	CLSTN1
MIR181B1	MIR181D	AFTPH
MIR181B1	MIR181D	LUM
MIR181B1	MIR181D	RC3H1
MIR181B1	MIR181D	KDELR2
MIR181B1	MIR181D	SPATA2
MIR181B1	MIR181D	COL12A1
MIR181B1	MIR181D	ZNF197
MIR181B1	MIR181D	PGRMC2
MIR181B1	MIR181D	NIN
MIR181B1	MIR181D	EIF4A2
MIR181B1	MIR181D	HIST1H4E
MIR181B1	MIR181D	G3BP1
MIR181B1	MIR181D	EPC2
MIR181B1	MIR181D	TGFBR2
MIR181B1	MIR181D	ZBTB9
MIR181B1	MIR181D	ARID1A
MIR181B1	MIR181D	FSTL1
MIR181B1	MIR181D	TNPO1
MIR181B1	MIR181D	STC2
MIR181B1	MIR181D	RBM27
MIR181B1	MIR181D	C16orf87
MIR181B1	MIR181D	STIP1
MIR181B1	MIR181D	MED13
MIR181B1	MIR181D	WDR37
MIR181B1	MIR181D	LCOR
MIR181B1	MIR181D	GPCPD1
MIR181B1	MIR181D	KLHDC10
MIR181B1	MIR181D	NF1
MIR181B1	MIR181D	TBC1D5
MIR181B1	MIR181D	C2CD2
MIR181B1	MIR181D	ABCC1
MIR181B1	MIR181D	ZNF638
MIR181B1	MIR181D	CAMK4
MIR181B1	MIR181D	SWAP70
MIR181B1	MIR181D	ZNF160
MIR181B1	MIR181D	IL1A
MIR181B1	MIR181D	HNRNPA0
MIR181B1	MIR181D	RPLP0
MIR181B1	MIR181D	ZNF721
MIR181B1	MIR181D	ATP11A
MIR181B1	MIR181D	RNF19A
MIR181B1	MIR181D	SPRED1
MIR181B1	MIR181D	HMGB2
MIR181B1	MIR181D	THOC2
MIR181B1	MIR181D	TBL1XR1
MIR181B2	MIR181D	ADM
MIR181B2	MIR181D	PELI1
MIR181B2	MIR181D	CD2AP
MIR181B2	MIR181D	SLC25A25
MIR181B2	MIR181D	DIEXF
MIR181B2	MIR181D	LRP1
MIR181B2	MIR181D	DYNC1LI2
MIR181B2	MIR181D	ARNT2
MIR181B2	MIR181D	NCOA3
MIR181B2	MIR181D	ARHGAP5
MIR181B2	MIR181D	BRCA1
MIR181B2	MIR181D	FOXP1
MIR181B2	MIR181D	ARHGAP18
MIR181B2	MIR181D	ABI3BP
MIR181B2	MIR181D	HK2
MIR181B2	MIR181D	KHSRP
MIR181B2	MIR181D	PPARA
MIR181B2	MIR181D	BRD1
MIR181B2	MIR181D	PKIA
MIR181B2	MIR181D	CTDSPL2
MIR181B2	MIR181D	LIF
MIR181B2	MIR181D	SOGA1
MIR181B2	MIR181D	CXCL2
MIR181B2	MIR181D	YY1
MIR181B2	MIR181D	UBE4A
MIR181B2	MIR181D	BBC3
MIR181B2	MIR181D	AGPAT9
MIR181B2	MIR181D	HLA-DRB1
MIR181B2	MIR181D	AFF4
MIR181B2	MIR181D	CNN3
MIR181B2	MIR181D	NHLRC2
MIR181B2	MIR181D	CEBPB
MIR181B2	MIR181D	HAS2
MIR181B2	MIR181D	ZNF217
MIR181B2	MIR181D	CDCP1
MIR181B2	MIR181D	E2F7
MIR181B2	MIR181D	ZFP36L1
MIR181B2	MIR181D	SAMD8
MIR181B2	MIR181D	DDHD1
MIR181B2	MIR181D	SCAMP2
MIR181B2	MIR181D	DCAF17
MIR181B2	MIR181D	ZNF439
MIR181B2	MIR181D	PSD3
MIR181B2	MIR181D	CAMK2N1
MIR181B2	MIR181D	FOSL2
MIR181B2	MIR181D	GPR183
MIR181B2	MIR181D	ZC3H12C
MIR181B2	MIR181D	GAS7
MIR181B2	MIR181D	FOS
MIR181B2	MIR181D	MTPN
MIR181B2	MIR181D	NBN
MIR181B2	MIR181D	ZFP36L2
MIR181B2	MIR181D	DHCR24
MIR181B2	MIR181D	CEP97
MIR181B2	MIR181D	SLC7A11
MIR181B2	MIR181D	UBE2B
MIR181B2	MIR181D	BUB3
MIR181B2	MIR181D	FIGN
MIR181B2	MIR181D	UBE2Z
MIR181B2	MIR181D	CD48
MIR181B2	MIR181D	ANKIB1
MIR181B2	MIR181D	GATC
MIR181B2	MIR181D	TAF15
MIR181B2	MIR181D	NUP54
MIR181B2	MIR181D	CTGF
MIR181B2	MIR181D	MGA
MIR181B2	MIR181D	BEND4
MIR181B2	MIR181D	CRIM1
MIR181B2	MIR181D	ARHGAP11A
MIR181B2	MIR181D	ZNF700
MIR181B2	MIR181D	PKN2
MIR181B2	MIR181D	DIDO1
MIR181B2	MIR181D	CAP1
MIR181B2	MIR181D	AEN
MIR181B2	MIR181D	NAB1
MIR181B2	MIR181D	HSPH1
MIR181B2	MIR181D	SERPINE1
MIR181B2	MIR181D	TMF1
MIR181B2	MIR181D	ST8SIA4
MIR181B2	MIR181D	ZFAND3
MIR181B2	MIR181D	AHNAK
MIR181B2	MIR181D	RBBP7
MIR181B2	MIR181D	HLA-DQA2
MIR181B2	MIR181D	IKBIP
MIR181B2	MIR181D	ARRDC3
MIR181B2	MIR181D	ANKRD44
MIR181B2	MIR181D	SLC19A2
MIR181B2	MIR181D	SCRN1
MIR181B2	MIR181D	COPS2
MIR181B2	MIR181D	CNOT1
MIR181B2	MIR181D	TTI1
MIR181B2	MIR181D	INTS6
MIR181B2	MIR181D	DENND5B
MIR181B2	MIR181D	MME
MIR181B2	MIR181D	TSPAN5
MIR181B2	MIR181D	RNF24
MIR181B2	MIR181D	CCL2
MIR181B2	MIR181D	ZFAND6
MIR181B2	MIR181D	MAP1B
MIR181B2	MIR181D	MNDA
MIR181B2	MIR181D	ZNF627
MIR181B2	MIR181D	RSPRY1
MIR181B2	MIR181D	MEST
MIR181B2	MIR181D	CLSTN1
MIR181B2	MIR181D	AFTPH
MIR181B2	MIR181D	LUM
MIR181B2	MIR181D	RC3H1
MIR181B2	MIR181D	KDELR2
MIR181B2	MIR181D	SPATA2
MIR181B2	MIR181D	COL12A1
MIR181B2	MIR181D	ZNF197
MIR181B2	MIR181D	PGRMC2
MIR181B2	MIR181D	NIN
MIR181B2	MIR181D	EIF4A2
MIR181B2	MIR181D	HIST1H4E
MIR181B2	MIR181D	G3BP1
MIR181B2	MIR181D	EPC2
MIR181B2	MIR181D	TGFBR2
MIR181B2	MIR181D	ZBTB9
MIR181B2	MIR181D	ARID1A
MIR181B2	MIR181D	FSTL1
MIR181B2	MIR181D	TNPO1
MIR181B2	MIR181D	STC2
MIR181B2	MIR181D	RBM27
MIR181B2	MIR181D	C16orf87
MIR181B2	MIR181D	STIP1
MIR181B2	MIR181D	MED13
MIR181B2	MIR181D	WDR37
MIR181B2	MIR181D	LCOR
MIR181B2	MIR181D	GPCPD1
MIR181B2	MIR181D	KLHDC10
MIR181B2	MIR181D	NF1
MIR181B2	MIR181D	TBC1D5
MIR181B2	MIR181D	C2CD2
MIR181B2	MIR181D	ABCC1
MIR181B2	MIR181D	ZNF638
MIR181B2	MIR181D	CAMK4
MIR181B2	MIR181D	SWAP70
MIR181B2	MIR181D	ZNF160
MIR181B2	MIR181D	IL1A
MIR181B2	MIR181D	HNRNPA0
MIR181B2	MIR181D	RPLP0
MIR181B2	MIR181D	ZNF721
MIR181B2	MIR181D	ATP11A
MIR181B2	MIR181D	RNF19A
MIR181B2	MIR181D	SPRED1
MIR181B2	MIR181D	HMGB2
MIR181B2	MIR181D	THOC2
MIR181B2	MIR181D	TBL1XR1
MIR18A	MIR18B	HCFC2
MIR18A	MIR18B	RNF157
MIR18A	MIR18B	KIF20A
MIR18A	MIR18B	CLIP3
MIR18A	MIR18B	PRRX1
MIR18A	MIR18B	ZNF493
MIR18A	MIR18B	OTUD4
MIR18A	MIR18B	PHC3
MIR18A	MIR18B	ATXN10
MIR18A	MIR18B	HLA-DQA1
MIR18A	MIR18B	STARD3
MIR18A	MIR18B	PDS5B
MIR18A	MIR18B	EPDR1
MIR18A	MIR18B	KIAA0430
MIR18A	MIR18B	ZCCHC3
MIR18A	MIR18B	TNFAIP3
MIR18A	MIR18B	CELF1
MIR18A	MIR18B	YTHDF3
MIR18A	MIR18B	SYT16
MIR18A	MIR18B	PHC2
MIR18A	MIR18B	RBM38
MIR18A	MIR18B	STK4
MIR18A	MIR18B	INADL
MIR18A	MIR18B	TIMM17A
MIR18A	MIR18B	LIF
MIR18A	MIR18B	SNX1
MIR18A	MIR18B	SMC6
MIR18A	MIR18B	CCNL2
MIR18A	MIR18B	NT5DC2
MIR18A	MIR18B	DCLRE1B
MIR18A	MIR18B	YY1
MIR18A	MIR18B	ADAM9
MIR18A	MIR18B	KPNA3
MIR18A	MIR18B	MGAT4B
MIR18A	MIR18B	PSG4
MIR18A	MIR18B	SLC20A2
MIR18A	MIR18B	EFTUD2
MIR18A	MIR18B	NSUN7
MIR18A	MIR18B	PAPD4
MIR18A	MIR18B	IKZF5
MIR18A	MIR18B	COPB1
MIR18A	MIR18B	ZNF217
MIR18A	MIR18B	PANK3
MIR18A	MIR18B	ATP2A3
MIR18A	MIR18B	IDS
MIR18A	MIR18B	ZFP36L1
MIR18A	MIR18B	IMMT
MIR18A	MIR18B	DNAL1
MIR18A	MIR18B	SREBF1
MIR18A	MIR18B	CNOT11
MIR18A	MIR18B	ATF1
MIR18A	MIR18B	LRRC8D
MIR18A	MIR18B	GPSM1
MIR18A	MIR18B	NUP160
MIR18A	MIR18B	MAPK1IP1L
MIR18A	MIR18B	ARF6
MIR18A	MIR18B	CDCA4
MIR18A	MIR18B	NEDD4
MIR18A	MIR18B	ATF7IP
MIR18A	MIR18B	PCDHA9
MIR18A	MIR18B	SSH1
MIR18A	MIR18B	FUBP1
MIR18A	MIR18B	PBRM1
MIR18A	MIR18B	RBPJ
MIR18A	MIR18B	ABHD13
MIR18A	MIR18B	SRGN
MIR18A	MIR18B	SERTAD3
MIR18A	MIR18B	SEMA7A
MIR18A	MIR18B	DCAF7
MIR18A	MIR18B	BOD1L1
MIR18A	MIR18B	ZNF519
MIR18A	MIR18B	YTHDF1
MIR18A	MIR18B	RPL17
MIR18A	MIR18B	PLEKHG2
MIR18A	MIR18B	RNF213
MIR18A	MIR18B	MAP3K9
MIR18A	MIR18B	PFKP
MIR18A	MIR18B	NDUFV3
MIR18A	MIR18B	SECISBP2L
MIR18A	MIR18B	ZFP69
MIR18A	MIR18B	PPP1CB
MIR18A	MIR18B	UBAP1
MIR18A	MIR18B	NUP214
MIR18A	MIR18B	SRP14
MIR18A	MIR18B	APH1B
MIR18A	MIR18B	SHISA5
MIR18A	MIR18B	KIAA1109
MIR18A	MIR18B	MYL9
MIR18A	MIR18B	ATP2B1
MIR18A	MIR18B	UBE2R2
MIR18A	MIR18B	CCNL1
MIR18A	MIR18B	CD164
MIR18A	MIR18B	ADD1
MIR18A	MIR18B	BICD2
MIR18A	MIR18B	PABPC1
MIR18A	MIR18B	BROX
MIR18A	MIR18B	ENPP2
MIR18A	MIR18B	MAMLD1
MIR18A	MIR18B	GUCY1A3
MIR18A	MIR18B	CCND2
MIR18A	MIR18B	FAM114A1
MIR18A	MIR18B	ASB1
MIR18A	MIR18B	ENPP1
MIR18A	MIR18B	TMEM87B
MIR18A	MIR18B	VTI1A
MIR18A	MIR18B	PHF19
MIR18A	MIR18B	GALNT1
MIR18A	MIR18B	FBN2
MIR18A	MIR18B	ZNFX1
MIR18A	MIR18B	DICER1
MIR18A	MIR18B	ATXN7
MIR18A	MIR18B	HIPK2
MIR18A	MIR18B	TTF2
MIR18A	MIR18B	SURF4
MIR18A	MIR18B	ZNF91
MIR18A	MIR18B	LMNA
MIR18A	MIR18B	DAPK1
MIR18A	MIR18B	PRKCD
MIR18A	MIR18B	RALGAPA2
MIR18A	MIR18B	DMXL1
MIR18A	MIR18B	DCAKD
MIR18A	MIR18B	TAPBP
MIR18A	MIR18B	LMNB2
MIR18A	MIR18B	NIPBL
MIR18A	MIR18B	GRPEL1
MIR18A	MIR18B	TRIM22
MIR18A	MIR18B	SNX13
MIR18A	MIR18B	PRDX3
MIR18A	MIR18B	GSPT1
MIR18A	MIR18B	PPP1R15B
MIR190A	MIR190B	not_in_G
MIR193A	MIR193B	TMF1
MIR193A	MIR193B	MCL1
MIR193A	MIR193B	TNFRSF1B
MIR193A	MIR193B	TMTC1
MIR193A	MIR193B	PPP2R5C
MIR193A	MIR193B	UBE3A
MIR193A	MIR193B	ZEB2
MIR193A	MIR193B	BRWD3
MIR193A	MIR193B	SNX9
MIR193A	MIR193B	RPS6
MIR193A	MIR193B	WDR82
MIR193A	MIR193B	AHNAK
MIR193A	MIR193B	GNB2L1
MIR193A	MIR193B	CDCA7L
MIR193A	MIR193B	TPP1
MIR193A	MIR193B	GAS1
MIR193A	MIR193B	PPIF
MIR193A	MIR193B	GFPT1
MIR193A	MIR193B	ALG2
MIR193A	MIR193B	RICTOR
MIR193A	MIR193B	NUPL1
MIR193A	MIR193B	PHF3
MIR193A	MIR193B	SEC23B
MIR193A	MIR193B	TRIP12
MIR193A	MIR193B	CDK5RAP1
MIR193A	MIR193B	IRF2BP2
MIR193A	MIR193B	SENP5
MIR193A	MIR193B	HECTD1
MIR193A	MIR193B	SRCAP
MIR193A	MIR193B	GNPTAB
MIR193A	MIR193B	PI4KA
MIR193A	MIR193B	KCTD5
MIR193A	MIR193B	KIAA0430
MIR193A	MIR193B	CCND1
MIR193A	MIR193B	FAM193A
MIR193A	MIR193B	SFT2D2
MIR193A	MIR193B	CDCA4
MIR193A	MIR193B	PCBP1
MIR193A	MIR193B	DYNLL2
MIR193A	MIR193B	CCDC28A
MIR193A	MIR193B	DRAM1
MIR193A	MIR193B	IWS1
MIR193A	MIR193B	HSPA8
MIR193A	MIR193B	DUSP16
MIR193A	MIR193B	GREM1
MIR193A	MIR193B	NRIP1
MIR193A	MIR193B	AP2M1
MIR193A	MIR193B	ATIC
MIR193A	MIR193B	CDS2
MIR193A	MIR193B	ZNF292
MIR193A	MIR193B	CTDSPL2
MIR193A	MIR193B	LIPA
MIR193A	MIR193B	PTBP2
MIR193A	MIR193B	PRRC2A
MIR193A	MIR193B	SNX17
MIR193A	MIR193B	SDC1
MIR193A	MIR193B	TMEM43
MIR193A	MIR193B	DDB1
MIR193A	MIR193B	ABI2
MIR193A	MIR193B	ABHD17C
MIR193A	MIR193B	SEC24B
MIR193A	MIR193B	LAMTOR1
MIR193A	MIR193B	TP53BP2
MIR193A	MIR193B	FST
MIR193A	MIR193B	KIF3A
MIR193A	MIR193B	HIF1A
MIR193A	MIR193B	FNDC3A
MIR193A	MIR193B	SLC35D2
MIR193A	MIR193B	RGMB
MIR193A	MIR193B	RBBP8
MIR193A	MIR193B	INPPL1
MIR193A	MIR193B	BAG2
MIR193A	MIR193B	LYRM2
MIR194-1	MIR194-2	ASAP1
MIR194-1	MIR194-2	TTC3
MIR194-1	MIR194-2	CYTH3
MIR194-1	MIR194-2	IKZF3
MIR194-1	MIR194-2	CD2AP
MIR194-1	MIR194-2	GPR158
MIR194-1	MIR194-2	RPE
MIR194-1	MIR194-2	ACBD3
MIR194-1	MIR194-2	TMED7
MIR194-1	MIR194-2	LAPTM4A
MIR194-1	MIR194-2	AKAP6
MIR194-1	MIR194-2	TRIP12
MIR194-1	MIR194-2	SLC2A3
MIR194-1	MIR194-2	RP11-35N6.1
MIR194-1	MIR194-2	HLA-DQA1
MIR194-1	MIR194-2	C7orf60
MIR194-1	MIR194-2	FAM160B1
MIR194-1	MIR194-2	LIMK2
MIR194-1	MIR194-2	CYP20A1
MIR194-1	MIR194-2	EVI5
MIR194-1	MIR194-2	PRDM2
MIR194-1	MIR194-2	DCAF6
MIR194-1	MIR194-2	DSC2
MIR194-1	MIR194-2	PCLO
MIR194-1	MIR194-2	TMEM87A
MIR194-1	MIR194-2	APP
MIR194-1	MIR194-2	RAB2A
MIR194-1	MIR194-2	ZNF518A
MIR194-1	MIR194-2	ATP9A
MIR194-1	MIR194-2	EDEM3
MIR194-1	MIR194-2	JADE1
MIR194-1	MIR194-2	CHP1
MIR194-1	MIR194-2	TBCK
MIR194-1	MIR194-2	ZNF217
MIR194-1	MIR194-2	ITGB8
MIR194-1	MIR194-2	FAM60A
MIR194-1	MIR194-2	RNF6
MIR194-1	MIR194-2	MCL1
MIR194-1	MIR194-2	CLCN5
MIR194-1	MIR194-2	ETNK1
MIR194-1	MIR194-2	BTAF1
MIR194-1	MIR194-2	FEM1C
MIR194-1	MIR194-2	TECPR2
MIR194-1	MIR194-2	RGPD3
MIR194-1	MIR194-2	ST13
MIR194-1	MIR194-2	THBS1
MIR194-1	MIR194-2	RICTOR
MIR194-1	MIR194-2	REV3L
MIR194-1	MIR194-2	FOSL2
MIR194-1	MIR194-2	DDX17
MIR194-1	MIR194-2	HECTD1
MIR194-1	MIR194-2	SLAIN2
MIR194-1	MIR194-2	FAM193B
MIR194-1	MIR194-2	TLE4
MIR194-1	MIR194-2	MYL12B
MIR194-1	MIR194-2	DHCR24
MIR194-1	MIR194-2	GYG1
MIR194-1	MIR194-2	KRR1
MIR194-1	MIR194-2	ITSN1
MIR194-1	MIR194-2	PSMD13
MIR194-1	MIR194-2	SRGN
MIR194-1	MIR194-2	DYNC1H1
MIR194-1	MIR194-2	RNF217
MIR194-1	MIR194-2	MTHFD2
MIR194-1	MIR194-2	NAA35
MIR194-1	MIR194-2	RBM39
MIR194-1	MIR194-2	PVRL4
MIR194-1	MIR194-2	ZCCHC2
MIR194-1	MIR194-2	BMPR2
MIR194-1	MIR194-2	IL6ST
MIR194-1	MIR194-2	PCBD1
MIR194-1	MIR194-2	TAF1
MIR194-1	MIR194-2	TSC2
MIR194-1	MIR194-2	CHD6
MIR194-1	MIR194-2	ASCC3
MIR194-1	MIR194-2	GNAI3
MIR194-1	MIR194-2	CLDND1
MIR194-1	MIR194-2	BBS2
MIR194-1	MIR194-2	TOR1AIP1
MIR194-1	MIR194-2	ZNF281
MIR194-1	MIR194-2	BIRC6
MIR194-1	MIR194-2	DCUN1D4
MIR194-1	MIR194-2	C14orf159
MIR194-1	MIR194-2	CAV1
MIR194-1	MIR194-2	ARRDC3
MIR194-1	MIR194-2	CDH11
MIR194-1	MIR194-2	INPP5K
MIR194-1	MIR194-2	ARPP19
MIR194-1	MIR194-2	KDM4A
MIR194-1	MIR194-2	MAP1B
MIR194-1	MIR194-2	JMJD1C
MIR194-1	MIR194-2	RWDD2A
MIR194-1	MIR194-2	USP33
MIR194-1	MIR194-2	CCT3
MIR194-1	MIR194-2	SLC7A2
MIR194-1	MIR194-2	SACS
MIR194-1	MIR194-2	CUL4B
MIR194-1	MIR194-2	CECR5
MIR194-1	MIR194-2	ZDHHC21
MIR194-1	MIR194-2	GOLM1
MIR194-1	MIR194-2	TGFBR3
MIR194-1	MIR194-2	RIMS2
MIR194-1	MIR194-2	OSBP
MIR194-1	MIR194-2	TSC22D1
MIR194-1	MIR194-2	BCAT1
MIR194-1	MIR194-2	MDFIC
MIR194-1	MIR194-2	ITPRIPL2
MIR194-1	MIR194-2	PRKD3
MIR194-1	MIR194-2	IST1
MIR194-1	MIR194-2	MACF1
MIR194-1	MIR194-2	G3BP1
MIR194-1	MIR194-2	THAP10
MIR194-1	MIR194-2	NEMF
MIR194-1	MIR194-2	ZSWIM4
MIR194-1	MIR194-2	CHAC1
MIR194-1	MIR194-2	TLK1
MIR194-1	MIR194-2	TMEM132B
MIR194-1	MIR194-2	FNBP1
MIR194-1	MIR194-2	CTTNBP2
MIR194-1	MIR194-2	CDKN1B
MIR194-1	MIR194-2	SCP2
MIR194-1	MIR194-2	NUP107
MIR194-1	MIR194-2	RABAC1
MIR194-1	MIR194-2	SRCAP
MIR194-1	MIR194-2	LDLR
MIR194-1	MIR194-2	CBLB
MIR194-1	MIR194-2	PCNX
MIR194-1	MIR194-2	DDB1
MIR194-1	MIR194-2	RAB11FIP2
MIR194-1	MIR194-2	RBX1
MIR194-1	MIR194-2	TM9SF2
MIR194-1	MIR194-2	UBN2
MIR194-1	MIR194-2	CYB5R4
MIR194-1	MIR194-2	PSME4
MIR194-1	MIR194-2	TGIF1
MIR194-1	MIR194-2	CHD1
MIR194-1	MIR194-2	SLC1A5
MIR194-1	MIR194-2	KANK2
MIR194-1	MIR194-2	YWHAE
MIR194-1	MIR194-2	SATB1
MIR194-1	MIR194-2	PGK1
MIR194-1	MIR194-2	TRDN
MIR194-1	MIR194-2	CD81
MIR194-1	MIR194-2	NUP205
MIR196A1	MIR196A2	YPEL5
MIR196A1	MIR196A2	CNNM4
MIR196A1	MIR196A2	ACSM3
MIR196A1	MIR196A2	PROSER1
MIR196A1	MIR196A2	B4GALT4
MIR196A1	MIR196A2	MYOF
MIR196A1	MIR196A2	FBRSL1
MIR196A1	MIR196A2	ANKRD46
MIR196A1	MIR196A2	FLNC
MIR196A1	MIR196A2	SMIM13
MIR196A1	MIR196A2	RHOBTB3
MIR196A1	MIR196A2	FAM127B
MIR196A1	MIR196A2	AGO2
MIR196A1	MIR196A2	ATG16L1
MIR196A1	MIR196A2	ELAVL1
MIR196A1	MIR196A2	FAM127A
MIR196A1	MIR196A2	TTC17
MIR196A1	MIR196A2	BLZF1
MIR196A1	MIR196A2	ZSWIM1
MIR196A1	MIR196A2	PMPCA
MIR196A1	MIR196A2	MAML3
MIR196A1	MIR196A2	BIRC3
MIR196A1	MIR196A2	MRPL35
MIR196A1	MIR196A2	DIP2A
MIR196A1	MIR196A2	PAFAH1B2
MIR196A1	MIR196A2	MT-CO3
MIR196A1	MIR196A2	BRMS1L
MIR196A1	MIR196A2	GCAT
MIR196A1	MIR196A2	AXL
MIR196A1	MIR196A2	HOXB4
MIR196A1	MIR196A2	LPAR1
MIR196A1	MIR196A2	KIF5B
MIR196A1	MIR196A2	ZBTB26
MIR196A1	MIR196A2	MDC1
MIR196A1	MIR196A2	MYO5A
MIR196A1	MIR196A2	GLTP
MIR196A1	MIR196A2	HOOK3
MIR196A1	MIR196A2	RPS25
MIR196A1	MIR196A2	MGAT4B
MIR196A1	MIR196A2	SELK
MIR196A1	MIR196A2	SH3GL3
MIR196A1	MIR196A2	SMC3
MIR196A1	MIR196A2	RGS17
MIR196A1	MIR196A2	RALGPS2
MIR196A1	MIR196A2	PPP2R1A
MIR196A1	MIR196A2	RPS2
MIR196A1	MIR196A2	TMEM181
MIR196A1	MIR196A2	HIST1H3A
MIR196A1	MIR196A2	POTEG
MIR196A1	MIR196A2	CASP3
MIR196A1	MIR196A2	CHP1
MIR196A1	MIR196A2	PGAM1
MIR196A1	MIR196A2	STXBP5
MIR196A1	MIR196A2	RASSF5
MIR196A1	MIR196A2	MYO19
MIR196A1	MIR196A2	TAF5L
MIR196A1	MIR196A2	ATP1A1
MIR196A1	MIR196A2	CSDE1
MIR196A1	MIR196A2	FAM168A
MIR196A1	MIR196A2	SRSF11
MIR196A1	MIR196A2	SEC23IP
MIR196A1	MIR196A2	H3F3B
MIR196A1	MIR196A2	PDP1
MIR196A1	MIR196A2	DNAJC27
MIR196A1	MIR196A2	MCM3AP
MIR196A1	MIR196A2	E2F7
MIR196A1	MIR196A2	ZNF644
MIR196A1	MIR196A2	ITGB8
MIR196A1	MIR196A2	ATP6V1F
MIR196A1	MIR196A2	NOTCH2
MIR196A1	MIR196A2	TRIM37
MIR196A1	MIR196A2	TSPYL1
MIR196A1	MIR196A2	GSTK1
MIR196A1	MIR196A2	HEATR1
MIR196A1	MIR196A2	ZNF691
MIR196A1	MIR196A2	RASGRP1
MIR196A1	MIR196A2	ATG2B
MIR196A1	MIR196A2	MBNL3
MIR196A1	MIR196A2	HECTD1
MIR196A1	MIR196A2	PHF8
MIR196A1	MIR196A2	ATF7IP
MIR196A1	MIR196A2	ACKR3
MIR196A1	MIR196A2	ZCCHC11
MIR196A1	MIR196A2	SLC7A11
MIR196A1	MIR196A2	UBE2W
MIR196A1	MIR196A2	NDFIP2
MIR196A1	MIR196A2	TMPO
MIR196A1	MIR196A2	RBPJ
MIR196A1	MIR196A2	TSPAN14
MIR196A1	MIR196A2	CWC27
MIR196A1	MIR196A2	MEPCE
MIR196A1	MIR196A2	PPP1CA
MIR196A1	MIR196A2	WIPI1
MIR196A1	MIR196A2	RUFY3
MIR196A1	MIR196A2	PSMD11
MIR196A1	MIR196A2	DPM1
MIR196A1	MIR196A2	ARHGAP21
MIR196A1	MIR196A2	CDK2
MIR196A1	MIR196A2	UGCG
MIR196A1	MIR196A2	SLC20A1
MIR196A1	MIR196A2	PLAT
MIR196A1	MIR196A2	APPBP2
MIR196A1	MIR196A2	COPG1
MIR196A1	MIR196A2	GALNT6
MIR196A1	MIR196A2	TMOD2
MIR196A1	MIR196A2	ASCC3
MIR196A1	MIR196A2	PSMG2
MIR196A1	MIR196A2	BACH1
MIR196A1	MIR196A2	SERPINE1
MIR196A1	MIR196A2	YAF2
MIR196A1	MIR196A2	ZNF281
MIR196A1	MIR196A2	NAP1L1
MIR196A1	MIR196A2	STK40
MIR196A1	MIR196A2	CBX5
MIR196A1	MIR196A2	CNIH1
MIR196A1	MIR196A2	ARRDC3
MIR196A1	MIR196A2	DST
MIR196A1	MIR196A2	DNPEP
MIR196A1	MIR196A2	DUSP2
MIR196A1	MIR196A2	PSMB6
MIR196A1	MIR196A2	DSEL
MIR196A1	MIR196A2	MT-ATP8
MIR196A1	MIR196A2	RUFY2
MIR196A1	MIR196A2	SLC25A32
MIR196A1	MIR196A2	RPL17-C18orf32
MIR196A1	MIR196A2	ELF2
MIR196A1	MIR196A2	GARS
MIR196A1	MIR196A2	STUB1
MIR196A1	MIR196A2	CCNJ
MIR196A1	MIR196A2	GC
MIR196A1	MIR196A2	C17orf80
MIR196A1	MIR196A2	ITGB1
MIR196A1	MIR196A2	NT5C2
MIR196A1	MIR196A2	P4HTM
MIR196A1	MIR196A2	S1PR1
MIR196A1	MIR196A2	SNTB2
MIR196A1	MIR196A2	SDE2
MIR196A1	MIR196A2	JAM3
MIR196A1	MIR196A2	MT-ND4
MIR196A1	MIR196A2	BRAF
MIR196A1	MIR196A2	JUNB
MIR196A1	MIR196A2	BCL10
MIR196A1	MIR196A2	SHOC2
MIR196A1	MIR196A2	MAGT1
MIR196A1	MIR196A2	CKAP2L
MIR196A1	MIR196A2	FBXO22
MIR196A1	MIR196A2	KPNA2
MIR196A1	MIR196A2	OPA1
MIR196A1	MIR196A2	FJX1
MIR196A1	MIR196A2	CALM3
MIR196A1	MIR196A2	SRRT
MIR196A1	MIR196A2	PLK1
MIR196A1	MIR196A2	MAML1
MIR196A1	MIR196A2	HOXC8
MIR196A1	MIR196A2	GPATCH8
MIR196A1	MIR196A2	ABCC8
MIR196A1	MIR196A2	PLEKHA8
MIR196A1	MIR196A2	FAM102B
MIR196A1	MIR196A2	ATP2B4
MIR196A1	MIR196A2	CCND2
MIR196A1	MIR196A2	GUCY1A3
MIR196A1	MIR196A2	NUPL1
MIR196A1	MIR196A2	MBNL1
MIR196A1	MIR196A2	HMGXB4
MIR196A1	MIR196A2	CDKN1B
MIR196A1	MIR196A2	WASL
MIR196A1	MIR196A2	B4GALT1
MIR196A1	MIR196A2	STAG1
MIR196A1	MIR196A2	KIF18B
MIR196A1	MIR196A2	TJP1
MIR196A1	MIR196A2	DICER1
MIR196A1	MIR196A2	HIPK2
MIR196A1	MIR196A2	ARHGAP28
MIR196A1	MIR196A2	MDM2
MIR196A1	MIR196A2	MYC
MIR196A1	MIR196A2	RFC2
MIR196A1	MIR196A2	HOXB8
MIR196A1	MIR196A2	STX3
MIR196A1	MIR196A2	ITGA3
MIR196A1	MIR196A2	GMFB
MIR196A1	MIR196A2	NOL10
MIR196A1	MIR196A2	TMEM30A
MIR196A1	MIR196A2	IREB2
MIR196A1	MIR196A2	NF1
MIR196A1	MIR196A2	FUCA1
MIR196A1	MIR196A2	TSKU
MIR196A1	MIR196A2	TNFRSF11B
MIR196A1	MIR196A2	OTUD6B
MIR196A1	MIR196A2	LDB2
MIR196A1	MIR196A2	WDR6
MIR196A1	MIR196A2	SP100
MIR196A1	MIR196A2	PPP4C
MIR196A1	MIR196A2	GOT2
MIR196A1	MIR196A2	ZNF581
MIR196A1	MIR196A2	PQLC2
MIR196A1	MIR196A2	NUP205
MIR196A1	MIR196A2	PRPF8
MIR196A1	MIR196A2	PFKFB3
MIR196A1	MIR196B	YPEL5
MIR196A1	MIR196B	CNNM4
MIR196A1	MIR196B	ACSM3
MIR196A1	MIR196B	B4GALT4
MIR196A1	MIR196B	MYOF
MIR196A1	MIR196B	FBRSL1
MIR196A1	MIR196B	ANKRD46
MIR196A1	MIR196B	FLNC
MIR196A1	MIR196B	AGO2
MIR196A1	MIR196B	TTC17
MIR196A1	MIR196B	ELAVL1
MIR196A1	MIR196B	BLZF1
MIR196A1	MIR196B	PMPCA
MIR196A1	MIR196B	MAML3
MIR196A1	MIR196B	BIRC3
MIR196A1	MIR196B	DIP2A
MIR196A1	MIR196B	PAFAH1B2
MIR196A1	MIR196B	GCAT
MIR196A1	MIR196B	AXL
MIR196A1	MIR196B	LPAR1
MIR196A1	MIR196B	KIF5B
MIR196A1	MIR196B	ZBTB26
MIR196A1	MIR196B	MDC1
MIR196A1	MIR196B	MYO5A
MIR196A1	MIR196B	RPS25
MIR196A1	MIR196B	MGAT4B
MIR196A1	MIR196B	SMC3
MIR196A1	MIR196B	RGS17
MIR196A1	MIR196B	RALGPS2
MIR196A1	MIR196B	PPP2R1A
MIR196A1	MIR196B	HIST1H3A
MIR196A1	MIR196B	TAF5L
MIR196A1	MIR196B	CSDE1
MIR196A1	MIR196B	FAM168A
MIR196A1	MIR196B	MCM3AP
MIR196A1	MIR196B	SRSF11
MIR196A1	MIR196B	SEC23IP
MIR196A1	MIR196B	H3F3B
MIR196A1	MIR196B	PDP1
MIR196A1	MIR196B	DNAJC27
MIR196A1	MIR196B	ITGB8
MIR196A1	MIR196B	ZNF644
MIR196A1	MIR196B	ATP6V1F
MIR196A1	MIR196B	TRIM37
MIR196A1	MIR196B	TSPYL1
MIR196A1	MIR196B	HEATR1
MIR196A1	MIR196B	ZNF691
MIR196A1	MIR196B	MBNL3
MIR196A1	MIR196B	HECTD1
MIR196A1	MIR196B	PHF8
MIR196A1	MIR196B	ATF7IP
MIR196A1	MIR196B	ACKR3
MIR196A1	MIR196B	SLC7A11
MIR196A1	MIR196B	UBE2W
MIR196A1	MIR196B	NDFIP2
MIR196A1	MIR196B	RBPJ
MIR196A1	MIR196B	TSPAN14
MIR196A1	MIR196B	MEPCE
MIR196A1	MIR196B	PPP1CA
MIR196A1	MIR196B	WIPI1
MIR196A1	MIR196B	RUFY3
MIR196A1	MIR196B	DPM1
MIR196A1	MIR196B	ARHGAP21
MIR196A1	MIR196B	CDK2
MIR196A1	MIR196B	SLC20A1
MIR196A1	MIR196B	PLAT
MIR196A1	MIR196B	APPBP2
MIR196A1	MIR196B	COPG1
MIR196A1	MIR196B	GALNT6
MIR196A1	MIR196B	TMOD2
MIR196A1	MIR196B	ASCC3
MIR196A1	MIR196B	BACH1
MIR196A1	MIR196B	SERPINE1
MIR196A1	MIR196B	YAF2
MIR196A1	MIR196B	ZNF281
MIR196A1	MIR196B	NAP1L1
MIR196A1	MIR196B	STK40
MIR196A1	MIR196B	CNIH1
MIR196A1	MIR196B	ARRDC3
MIR196A1	MIR196B	DST
MIR196A1	MIR196B	DNPEP
MIR196A1	MIR196B	PSMB6
MIR196A1	MIR196B	DSEL
MIR196A1	MIR196B	RUFY2
MIR196A1	MIR196B	SLC25A32
MIR196A1	MIR196B	ELF2
MIR196A1	MIR196B	GARS
MIR196A1	MIR196B	STUB1
MIR196A1	MIR196B	CCNJ
MIR196A1	MIR196B	GC
MIR196A1	MIR196B	C17orf80
MIR196A1	MIR196B	ITGB1
MIR196A1	MIR196B	NT5C2
MIR196A1	MIR196B	P4HTM
MIR196A1	MIR196B	S1PR1
MIR196A1	MIR196B	SDE2
MIR196A1	MIR196B	JAM3
MIR196A1	MIR196B	BRAF
MIR196A1	MIR196B	JUNB
MIR196A1	MIR196B	BCL10
MIR196A1	MIR196B	SHOC2
MIR196A1	MIR196B	MAGT1
MIR196A1	MIR196B	KPNA2
MIR196A1	MIR196B	OPA1
MIR196A1	MIR196B	FJX1
MIR196A1	MIR196B	CALM3
MIR196A1	MIR196B	PLK1
MIR196A1	MIR196B	HOXC8
MIR196A1	MIR196B	GPATCH8
MIR196A1	MIR196B	ABCC8
MIR196A1	MIR196B	PLEKHA8
MIR196A1	MIR196B	ATP2B4
MIR196A1	MIR196B	MBNL1
MIR196A1	MIR196B	HMGXB4
MIR196A1	MIR196B	WASL
MIR196A1	MIR196B	B4GALT1
MIR196A1	MIR196B	STAG1
MIR196A1	MIR196B	TJP1
MIR196A1	MIR196B	DICER1
MIR196A1	MIR196B	ARHGAP28
MIR196A1	MIR196B	MYC
MIR196A1	MIR196B	STX3
MIR196A1	MIR196B	HOXB8
MIR196A1	MIR196B	ITGA3
MIR196A1	MIR196B	NOL10
MIR196A1	MIR196B	TMEM30A
MIR196A1	MIR196B	NF1
MIR196A1	MIR196B	TNFRSF11B
MIR196A1	MIR196B	OTUD6B
MIR196A1	MIR196B	LDB2
MIR196A1	MIR196B	WDR6
MIR196A1	MIR196B	SP100
MIR196A1	MIR196B	PPP4C
MIR196A1	MIR196B	PQLC2
MIR196A1	MIR196B	NUP205
MIR196A1	MIR196B	PRPF8
MIR196A1	MIR196B	PFKFB3
MIR196A2	MIR196B	YPEL5
MIR196A2	MIR196B	CNNM4
MIR196A2	MIR196B	ACSM3
MIR196A2	MIR196B	B4GALT4
MIR196A2	MIR196B	MYOF
MIR196A2	MIR196B	FBRSL1
MIR196A2	MIR196B	ANKRD46
MIR196A2	MIR196B	FLNC
MIR196A2	MIR196B	AGO2
MIR196A2	MIR196B	TTC17
MIR196A2	MIR196B	ELAVL1
MIR196A2	MIR196B	BLZF1
MIR196A2	MIR196B	PMPCA
MIR196A2	MIR196B	MAML3
MIR196A2	MIR196B	BIRC3
MIR196A2	MIR196B	DIP2A
MIR196A2	MIR196B	PAFAH1B2
MIR196A2	MIR196B	GCAT
MIR196A2	MIR196B	AXL
MIR196A2	MIR196B	LPAR1
MIR196A2	MIR196B	KIF5B
MIR196A2	MIR196B	ZBTB26
MIR196A2	MIR196B	MDC1
MIR196A2	MIR196B	MYO5A
MIR196A2	MIR196B	RPS25
MIR196A2	MIR196B	MGAT4B
MIR196A2	MIR196B	SMC3
MIR196A2	MIR196B	RGS17
MIR196A2	MIR196B	RALGPS2
MIR196A2	MIR196B	PPP2R1A
MIR196A2	MIR196B	HIST1H3A
MIR196A2	MIR196B	TAF5L
MIR196A2	MIR196B	CSDE1
MIR196A2	MIR196B	FAM168A
MIR196A2	MIR196B	MCM3AP
MIR196A2	MIR196B	SRSF11
MIR196A2	MIR196B	SEC23IP
MIR196A2	MIR196B	H3F3B
MIR196A2	MIR196B	PDP1
MIR196A2	MIR196B	DNAJC27
MIR196A2	MIR196B	ITGB8
MIR196A2	MIR196B	ZNF644
MIR196A2	MIR196B	ATP6V1F
MIR196A2	MIR196B	TRIM37
MIR196A2	MIR196B	TSPYL1
MIR196A2	MIR196B	HEATR1
MIR196A2	MIR196B	ZNF691
MIR196A2	MIR196B	MBNL3
MIR196A2	MIR196B	HECTD1
MIR196A2	MIR196B	PHF8
MIR196A2	MIR196B	ATF7IP
MIR196A2	MIR196B	ACKR3
MIR196A2	MIR196B	SLC7A11
MIR196A2	MIR196B	UBE2W
MIR196A2	MIR196B	NDFIP2
MIR196A2	MIR196B	RBPJ
MIR196A2	MIR196B	TSPAN14
MIR196A2	MIR196B	MEPCE
MIR196A2	MIR196B	PPP1CA
MIR196A2	MIR196B	WIPI1
MIR196A2	MIR196B	RUFY3
MIR196A2	MIR196B	DPM1
MIR196A2	MIR196B	ARHGAP21
MIR196A2	MIR196B	CDK2
MIR196A2	MIR196B	SLC20A1
MIR196A2	MIR196B	PLAT
MIR196A2	MIR196B	APPBP2
MIR196A2	MIR196B	COPG1
MIR196A2	MIR196B	GALNT6
MIR196A2	MIR196B	TMOD2
MIR196A2	MIR196B	ASCC3
MIR196A2	MIR196B	BACH1
MIR196A2	MIR196B	SERPINE1
MIR196A2	MIR196B	YAF2
MIR196A2	MIR196B	ZNF281
MIR196A2	MIR196B	NAP1L1
MIR196A2	MIR196B	STK40
MIR196A2	MIR196B	CNIH1
MIR196A2	MIR196B	ARRDC3
MIR196A2	MIR196B	DST
MIR196A2	MIR196B	DNPEP
MIR196A2	MIR196B	PSMB6
MIR196A2	MIR196B	DSEL
MIR196A2	MIR196B	RUFY2
MIR196A2	MIR196B	SLC25A32
MIR196A2	MIR196B	ELF2
MIR196A2	MIR196B	GARS
MIR196A2	MIR196B	STUB1
MIR196A2	MIR196B	CCNJ
MIR196A2	MIR196B	GC
MIR196A2	MIR196B	C17orf80
MIR196A2	MIR196B	ITGB1
MIR196A2	MIR196B	NT5C2
MIR196A2	MIR196B	P4HTM
MIR196A2	MIR196B	S1PR1
MIR196A2	MIR196B	SDE2
MIR196A2	MIR196B	JAM3
MIR196A2	MIR196B	BRAF
MIR196A2	MIR196B	JUNB
MIR196A2	MIR196B	BCL10
MIR196A2	MIR196B	SHOC2
MIR196A2	MIR196B	MAGT1
MIR196A2	MIR196B	KPNA2
MIR196A2	MIR196B	OPA1
MIR196A2	MIR196B	FJX1
MIR196A2	MIR196B	CALM3
MIR196A2	MIR196B	PLK1
MIR196A2	MIR196B	HOXC8
MIR196A2	MIR196B	GPATCH8
MIR196A2	MIR196B	ABCC8
MIR196A2	MIR196B	PLEKHA8
MIR196A2	MIR196B	ATP2B4
MIR196A2	MIR196B	MBNL1
MIR196A2	MIR196B	HMGXB4
MIR196A2	MIR196B	WASL
MIR196A2	MIR196B	B4GALT1
MIR196A2	MIR196B	STAG1
MIR196A2	MIR196B	TJP1
MIR196A2	MIR196B	DICER1
MIR196A2	MIR196B	ARHGAP28
MIR196A2	MIR196B	MYC
MIR196A2	MIR196B	STX3
MIR196A2	MIR196B	HOXB8
MIR196A2	MIR196B	ITGA3
MIR196A2	MIR196B	NOL10
MIR196A2	MIR196B	TMEM30A
MIR196A2	MIR196B	NF1
MIR196A2	MIR196B	TNFRSF11B
MIR196A2	MIR196B	OTUD6B
MIR196A2	MIR196B	LDB2
MIR196A2	MIR196B	WDR6
MIR196A2	MIR196B	SP100
MIR196A2	MIR196B	PPP4C
MIR196A2	MIR196B	PQLC2
MIR196A2	MIR196B	NUP205
MIR196A2	MIR196B	PRPF8
MIR196A2	MIR196B	PFKFB3
MIR199A1	MIR199A2	CHORDC1
MIR199A1	MIR199A2	F11R
MIR199A1	MIR199A2	CPEB2
MIR199A1	MIR199A2	RASSF3
MIR199A1	MIR199A2	PLA2G16
MIR199A1	MIR199A2	STK4
MIR199A1	MIR199A2	TMEM159
MIR199A1	MIR199A2	PREB
MIR199A1	MIR199A2	APP
MIR199A1	MIR199A2	FAM167A
MIR199A1	MIR199A2	MMP2
MIR199A1	MIR199A2	TET2
MIR199A1	MIR199A2	CNOT6L
MIR199A1	MIR199A2	MID1
MIR199A1	MIR199A2	TMEM189-UBE2V1
MIR199A1	MIR199A2	PRKDC
MIR199A1	MIR199A2	ETNK1
MIR199A1	MIR199A2	ZC3H10
MIR199A1	MIR199A2	FEM1C
MIR199A1	MIR199A2	ELK3
MIR199A1	MIR199A2	AC092835.2
MIR199A1	MIR199A2	KLHL28
MIR199A1	MIR199A2	MAP3K1
MIR199A1	MIR199A2	GLOD4
MIR199A1	MIR199A2	TPD52
MIR199A1	MIR199A2	EXT1
MIR199A1	MIR199A2	DHCR24
MIR199A1	MIR199A2	PVRL1
MIR199A1	MIR199A2	IL1RL1
MIR199A1	MIR199A2	EPG5
MIR199A1	MIR199A2	FXR1
MIR199A1	MIR199A2	RABGAP1
MIR199A1	MIR199A2	FOXJ2
MIR199A1	MIR199A2	KDM6B
MIR199A1	MIR199A2	BCKDHA
MIR199A1	MIR199A2	CDC42SE2
MIR199A1	MIR199A2	SUPT16H
MIR199A1	MIR199A2	MUC6
MIR199A1	MIR199A2	MYO9A
MIR199A1	MIR199A2	ZNF430
MIR199A1	MIR199A2	CACUL1
MIR199A1	MIR199A2	RPS6KA3
MIR199A1	MIR199A2	KDM4A
MIR199A1	MIR199A2	CLIP1
MIR199A1	MIR199A2	CAPRIN1
MIR199A1	MIR199A2	NRIP1
MIR199A1	MIR199A2	ZNF354C
MIR199A1	MIR199A2	YAP1
MIR199A1	MIR199A2	OSBPL8
MIR199A1	MIR199A2	TMEM97
MIR199A1	MIR199A2	ARHGAP17
MIR199A1	MIR199A2	C3
MIR199A1	MIR199A2	LURAP1L
MIR199A1	MIR199A2	CAPN2
MIR199A1	MIR199A2	USO1
MIR199A1	MIR199A2	JUNB
MIR199A1	MIR199A2	GNA12
MIR199A1	MIR199A2	USP24
MIR199A1	MIR199A2	WHAMM
MIR199A1	MIR199A2	PSMD5
MIR199A1	MIR199A2	FAS
MIR199A1	MIR199A2	NET1
MIR199A1	MIR199A2	AVL9
MIR199A1	MIR199A2	G2E3
MIR199A1	MIR199A2	CALM2
MIR199A1	MIR199A2	ZMYM4
MIR199A1	MIR199A2	ANAPC7
MIR199A1	MIR199A2	LMLN
MIR199A1	MIR199A2	ZNF543
MIR199A1	MIR199A2	CERK
MIR199A1	MIR199A2	VEZF1
MIR199A1	MIR199A2	AASDHPPT
MIR199A1	MIR199A2	WIPI2
MIR199A1	MIR199A2	LIG3
MIR199A1	MIR199A2	ATL3
MIR199A1	MIR199A2	FGD4
MIR199A1	MIR199A2	AKAP11
MIR199A1	MIR199A2	SLC2A3
MIR199A1	MIR199A2	FN1
MIR199A1	MIR199A2	ACTR1B
MIR199A1	MIR199A2	THADA
MIR199A1	MIR199A2	GPD2
MIR199A1	MIR199A2	LTBP1
MIR199A1	MIR199A2	PSMA6
MIR199A1	MIR199A2	BAZ2A
MIR199A1	MIR199A2	TSPO
MIR199A1	MIR199A2	ZNF433
MIR199A1	MIR199A2	TRIB3
MIR199A1	MIR199A2	FEN1
MIR199A1	MIR199A2	PURB
MIR199A1	MIR199A2	RUNX1
MIR199A1	MIR199A2	DDX21
MIR199A1	MIR199A2	EIF4EBP2
MIR199A1	MIR199A2	PCDHGA6
MIR199A1	MIR199A2	TRIM59
MIR199A1	MIR199A2	ARCN1
MIR199A1	MIR199A2	SMARCE1
MIR199A1	MIR199A2	PTAR1
MIR199A1	MIR199A2	CARD8
MIR199A1	MIR199A2	CD59
MIR199A1	MIR199A2	COBLL1
MIR199A1	MIR199A2	ZBED4
MIR199A1	MIR199A2	ATP6V1A
MIR199A1	MIR199A2	KCTD12
MIR199A1	MIR199A2	MSN
MIR199A1	MIR199A2	TAOK1
MIR199A1	MIR199A2	LONRF3
MIR199A1	MIR199A2	KCNC3
MIR199A1	MIR199A2	EPB41L1
MIR199A1	MIR199A2	ZCCHC2
MIR199A1	MIR199A2	BCOR
MIR199A1	MIR199A2	ZNF43
MIR199A1	MIR199A2	IRF9
MIR199A1	MIR199A2	TRA2B
MIR199A1	MIR199A2	NIPAL3
MIR199A1	MIR199A2	ZMPSTE24
MIR199A1	MIR199A2	RPS20
MIR199A1	MIR199A2	EMP1
MIR199A1	MIR199A2	SF3B1
MIR199A1	MIR199A2	MCFD2
MIR199A1	MIR199A2	RHEB
MIR199A1	MIR199A2	APEX1
MIR199A1	MIR199A2	STRIP2
MIR199A1	MIR199A2	UBE2G1
MIR199A1	MIR199A2	TAF6
MIR199A1	MIR199A2	MPP5
MIR199A1	MIR199A2	ANKRD42
MIR199A1	MIR199A2	IMP3
MIR199A1	MIR199A2	RGPD8
MIR199A1	MIR199A2	TPT1
MIR199A1	MIR199A2	ATRX
MIR199A1	MIR199A2	STMN1
MIR199A1	MIR199A2	PCGF5
MIR199A1	MIR199A2	ADAM10
MIR199A1	MIR199A2	USP37
MIR199A1	MIR199A2	CDCA7L
MIR199A1	MIR199A2	RAD9A
MIR199A1	MIR199A2	PMAIP1
MIR199A1	MIR199A2	FNBP1
MIR199A1	MIR199A2	FOXA2
MIR199A1	MIR199A2	PARP1
MIR199A1	MIR199A2	PTGS2
MIR199A1	MIR199A2	TBCE
MIR199A1	MIR199A2	DDIT4
MIR199A1	MIR199A2	G3BP2
MIR199A1	MIR199A2	STAU1
MIR199A1	MIR199A2	RNF19A
MIR199A1	MIR199A2	IMPA1
MIR199A1	MIR199A2	SEC24C
MIR199A1	MIR199A2	FBN1
MIR199A1	MIR199A2	ASAP1
MIR199A1	MIR199A2	CSF3
MIR199A1	MIR199A2	MYOF
MIR199A1	MIR199A2	SF3B3
MIR199A1	MIR199A2	PRPF40A
MIR199A1	MIR199A2	SMU1
MIR199A1	MIR199A2	MIB1
MIR199A1	MIR199A2	SRSF9
MIR199A1	MIR199A2	PTPRF
MIR199A1	MIR199A2	TADA2B
MIR199A1	MIR199A2	ADO
MIR199A1	MIR199A2	COL5A1
MIR199A1	MIR199A2	RAB7A
MIR199A1	MIR199A2	KIF5B
MIR199A1	MIR199A2	RAI1
MIR199A1	MIR199A2	HCFC1
MIR199A1	MIR199A2	TARS
MIR199A1	MIR199A2	BPTF
MIR199A1	MIR199A2	MLLT4
MIR199A1	MIR199A2	MGAT4B
MIR199A1	MIR199A2	NSD1
MIR199A1	MIR199A2	GPR107
MIR199A1	MIR199A2	GTF3C1
MIR199A1	MIR199A2	DNAJC16
MIR199A1	MIR199A2	MCL1
MIR199A1	MIR199A2	RGPD3
MIR199A1	MIR199A2	SEC24A
MIR199A1	MIR199A2	SORL1
MIR199A1	MIR199A2	MSH6
MIR199A1	MIR199A2	HEG1
MIR199A1	MIR199A2	NSMF
MIR199A1	MIR199A2	NEDD4
MIR199A1	MIR199A2	VIPAS39
MIR199A1	MIR199A2	CD151
MIR199A1	MIR199A2	LIN7C
MIR199A1	MIR199A2	GREM1
MIR199A1	MIR199A2	MYSM1
MIR199A1	MIR199A2	ARHGAP12
MIR199A1	MIR199A2	CDK5R1
MIR199A1	MIR199A2	RND1
MIR199A1	MIR199A2	ABL2
MIR199A1	MIR199A2	RIMS3
MIR199A1	MIR199A2	VMA21
MIR199A1	MIR199A2	MARCKS
MIR199A1	MIR199A2	ZNF460
MIR199A1	MIR199A2	EMC1
MIR199A1	MIR199A2	ETS1
MIR199A1	MIR199A2	CMIP
MIR199A1	MIR199A2	CBX5
MIR199A1	MIR199A2	DDX3X
MIR199A1	MIR199A2	SNN
MIR199A1	MIR199A2	DST
MIR199A1	MIR199A2	CNIH3
MIR199A1	MIR199A2	B3GNT2
MIR199A1	MIR199A2	CUL3
MIR199A1	MIR199A2	DENND1B
MIR199A1	MIR199A2	TSPAN2
MIR199A1	MIR199A2	USP6NL
MIR199A1	MIR199A2	G3BP1
MIR199A1	MIR199A2	MAML1
MIR199A1	MIR199A2	DPF2
MIR199A1	MIR199A2	PLEKHA8
MIR199A1	MIR199A2	HLA-B
MIR199A1	MIR199A2	HNRNPD
MIR199A1	MIR199A2	GBE1
MIR199A1	MIR199A2	NFE2L2
MIR199A1	MIR199A2	BMP2K
MIR199A1	MIR199A2	PIGG
MIR199A1	MIR199A2	DGCR2
MIR199A1	MIR199A2	DCP2
MIR199A1	MIR199A2	PYGO1
MIR199A1	MIR199A2	MICAL3
MIR199A1	MIR199A2	VLDLR
MIR199A1	MIR199A2	DUSP5
MIR199A1	MIR199A2	SLC25A53
MIR199A1	MIR199A2	ARHGEF12
MIR199A1	MIR199A2	YWHAE
MIR199A1	MIR199A2	ALDH5A1
MIR199A1	MIR199A2	BLOC1S5-TXNDC5
MIR199A1	MIR199A2	BAHD1
MIR199A1	MIR199A2	FAR1
MIR199A1	MIR199A2	NEFM
MIR199A1	MIR199A2	MICAL2
MIR199A1	MIR199A2	KIF1B
MIR199A1	MIR199A2	HSPD1
MIR199A1	MIR199A2	COMT
MIR199A1	MIR199A2	HAS3
MIR199A1	MIR199A2	CELF1
MIR199A1	MIR199A2	EVI5
MIR199A1	MIR199A2	KAT6A
MIR199A1	MIR199A2	MTHFD1L
MIR199A1	MIR199A2	YWHAZ
MIR199A1	MIR199A2	SIAH2
MIR199A1	MIR199A2	BRWD1
MIR199A1	MIR199A2	UBE4A
MIR199A1	MIR199A2	ERGIC3
MIR199A1	MIR199A2	MAU2
MIR199A1	MIR199A2	HVCN1
MIR199A1	MIR199A2	LAMB2
MIR199A1	MIR199A2	WDHD1
MIR199A1	MIR199A2	GGA3
MIR199A1	MIR199A2	EDEM3
MIR199A1	MIR199A2	KPNA4
MIR199A1	MIR199A2	TXNDC12
MIR199A1	MIR199A2	ZKSCAN1
MIR199A1	MIR199A2	MAPK8
MIR199A1	MIR199A2	ARHGEF2
MIR199A1	MIR199A2	PRKCB
MIR199A1	MIR199A2	STAG2
MIR199A1	MIR199A2	MYH9
MIR199A1	MIR199A2	ELP2
MIR199A1	MIR199A2	NOL7
MIR199A1	MIR199A2	NUP50
MIR199A1	MIR199A2	ZDHHC9
MIR199A1	MIR199A2	DDX17
MIR199A1	MIR199A2	HECTD1
MIR199A1	MIR199A2	UCK2
MIR199A1	MIR199A2	CD44
MIR199A1	MIR199A2	SLC7A11
MIR199A1	MIR199A2	TMEM170A
MIR199A1	MIR199A2	DDI2
MIR199A1	MIR199A2	HNRNPF
MIR199A1	MIR199A2	FH
MIR199A1	MIR199A2	MARCH8
MIR199A1	MIR199A2	APLP2
MIR199A1	MIR199A2	DIAPH2
MIR199A1	MIR199A2	PMPCB
MIR199A1	MIR199A2	PRKCA
MIR199A1	MIR199A2	BACH1
MIR199A1	MIR199A2	C6orf62
MIR199A1	MIR199A2	TACC1
MIR199A1	MIR199A2	TSSC1
MIR199A1	MIR199A2	BLOC1S6
MIR199A1	MIR199A2	DCTN1
MIR199A1	MIR199A2	ARHGAP19
MIR199A1	MIR199A2	PSIP1
MIR199A1	MIR199A2	NDUFA2
MIR199A1	MIR199A2	DIP2B
MIR199A1	MIR199A2	PLK2
MIR199A1	MIR199A2	NDUFA12
MIR199A1	MIR199A2	ANKMY2
MIR199A1	MIR199A2	HSDL1
MIR199A1	MIR199A2	ZNF264
MIR199A1	MIR199A2	CD164
MIR199A1	MIR199A2	RAP2B
MIR199A1	MIR199A2	CSTF1
MIR199A1	MIR199A2	FBXO30
MIR199A1	MIR199A2	SERPINE2
MIR199A1	MIR199A2	ARPC1A
MIR199A1	MIR199A2	HEXIM1
MIR199A1	MIR199A2	TNRC6A
MIR199A1	MIR199A2	ZSWIM4
MIR199A1	MIR199A2	ABHD17B
MIR199A1	MIR199A2	RBM47
MIR199A1	MIR199A2	GOLGA8A
MIR199A1	MIR199A2	LCOR
MIR199A1	MIR199A2	DICER1
MIR199A1	MIR199A2	CDK17
MIR199A1	MIR199A2	TANK
MIR199A1	MIR199A2	KIAA1468
MIR199A1	MIR199A2	SLC1A5
MIR199A1	MIR199A2	TBX3
MIR199A1	MIR199A2	AUP1
MIR199A1	MIR199B	ATL3
MIR199A1	MIR199B	ASAP1
MIR199A1	MIR199B	BAHD1
MIR199A1	MIR199B	CHORDC1
MIR199A1	MIR199B	F11R
MIR199A1	MIR199B	CSF3
MIR199A1	MIR199B	FAR1
MIR199A1	MIR199B	NEFM
MIR199A1	MIR199B	FGD4
MIR199A1	MIR199B	MYOF
MIR199A1	MIR199B	AKAP11
MIR199A1	MIR199B	CPEB2
MIR199A1	MIR199B	MICAL2
MIR199A1	MIR199B	SF3B3
MIR199A1	MIR199B	SLC2A3
MIR199A1	MIR199B	KIF1B
MIR199A1	MIR199B	PRPF40A
MIR199A1	MIR199B	SMU1
MIR199A1	MIR199B	MIB1
MIR199A1	MIR199B	RASSF3
MIR199A1	MIR199B	SRSF9
MIR199A1	MIR199B	HSPD1
MIR199A1	MIR199B	PTPRF
MIR199A1	MIR199B	FN1
MIR199A1	MIR199B	TADA2B
MIR199A1	MIR199B	COMT
MIR199A1	MIR199B	HAS3
MIR199A1	MIR199B	ADO
MIR199A1	MIR199B	CELF1
MIR199A1	MIR199B	EVI5
MIR199A1	MIR199B	KAT6A
MIR199A1	MIR199B	ACTR1B
MIR199A1	MIR199B	MTHFD1L
MIR199A1	MIR199B	STK4
MIR199A1	MIR199B	RAB7A
MIR199A1	MIR199B	KIF5B
MIR199A1	MIR199B	RAI1
MIR199A1	MIR199B	TMEM159
MIR199A1	MIR199B	YWHAZ
MIR199A1	MIR199B	HCFC1
MIR199A1	MIR199B	SIAH2
MIR199A1	MIR199B	BRWD1
MIR199A1	MIR199B	TARS
MIR199A1	MIR199B	THADA
MIR199A1	MIR199B	GPD2
MIR199A1	MIR199B	BPTF
MIR199A1	MIR199B	LTBP1
MIR199A1	MIR199B	MLLT4
MIR199A1	MIR199B	PREB
MIR199A1	MIR199B	ERGIC3
MIR199A1	MIR199B	MAU2
MIR199A1	MIR199B	UBE4A
MIR199A1	MIR199B	HVCN1
MIR199A1	MIR199B	LAMB2
MIR199A1	MIR199B	PSMA6
MIR199A1	MIR199B	APP
MIR199A1	MIR199B	MGAT4B
MIR199A1	MIR199B	WDHD1
MIR199A1	MIR199B	BAZ2A
MIR199A1	MIR199B	NSD1
MIR199A1	MIR199B	TSPO
MIR199A1	MIR199B	ZNF433
MIR199A1	MIR199B	GGA3
MIR199A1	MIR199B	EDEM3
MIR199A1	MIR199B	TRIB3
MIR199A1	MIR199B	GPR107
MIR199A1	MIR199B	KPNA4
MIR199A1	MIR199B	FEN1
MIR199A1	MIR199B	FAM167A
MIR199A1	MIR199B	PURB
MIR199A1	MIR199B	MMP2
MIR199A1	MIR199B	TXNDC12
MIR199A1	MIR199B	RUNX1
MIR199A1	MIR199B	ZKSCAN1
MIR199A1	MIR199B	CNOT6L
MIR199A1	MIR199B	GTF3C1
MIR199A1	MIR199B	MAPK8
MIR199A1	MIR199B	EIF4EBP2
MIR199A1	MIR199B	MID1
MIR199A1	MIR199B	DNAJC16
MIR199A1	MIR199B	PCDHGA6
MIR199A1	MIR199B	ARCN1
MIR199A1	MIR199B	TMEM189-UBE2V1
MIR199A1	MIR199B	TRIM59
MIR199A1	MIR199B	PRKDC
MIR199A1	MIR199B	ARHGEF2
MIR199A1	MIR199B	MCL1
MIR199A1	MIR199B	ETNK1
MIR199A1	MIR199B	SMARCE1
MIR199A1	MIR199B	PRKCB
MIR199A1	MIR199B	ZC3H10
MIR199A1	MIR199B	CARD8
MIR199A1	MIR199B	CD59
MIR199A1	MIR199B	FEM1C
MIR199A1	MIR199B	MYH9
MIR199A1	MIR199B	COBLL1
MIR199A1	MIR199B	RGPD3
MIR199A1	MIR199B	STAG2
MIR199A1	MIR199B	SEC24A
MIR199A1	MIR199B	ELK3
MIR199A1	MIR199B	ELP2
MIR199A1	MIR199B	AC092835.2
MIR199A1	MIR199B	KLHL28
MIR199A1	MIR199B	MAP3K1
MIR199A1	MIR199B	NOL7
MIR199A1	MIR199B	SORL1
MIR199A1	MIR199B	DDX17
MIR199A1	MIR199B	GLOD4
MIR199A1	MIR199B	HECTD1
MIR199A1	MIR199B	MSH6
MIR199A1	MIR199B	ZBED4
MIR199A1	MIR199B	ZDHHC9
MIR199A1	MIR199B	HEG1
MIR199A1	MIR199B	TPD52
MIR199A1	MIR199B	NSMF
MIR199A1	MIR199B	UCK2
MIR199A1	MIR199B	NEDD4
MIR199A1	MIR199B	EXT1
MIR199A1	MIR199B	ATP6V1A
MIR199A1	MIR199B	VIPAS39
MIR199A1	MIR199B	CD151
MIR199A1	MIR199B	CD44
MIR199A1	MIR199B	DHCR24
MIR199A1	MIR199B	SLC7A11
MIR199A1	MIR199B	GREM1
MIR199A1	MIR199B	BLOC1S5-TXNDC5
MIR199A1	MIR199B	KCTD12
MIR199A1	MIR199B	MSN
MIR199A1	MIR199B	DDI2
MIR199A1	MIR199B	HNRNPF
MIR199A1	MIR199B	MYSM1
MIR199A1	MIR199B	CDK5R1
MIR199A1	MIR199B	TMEM170A
MIR199A1	MIR199B	TAOK1
MIR199A1	MIR199B	FH
MIR199A1	MIR199B	MARCH8
MIR199A1	MIR199B	ABL2
MIR199A1	MIR199B	IL1RL1
MIR199A1	MIR199B	LONRF3
MIR199A1	MIR199B	RIMS3
MIR199A1	MIR199B	VMA21
MIR199A1	MIR199B	KCNC3
MIR199A1	MIR199B	MARCKS
MIR199A1	MIR199B	ZNF460
MIR199A1	MIR199B	EPB41L1
MIR199A1	MIR199B	ZCCHC2
MIR199A1	MIR199B	EPG5
MIR199A1	MIR199B	FXR1
MIR199A1	MIR199B	APLP2
MIR199A1	MIR199B	RABGAP1
MIR199A1	MIR199B	DIAPH2
MIR199A1	MIR199B	PMPCB
MIR199A1	MIR199B	EMC1
MIR199A1	MIR199B	PRKCA
MIR199A1	MIR199B	ETS1
MIR199A1	MIR199B	BCOR
MIR199A1	MIR199B	FOXJ2
MIR199A1	MIR199B	BACH1
MIR199A1	MIR199B	C6orf62
MIR199A1	MIR199B	CMIP
MIR199A1	MIR199B	KDM6B
MIR199A1	MIR199B	TACC1
MIR199A1	MIR199B	BCKDHA
MIR199A1	MIR199B	CDC42SE2
MIR199A1	MIR199B	TSSC1
MIR199A1	MIR199B	BLOC1S6
MIR199A1	MIR199B	DCTN1
MIR199A1	MIR199B	CBX5
MIR199A1	MIR199B	DDX3X
MIR199A1	MIR199B	IRF9
MIR199A1	MIR199B	SUPT16H
MIR199A1	MIR199B	TRA2B
MIR199A1	MIR199B	MUC6
MIR199A1	MIR199B	MYO9A
MIR199A1	MIR199B	ZNF430
MIR199A1	MIR199B	PSIP1
MIR199A1	MIR199B	SNN
MIR199A1	MIR199B	NIPAL3
MIR199A1	MIR199B	DST
MIR199A1	MIR199B	CACUL1
MIR199A1	MIR199B	CNIH3
MIR199A1	MIR199B	RPS6KA3
MIR199A1	MIR199B	ZMPSTE24
MIR199A1	MIR199B	WIPI2
MIR199A1	MIR199B	B3GNT2
MIR199A1	MIR199B	KDM4A
MIR199A1	MIR199B	NDUFA2
MIR199A1	MIR199B	RPS20
MIR199A1	MIR199B	EMP1
MIR199A1	MIR199B	DIP2B
MIR199A1	MIR199B	SF3B1
MIR199A1	MIR199B	MCFD2
MIR199A1	MIR199B	RHEB
MIR199A1	MIR199B	CUL3
MIR199A1	MIR199B	APEX1
MIR199A1	MIR199B	CLIP1
MIR199A1	MIR199B	PLK2
MIR199A1	MIR199B	CAPRIN1
MIR199A1	MIR199B	NRIP1
MIR199A1	MIR199B	ZNF354C
MIR199A1	MIR199B	DENND1B
MIR199A1	MIR199B	YAP1
MIR199A1	MIR199B	NDUFA12
MIR199A1	MIR199B	STRIP2
MIR199A1	MIR199B	ANKMY2
MIR199A1	MIR199B	OSBPL8
MIR199A1	MIR199B	HSDL1
MIR199A1	MIR199B	TMEM97
MIR199A1	MIR199B	ARHGAP17
MIR199A1	MIR199B	C3
MIR199A1	MIR199B	LURAP1L
MIR199A1	MIR199B	ZNF264
MIR199A1	MIR199B	CAPN2
MIR199A1	MIR199B	CD164
MIR199A1	MIR199B	RAP2B
MIR199A1	MIR199B	UBE2G1
MIR199A1	MIR199B	TAF6
MIR199A1	MIR199B	USO1
MIR199A1	MIR199B	JUNB
MIR199A1	MIR199B	ANKRD42
MIR199A1	MIR199B	CSTF1
MIR199A1	MIR199B	FBXO30
MIR199A1	MIR199B	RGPD8
MIR199A1	MIR199B	SERPINE2
MIR199A1	MIR199B	USP6NL
MIR199A1	MIR199B	ARPC1A
MIR199A1	MIR199B	TPT1
MIR199A1	MIR199B	GNA12
MIR199A1	MIR199B	G3BP1
MIR199A1	MIR199B	MAML1
MIR199A1	MIR199B	ATRX
MIR199A1	MIR199B	HEXIM1
MIR199A1	MIR199B	STMN1
MIR199A1	MIR199B	USP24
MIR199A1	MIR199B	PCGF5
MIR199A1	MIR199B	ADAM10
MIR199A1	MIR199B	DPF2
MIR199A1	MIR199B	USP37
MIR199A1	MIR199B	PLEKHA8
MIR199A1	MIR199B	CDCA7L
MIR199A1	MIR199B	HLA-B
MIR199A1	MIR199B	ZSWIM4
MIR199A1	MIR199B	ABHD17B
MIR199A1	MIR199B	RBM47
MIR199A1	MIR199B	RAD9A
MIR199A1	MIR199B	GOLGA8A
MIR199A1	MIR199B	PMAIP1
MIR199A1	MIR199B	FNBP1
MIR199A1	MIR199B	HNRNPD
MIR199A1	MIR199B	FAS
MIR199A1	MIR199B	GBE1
MIR199A1	MIR199B	NFE2L2
MIR199A1	MIR199B	FOXA2
MIR199A1	MIR199B	BMP2K
MIR199A1	MIR199B	LCOR
MIR199A1	MIR199B	DICER1
MIR199A1	MIR199B	NET1
MIR199A1	MIR199B	AVL9
MIR199A1	MIR199B	PIGG
MIR199A1	MIR199B	G2E3
MIR199A1	MIR199B	PARP1
MIR199A1	MIR199B	CALM2
MIR199A1	MIR199B	ZMYM4
MIR199A1	MIR199B	ANAPC7
MIR199A1	MIR199B	CDK17
MIR199A1	MIR199B	TANK
MIR199A1	MIR199B	DGCR2
MIR199A1	MIR199B	DCP2
MIR199A1	MIR199B	PTGS2
MIR199A1	MIR199B	LMLN
MIR199A1	MIR199B	FBN1
MIR199A1	MIR199B	ZNF543
MIR199A1	MIR199B	KIAA1468
MIR199A1	MIR199B	TBCE
MIR199A1	MIR199B	DDIT4
MIR199A1	MIR199B	VEZF1
MIR199A1	MIR199B	PYGO1
MIR199A1	MIR199B	G3BP2
MIR199A1	MIR199B	MICAL3
MIR199A1	MIR199B	STAU1
MIR199A1	MIR199B	AASDHPPT
MIR199A1	MIR199B	SLC1A5
MIR199A1	MIR199B	VLDLR
MIR199A1	MIR199B	DUSP5
MIR199A1	MIR199B	SLC25A53
MIR199A1	MIR199B	ARHGEF12
MIR199A1	MIR199B	YWHAE
MIR199A1	MIR199B	ALDH5A1
MIR199A1	MIR199B	IMPA1
MIR199A1	MIR199B	RNF19A
MIR199A1	MIR199B	TBX3
MIR199A1	MIR199B	SEC24C
MIR199A1	MIR199B	LIG3
MIR199A1	MIR199B	AUP1
MIR199A2	MIR199B	ATL3
MIR199A2	MIR199B	ASAP1
MIR199A2	MIR199B	BAHD1
MIR199A2	MIR199B	CHORDC1
MIR199A2	MIR199B	F11R
MIR199A2	MIR199B	CSF3
MIR199A2	MIR199B	FAR1
MIR199A2	MIR199B	NEFM
MIR199A2	MIR199B	FGD4
MIR199A2	MIR199B	MYOF
MIR199A2	MIR199B	AKAP11
MIR199A2	MIR199B	CPEB2
MIR199A2	MIR199B	MICAL2
MIR199A2	MIR199B	SF3B3
MIR199A2	MIR199B	SLC2A3
MIR199A2	MIR199B	KIF1B
MIR199A2	MIR199B	PRPF40A
MIR199A2	MIR199B	SMU1
MIR199A2	MIR199B	MIB1
MIR199A2	MIR199B	RASSF3
MIR199A2	MIR199B	SRSF9
MIR199A2	MIR199B	HSPD1
MIR199A2	MIR199B	PTPRF
MIR199A2	MIR199B	FN1
MIR199A2	MIR199B	TADA2B
MIR199A2	MIR199B	COMT
MIR199A2	MIR199B	HAS3
MIR199A2	MIR199B	ADO
MIR199A2	MIR199B	CELF1
MIR199A2	MIR199B	EVI5
MIR199A2	MIR199B	KAT6A
MIR199A2	MIR199B	ACTR1B
MIR199A2	MIR199B	MTHFD1L
MIR199A2	MIR199B	STK4
MIR199A2	MIR199B	RAB7A
MIR199A2	MIR199B	KIF5B
MIR199A2	MIR199B	RAI1
MIR199A2	MIR199B	TMEM159
MIR199A2	MIR199B	YWHAZ
MIR199A2	MIR199B	HCFC1
MIR199A2	MIR199B	SIAH2
MIR199A2	MIR199B	BRWD1
MIR199A2	MIR199B	TARS
MIR199A2	MIR199B	THADA
MIR199A2	MIR199B	GPD2
MIR199A2	MIR199B	BPTF
MIR199A2	MIR199B	LTBP1
MIR199A2	MIR199B	MLLT4
MIR199A2	MIR199B	PREB
MIR199A2	MIR199B	ERGIC3
MIR199A2	MIR199B	MAU2
MIR199A2	MIR199B	UBE4A
MIR199A2	MIR199B	HVCN1
MIR199A2	MIR199B	LAMB2
MIR199A2	MIR199B	PSMA6
MIR199A2	MIR199B	APP
MIR199A2	MIR199B	MGAT4B
MIR199A2	MIR199B	WDHD1
MIR199A2	MIR199B	BAZ2A
MIR199A2	MIR199B	NSD1
MIR199A2	MIR199B	TSPO
MIR199A2	MIR199B	ZNF433
MIR199A2	MIR199B	GGA3
MIR199A2	MIR199B	EDEM3
MIR199A2	MIR199B	TRIB3
MIR199A2	MIR199B	GPR107
MIR199A2	MIR199B	KPNA4
MIR199A2	MIR199B	FEN1
MIR199A2	MIR199B	FAM167A
MIR199A2	MIR199B	PURB
MIR199A2	MIR199B	MMP2
MIR199A2	MIR199B	TXNDC12
MIR199A2	MIR199B	RUNX1
MIR199A2	MIR199B	ZKSCAN1
MIR199A2	MIR199B	CNOT6L
MIR199A2	MIR199B	GTF3C1
MIR199A2	MIR199B	MAPK8
MIR199A2	MIR199B	EIF4EBP2
MIR199A2	MIR199B	MID1
MIR199A2	MIR199B	DNAJC16
MIR199A2	MIR199B	PCDHGA6
MIR199A2	MIR199B	ARCN1
MIR199A2	MIR199B	TMEM189-UBE2V1
MIR199A2	MIR199B	TRIM59
MIR199A2	MIR199B	PRKDC
MIR199A2	MIR199B	ARHGEF2
MIR199A2	MIR199B	MCL1
MIR199A2	MIR199B	ETNK1
MIR199A2	MIR199B	SMARCE1
MIR199A2	MIR199B	PRKCB
MIR199A2	MIR199B	ZC3H10
MIR199A2	MIR199B	CARD8
MIR199A2	MIR199B	CD59
MIR199A2	MIR199B	FEM1C
MIR199A2	MIR199B	MYH9
MIR199A2	MIR199B	COBLL1
MIR199A2	MIR199B	RGPD3
MIR199A2	MIR199B	STAG2
MIR199A2	MIR199B	SEC24A
MIR199A2	MIR199B	ELK3
MIR199A2	MIR199B	ELP2
MIR199A2	MIR199B	AC092835.2
MIR199A2	MIR199B	KLHL28
MIR199A2	MIR199B	MAP3K1
MIR199A2	MIR199B	NOL7
MIR199A2	MIR199B	SORL1
MIR199A2	MIR199B	DDX17
MIR199A2	MIR199B	GLOD4
MIR199A2	MIR199B	HECTD1
MIR199A2	MIR199B	MSH6
MIR199A2	MIR199B	ZBED4
MIR199A2	MIR199B	ZDHHC9
MIR199A2	MIR199B	HEG1
MIR199A2	MIR199B	TPD52
MIR199A2	MIR199B	NSMF
MIR199A2	MIR199B	UCK2
MIR199A2	MIR199B	NEDD4
MIR199A2	MIR199B	EXT1
MIR199A2	MIR199B	ATP6V1A
MIR199A2	MIR199B	VIPAS39
MIR199A2	MIR199B	CD151
MIR199A2	MIR199B	CD44
MIR199A2	MIR199B	DHCR24
MIR199A2	MIR199B	SLC7A11
MIR199A2	MIR199B	GREM1
MIR199A2	MIR199B	BLOC1S5-TXNDC5
MIR199A2	MIR199B	KCTD12
MIR199A2	MIR199B	MSN
MIR199A2	MIR199B	DDI2
MIR199A2	MIR199B	HNRNPF
MIR199A2	MIR199B	MYSM1
MIR199A2	MIR199B	CDK5R1
MIR199A2	MIR199B	TMEM170A
MIR199A2	MIR199B	TAOK1
MIR199A2	MIR199B	FH
MIR199A2	MIR199B	MARCH8
MIR199A2	MIR199B	ABL2
MIR199A2	MIR199B	IL1RL1
MIR199A2	MIR199B	LONRF3
MIR199A2	MIR199B	RIMS3
MIR199A2	MIR199B	VMA21
MIR199A2	MIR199B	KCNC3
MIR199A2	MIR199B	MARCKS
MIR199A2	MIR199B	ZNF460
MIR199A2	MIR199B	EPB41L1
MIR199A2	MIR199B	ZCCHC2
MIR199A2	MIR199B	EPG5
MIR199A2	MIR199B	FXR1
MIR199A2	MIR199B	APLP2
MIR199A2	MIR199B	RABGAP1
MIR199A2	MIR199B	DIAPH2
MIR199A2	MIR199B	PMPCB
MIR199A2	MIR199B	EMC1
MIR199A2	MIR199B	PRKCA
MIR199A2	MIR199B	ETS1
MIR199A2	MIR199B	BCOR
MIR199A2	MIR199B	FOXJ2
MIR199A2	MIR199B	BACH1
MIR199A2	MIR199B	C6orf62
MIR199A2	MIR199B	CMIP
MIR199A2	MIR199B	KDM6B
MIR199A2	MIR199B	TACC1
MIR199A2	MIR199B	BCKDHA
MIR199A2	MIR199B	CDC42SE2
MIR199A2	MIR199B	TSSC1
MIR199A2	MIR199B	BLOC1S6
MIR199A2	MIR199B	DCTN1
MIR199A2	MIR199B	CBX5
MIR199A2	MIR199B	DDX3X
MIR199A2	MIR199B	IRF9
MIR199A2	MIR199B	SUPT16H
MIR199A2	MIR199B	TRA2B
MIR199A2	MIR199B	MUC6
MIR199A2	MIR199B	MYO9A
MIR199A2	MIR199B	ZNF430
MIR199A2	MIR199B	PSIP1
MIR199A2	MIR199B	SNN
MIR199A2	MIR199B	NIPAL3
MIR199A2	MIR199B	DST
MIR199A2	MIR199B	CACUL1
MIR199A2	MIR199B	CNIH3
MIR199A2	MIR199B	RPS6KA3
MIR199A2	MIR199B	ZMPSTE24
MIR199A2	MIR199B	WIPI2
MIR199A2	MIR199B	B3GNT2
MIR199A2	MIR199B	KDM4A
MIR199A2	MIR199B	NDUFA2
MIR199A2	MIR199B	RPS20
MIR199A2	MIR199B	EMP1
MIR199A2	MIR199B	DIP2B
MIR199A2	MIR199B	SF3B1
MIR199A2	MIR199B	MCFD2
MIR199A2	MIR199B	RHEB
MIR199A2	MIR199B	CUL3
MIR199A2	MIR199B	APEX1
MIR199A2	MIR199B	CLIP1
MIR199A2	MIR199B	PLK2
MIR199A2	MIR199B	CAPRIN1
MIR199A2	MIR199B	NRIP1
MIR199A2	MIR199B	ZNF354C
MIR199A2	MIR199B	DENND1B
MIR199A2	MIR199B	YAP1
MIR199A2	MIR199B	NDUFA12
MIR199A2	MIR199B	STRIP2
MIR199A2	MIR199B	ANKMY2
MIR199A2	MIR199B	OSBPL8
MIR199A2	MIR199B	HSDL1
MIR199A2	MIR199B	TMEM97
MIR199A2	MIR199B	ARHGAP17
MIR199A2	MIR199B	C3
MIR199A2	MIR199B	LURAP1L
MIR199A2	MIR199B	ZNF264
MIR199A2	MIR199B	CAPN2
MIR199A2	MIR199B	CD164
MIR199A2	MIR199B	RAP2B
MIR199A2	MIR199B	UBE2G1
MIR199A2	MIR199B	TAF6
MIR199A2	MIR199B	USO1
MIR199A2	MIR199B	JUNB
MIR199A2	MIR199B	ANKRD42
MIR199A2	MIR199B	CSTF1
MIR199A2	MIR199B	FBXO30
MIR199A2	MIR199B	RGPD8
MIR199A2	MIR199B	SERPINE2
MIR199A2	MIR199B	USP6NL
MIR199A2	MIR199B	ARPC1A
MIR199A2	MIR199B	TPT1
MIR199A2	MIR199B	GNA12
MIR199A2	MIR199B	G3BP1
MIR199A2	MIR199B	MAML1
MIR199A2	MIR199B	ATRX
MIR199A2	MIR199B	HEXIM1
MIR199A2	MIR199B	STMN1
MIR199A2	MIR199B	USP24
MIR199A2	MIR199B	PCGF5
MIR199A2	MIR199B	ADAM10
MIR199A2	MIR199B	DPF2
MIR199A2	MIR199B	USP37
MIR199A2	MIR199B	PLEKHA8
MIR199A2	MIR199B	CDCA7L
MIR199A2	MIR199B	HLA-B
MIR199A2	MIR199B	ZSWIM4
MIR199A2	MIR199B	ABHD17B
MIR199A2	MIR199B	RBM47
MIR199A2	MIR199B	RAD9A
MIR199A2	MIR199B	GOLGA8A
MIR199A2	MIR199B	PMAIP1
MIR199A2	MIR199B	FNBP1
MIR199A2	MIR199B	HNRNPD
MIR199A2	MIR199B	FAS
MIR199A2	MIR199B	GBE1
MIR199A2	MIR199B	NFE2L2
MIR199A2	MIR199B	FOXA2
MIR199A2	MIR199B	BMP2K
MIR199A2	MIR199B	LCOR
MIR199A2	MIR199B	DICER1
MIR199A2	MIR199B	NET1
MIR199A2	MIR199B	AVL9
MIR199A2	MIR199B	PIGG
MIR199A2	MIR199B	G2E3
MIR199A2	MIR199B	PARP1
MIR199A2	MIR199B	CALM2
MIR199A2	MIR199B	ZMYM4
MIR199A2	MIR199B	ANAPC7
MIR199A2	MIR199B	CDK17
MIR199A2	MIR199B	TANK
MIR199A2	MIR199B	DGCR2
MIR199A2	MIR199B	DCP2
MIR199A2	MIR199B	PTGS2
MIR199A2	MIR199B	LMLN
MIR199A2	MIR199B	FBN1
MIR199A2	MIR199B	ZNF543
MIR199A2	MIR199B	KIAA1468
MIR199A2	MIR199B	TBCE
MIR199A2	MIR199B	DDIT4
MIR199A2	MIR199B	VEZF1
MIR199A2	MIR199B	PYGO1
MIR199A2	MIR199B	G3BP2
MIR199A2	MIR199B	MICAL3
MIR199A2	MIR199B	STAU1
MIR199A2	MIR199B	AASDHPPT
MIR199A2	MIR199B	SLC1A5
MIR199A2	MIR199B	VLDLR
MIR199A2	MIR199B	DUSP5
MIR199A2	MIR199B	SLC25A53
MIR199A2	MIR199B	ARHGEF12
MIR199A2	MIR199B	YWHAE
MIR199A2	MIR199B	ALDH5A1
MIR199A2	MIR199B	IMPA1
MIR199A2	MIR199B	RNF19A
MIR199A2	MIR199B	TBX3
MIR199A2	MIR199B	SEC24C
MIR199A2	MIR199B	LIG3
MIR199A2	MIR199B	AUP1
MIR19B1	MIR19B2	SMAD5
MIR19B1	MIR19B2	SRSF4
MIR19B1	MIR19B2	ZFYVE9
MIR19B1	MIR19B2	TULP4
MIR19B1	MIR19B2	RNF44
MIR19B1	MIR19B2	PIK3R5
MIR19B1	MIR19B2	FOXP1
MIR19B1	MIR19B2	RAB3GAP2
MIR19B1	MIR19B2	FAM160B1
MIR19B1	MIR19B2	PIKFYVE
MIR19B1	MIR19B2	BTF3L4
MIR19B1	MIR19B2	UBAP2L
MIR19B1	MIR19B2	C1RL
MIR19B1	MIR19B2	SOX4
MIR19B1	MIR19B2	APP
MIR19B1	MIR19B2	SLFN11
MIR19B1	MIR19B2	AGPAT5
MIR19B1	MIR19B2	TMEM181
MIR19B1	MIR19B2	CREBRF
MIR19B1	MIR19B2	ATP2A2
MIR19B1	MIR19B2	H3F3B
MIR19B1	MIR19B2	MB21D2
MIR19B1	MIR19B2	PPP2R5E
MIR19B1	MIR19B2	CSF2RB
MIR19B1	MIR19B2	ELK3
MIR19B1	MIR19B2	MAP3K1
MIR19B1	MIR19B2	USP7
MIR19B1	MIR19B2	FRY
MIR19B1	MIR19B2	XPO1
MIR19B1	MIR19B2	REV1
MIR19B1	MIR19B2	RPS6KB1
MIR19B1	MIR19B2	HMBOX1
MIR19B1	MIR19B2	PRDM5
MIR19B1	MIR19B2	CYR61
MIR19B1	MIR19B2	SCYL2
MIR19B1	MIR19B2	SLAIN1
MIR19B1	MIR19B2	RNMT
MIR19B1	MIR19B2	COL3A1
MIR19B1	MIR19B2	PFN2
MIR19B1	MIR19B2	AFF1
MIR19B1	MIR19B2	EDEM1
MIR19B1	MIR19B2	RBM12B
MIR19B1	MIR19B2	NUSAP1
MIR19B1	MIR19B2	CDKN1A
MIR19B1	MIR19B2	ZNF430
MIR19B1	MIR19B2	CNOT1
MIR19B1	MIR19B2	COX6B1
MIR19B1	MIR19B2	HDLBP
MIR19B1	MIR19B2	MTMR3
MIR19B1	MIR19B2	OTUD1
MIR19B1	MIR19B2	SDAD1
MIR19B1	MIR19B2	ZNF83
MIR19B1	MIR19B2	C11orf57
MIR19B1	MIR19B2	RC3H1
MIR19B1	MIR19B2	BRAF
MIR19B1	MIR19B2	STX6
MIR19B1	MIR19B2	NIPAL2
MIR19B1	MIR19B2	SPRYD3
MIR19B1	MIR19B2	SEL1L
MIR19B1	MIR19B2	ELMOD2
MIR19B1	MIR19B2	PRRC2C
MIR19B1	MIR19B2	SKP1
MIR19B1	MIR19B2	FBN2
MIR19B1	MIR19B2	VAMP3
MIR19B1	MIR19B2	RFFL
MIR19B1	MIR19B2	UNC13A
MIR19B1	MIR19B2	PLRG1
MIR19B1	MIR19B2	RCAN3
MIR19B1	MIR19B2	POSTN
MIR19B1	MIR19B2	REST
MIR19B1	MIR19B2	LARS
MIR19B1	MIR19B2	KBTBD8
MIR19B1	MIR19B2	BAG5
MIR19B1	MIR19B2	TMEM64
MIR19B1	MIR19B2	AKAP9
MIR19B1	MIR19B2	TGIF1
MIR19B1	MIR19B2	TRAK2
MIR19B1	MIR19B2	IRF4
MIR19B1	MIR19B2	C18orf54
MIR19B1	MIR19B2	ZNF780B
MIR19B1	MIR19B2	GFPT1
MIR19B1	MIR19B2	YOD1
MIR19B1	MIR19B2	SEMA4C
MIR19B1	MIR19B2	PHLDA3
MIR19B1	MIR19B2	AP1G1
MIR19B1	MIR19B2	ARHGAP5
MIR19B1	MIR19B2	PLCL1
MIR19B1	MIR19B2	SOCS1
MIR19B1	MIR19B2	LY75
MIR19B1	MIR19B2	RAB18
MIR19B1	MIR19B2	REEP3
MIR19B1	MIR19B2	UACA
MIR19B1	MIR19B2	LIF
MIR19B1	MIR19B2	GPD2
MIR19B1	MIR19B2	SLC30A4
MIR19B1	MIR19B2	ZNF107
MIR19B1	MIR19B2	PFN1
MIR19B1	MIR19B2	RAB21
MIR19B1	MIR19B2	CDKAL1
MIR19B1	MIR19B2	TLN1
MIR19B1	MIR19B2	NCDN
MIR19B1	MIR19B2	PTAR1
MIR19B1	MIR19B2	NAPB
MIR19B1	MIR19B2	THBS1
MIR19B1	MIR19B2	CDC42BPA
MIR19B1	MIR19B2	PAICS
MIR19B1	MIR19B2	WBP1L
MIR19B1	MIR19B2	CALD1
MIR19B1	MIR19B2	PPAP2A
MIR19B1	MIR19B2	ZNF664
MIR19B1	MIR19B2	MADD
MIR19B1	MIR19B2	USP35
MIR19B1	MIR19B2	CHD2
MIR19B1	MIR19B2	EXOC6B
MIR19B1	MIR19B2	TAOK1
MIR19B1	MIR19B2	ANKIB1
MIR19B1	MIR19B2	UHMK1
MIR19B1	MIR19B2	MYLIP
MIR19B1	MIR19B2	PICALM
MIR19B1	MIR19B2	ELOVL5
MIR19B1	MIR19B2	LDOC1
MIR19B1	MIR19B2	ZNF281
MIR19B1	MIR19B2	ACVR1
MIR19B1	MIR19B2	COL6A2
MIR19B1	MIR19B2	AHNAK
MIR19B1	MIR19B2	CNIH1
MIR19B1	MIR19B2	ARRDC3
MIR19B1	MIR19B2	FAT1
MIR19B1	MIR19B2	VGLL4
MIR19B1	MIR19B2	ARL10
MIR19B1	MIR19B2	KMT2C
MIR19B1	MIR19B2	ACSL4
MIR19B1	MIR19B2	ATP6V1G1
MIR19B1	MIR19B2	HIPK1
MIR19B1	MIR19B2	CCDC144A
MIR19B1	MIR19B2	NT5C2
MIR19B1	MIR19B2	CELSR1
MIR19B1	MIR19B2	PHACTR1
MIR19B1	MIR19B2	SNX17
MIR19B1	MIR19B2	IVNS1ABP
MIR19B1	MIR19B2	GOLM1
MIR19B1	MIR19B2	PSME3
MIR19B1	MIR19B2	SPATA2
MIR19B1	MIR19B2	MRRF
MIR19B1	MIR19B2	ADSS
MIR19B1	MIR19B2	GAA
MIR19B1	MIR19B2	PRKX
MIR19B1	MIR19B2	NUTF2
MIR19B1	MIR19B2	MSMO1
MIR19B1	MIR19B2	DBF4
MIR19B1	MIR19B2	SNX3
MIR19B1	MIR19B2	ADAM10
MIR19B1	MIR19B2	KDM5B
MIR19B1	MIR19B2	USP37
MIR19B1	MIR19B2	CCND2
MIR19B1	MIR19B2	ZMAT3
MIR19B1	MIR19B2	MYCBP
MIR19B1	MIR19B2	MBNL1
MIR19B1	MIR19B2	MREG
MIR19B1	MIR19B2	OGG1
MIR19B1	MIR19B2	STX11
MIR19B1	MIR19B2	STRN3
MIR19B1	MIR19B2	SPEN
MIR19B1	MIR19B2	KIAA2018
MIR19B1	MIR19B2	BCAS4
MIR19B1	MIR19B2	HIPK3
MIR19B1	MIR19B2	CHM
MIR19B1	MIR19B2	ANKRD17
MIR19B1	MIR19B2	SAMD4A
MIR19B1	MIR19B2	SHCBP1
MIR19B1	MIR19B2	WNK1
MIR19B1	MIR19B2	ATL2
MIR19B1	MIR19B2	SLC22A5
MIR19B1	MIR19B2	PELI1
MIR19B1	MIR19B2	ZRANB1
MIR19B1	MIR19B2	SKIL
MIR19B1	MIR19B2	SMG1
MIR19B1	MIR19B2	SEPT7
MIR19B1	MIR19B2	KIF2A
MIR19B1	MIR19B2	DLG5
MIR19B1	MIR19B2	LRP12
MIR19B1	MIR19B2	ATG5
MIR19B1	MIR19B2	PPP6R3
MIR19B1	MIR19B2	BRWD3
MIR19B1	MIR19B2	RICTOR
MIR19B1	MIR19B2	KDM6A
MIR19B1	MIR19B2	EWSR1
MIR19B1	MIR19B2	LRCH1
MIR19B1	MIR19B2	REXO1
MIR19B1	MIR19B2	E2F8
MIR19B1	MIR19B2	ZNF711
MIR19B1	MIR19B2	RBPJ
MIR19B1	MIR19B2	TROVE2
MIR19B1	MIR19B2	NDFIP1
MIR19B1	MIR19B2	UGCG
MIR19B1	MIR19B2	RASA1
MIR19B1	MIR19B2	ATPAF1
MIR19B1	MIR19B2	FCRLA
MIR19B1	MIR19B2	DDX3X
MIR19B1	MIR19B2	PNRC1
MIR19B1	MIR19B2	CDH11
MIR19B1	MIR19B2	ALG2
MIR19B1	MIR19B2	SECISBP2L
MIR19B1	MIR19B2	ARPP19
MIR19B1	MIR19B2	CNIH3
MIR19B1	MIR19B2	PIGS
MIR19B1	MIR19B2	INSIG2
MIR19B1	MIR19B2	CCND1
MIR19B1	MIR19B2	SOCS3
MIR19B1	MIR19B2	TPGS2
MIR19B1	MIR19B2	RPS4Y1
MIR19B1	MIR19B2	CCNL1
MIR19B1	MIR19B2	LRRC8B
MIR19B1	MIR19B2	SIK2
MIR19B1	MIR19B2	CENPF
MIR19B1	MIR19B2	TWIST2
MIR19B1	MIR19B2	CITED2
MIR19B1	MIR19B2	EFR3A
MIR19B1	MIR19B2	VTI1A
MIR19B1	MIR19B2	NFE2L2
MIR19B1	MIR19B2	CLTC
MIR19B1	MIR19B2	RNF139
MIR19B1	MIR19B2	MEX3C
MIR19B1	MIR19B2	DAZAP2
MIR19B1	MIR19B2	LRCH3
MIR19B1	MIR19B2	DCAKD
MIR19B1	MIR19B2	PROX1
MIR19B1	MIR19B2	WAC
MIR19B1	MIR19B2	KLHL15
MIR19B1	MIR19B2	YIPF4
MIR19B1	MIR19B2	FOXK2
MIR19B1	MIR19B2	RASSF2
MIR19B1	MIR19B2	BNIP1
MIR19B1	MIR19B2	AGPAT3
MIR19B1	MIR19B2	PDCD6IP
MIR19B1	MIR19B2	SYNCRIP
MIR19B1	MIR19B2	NCOA3
MIR19B1	MIR19B2	KIF1B
MIR19B1	MIR19B2	ATG16L1
MIR19B1	MIR19B2	NUFIP2
MIR19B1	MIR19B2	SIPA1L1
MIR19B1	MIR19B2	COLGALT1
MIR19B1	MIR19B2	BRWD1
MIR19B1	MIR19B2	SOGA1
MIR19B1	MIR19B2	C5orf24
MIR19B1	MIR19B2	CCNT2
MIR19B1	MIR19B2	CDR2
MIR19B1	MIR19B2	INPP4B
MIR19B1	MIR19B2	SLC30A8
MIR19B1	MIR19B2	MALT1
MIR19B1	MIR19B2	IL1R1
MIR19B1	MIR19B2	ATXN1
MIR19B1	MIR19B2	DNMT1
MIR19B1	MIR19B2	ITGB8
MIR19B1	MIR19B2	MB21D1
MIR19B1	MIR19B2	PJA2
MIR19B1	MIR19B2	ELP2
MIR19B1	MIR19B2	MBNL3
MIR19B1	MIR19B2	DDX17
MIR19B1	MIR19B2	RQCD1
MIR19B1	MIR19B2	TLR10
MIR19B1	MIR19B2	HNRNPF
MIR19B1	MIR19B2	EIF4E2
MIR19B1	MIR19B2	CD46
MIR19B1	MIR19B2	KIAA1586
MIR19B1	MIR19B2	KIAA1598
MIR19B1	MIR19B2	UBE2A
MIR19B1	MIR19B2	CRIM1
MIR19B1	MIR19B2	ZFP91
MIR19B1	MIR19B2	FBXW2
MIR19B1	MIR19B2	C6orf62
MIR19B1	MIR19B2	PTX3
MIR19B1	MIR19B2	NAP1L1
MIR19B1	MIR19B2	TET3
MIR19B1	MIR19B2	C4orf33
MIR19B1	MIR19B2	CEP350
MIR19B1	MIR19B2	CAST
MIR19B1	MIR19B2	EAF1
MIR19B1	MIR19B2	NSMAF
MIR19B1	MIR19B2	C16orf70
MIR19B1	MIR19B2	PPP2R5A
MIR19B1	MIR19B2	IP6K2
MIR19B1	MIR19B2	ANLN
MIR19B1	MIR19B2	ABCC3
MIR19B1	MIR19B2	PHLDA1
MIR19B1	MIR19B2	CD164
MIR19B1	MIR19B2	IGF2R
MIR19B1	MIR19B2	RAP2B
MIR19B1	MIR19B2	LONRF1
MIR19B1	MIR19B2	SERPINE2
MIR19B1	MIR19B2	ARPC1A
MIR19B1	MIR19B2	DIS3L2
MIR19B1	MIR19B2	RREB1
MIR19B1	MIR19B2	TMBIM6
MIR19B1	MIR19B2	ARL8A
MIR19B1	MIR19B2	TMEM127
MIR19B1	MIR19B2	SH3BP5L
MIR19B1	MIR19B2	TNPO1
MIR19B1	MIR19B2	TAB2
MIR19B1	MIR19B2	MDM2
MIR19B1	MIR19B2	GMFB
MIR19B1	MIR19B2	CAMSAP1
MIR19B1	MIR19B2	PDE4A
MIR19B1	MIR19B2	DLG1
MIR19B1	MIR19B2	KIAA1468
MIR19B1	MIR19B2	SETD7
MIR19B1	MIR19B2	ATP6V1B2
MIR19B1	MIR19B2	KPNA6
MIR19B1	MIR19B2	PPP1R15B
MIR141	MIR200A	YPEL5
MIR141	MIR200A	TTC3
MIR141	MIR200A	FNIP2
MIR141	MIR200A	KLF6
MIR141	MIR200A	ZNF891
MIR141	MIR200A	ADH5
MIR141	MIR200A	SCD
MIR141	MIR200A	LHFP
MIR141	MIR200A	KIF1B
MIR141	MIR200A	ZCCHC3
MIR141	MIR200A	CASC4
MIR141	MIR200A	ALG9
MIR141	MIR200A	LY75
MIR141	MIR200A	ANP32E
MIR141	MIR200A	ZNF512B
MIR141	MIR200A	LPP
MIR141	MIR200A	RNF185
MIR141	MIR200A	SPTBN1
MIR141	MIR200A	ZNF518A
MIR141	MIR200A	TMC5
MIR141	MIR200A	ZEB1
MIR141	MIR200A	PSG5
MIR141	MIR200A	RAPGEF5
MIR141	MIR200A	U2AF1
MIR141	MIR200A	GLCE
MIR141	MIR200A	NUP153
MIR141	MIR200A	EXTL2
MIR141	MIR200A	ITGB8
MIR141	MIR200A	IQGAP1
MIR141	MIR200A	IVD
MIR141	MIR200A	STPG2
MIR141	MIR200A	STK3
MIR141	MIR200A	EXOC5
MIR141	MIR200A	VCPIP1
MIR141	MIR200A	CCNG1
MIR141	MIR200A	PDIK1L
MIR141	MIR200A	MYH10
MIR141	MIR200A	TTC28
MIR141	MIR200A	LPGAT1
MIR141	MIR200A	TMX4
MIR141	MIR200A	ACADSB
MIR141	MIR200A	SAR1A
MIR141	MIR200A	FBXW7
MIR141	MIR200A	MRPS31
MIR141	MIR200A	PPP3R1
MIR141	MIR200A	SLC16A6
MIR141	MIR200A	KIF17
MIR141	MIR200A	ULK2
MIR141	MIR200A	RBPJ
MIR141	MIR200A	ITCH
MIR141	MIR200A	DYNC1H1
MIR141	MIR200A	CXCL12
MIR141	MIR200A	SCOC
MIR141	MIR200A	ZSCAN30
MIR141	MIR200A	ENPP5
MIR141	MIR200A	SNRPD1
MIR141	MIR200A	GNAQ
MIR141	MIR200A	DIDO1
MIR141	MIR200A	RAB3B
MIR141	MIR200A	COG5
MIR141	MIR200A	SYNE1
MIR141	MIR200A	DNAJB11
MIR141	MIR200A	TCF24
MIR141	MIR200A	CLASP2
MIR141	MIR200A	ARRDC3
MIR141	MIR200A	FAT1
MIR141	MIR200A	CDKN1A
MIR141	MIR200A	SETX
MIR141	MIR200A	TBC1D4
MIR141	MIR200A	PABPC4
MIR141	MIR200A	OR1L3
MIR141	MIR200A	EIF4G1
MIR141	MIR200A	ZNF248
MIR141	MIR200A	PTCH1
MIR141	MIR200A	PPHLN1
MIR141	MIR200A	HTT
MIR141	MIR200A	MSH2
MIR141	MIR200A	USP33
MIR141	MIR200A	GGA2
MIR141	MIR200A	PTEN
MIR141	MIR200A	OGT
MIR141	MIR200A	ANO6
MIR141	MIR200A	SORBS2
MIR141	MIR200A	JAZF1
MIR141	MIR200A	VKORC1L1
MIR141	MIR200A	STRN
MIR141	MIR200A	CMTM6
MIR141	MIR200A	SEMA6A
MIR141	MIR200A	PCGF5
MIR141	MIR200A	TMEM57
MIR141	MIR200A	IKBKAP
MIR141	MIR200A	RANBP6
MIR141	MIR200A	ACP2
MIR141	MIR200A	GIGYF1
MIR141	MIR200A	FBXW11
MIR141	MIR200A	ZNF385D
MIR141	MIR200A	CRYBG3
MIR141	MIR200A	KSR1
MIR141	MIR200A	PARP1
MIR141	MIR200A	CAV2
MIR141	MIR200A	VAMP3
MIR141	MIR200A	COG3
MIR141	MIR200A	ARRDC4
MIR141	MIR200A	ZNF397
MIR141	MIR200A	RAB32
MIR141	MIR200A	DMXL1
MIR141	MIR200A	UBN2
MIR141	MIR200A	MRPL1
MIR141	MIR200A	PDHA1
MIR141	MIR200A	BRI3BP
MIR141	MIR200A	FAM220A
MIR141	MIR200A	ANKRD17
MIR141	MIR200A	NEK6
MIR141	MIR200A	RNF7
MIR141	MIR200A	DUSP5
MIR141	MIR200A	WNK1
MIR141	MIR200A	MNX1
MIR200B	MIR200C	ST7
MIR200B	MIR200C	TTC3
MIR200B	MIR200C	KDM7A
MIR200B	MIR200C	ZNF431
MIR200B	MIR200C	GFPT1
MIR200B	MIR200C	RBAK
MIR200B	MIR200C	PHC3
MIR200B	MIR200C	AKAP11
MIR200B	MIR200C	ZC3H4
MIR200B	MIR200C	RANBP2
MIR200B	MIR200C	DDX3Y
MIR200B	MIR200C	SCD
MIR200B	MIR200C	HSPA13
MIR200B	MIR200C	AGO2
MIR200B	MIR200C	CAB39
MIR200B	MIR200C	BNIP3
MIR200B	MIR200C	SPATS2L
MIR200B	MIR200C	RNF168
MIR200B	MIR200C	BIRC3
MIR200B	MIR200C	PRDM2
MIR200B	MIR200C	TMED10
MIR200B	MIR200C	TPCN1
MIR200B	MIR200C	MGAT3
MIR200B	MIR200C	CRKL
MIR200B	MIR200C	GOLIM4
MIR200B	MIR200C	EIF3J
MIR200B	MIR200C	BRD1
MIR200B	MIR200C	GPBP1
MIR200B	MIR200C	FBXL3
MIR200B	MIR200C	STK17B
MIR200B	MIR200C	ZNF512B
MIR200B	MIR200C	C5orf24
MIR200B	MIR200C	TBP
MIR200B	MIR200C	CNEP1R1
MIR200B	MIR200C	GABPB1
MIR200B	MIR200C	GSKIP
MIR200B	MIR200C	ZEB1
MIR200B	MIR200C	JUN
MIR200B	MIR200C	GRIA3
MIR200B	MIR200C	DDX21
MIR200B	MIR200C	TRIM59
MIR200B	MIR200C	TMEM123
MIR200B	MIR200C	NPNT
MIR200B	MIR200C	ZNF217
MIR200B	MIR200C	CFL2
MIR200B	MIR200C	BTAF1
MIR200B	MIR200C	LMAN1
MIR200B	MIR200C	MARCH6
MIR200B	MIR200C	ELK4
MIR200B	MIR200C	NRBP1
MIR200B	MIR200C	TGS1
MIR200B	MIR200C	TMX4
MIR200B	MIR200C	TPD52
MIR200B	MIR200C	NCOR2
MIR200B	MIR200C	TRAPPC8
MIR200B	MIR200C	KRT80
MIR200B	MIR200C	PAN2
MIR200B	MIR200C	TIMP2
MIR200B	MIR200C	GDAP2
MIR200B	MIR200C	KRR1
MIR200B	MIR200C	NDFIP2
MIR200B	MIR200C	GTF2E1
MIR200B	MIR200C	KRAS
MIR200B	MIR200C	OSTM1
MIR200B	MIR200C	UGP2
MIR200B	MIR200C	MARCH8
MIR200B	MIR200C	TROVE2
MIR200B	MIR200C	POMZP3
MIR200B	MIR200C	CRTAP
MIR200B	MIR200C	MGA
MIR200B	MIR200C	YES1
MIR200B	MIR200C	MARCKS
MIR200B	MIR200C	ZYG11B
MIR200B	MIR200C	PDCD4
MIR200B	MIR200C	PVRL4
MIR200B	MIR200C	LGALS8
MIR200B	MIR200C	PLCG1
MIR200B	MIR200C	SEC23A
MIR200B	MIR200C	FNDC3B
MIR200B	MIR200C	EIF4B
MIR200B	MIR200C	ITSN2
MIR200B	MIR200C	MFSD9
MIR200B	MIR200C	NAP1L2
MIR200B	MIR200C	RIC1
MIR200B	MIR200C	ETS1
MIR200B	MIR200C	CPEB4
MIR200B	MIR200C	CMTR2
MIR200B	MIR200C	RHOA
MIR200B	MIR200C	BLOC1S6
MIR200B	MIR200C	RBM12B
MIR200B	MIR200C	ATG12
MIR200B	MIR200C	ANKRD44
MIR200B	MIR200C	FAM199X
MIR200B	MIR200C	BDP1
MIR200B	MIR200C	COPS2
MIR200B	MIR200C	MYO9A
MIR200B	MIR200C	ZBTB38
MIR200B	MIR200C	SECISBP2L
MIR200B	MIR200C	ARPP19
MIR200B	MIR200C	PPP1CB
MIR200B	MIR200C	ZFAND6
MIR200B	MIR200C	RAB4A
MIR200B	MIR200C	PLD1
MIR200B	MIR200C	HTT
MIR200B	MIR200C	PHF10
MIR200B	MIR200C	CFAP97
MIR200B	MIR200C	UTP23
MIR200B	MIR200C	NAP1L5
MIR200B	MIR200C	SMIM15
MIR200B	MIR200C	REPS1
MIR200B	MIR200C	NEDD1
MIR200B	MIR200C	OGT
MIR200B	MIR200C	VAT1L
MIR200B	MIR200C	PLK2
MIR200B	MIR200C	VMP1
MIR200B	MIR200C	CEP57
MIR200B	MIR200C	STX17
MIR200B	MIR200C	RDX
MIR200B	MIR200C	CLCC1
MIR200B	MIR200C	ANLN
MIR200B	MIR200C	SEPSECS
MIR200B	MIR200C	OSBPL8
MIR200B	MIR200C	UBE2R2
MIR200B	MIR200C	UHRF1BP1L
MIR200B	MIR200C	GSE1
MIR200B	MIR200C	ERBB2IP
MIR200B	MIR200C	TAF7
MIR200B	MIR200C	CLIC4
MIR200B	MIR200C	STX16
MIR200B	MIR200C	CCDC117
MIR200B	MIR200C	SDE2
MIR200B	MIR200C	CD164
MIR200B	MIR200C	TM9SF3
MIR200B	MIR200C	KIAA0101
MIR200B	MIR200C	DESI1
MIR200B	MIR200C	LARP1B
MIR200B	MIR200C	MIEF1
MIR200B	MIR200C	ANKRD42
MIR200B	MIR200C	NIN
MIR200B	MIR200C	DHX29
MIR200B	MIR200C	EFR3A
MIR200B	MIR200C	FAM8A1
MIR200B	MIR200C	TCF4
MIR200B	MIR200C	PIM2
MIR200B	MIR200C	FBLN5
MIR200B	MIR200C	ERRFI1
MIR200B	MIR200C	RSU1
MIR200B	MIR200C	ZMAT3
MIR200B	MIR200C	NUPL1
MIR200B	MIR200C	TNPO1
MIR200B	MIR200C	FBXW11
MIR200B	MIR200C	PPP1R3D
MIR200B	MIR200C	SKP1
MIR200B	MIR200C	CAMSAP2
MIR200B	MIR200C	CBL
MIR200B	MIR200C	GATM
MIR200B	MIR200C	PCBP1
MIR200B	MIR200C	YIF1B
MIR200B	MIR200C	SMURF2
MIR200B	MIR200C	ARL2BP
MIR200B	MIR200C	MYZAP
MIR200B	MIR200C	ASH1L
MIR200B	MIR200C	NR5A2
MIR200B	MIR200C	THNSL1
MIR200B	MIR200C	RNF139
MIR200B	MIR200C	USP9X
MIR200B	MIR200C	DDB2
MIR200B	MIR200C	RTN4
MIR200B	MIR200C	SAR1B
MIR200B	MIR200C	ZNF638
MIR200B	MIR200C	SERPINI1
MIR200B	MIR200C	GPR98
MIR200B	MIR200C	TMEM64
MIR200B	MIR200C	MMD
MIR200B	MIR200C	PEAK1
MIR200B	MIR200C	EEA1
MIR200B	MIR200C	SNX13
MIR200B	MIR200C	LNPEP
MIR200B	MIR200C	DUSP1
MIR200B	MIR200C	SLC30A5
MIR20A	MIR20B	SMAD5
MIR20A	MIR20B	ATL3
MIR20A	MIR20B	RNH1
MIR20A	MIR20B	GBF1
MIR20A	MIR20B	SH3RF1
MIR20A	MIR20B	BTN3A1
MIR20A	MIR20B	TTC9
MIR20A	MIR20B	E2F1
MIR20A	MIR20B	WEE1
MIR20A	MIR20B	PRRX1
MIR20A	MIR20B	EIF4G2
MIR20A	MIR20B	BTG3
MIR20A	MIR20B	SH2B3
MIR20A	MIR20B	LAPTM4A
MIR20A	MIR20B	PCYT1A
MIR20A	MIR20B	RBP1
MIR20A	MIR20B	NCOA3
MIR20A	MIR20B	MKNK2
MIR20A	MIR20B	ZBTB7A
MIR20A	MIR20B	RASSF3
MIR20A	MIR20B	SMU1
MIR20A	MIR20B	ABHD2
MIR20A	MIR20B	SGMS1
MIR20A	MIR20B	FOCAD
MIR20A	MIR20B	ZNF827
MIR20A	MIR20B	ATG16L1
MIR20A	MIR20B	ARNTL2
MIR20A	MIR20B	UBE3C
MIR20A	MIR20B	SOCS1
MIR20A	MIR20B	ZNF337
MIR20A	MIR20B	TNFAIP3
MIR20A	MIR20B	ZNF81
MIR20A	MIR20B	NUFIP2
MIR20A	MIR20B	ANKRD11
MIR20A	MIR20B	JAK1
MIR20A	MIR20B	SIPA1L1
MIR20A	MIR20B	RUNX3
MIR20A	MIR20B	PKD2
MIR20A	MIR20B	REEP3
MIR20A	MIR20B	TUBB4B
MIR20A	MIR20B	SOWAHC
MIR20A	MIR20B	CRK
MIR20A	MIR20B	SEMA6D
MIR20A	MIR20B	MOB1A
MIR20A	MIR20B	UBAP2L
MIR20A	MIR20B	PRKAR1A
MIR20A	MIR20B	LTBP1
MIR20A	MIR20B	ADAM9
MIR20A	MIR20B	MIDN
MIR20A	MIR20B	RCAN1
MIR20A	MIR20B	EZH1
MIR20A	MIR20B	UBR4
MIR20A	MIR20B	VASH2
MIR20A	MIR20B	HBP1
MIR20A	MIR20B	DNPH1
MIR20A	MIR20B	TAOK3
MIR20A	MIR20B	IRF1
MIR20A	MIR20B	ATP9A
MIR20A	MIR20B	CCNG2
MIR20A	MIR20B	SOCS5
MIR20A	MIR20B	PUM2
MIR20A	MIR20B	CCDC137
MIR20A	MIR20B	FAM167A
MIR20A	MIR20B	CYBRD1
MIR20A	MIR20B	GLO1
MIR20A	MIR20B	ATXN1
MIR20A	MIR20B	EFCAB14
MIR20A	MIR20B	MYO19
MIR20A	MIR20B	ZBTB18
MIR20A	MIR20B	CLIP4
MIR20A	MIR20B	MAST4
MIR20A	MIR20B	PALLD
MIR20A	MIR20B	MOB1B
MIR20A	MIR20B	DNAJC27
MIR20A	MIR20B	EIF2S1
MIR20A	MIR20B	KLF3
MIR20A	MIR20B	AAED1
MIR20A	MIR20B	JOSD1
MIR20A	MIR20B	ZNF800
MIR20A	MIR20B	CNOT4
MIR20A	MIR20B	NAPB
MIR20A	MIR20B	GSPT1
MIR20A	MIR20B	FEM1C
MIR20A	MIR20B	LONP1
MIR20A	MIR20B	SASH1
MIR20A	MIR20B	LMBR1
MIR20A	MIR20B	VEGFA
MIR20A	MIR20B	IER3
MIR20A	MIR20B	CSRNP3
MIR20A	MIR20B	TNRC6B
MIR20A	MIR20B	KLHL28
MIR20A	MIR20B	LRCH1
MIR20A	MIR20B	HECTD1
MIR20A	MIR20B	ZC3H12C
MIR20A	MIR20B	RLIM
MIR20A	MIR20B	CCDC71L
MIR20A	MIR20B	RASD1
MIR20A	MIR20B	LAMC1
MIR20A	MIR20B	STK11
MIR20A	MIR20B	PIK3R1
MIR20A	MIR20B	RASA2
MIR20A	MIR20B	NIPA1
MIR20A	MIR20B	TBC1D20
MIR20A	MIR20B	MAP3K8
MIR20A	MIR20B	SOD2
MIR20A	MIR20B	ERAP1
MIR20A	MIR20B	MAST2
MIR20A	MIR20B	MSN
MIR20A	MIR20B	ANKIB1
MIR20A	MIR20B	ZNF592
MIR20A	MIR20B	SEMA7A
MIR20A	MIR20B	IPO7
MIR20A	MIR20B	RAB5B
MIR20A	MIR20B	BEND4
MIR20A	MIR20B	CRIM1
MIR20A	MIR20B	ENPP5
MIR20A	MIR20B	AKTIP
MIR20A	MIR20B	ZBTB4
MIR20A	MIR20B	NLK
MIR20A	MIR20B	CSNK1A1
MIR20A	MIR20B	ZNF880
MIR20A	MIR20B	ZFP91
MIR20A	MIR20B	UNC119B
MIR20A	MIR20B	EGLN3
MIR20A	MIR20B	EXOC1
MIR20A	MIR20B	TAGAP
MIR20A	MIR20B	FAM126B
MIR20A	MIR20B	KDM6B
MIR20A	MIR20B	ZFYVE26
MIR20A	MIR20B	TSG101
MIR20A	MIR20B	FLAD1
MIR20A	MIR20B	NHLRC3
MIR20A	MIR20B	CMKLR1
MIR20A	MIR20B	MSI2
MIR20A	MIR20B	CXCL8
MIR20A	MIR20B	IRF9
MIR20A	MIR20B	MAP3K9
MIR20A	MIR20B	FAM199X
MIR20A	MIR20B	CDKN1A
MIR20A	MIR20B	FRS2
MIR20A	MIR20B	PFKP
MIR20A	MIR20B	PLEKHO2
MIR20A	MIR20B	STK38
MIR20A	MIR20B	ACSL4
MIR20A	MIR20B	ZMPSTE24
MIR20A	MIR20B	DUSP2
MIR20A	MIR20B	NFATC2IP
MIR20A	MIR20B	MAP1B
MIR20A	MIR20B	RUFY2
MIR20A	MIR20B	CCND1
MIR20A	MIR20B	DYRK3
MIR20A	MIR20B	ZDHHC20
MIR20A	MIR20B	NABP1
MIR20A	MIR20B	TRIM8
MIR20A	MIR20B	SAMD9L
MIR20A	MIR20B	VHL
MIR20A	MIR20B	USP3
MIR20A	MIR20B	ANKRD52
MIR20A	MIR20B	DCAF10
MIR20A	MIR20B	RRM2
MIR20A	MIR20B	PHLDA1
MIR20A	MIR20B	FRMD4A
MIR20A	MIR20B	ZBTB33
MIR20A	MIR20B	CROT
MIR20A	MIR20B	BAMBI
MIR20A	MIR20B	PDIA4
MIR20A	MIR20B	LZIC
MIR20A	MIR20B	PPP6C
MIR20A	MIR20B	NR2C2
MIR20A	MIR20B	SLC30A1
MIR20A	MIR20B	MAGT1
MIR20A	MIR20B	KPNA2
MIR20A	MIR20B	MAP3K2
MIR20A	MIR20B	PPP1R12B
MIR20A	MIR20B	MACF1
MIR20A	MIR20B	RAB22A
MIR20A	MIR20B	SNX9
MIR20A	MIR20B	LPXN
MIR20A	MIR20B	TGFBR2
MIR20A	MIR20B	FRMPD4
MIR20A	MIR20B	TNRC6A
MIR20A	MIR20B	CCND2
MIR20A	MIR20B	KDM2A
MIR20A	MIR20B	HYOU1
MIR20A	MIR20B	DIAPH1
MIR20A	MIR20B	NUPL1
MIR20A	MIR20B	GIGYF1
MIR20A	MIR20B	GAN
MIR20A	MIR20B	TMEM127
MIR20A	MIR20B	DNAJC13
MIR20A	MIR20B	SH3PXD2A
MIR20A	MIR20B	SBNO1
MIR20A	MIR20B	SEC14L1
MIR20A	MIR20B	AAK1
MIR20A	MIR20B	SGTB
MIR20A	MIR20B	ULK1
MIR20A	MIR20B	WDR37
MIR20A	MIR20B	FAM129A
MIR20A	MIR20B	ZNFX1
MIR20A	MIR20B	NMD3
MIR20A	MIR20B	PCM1
MIR20A	MIR20B	RB1
MIR20A	MIR20B	ARL4A
MIR20A	MIR20B	KMT2B
MIR20A	MIR20B	DUSP18
MIR20A	MIR20B	BNIP2
MIR20A	MIR20B	CIC
MIR20A	MIR20B	ARL1
MIR20A	MIR20B	CLTC
MIR20A	MIR20B	TBC1D2B
MIR20A	MIR20B	KCMF1
MIR20A	MIR20B	CRY2
MIR20A	MIR20B	PIP4K2A
MIR20A	MIR20B	RHOC
MIR20A	MIR20B	PTPN4
MIR20A	MIR20B	NBL1
MIR20A	MIR20B	NIPBL
MIR20A	MIR20B	DAB2
MIR20A	MIR20B	CELF2
MIR20A	MIR20B	PREX1
MIR20A	MIR20B	LDLRAP1
MIR20A	MIR20B	TXNIP
MIR20A	MIR20B	PKD1
MIR20A	MIR20B	KLF10
MIR20A	MIR20B	GTF2H1
MIR20A	MIR93	SMAD5
MIR20A	MIR93	ATL3
MIR20A	MIR93	RNH1
MIR20A	MIR93	GBF1
MIR20A	MIR93	SH3RF1
MIR20A	MIR93	M6PR
MIR20A	MIR93	TTC9
MIR20A	MIR93	BTN3A1
MIR20A	MIR93	E2F1
MIR20A	MIR93	NAV1
MIR20A	MIR93	PRRX1
MIR20A	MIR93	WEE1
MIR20A	MIR93	EIF4G2
MIR20A	MIR93	BTG3
MIR20A	MIR93	SH2B3
MIR20A	MIR93	EPAS1
MIR20A	MIR93	NBEAL2
MIR20A	MIR93	LAPTM4A
MIR20A	MIR93	PCYT1A
MIR20A	MIR93	RBP1
MIR20A	MIR93	NCOA3
MIR20A	MIR93	MKNK2
MIR20A	MIR93	ZBTB7A
MIR20A	MIR93	RASSF3
MIR20A	MIR93	SMU1
MIR20A	MIR93	SGMS1
MIR20A	MIR93	ZNF827
MIR20A	MIR93	ATG16L1
MIR20A	MIR93	ARNTL2
MIR20A	MIR93	UBE3C
MIR20A	MIR93	SOCS1
MIR20A	MIR93	ZNF337
MIR20A	MIR93	TNFAIP3
MIR20A	MIR93	ENAH
MIR20A	MIR93	ZNF81
MIR20A	MIR93	NUFIP2
MIR20A	MIR93	ANKRD11
MIR20A	MIR93	JAK1
MIR20A	MIR93	SIPA1L1
MIR20A	MIR93	RUNX3
MIR20A	MIR93	PKD2
MIR20A	MIR93	REEP3
MIR20A	MIR93	CRK
MIR20A	MIR93	MOB1A
MIR20A	MIR93	UBAP2L
MIR20A	MIR93	PRKAR1A
MIR20A	MIR93	LTBP1
MIR20A	MIR93	ADAM9
MIR20A	MIR93	PLIN3
MIR20A	MIR93	RCAN1
MIR20A	MIR93	MIDN
MIR20A	MIR93	EZH1
MIR20A	MIR93	UBR4
MIR20A	MIR93	HBP1
MIR20A	MIR93	DNPH1
MIR20A	MIR93	TAOK3
MIR20A	MIR93	IRF1
MIR20A	MIR93	ATP9A
MIR20A	MIR93	CCNG2
MIR20A	MIR93	SOCS5
MIR20A	MIR93	PUM2
MIR20A	MIR93	CCDC137
MIR20A	MIR93	FAM167A
MIR20A	MIR93	CYBRD1
MIR20A	MIR93	GLO1
MIR20A	MIR93	ATXN1
MIR20A	MIR93	EFCAB14
MIR20A	MIR93	ZBTB18
MIR20A	MIR93	CLIP4
MIR20A	MIR93	MAST4
MIR20A	MIR93	PALLD
MIR20A	MIR93	MOB1B
MIR20A	MIR93	DNAJC27
MIR20A	MIR93	EIF2S1
MIR20A	MIR93	KLF3
MIR20A	MIR93	AAED1
MIR20A	MIR93	JOSD1
MIR20A	MIR93	ZNF800
MIR20A	MIR93	CNOT4
MIR20A	MIR93	NAPB
MIR20A	MIR93	FEM1C
MIR20A	MIR93	SASH1
MIR20A	MIR93	STAT3
MIR20A	MIR93	LMBR1
MIR20A	MIR93	VEGFA
MIR20A	MIR93	IER3
MIR20A	MIR93	CSRNP3
MIR20A	MIR93	WHSC1L1
MIR20A	MIR93	TNRC6B
MIR20A	MIR93	KLHL28
MIR20A	MIR93	PURA
MIR20A	MIR93	LRCH1
MIR20A	MIR93	ZC3H12C
MIR20A	MIR93	EIF4G3
MIR20A	MIR93	RLIM
MIR20A	MIR93	CCDC71L
MIR20A	MIR93	RASD1
MIR20A	MIR93	LAMC1
MIR20A	MIR93	STK11
MIR20A	MIR93	PIK3R1
MIR20A	MIR93	RASA2
MIR20A	MIR93	TBC1D20
MIR20A	MIR93	SOD2
MIR20A	MIR93	GRAMD1A
MIR20A	MIR93	ERAP1
MIR20A	MIR93	MAST2
MIR20A	MIR93	CORO1C
MIR20A	MIR93	ANKIB1
MIR20A	MIR93	DYNC1H1
MIR20A	MIR93	ZNF592
MIR20A	MIR93	SEMA7A
MIR20A	MIR93	IPO7
MIR20A	MIR93	RAB5B
MIR20A	MIR93	BEND4
MIR20A	MIR93	CRIM1
MIR20A	MIR93	ENPP5
MIR20A	MIR93	AKTIP
MIR20A	MIR93	ZBTB4
MIR20A	MIR93	NLK
MIR20A	MIR93	CSNK1A1
MIR20A	MIR93	FNDC3B
MIR20A	MIR93	ZNF880
MIR20A	MIR93	ZFP91
MIR20A	MIR93	UNC119B
MIR20A	MIR93	PDPK1
MIR20A	MIR93	EGLN3
MIR20A	MIR93	EXOC1
MIR20A	MIR93	TAGAP
MIR20A	MIR93	FAM126B
MIR20A	MIR93	KDM6B
MIR20A	MIR93	AFF1
MIR20A	MIR93	BAG3
MIR20A	MIR93	TSG101
MIR20A	MIR93	ZFYVE26
MIR20A	MIR93	FLAD1
MIR20A	MIR93	NHLRC3
MIR20A	MIR93	MSI2
MIR20A	MIR93	LRBA
MIR20A	MIR93	CXCL8
MIR20A	MIR93	IRF9
MIR20A	MIR93	MAP3K9
MIR20A	MIR93	CDKN1A
MIR20A	MIR93	FRS2
MIR20A	MIR93	PFKP
MIR20A	MIR93	PLEKHO2
MIR20A	MIR93	CEP350
MIR20A	MIR93	STK38
MIR20A	MIR93	ACSL4
MIR20A	MIR93	ZMPSTE24
MIR20A	MIR93	DUSP2
MIR20A	MIR93	MAP1B
MIR20A	MIR93	RUFY2
MIR20A	MIR93	CCND1
MIR20A	MIR93	DYRK3
MIR20A	MIR93	ZDHHC20
MIR20A	MIR93	PHC1
MIR20A	MIR93	NABP1
MIR20A	MIR93	TRIM8
MIR20A	MIR93	SAMD9L
MIR20A	MIR93	VHL
MIR20A	MIR93	PHACTR2
MIR20A	MIR93	USP3
MIR20A	MIR93	ANKRD52
MIR20A	MIR93	DCAF10
MIR20A	MIR93	RRM2
MIR20A	MIR93	PHLDA1
MIR20A	MIR93	FRMD4A
MIR20A	MIR93	ZBTB33
MIR20A	MIR93	CROT
MIR20A	MIR93	LZIC
MIR20A	MIR93	PPP6C
MIR20A	MIR93	NR2C2
MIR20A	MIR93	SLC30A1
MIR20A	MIR93	MAGT1
MIR20A	MIR93	KPNA2
MIR20A	MIR93	MAP3K2
MIR20A	MIR93	PPP1R12B
MIR20A	MIR93	NUCKS1
MIR20A	MIR93	MACF1
MIR20A	MIR93	RAB22A
MIR20A	MIR93	SNX9
MIR20A	MIR93	LPXN
MIR20A	MIR93	TGFBR2
MIR20A	MIR93	SEPT2
MIR20A	MIR93	DTX3L
MIR20A	MIR93	FRMPD4
MIR20A	MIR93	TNRC6A
MIR20A	MIR93	NFAT5
MIR20A	MIR93	CCND2
MIR20A	MIR93	KDM2A
MIR20A	MIR93	HYOU1
MIR20A	MIR93	DIAPH1
MIR20A	MIR93	NUPL1
MIR20A	MIR93	GIGYF1
MIR20A	MIR93	FMN2
MIR20A	MIR93	GAN
MIR20A	MIR93	DNAJC13
MIR20A	MIR93	SH3PXD2A
MIR20A	MIR93	TMEM127
MIR20A	MIR93	SBNO1
MIR20A	MIR93	SEC14L1
MIR20A	MIR93	AAK1
MIR20A	MIR93	SGTB
MIR20A	MIR93	ULK1
MIR20A	MIR93	WDR37
MIR20A	MIR93	ZNFX1
MIR20A	MIR93	NMD3
MIR20A	MIR93	PCM1
MIR20A	MIR93	RB1
MIR20A	MIR93	ARL4A
MIR20A	MIR93	DUSP18
MIR20A	MIR93	MT-ATP6
MIR20A	MIR93	WDR33
MIR20A	MIR93	BNIP2
MIR20A	MIR93	CIC
MIR20A	MIR93	HSPA8
MIR20A	MIR93	ARL1
MIR20A	MIR93	CLTC
MIR20A	MIR93	TBC1D2B
MIR20A	MIR93	KCMF1
MIR20A	MIR93	DAZAP2
MIR20A	MIR93	CRY2
MIR20A	MIR93	LRCH3
MIR20A	MIR93	PIP4K2A
MIR20A	MIR93	BHLHE40
MIR20A	MIR93	RHOC
MIR20A	MIR93	PTPN4
MIR20A	MIR93	NBL1
MIR20A	MIR93	NIPBL
MIR20A	MIR93	DAB2
MIR20A	MIR93	RAC1
MIR20A	MIR93	CELF2
MIR20A	MIR93	PREX1
MIR20A	MIR93	LDLRAP1
MIR20A	MIR93	TXNIP
MIR20A	MIR93	PKD1
MIR20A	MIR93	GSPT1
MIR20B	MIR93	SMAD5
MIR20B	MIR93	ATL3
MIR20B	MIR93	RNH1
MIR20B	MIR93	GBF1
MIR20B	MIR93	SH3RF1
MIR20B	MIR93	BTN3A1
MIR20B	MIR93	TTC9
MIR20B	MIR93	E2F1
MIR20B	MIR93	WEE1
MIR20B	MIR93	PRRX1
MIR20B	MIR93	LRP1
MIR20B	MIR93	EIF4G2
MIR20B	MIR93	BTG3
MIR20B	MIR93	SH2B3
MIR20B	MIR93	LAPTM4A
MIR20B	MIR93	PCYT1A
MIR20B	MIR93	RBP1
MIR20B	MIR93	SLC2A3
MIR20B	MIR93	NCOA3
MIR20B	MIR93	MKNK2
MIR20B	MIR93	TMEM56
MIR20B	MIR93	RASSF3
MIR20B	MIR93	ZBTB7A
MIR20B	MIR93	CCDC51
MIR20B	MIR93	SMU1
MIR20B	MIR93	SGMS1
MIR20B	MIR93	ZNF827
MIR20B	MIR93	ATG16L1
MIR20B	MIR93	GZF1
MIR20B	MIR93	UBE3C
MIR20B	MIR93	ARNTL2
MIR20B	MIR93	SOCS1
MIR20B	MIR93	PCDHGB6
MIR20B	MIR93	ZNF337
MIR20B	MIR93	TNFAIP3
MIR20B	MIR93	TRAPPC2
MIR20B	MIR93	ZNF81
MIR20B	MIR93	FAM134C
MIR20B	MIR93	ANKRD11
MIR20B	MIR93	JAK1
MIR20B	MIR93	NUFIP2
MIR20B	MIR93	SIPA1L1
MIR20B	MIR93	RUNX3
MIR20B	MIR93	SYMPK
MIR20B	MIR93	PKD2
MIR20B	MIR93	RPS27A
MIR20B	MIR93	MXI1
MIR20B	MIR93	REEP3
MIR20B	MIR93	SPTY2D1
MIR20B	MIR93	PGBD4
MIR20B	MIR93	CRK
MIR20B	MIR93	MOB1A
MIR20B	MIR93	UBAP2L
MIR20B	MIR93	PRKAR1A
MIR20B	MIR93	LTBP1
MIR20B	MIR93	ADAM9
MIR20B	MIR93	MIDN
MIR20B	MIR93	RCAN1
MIR20B	MIR93	EZH1
MIR20B	MIR93	UBR4
MIR20B	MIR93	HBP1
MIR20B	MIR93	DNPH1
MIR20B	MIR93	TAOK3
MIR20B	MIR93	IRF1
MIR20B	MIR93	ATP9A
MIR20B	MIR93	CCNG2
MIR20B	MIR93	GGA3
MIR20B	MIR93	SOCS5
MIR20B	MIR93	PUM2
MIR20B	MIR93	TMEM181
MIR20B	MIR93	CCDC137
MIR20B	MIR93	FAM167A
MIR20B	MIR93	CYBRD1
MIR20B	MIR93	GLO1
MIR20B	MIR93	ATXN1
MIR20B	MIR93	EIF5
MIR20B	MIR93	EFCAB14
MIR20B	MIR93	CLIP4
MIR20B	MIR93	MAST4
MIR20B	MIR93	ZBTB18
MIR20B	MIR93	PALLD
MIR20B	MIR93	CENPB
MIR20B	MIR93	MOB1B
MIR20B	MIR93	DNAJC27
MIR20B	MIR93	EIF2S1
MIR20B	MIR93	RABIF
MIR20B	MIR93	METTL21A
MIR20B	MIR93	AAED1
MIR20B	MIR93	ADNP2
MIR20B	MIR93	KLF3
MIR20B	MIR93	JOSD1
MIR20B	MIR93	ZNF800
MIR20B	MIR93	CNOT4
MIR20B	MIR93	NAPB
MIR20B	MIR93	FEM1C
MIR20B	MIR93	CRISPLD2
MIR20B	MIR93	SASH1
MIR20B	MIR93	LMBR1
MIR20B	MIR93	VEGFA
MIR20B	MIR93	IER3
MIR20B	MIR93	CSRNP3
MIR20B	MIR93	TNRC6B
MIR20B	MIR93	KLHL28
MIR20B	MIR93	LRCH1
MIR20B	MIR93	ZC3H12C
MIR20B	MIR93	MKI67
MIR20B	MIR93	RLIM
MIR20B	MIR93	CCDC71L
MIR20B	MIR93	RASD1
MIR20B	MIR93	LAMC1
MIR20B	MIR93	STK11
MIR20B	MIR93	PIK3R1
MIR20B	MIR93	RND3
MIR20B	MIR93	RASA2
MIR20B	MIR93	TBC1D20
MIR20B	MIR93	DHCR24
MIR20B	MIR93	SOD2
MIR20B	MIR93	ERAP1
MIR20B	MIR93	MAST2
MIR20B	MIR93	TMPO
MIR20B	MIR93	ZNF490
MIR20B	MIR93	ANKIB1
MIR20B	MIR93	ZNF592
MIR20B	MIR93	RUFY3
MIR20B	MIR93	SEMA7A
MIR20B	MIR93	KDM4C
MIR20B	MIR93	IPO7
MIR20B	MIR93	RAB5B
MIR20B	MIR93	BEND4
MIR20B	MIR93	PARVA
MIR20B	MIR93	CRIM1
MIR20B	MIR93	ENPP5
MIR20B	MIR93	AKTIP
MIR20B	MIR93	ZBTB4
MIR20B	MIR93	NLK
MIR20B	MIR93	CSNK1A1
MIR20B	MIR93	ZNF880
MIR20B	MIR93	ZFP91
MIR20B	MIR93	UNC119B
MIR20B	MIR93	RNF125
MIR20B	MIR93	NCOR1
MIR20B	MIR93	EGLN3
MIR20B	MIR93	EXOC1
MIR20B	MIR93	TAGAP
MIR20B	MIR93	FAM126B
MIR20B	MIR93	PFN2
MIR20B	MIR93	SERPINE1
MIR20B	MIR93	RAB12
MIR20B	MIR93	KDM6B
MIR20B	MIR93	PPP2R5C
MIR20B	MIR93	ZFYVE26
MIR20B	MIR93	TSG101
MIR20B	MIR93	TACC1
MIR20B	MIR93	CWF19L1
MIR20B	MIR93	FLAD1
MIR20B	MIR93	NHLRC3
MIR20B	MIR93	MSI2
MIR20B	MIR93	CXCL8
MIR20B	MIR93	IRF9
MIR20B	MIR93	MAP3K9
MIR20B	MIR93	CUL5
MIR20B	MIR93	CDKN1A
MIR20B	MIR93	FRS2
MIR20B	MIR93	PFKP
MIR20B	MIR93	PLEKHO2
MIR20B	MIR93	STK38
MIR20B	MIR93	CACUL1
MIR20B	MIR93	STK17A
MIR20B	MIR93	ACSL4
MIR20B	MIR93	MTMR3
MIR20B	MIR93	ZMPSTE24
MIR20B	MIR93	DUSP2
MIR20B	MIR93	MAP1B
MIR20B	MIR93	RUFY2
MIR20B	MIR93	CCND1
MIR20B	MIR93	TMOD3
MIR20B	MIR93	DYRK3
MIR20B	MIR93	ZDHHC20
MIR20B	MIR93	NSMAF
MIR20B	MIR93	NABP1
MIR20B	MIR93	TRIM8
MIR20B	MIR93	SAMD9L
MIR20B	MIR93	VHL
MIR20B	MIR93	FBLN7
MIR20B	MIR93	USP3
MIR20B	MIR93	RYBP
MIR20B	MIR93	PRKAB2
MIR20B	MIR93	ANKRD52
MIR20B	MIR93	DCAF10
MIR20B	MIR93	RRM2
MIR20B	MIR93	PHLDA1
MIR20B	MIR93	FRMD4A
MIR20B	MIR93	ZBTB33
MIR20B	MIR93	CROT
MIR20B	MIR93	IGF2R
MIR20B	MIR93	CENPF
MIR20B	MIR93	PPP6C
MIR20B	MIR93	MGAT5
MIR20B	MIR93	LZIC
MIR20B	MIR93	NR2C2
MIR20B	MIR93	SLC30A1
MIR20B	MIR93	ATP6V0E1
MIR20B	MIR93	MAGT1
MIR20B	MIR93	KPNA2
MIR20B	MIR93	MAP3K2
MIR20B	MIR93	TNKS1BP1
MIR20B	MIR93	LIMK1
MIR20B	MIR93	PPP1R12B
MIR20B	MIR93	USP34
MIR20B	MIR93	MSMO1
MIR20B	MIR93	PRNP
MIR20B	MIR93	MACF1
MIR20B	MIR93	RAB22A
MIR20B	MIR93	BCDIN3D
MIR20B	MIR93	SNX9
MIR20B	MIR93	LPXN
MIR20B	MIR93	TGFBR2
MIR20B	MIR93	BBS10
MIR20B	MIR93	FRMPD4
MIR20B	MIR93	TNRC6A
MIR20B	MIR93	CCND2
MIR20B	MIR93	KDM2A
MIR20B	MIR93	HYOU1
MIR20B	MIR93	DIAPH1
MIR20B	MIR93	SMAD2
MIR20B	MIR93	NUPL1
MIR20B	MIR93	GIGYF1
MIR20B	MIR93	GAN
MIR20B	MIR93	DNAJC13
MIR20B	MIR93	IFNAR2
MIR20B	MIR93	SH3PXD2A
MIR20B	MIR93	TMEM127
MIR20B	MIR93	SBNO1
MIR20B	MIR93	SEC14L1
MIR20B	MIR93	CS
MIR20B	MIR93	AAK1
MIR20B	MIR93	AKT3
MIR20B	MIR93	SGTB
MIR20B	MIR93	ULK1
MIR20B	MIR93	WDR37
MIR20B	MIR93	ZNFX1
MIR20B	MIR93	WASF2
MIR20B	MIR93	NMD3
MIR20B	MIR93	RAPGEF1
MIR20B	MIR93	PCM1
MIR20B	MIR93	RB1
MIR20B	MIR93	ARL4A
MIR20B	MIR93	DUSP18
MIR20B	MIR93	RABGGTB
MIR20B	MIR93	BNIP2
MIR20B	MIR93	CIC
MIR20B	MIR93	ARL1
MIR20B	MIR93	CLTC
MIR20B	MIR93	NF1
MIR20B	MIR93	TBC1D2B
MIR20B	MIR93	DAPK1
MIR20B	MIR93	ZMYM5
MIR20B	MIR93	KCMF1
MIR20B	MIR93	CRY2
MIR20B	MIR93	TRPM1
MIR20B	MIR93	DMXL1
MIR20B	MIR93	PIP4K2A
MIR20B	MIR93	KBTBD8
MIR20B	MIR93	YLPM1
MIR20B	MIR93	PDXK
MIR20B	MIR93	RHOC
MIR20B	MIR93	PTPN4
MIR20B	MIR93	NBL1
MIR20B	MIR93	NIPBL
MIR20B	MIR93	DAB2
MIR20B	MIR93	CELF2
MIR20B	MIR93	PREX1
MIR20B	MIR93	LDLRAP1
MIR20B	MIR93	TXNIP
MIR20B	MIR93	PKD1
MIR20B	MIR93	GSPT1
MIR20B	MIR93	PPP1R15B
MIR204	MIR211	MCL1
MIR204	MIR211	BAG3
MIR204	MIR211	PTGR1
MIR204	MIR211	AHNAK
MIR204	MIR211	NFAT5
MIR204	MIR211	RPL24
MIR204	MIR211	TPP1
MIR204	MIR211	WEE1
MIR204	MIR211	LARP1
MIR204	MIR211	SENP1
MIR204	MIR211	TNRC6B
MIR204	MIR211	RANBP2
MIR204	MIR211	UBXN4
MIR204	MIR211	HERPUD1
MIR204	MIR211	GBE1
MIR204	MIR211	RASSF3
MIR204	MIR211	ZNF827
MIR204	MIR211	PDE4DIP
MIR204	MIR211	FBN2
MIR204	MIR211	ZNF451
MIR204	MIR211	SYVN1
MIR204	MIR211	CCND1
MIR204	MIR211	TCP1
MIR204	MIR211	HLA-E
MIR204	MIR211	UBE2I
MIR204	MIR211	CXCL3
MIR204	MIR211	MAP3K5
MIR204	MIR211	SSRP1
MIR204	MIR211	TIMP2
MIR204	MIR211	BRD9
MIR204	MIR211	SOD2
MIR204	MIR211	GREM1
MIR204	MIR211	NTN4
MIR204	MIR211	PLP2
MIR204	MIR211	TMEM30A
MIR204	MIR211	ANLN
MIR204	MIR211	CORO1C
MIR204	MIR211	POSTN
MIR204	MIR211	HSP90AA1
MIR204	MIR211	UBE2Z
MIR204	MIR211	WDR48
MIR204	MIR211	FLI1
MIR204	MIR211	RAPH1
MIR204	MIR211	SAT1
MIR204	MIR211	SLC38A1
MIR204	MIR211	GTPBP2
MIR204	MIR211	SMC3
MIR204	MIR211	PTPN1
MIR204	MIR211	PTTG1IP
MIR204	MIR211	QSER1
MIR204	MIR211	TUSC3
MIR204	MIR211	EEF2
MIR204	MIR211	FNDC3B
MIR204	MIR211	IL6ST
MIR204	MIR211	RIF1
MIR204	MIR211	TPT1
MIR204	MIR211	SEC61A1
MIR204	MIR211	DENND5A
MIR204	MIR211	COL3A1
MIR192	MIR215	OBSCN
MIR192	MIR215	UBA52
MIR192	MIR215	FOCAD
MIR192	MIR215	PCDH1
MIR192	MIR215	LRRC1
MIR192	MIR215	TRIM2
MIR192	MIR215	ZBTB41
MIR192	MIR215	FNDC3B
MIR192	MIR215	DICER1
MIR192	MIR215	ALCAM
MIR192	MIR215	DIEXF
MIR192	MIR215	PRKAR1A
MIR192	MIR215	NUDT3
MIR192	MIR215	EHBP1
MIR192	MIR215	DIS3L
MIR192	MIR215	PRNP
MIR218-1	MIR218-2	ATL2
MIR218-1	MIR218-2	MYD88
MIR218-1	MIR218-2	POLR2A
MIR218-1	MIR218-2	PUM1
MIR218-1	MIR218-2	SRSF4
MIR218-1	MIR218-2	ANKRD50
MIR218-1	MIR218-2	FAR1
MIR218-1	MIR218-2	SPRED2
MIR218-1	MIR218-2	GRIP1
MIR218-1	MIR218-2	H1FX
MIR218-1	MIR218-2	ZNF462
MIR218-1	MIR218-2	AGFG1
MIR218-1	MIR218-2	CLASP1
MIR218-1	MIR218-2	AHR
MIR218-1	MIR218-2	USP31
MIR218-1	MIR218-2	PKP4
MIR218-1	MIR218-2	RMDN3
MIR218-1	MIR218-2	GNAI2
MIR218-1	MIR218-2	AP1G1
MIR218-1	MIR218-2	SNAI2
MIR218-1	MIR218-2	ZHX1
MIR218-1	MIR218-2	SFRP2
MIR218-1	MIR218-2	ABI3BP
MIR218-1	MIR218-2	EID3
MIR218-1	MIR218-2	SMG1
MIR218-1	MIR218-2	YWHAZ
MIR218-1	MIR218-2	IGF2
MIR218-1	MIR218-2	ZNF292
MIR218-1	MIR218-2	AZIN1
MIR218-1	MIR218-2	MFAP3
MIR218-1	MIR218-2	ZNF618
MIR218-1	MIR218-2	COPS3
MIR218-1	MIR218-2	NAV3
MIR218-1	MIR218-2	SPTBN1
MIR218-1	MIR218-2	OSER1
MIR218-1	MIR218-2	MFHAS1
MIR218-1	MIR218-2	NCOA4
MIR218-1	MIR218-2	PLAGL2
MIR218-1	MIR218-2	TMEM167A
MIR218-1	MIR218-2	SREK1
MIR218-1	MIR218-2	TMEM189-UBE2V1
MIR218-1	MIR218-2	CEBPB
MIR218-1	MIR218-2	USP42
MIR218-1	MIR218-2	GTPBP10
MIR218-1	MIR218-2	NCAPD2
MIR218-1	MIR218-2	PRKDC
MIR218-1	MIR218-2	FOSL1
MIR218-1	MIR218-2	SLC23A2
MIR218-1	MIR218-2	GSTO2
MIR218-1	MIR218-2	ITM2C
MIR218-1	MIR218-2	OSBPL9
MIR218-1	MIR218-2	MYH9
MIR218-1	MIR218-2	JARID2
MIR218-1	MIR218-2	LMTK2
MIR218-1	MIR218-2	STAT3
MIR218-1	MIR218-2	AQP3
MIR218-1	MIR218-2	CXXC5
MIR218-1	MIR218-2	RICTOR
MIR218-1	MIR218-2	VEGFA
MIR218-1	MIR218-2	TNRC6B
MIR218-1	MIR218-2	SSR1
MIR218-1	MIR218-2	ZFAND5
MIR218-1	MIR218-2	GDE1
MIR218-1	MIR218-2	TM4SF4
MIR218-1	MIR218-2	SPAG9
MIR218-1	MIR218-2	DDX17
MIR218-1	MIR218-2	CCNI
MIR218-1	MIR218-2	GEM
MIR218-1	MIR218-2	HEG1
MIR218-1	MIR218-2	ARHGEF11
MIR218-1	MIR218-2	GOLGA4
MIR218-1	MIR218-2	UNC13B
MIR218-1	MIR218-2	NSMF
MIR218-1	MIR218-2	ARF6
MIR218-1	MIR218-2	KIAA0040
MIR218-1	MIR218-2	LOXL2
MIR218-1	MIR218-2	PPP1R12A
MIR218-1	MIR218-2	LSM3
MIR218-1	MIR218-2	PPP4R4
MIR218-1	MIR218-2	ADRBK2
MIR218-1	MIR218-2	PILRB
MIR218-1	MIR218-2	TTN
MIR218-1	MIR218-2	AOX1
MIR218-1	MIR218-2	CORO1C
MIR218-1	MIR218-2	TAOK1
MIR218-1	MIR218-2	GATC
MIR218-1	MIR218-2	UBE2Z
MIR218-1	MIR218-2	DNALI1
MIR218-1	MIR218-2	SLC7A5
MIR218-1	MIR218-2	MPP6
MIR218-1	MIR218-2	ARIH1
MIR218-1	MIR218-2	CYR61
MIR218-1	MIR218-2	MARCKS
MIR218-1	MIR218-2	CCNT1
MIR218-1	MIR218-2	TIPARP
MIR218-1	MIR218-2	CDK12
MIR218-1	MIR218-2	ELL2
MIR218-1	MIR218-2	AHCYL1
MIR218-1	MIR218-2	NEDD4L
MIR218-1	MIR218-2	CDK6
MIR218-1	MIR218-2	ZXDB
MIR218-1	MIR218-2	CHD6
MIR218-1	MIR218-2	ARL4C
MIR218-1	MIR218-2	ANKHD1-EIF4EBP3
MIR218-1	MIR218-2	SEC61A1
MIR218-1	MIR218-2	GNAI3
MIR218-1	MIR218-2	ETS1
MIR218-1	MIR218-2	FAM126B
MIR218-1	MIR218-2	ASCC3
MIR218-1	MIR218-2	SLC5A3
MIR218-1	MIR218-2	PPP2CB
MIR218-1	MIR218-2	AFF1
MIR218-1	MIR218-2	CACNA1C
MIR218-1	MIR218-2	HEBP1
MIR218-1	MIR218-2	GAPDH
MIR218-1	MIR218-2	RPN1
MIR218-1	MIR218-2	IMPAD1
MIR218-1	MIR218-2	ANKRD36C
MIR218-1	MIR218-2	STXBP1
MIR218-1	MIR218-2	MED13L
MIR218-1	MIR218-2	HIST1H2AC
MIR218-1	MIR218-2	SERINC3
MIR218-1	MIR218-2	RNF24
MIR218-1	MIR218-2	UBAP1
MIR218-1	MIR218-2	OSMR
MIR218-1	MIR218-2	DYRK3
MIR218-1	MIR218-2	RB1CC1
MIR218-1	MIR218-2	C11orf24
MIR218-1	MIR218-2	KAT8
MIR218-1	MIR218-2	APOL6
MIR218-1	MIR218-2	EP300
MIR218-1	MIR218-2	SLC7A2
MIR218-1	MIR218-2	MYO18A
MIR218-1	MIR218-2	RAB1A
MIR218-1	MIR218-2	STT3B
MIR218-1	MIR218-2	JDP2
MIR218-1	MIR218-2	USP22
MIR218-1	MIR218-2	RPL5
MIR218-1	MIR218-2	CA2
MIR218-1	MIR218-2	MARCH7
MIR218-1	MIR218-2	FTH1
MIR218-1	MIR218-2	HSP90AA1
MIR218-1	MIR218-2	PHLDA1
MIR218-1	MIR218-2	IGF2R
MIR218-1	MIR218-2	UBE2G1
MIR218-1	MIR218-2	PDIA4
MIR218-1	MIR218-2	FAM3C
MIR218-1	MIR218-2	TPM4
MIR218-1	MIR218-2	GDI1
MIR218-1	MIR218-2	CITED2
MIR218-1	MIR218-2	SHOC2
MIR218-1	MIR218-2	UBE2H
MIR218-1	MIR218-2	OPA1
MIR218-1	MIR218-2	HIST1H2BJ
MIR218-1	MIR218-2	RPL32
MIR218-1	MIR218-2	HIST1H4E
MIR218-1	MIR218-2	TERF2
MIR218-1	MIR218-2	EFR3A
MIR218-1	MIR218-2	PABPC1
MIR218-1	MIR218-2	ZZEF1
MIR218-1	MIR218-2	ATP2B4
MIR218-1	MIR218-2	FAM114A1
MIR218-1	MIR218-2	ICK
MIR218-1	MIR218-2	PLXND1
MIR218-1	MIR218-2	ADNP
MIR218-1	MIR218-2	GPATCH2L
MIR218-1	MIR218-2	MRPL39
MIR218-1	MIR218-2	FNBP1
MIR218-1	MIR218-2	CNOT7
MIR218-1	MIR218-2	CDKN1B
MIR218-1	MIR218-2	FBXW11
MIR218-1	MIR218-2	STC2
MIR218-1	MIR218-2	TTC21B
MIR218-1	MIR218-2	STAG1
MIR218-1	MIR218-2	PCM1
MIR218-1	MIR218-2	MAN2A1
MIR218-1	MIR218-2	MMP14
MIR218-1	MIR218-2	EFS
MIR218-1	MIR218-2	HSP90B1
MIR218-1	MIR218-2	GP2
MIR218-1	MIR218-2	ASH1L
MIR218-1	MIR218-2	PLEC
MIR218-1	MIR218-2	USP9X
MIR218-1	MIR218-2	MAP4
MIR218-1	MIR218-2	PRR12
MIR218-1	MIR218-2	C5orf42
MIR218-1	MIR218-2	SOD1
MIR218-1	MIR218-2	XPO5
MIR218-1	MIR218-2	CARKD
MIR218-1	MIR218-2	ANKRD17
MIR218-1	MIR218-2	PDSS2
MIR218-1	MIR218-2	EEF2
MIR218-1	MIR218-2	FASTKD5
MIR218-1	MIR218-2	TUBB
MIR218-1	MIR218-2	UBAP2
MIR218-1	MIR218-2	HMGB2
MIR218-1	MIR218-2	SERP1
MIR218-1	MIR218-2	GSPT1
MIR218-1	MIR218-2	S100A11
MIR219A1	MIR219A2	RAB12
MIR219A1	MIR219A2	C11orf30
MIR219A1	MIR219A2	HIST1H4D
MIR219A1	MIR219A2	SNX9
MIR219A1	MIR219A2	PUM1
MIR219A1	MIR219A2	PCNP
MIR219A1	MIR219A2	ZBTB20
MIR219A1	MIR219A2	XIAP
MIR219A1	MIR219A2	KLHL9
MIR219A1	MIR219A2	ARID5B
MIR219A1	MIR219A2	XPO7
MIR219A1	MIR219A2	FAT1
MIR219A1	MIR219A2	MBP
MIR219A1	MIR219A2	KIAA0232
MIR219A1	MIR219A2	IFNAR2
MIR219A1	MIR219A2	NR3C1
MIR219A1	MIR219A2	CACUL1
MIR219A1	MIR219A2	PBX3
MIR219A1	MIR219A2	ABHD2
MIR219A1	MIR219A2	VPS13C
MIR219A1	MIR219A2	PPP1R14B
MIR219A1	MIR219A2	GNPTAB
MIR219A1	MIR219A2	NDST2
MIR219A1	MIR219A2	STK24
MIR219A1	MIR219A2	XRCC6BP1
MIR219A1	MIR219A2	RBM18
MIR219A1	MIR219A2	ZNFX1
MIR219A1	MIR219A2	IKBKB
MIR219A1	MIR219A2	PARD6B
MIR219A1	MIR219A2	TRIO
MIR219A1	MIR219A2	GBA2
MIR219A1	MIR219A2	YTHDF3
MIR219A1	MIR219A2	ATRNL1
MIR219A1	MIR219A2	HLA-E
MIR219A1	MIR219A2	HNF1B
MIR219A1	MIR219A2	ATP6V1A
MIR219A1	MIR219A2	FAM135A
MIR219A1	MIR219A2	ELF2
MIR219A1	MIR219A2	MLH1
MIR219A1	MIR219A2	MTFR1L
MIR219A1	MIR219A2	EFNA5
MIR219A1	MIR219A2	LIN52
MIR219A1	MIR219A2	SLC16A6
MIR219A1	MIR219A2	ZSCAN12
MIR219A1	MIR219A2	TNS3
MIR219A1	MIR219A2	MYO5A
MIR219A1	MIR219A2	ISL1
MIR219A1	MIR219A2	SETD5
MIR219A1	MIR219A2	DYNC1H1
MIR219A1	MIR219A2	CLIC1
MIR219A1	MIR219A2	GSE1
MIR219A1	MIR219A2	MAGED2
MIR219A1	MIR219A2	ATXN1L
MIR219A1	MIR219A2	CTCF
MIR219A1	MIR219A2	HEXB
MIR219A1	MIR219A2	RAB5B
MIR219A1	MIR219A2	SEC24B
MIR219A1	MIR219A2	BET1
MIR219A1	MIR219A2	ANKRD17
MIR219A1	MIR219A2	CELF2
MIR219A1	MIR219A2	SHOC2
MIR219A1	MIR219A2	EMC4
MIR219A1	MIR219A2	IRX2
MIR219A1	MIR219A2	NCOA1
MIR219A1	MIR219A2	STAU2
MIR219A1	MIR219A2	LCMT2
MIR219A1	MIR219A2	RRM2B
MIR219A1	MIR219A2	FLRT3
MIR219A1	MIR219A2	RIF1
MIR219A1	MIR219A2	SUB1
MIR219A1	MIR219A2	MAP2
MIR219A1	MIR219A2	PRNP
MIR219A1	MIR219A2	AASS
MIR23A	MIR23B	SMAD5
MIR23A	MIR23B	TNFSF4
MIR23A	MIR23B	POLR2A
MIR23A	MIR23B	FLNC
MIR23A	MIR23B	EPAS1
MIR23A	MIR23B	PCF11
MIR23A	MIR23B	RASSF3
MIR23A	MIR23B	KBTBD2
MIR23A	MIR23B	GZF1
MIR23A	MIR23B	FOXJ3
MIR23A	MIR23B	PPP6R1
MIR23A	MIR23B	STK4
MIR23A	MIR23B	MECOM
MIR23A	MIR23B	FBXW8
MIR23A	MIR23B	LPAR1
MIR23A	MIR23B	MCM7
MIR23A	MIR23B	GPI
MIR23A	MIR23B	UBAP2L
MIR23A	MIR23B	NUDT3
MIR23A	MIR23B	UBR4
MIR23A	MIR23B	HMGA2
MIR23A	MIR23B	SLFN11
MIR23A	MIR23B	ZC3H11A
MIR23A	MIR23B	TRAF5
MIR23A	MIR23B	TET2
MIR23A	MIR23B	NNT
MIR23A	MIR23B	H3F3B
MIR23A	MIR23B	RPL7L1
MIR23A	MIR23B	PTP4A2
MIR23A	MIR23B	CCNG1
MIR23A	MIR23B	HCCS
MIR23A	MIR23B	NOC4L
MIR23A	MIR23B	ZNF208
MIR23A	MIR23B	KCNK3
MIR23A	MIR23B	MAP3K1
MIR23A	MIR23B	LASP1
MIR23A	MIR23B	XPO1
MIR23A	MIR23B	EIF4G3
MIR23A	MIR23B	B4GALT5
MIR23A	MIR23B	MYL12B
MIR23A	MIR23B	POU5F1B
MIR23A	MIR23B	DHCR24
MIR23A	MIR23B	EPB41L3
MIR23A	MIR23B	CLTA
MIR23A	MIR23B	SLTM
MIR23A	MIR23B	KIAA1147
MIR23A	MIR23B	SORT1
MIR23A	MIR23B	SQRDL
MIR23A	MIR23B	CD93
MIR23A	MIR23B	RAB5B
MIR23A	MIR23B	IPO5
MIR23A	MIR23B	SEC23A
MIR23A	MIR23B	GAS2L1
MIR23A	MIR23B	FNDC3B
MIR23A	MIR23B	SLC9A3R1
MIR23A	MIR23B	STK38L
MIR23A	MIR23B	AKAP8L
MIR23A	MIR23B	NRD1
MIR23A	MIR23B	RAD21
MIR23A	MIR23B	PDPR
MIR23A	MIR23B	SUPT16H
MIR23A	MIR23B	MYO9A
MIR23A	MIR23B	SNX14
MIR23A	MIR23B	RNF138
MIR23A	MIR23B	ZNF430
MIR23A	MIR23B	LRRC47
MIR23A	MIR23B	PTGS1
MIR23A	MIR23B	PYGB
MIR23A	MIR23B	IRF2BP2
MIR23A	MIR23B	MT2A
MIR23A	MIR23B	MAP1B
MIR23A	MIR23B	RUFY2
MIR23A	MIR23B	ANXA2
MIR23A	MIR23B	F2R
MIR23A	MIR23B	PTPRJ
MIR23A	MIR23B	SACS
MIR23A	MIR23B	RAB3C
MIR23A	MIR23B	FTH1
MIR23A	MIR23B	TOP2B
MIR23A	MIR23B	STX6
MIR23A	MIR23B	ITPR2
MIR23A	MIR23B	ARHGAP29
MIR23A	MIR23B	FLVCR1
MIR23A	MIR23B	ZNF12
MIR23A	MIR23B	SRSF1
MIR23A	MIR23B	BNIP3L
MIR23A	MIR23B	CRIPT
MIR23A	MIR23B	PPA1
MIR23A	MIR23B	TGFBR2
MIR23A	MIR23B	TMEM87B
MIR23A	MIR23B	UBE2M
MIR23A	MIR23B	PTRF
MIR23A	MIR23B	TIPRL
MIR23A	MIR23B	KDR
MIR23A	MIR23B	ITGA6
MIR23A	MIR23B	AGK
MIR23A	MIR23B	PCBP1
MIR23A	MIR23B	HDAC7
MIR23A	MIR23B	AP3M1
MIR23A	MIR23B	OAZ2
MIR23A	MIR23B	HBS1L
MIR23A	MIR23B	IREB2
MIR23A	MIR23B	ATP6V0A1
MIR23A	MIR23B	DYNLL1
MIR23A	MIR23B	C22orf39
MIR23A	MIR23B	BZW2
MIR23A	MIR23B	P2RY10
MIR23A	MIR23B	PRR14L
MIR23A	MIR23B	DAB2
MIR23A	MIR23B	NEK6
MIR23A	MIR23B	PRSS23
MIR23A	MIR23B	DYRK1B
MIR23A	MIR23B	ZNF681
MIR23A	MIR23B	PRDX3
MIR23A	MIR23B	VWA9
MIR23A	MIR23B	CNOT8
MIR23A	MIR23B	ANKRD50
MIR23A	MIR23B	FGD4
MIR23A	MIR23B	AKAP11
MIR23A	MIR23B	LIMK2
MIR23A	MIR23B	ATP11B
MIR23A	MIR23B	NUP188
MIR23A	MIR23B	ANKRD13C
MIR23A	MIR23B	LATS1
MIR23A	MIR23B	PLXNA4
MIR23A	MIR23B	SEPT11
MIR23A	MIR23B	FAM78A
MIR23A	MIR23B	TNFAIP3
MIR23A	MIR23B	EZH2
MIR23A	MIR23B	LPP
MIR23A	MIR23B	RAB35
MIR23A	MIR23B	RIC8A
MIR23A	MIR23B	ZNF254
MIR23A	MIR23B	MRPS35
MIR23A	MIR23B	BAZ1B
MIR23A	MIR23B	HIF1A
MIR23A	MIR23B	RPL23A
MIR23A	MIR23B	RAB21
MIR23A	MIR23B	NCAPD2
MIR23A	MIR23B	ZNF217
MIR23A	MIR23B	PARP14
MIR23A	MIR23B	MRPL37
MIR23A	MIR23B	PCDH10
MIR23A	MIR23B	SMC1A
MIR23A	MIR23B	QSOX2
MIR23A	MIR23B	THBS1
MIR23A	MIR23B	CDC42BPA
MIR23A	MIR23B	DOCK9
MIR23A	MIR23B	FZD4
MIR23A	MIR23B	MGAT2
MIR23A	MIR23B	AKAP12
MIR23A	MIR23B	TCP1
MIR23A	MIR23B	RAI14
MIR23A	MIR23B	PRKCSH
MIR23A	MIR23B	MAN1B1
MIR23A	MIR23B	MEIS1
MIR23A	MIR23B	KPNA1
MIR23A	MIR23B	KCTD12
MIR23A	MIR23B	PBRM1
MIR23A	MIR23B	FURIN
MIR23A	MIR23B	CORO1C
MIR23A	MIR23B	ACAT1
MIR23A	MIR23B	SRPR
MIR23A	MIR23B	RAPH1
MIR23A	MIR23B	VRK3
MIR23A	MIR23B	FAM198B
MIR23A	MIR23B	LMBRD2
MIR23A	MIR23B	SDHAF2
MIR23A	MIR23B	ZCCHC2
MIR23A	MIR23B	CDC42BPB
MIR23A	MIR23B	ZNF792
MIR23A	MIR23B	BMPR2
MIR23A	MIR23B	GLYCTK
MIR23A	MIR23B	HACL1
MIR23A	MIR23B	ELOVL5
MIR23A	MIR23B	PDPK1
MIR23A	MIR23B	ACTR1A
MIR23A	MIR23B	SLC43A2
MIR23A	MIR23B	BMP4
MIR23A	MIR23B	ST3GAL5
MIR23A	MIR23B	AHNAK
MIR23A	MIR23B	MATR3
MIR23A	MIR23B	ASXL1
MIR23A	MIR23B	LHX4-AS1
MIR23A	MIR23B	PFKP
MIR23A	MIR23B	METAP2
MIR23A	MIR23B	UFD1L
MIR23A	MIR23B	CDK9
MIR23A	MIR23B	CDIP1
MIR23A	MIR23B	ASF1B
MIR23A	MIR23B	SNAP23
MIR23A	MIR23B	FLII
MIR23A	MIR23B	MYL12A
MIR23A	MIR23B	CFAP97
MIR23A	MIR23B	BLMH
MIR23A	MIR23B	MXRA7
MIR23A	MIR23B	MCFD2
MIR23A	MIR23B	FASN
MIR23A	MIR23B	ZDHHC16
MIR23A	MIR23B	RDX
MIR23A	MIR23B	NOP56
MIR23A	MIR23B	PRPF3
MIR23A	MIR23B	HIST1H4F
MIR23A	MIR23B	MTCL1
MIR23A	MIR23B	SETD2
MIR23A	MIR23B	SYT4
MIR23A	MIR23B	GOLM1
MIR23A	MIR23B	NCBP1
MIR23A	MIR23B	ZNF714
MIR23A	MIR23B	GDI1
MIR23A	MIR23B	BCAT1
MIR23A	MIR23B	MIEF1
MIR23A	MIR23B	NUAK1
MIR23A	MIR23B	C16orf72
MIR23A	MIR23B	MACF1
MIR23A	MIR23B	ADAM10
MIR23A	MIR23B	RIC8B
MIR23A	MIR23B	USP37
MIR23A	MIR23B	FAM63B
MIR23A	MIR23B	ZNF66
MIR23A	MIR23B	MBNL1
MIR23A	MIR23B	SLC45A1
MIR23A	MIR23B	ZNF92
MIR23A	MIR23B	FAM120A
MIR23A	MIR23B	FHL2
MIR23A	MIR23B	NONO
MIR23A	MIR23B	PHF20
MIR23A	MIR23B	IWS1
MIR23A	MIR23B	MTMR2
MIR23A	MIR23B	USP9X
MIR23A	MIR23B	APH1A
MIR23A	MIR23B	PSEN1
MIR23A	MIR23B	MAP4
MIR23A	MIR23B	RALGAPA2
MIR23A	MIR23B	MAP3K11
MIR23A	MIR23B	ADD3
MIR23A	MIR23B	ZNF638
MIR23A	MIR23B	KIAA0100
MIR23A	MIR23B	MCM3
MIR23A	MIR23B	SMARCC1
MIR23A	MIR23B	TULP3
MIR23A	MIR23B	KHNYN
MIR23A	MIR23B	C2orf43
MIR23A	MIR23B	MAPK1
MIR23A	MIR23B	SEC24C
MIR23A	MIR23B	TPRA1
MIR23A	MIR23B	KLF10
MIR23A	MIR23B	TTC3
MIR23A	MIR23B	MYD88
MIR23A	MIR23B	PDIA6
MIR23A	MIR23B	NFIB
MIR23A	MIR23B	GCLM
MIR23A	MIR23B	NRGN
MIR23A	MIR23B	THOC7
MIR23A	MIR23B	ZNF680
MIR23A	MIR23B	DIEXF
MIR23A	MIR23B	ZNF761
MIR23A	MIR23B	TRAPPC3
MIR23A	MIR23B	FBXO10
MIR23A	MIR23B	AGO2
MIR23A	MIR23B	RRAGC
MIR23A	MIR23B	NCKAP1
MIR23A	MIR23B	TFIP11
MIR23A	MIR23B	HNRNPR
MIR23A	MIR23B	SPATA13
MIR23A	MIR23B	NXN
MIR23A	MIR23B	PPP1CC
MIR23A	MIR23B	TOP2A
MIR23A	MIR23B	TUBB4B
MIR23A	MIR23B	KIF5B
MIR23A	MIR23B	MEIS2
MIR23A	MIR23B	HCFC1
MIR23A	MIR23B	ASXL2
MIR23A	MIR23B	IFIT2
MIR23A	MIR23B	HOOK3
MIR23A	MIR23B	SPTBN1
MIR23A	MIR23B	REL
MIR23A	MIR23B	REXO4
MIR23A	MIR23B	SRRM2
MIR23A	MIR23B	SNX8
MIR23A	MIR23B	ANXA11
MIR23A	MIR23B	DNAJC16
MIR23A	MIR23B	ICMT
MIR23A	MIR23B	CRTC3
MIR23A	MIR23B	UBE3A
MIR23A	MIR23B	COL18A1
MIR23A	MIR23B	SGK1
MIR23A	MIR23B	KEAP1
MIR23A	MIR23B	CTNND1
MIR23A	MIR23B	MSH6
MIR23A	MIR23B	HEG1
MIR23A	MIR23B	ABLIM1
MIR23A	MIR23B	CRLF3
MIR23A	MIR23B	ASPHD2
MIR23A	MIR23B	LAMC1
MIR23A	MIR23B	ZBTB25
MIR23A	MIR23B	NOL4L
MIR23A	MIR23B	TBC1D14
MIR23A	MIR23B	ATIC
MIR23A	MIR23B	RTCB
MIR23A	MIR23B	TTC4
MIR23A	MIR23B	EIF2A
MIR23A	MIR23B	CXCL12
MIR23A	MIR23B	TROVE2
MIR23A	MIR23B	MARCKS
MIR23A	MIR23B	TADA2A
MIR23A	MIR23B	CUL1
MIR23A	MIR23B	CSE1L
MIR23A	MIR23B	LUZP1
MIR23A	MIR23B	RNF167
MIR23A	MIR23B	DNMBP
MIR23A	MIR23B	HMGB1
MIR23A	MIR23B	SEC61A1
MIR23A	MIR23B	SCAF4
MIR23A	MIR23B	CMIP
MIR23A	MIR23B	PSME1
MIR23A	MIR23B	PRDX4
MIR23A	MIR23B	SULF2
MIR23A	MIR23B	PCDH1
MIR23A	MIR23B	HEBP1
MIR23A	MIR23B	CBX5
MIR23A	MIR23B	CXCL8
MIR23A	MIR23B	DDX3X
MIR23A	MIR23B	PNRC1
MIR23A	MIR23B	TRIM28
MIR23A	MIR23B	ADIPOR2
MIR23A	MIR23B	MGP
MIR23A	MIR23B	ARPP19
MIR23A	MIR23B	INSIG2
MIR23A	MIR23B	CCND1
MIR23A	MIR23B	RFX7
MIR23A	MIR23B	RPIA
MIR23A	MIR23B	CUL3
MIR23A	MIR23B	IRAK1
MIR23A	MIR23B	CKAP4
MIR23A	MIR23B	RHOB
MIR23A	MIR23B	SLC38A1
MIR23A	MIR23B	FBXO7
MIR23A	MIR23B	NGRN
MIR23A	MIR23B	CITED2
MIR23A	MIR23B	TNKS1BP1
MIR23A	MIR23B	SESN2
MIR23A	MIR23B	CIZ1
MIR23A	MIR23B	MAML1
MIR23A	MIR23B	ZNF609
MIR23A	MIR23B	ZNF230
MIR23A	MIR23B	ATP13A3
MIR23A	MIR23B	HLA-B
MIR23A	MIR23B	SPOCK1
MIR23A	MIR23B	TICRR
MIR23A	MIR23B	PNRC2
MIR23A	MIR23B	PHF19
MIR23A	MIR23B	ZBTB34
MIR23A	MIR23B	WASF2
MIR23A	MIR23B	SIPA1L3
MIR23A	MIR23B	MPDZ
MIR23A	MIR23B	BNIP2
MIR23A	MIR23B	PCNX
MIR23A	MIR23B	KIZ
MIR23A	MIR23B	NF1
MIR23A	MIR23B	DCP2
MIR23A	MIR23B	ARF3
MIR23A	MIR23B	FOSB
MIR23A	MIR23B	RAB32
MIR23A	MIR23B	HIF1AN
MIR23A	MIR23B	KPNB1
MIR23A	MIR23B	YLPM1
MIR23A	MIR23B	STX12
MIR23A	MIR23B	RAB14
MIR23A	MIR23B	TANC1
MIR23A	MIR23B	FMNL3
MIR23A	MIR23B	SPATS2
MIR23A	MIR23B	HNRNPM
MIR23A	MIR23B	DUSP5
MIR23A	MIR23B	VLDLR
MIR23A	MIR23B	MCM4
MIR23A	MIR23B	TXNIP
MIR23A	MIR23B	TSNAX
MIR23A	MIR23B	FARP2
MIR23A	MIR23B	PRPF8
MIR23A	MIR23B	FAM208B
MIR23A	MIR23B	FAM229B
MIR23A	MIR23B	RASSF2
MIR23A	MIR23B	SERINC1
MIR23A	MIR23B	YEATS2
MIR23A	MIR23B	LZTFL1
MIR23A	MIR23B	CLASP1
MIR23A	MIR23B	TOMM22
MIR23A	MIR23B	EGLN2
MIR23A	MIR23B	NCOA3
MIR23A	MIR23B	LRRC8A
MIR23A	MIR23B	STK24
MIR23A	MIR23B	LRIG1
MIR23A	MIR23B	NUFIP2
MIR23A	MIR23B	MID1IP1
MIR23A	MIR23B	TXNRD1
MIR23A	MIR23B	PKIA
MIR23A	MIR23B	VAT1
MIR23A	MIR23B	SOGA1
MIR23A	MIR23B	ANKFY1
MIR23A	MIR23B	COL4A2
MIR23A	MIR23B	SPECC1L
MIR23A	MIR23B	BTG1
MIR23A	MIR23B	APAF1
MIR23A	MIR23B	WSB2
MIR23A	MIR23B	NFE2L1
MIR23A	MIR23B	CPSF4
MIR23A	MIR23B	GPR125
MIR23A	MIR23B	NACC1
MIR23A	MIR23B	ANPEP
MIR23A	MIR23B	RNF4
MIR23A	MIR23B	TMEM255B
MIR23A	MIR23B	RBM17
MIR23A	MIR23B	TCF20
MIR23A	MIR23B	SLC39A9
MIR23A	MIR23B	PANK3
MIR23A	MIR23B	RP11-247C2.2
MIR23A	MIR23B	BTAF1
MIR23A	MIR23B	HDDC2
MIR23A	MIR23B	ARHGAP23
MIR23A	MIR23B	KLHL11
MIR23A	MIR23B	KDM5C
MIR23A	MIR23B	TNRC6B
MIR23A	MIR23B	PCBP2
MIR23A	MIR23B	CTNNB1
MIR23A	MIR23B	DDX17
MIR23A	MIR23B	TSC1
MIR23A	MIR23B	SLC38A2
MIR23A	MIR23B	CCNI
MIR23A	MIR23B	WIPF1
MIR23A	MIR23B	CHD4
MIR23A	MIR23B	SRPX
MIR23A	MIR23B	TMPO
MIR23A	MIR23B	SLC25A5
MIR23A	MIR23B	ATG3
MIR23A	MIR23B	UGP2
MIR23A	MIR23B	SLC29A1
MIR23A	MIR23B	RCN1
MIR23A	MIR23B	TRIM25
MIR23A	MIR23B	RPL31
MIR23A	MIR23B	PDLIM5
MIR23A	MIR23B	VPS29
MIR23A	MIR23B	PRKCA
MIR23A	MIR23B	COL6A1
MIR23A	MIR23B	BLCAP
MIR23A	MIR23B	PTX3
MIR23A	MIR23B	PDP2
MIR23A	MIR23B	DCHS1
MIR23A	MIR23B	TSSC1
MIR23A	MIR23B	TET3
MIR23A	MIR23B	ZBTB38
MIR23A	MIR23B	CEP350
MIR23A	MIR23B	MKLN1
MIR23A	MIR23B	PPP1CB
MIR23A	MIR23B	CANX
MIR23A	MIR23B	DYNC1I2
MIR23A	MIR23B	ATN1
MIR23A	MIR23B	ATF4
MIR23A	MIR23B	MARCH7
MIR23A	MIR23B	ZMYM2
MIR23A	MIR23B	DPP7
MIR23A	MIR23B	ITGB1
MIR23A	MIR23B	NT5E
MIR23A	MIR23B	PECAM1
MIR23A	MIR23B	HLA-C
MIR23A	MIR23B	DOCK10
MIR23A	MIR23B	ZBTB33
MIR23A	MIR23B	FAM83G
MIR23A	MIR23B	SEC24B
MIR23A	MIR23B	RUVBL1
MIR23A	MIR23B	ELTD1
MIR23A	MIR23B	VKORC1L1
MIR23A	MIR23B	PNP
MIR23A	MIR23B	EPS15
MIR23A	MIR23B	LAMP1
MIR23A	MIR23B	MARCKSL1
MIR23A	MIR23B	ARPC1A
MIR23A	MIR23B	ZNF606
MIR23A	MIR23B	INSIG1
MIR23A	MIR23B	NDUFV1
MIR23A	MIR23B	TRIB1
MIR23A	MIR23B	TNRC6A
MIR23A	MIR23B	PHIP
MIR23A	MIR23B	DHX9
MIR23A	MIR23B	ADCY6
MIR23A	MIR23B	GOLGA8A
MIR23A	MIR23B	TMEM150C
MIR23A	MIR23B	TNPO1
MIR23A	MIR23B	FAM98B
MIR23A	MIR23B	DICER1
MIR23A	MIR23B	DCTD
MIR23A	MIR23B	SQSTM1
MIR23A	MIR23B	CBL
MIR23A	MIR23B	COL4A1
MIR23A	MIR23B	HLA-E
MIR23A	MIR23B	MDM2
MIR23A	MIR23B	HIC1
MIR23A	MIR23B	CDK17
MIR23A	MIR23B	POLD4
MIR23A	MIR23B	SNRNP200
MIR23A	MIR23B	PAPD5
MIR23A	MIR23B	MTUS1
MIR23A	MIR23B	FUT4
MIR23A	MIR23B	UBB
MIR23A	MIR23B	BTN3A2
MIR23A	MIR23B	SNRK
MIR23A	MIR23B	PTDSS1
MIR23A	MIR23B	DCBLD1
MIR23A	MIR23B	ZNF626
MIR23A	MIR23B	NDRG4
MIR23A	MIR23B	APEX2
MIR23A	MIR23B	CNN2
MIR23A	MIR23B	HMGB2
MIR23A	MIR23B	SLC35E1
MIR24-1	MIR24-2	LATS2
MIR24-1	MIR24-2	RAD54L2
MIR24-1	MIR24-2	EGFR
MIR24-1	MIR24-2	FAM168B
MIR24-1	MIR24-2	RAB4B
MIR24-1	MIR24-2	SH3BP2
MIR24-1	MIR24-2	NAV1
MIR24-1	MIR24-2	SON
MIR24-1	MIR24-2	CMTM3
MIR24-1	MIR24-2	FLNC
MIR24-1	MIR24-2	SOX18
MIR24-1	MIR24-2	ASPH
MIR24-1	MIR24-2	CAND1
MIR24-1	MIR24-2	KIF1C
MIR24-1	MIR24-2	CDC42EP1
MIR24-1	MIR24-2	SRSF10
MIR24-1	MIR24-2	GBA2
MIR24-1	MIR24-2	IPO9
MIR24-1	MIR24-2	NDST1
MIR24-1	MIR24-2	STK4
MIR24-1	MIR24-2	MECOM
MIR24-1	MIR24-2	ERCC1
MIR24-1	MIR24-2	MXI1
MIR24-1	MIR24-2	GJD2
MIR24-1	MIR24-2	TFPI
MIR24-1	MIR24-2	MDC1
MIR24-1	MIR24-2	CYB561
MIR24-1	MIR24-2	MINK1
MIR24-1	MIR24-2	BCLAF1
MIR24-1	MIR24-2	PRDM1
MIR24-1	MIR24-2	ADAM9
MIR24-1	MIR24-2	CHAMP1
MIR24-1	MIR24-2	DHTKD1
MIR24-1	MIR24-2	PKN3
MIR24-1	MIR24-2	SOX4
MIR24-1	MIR24-2	CTSD
MIR24-1	MIR24-2	MSL3
MIR24-1	MIR24-2	TMEM181
MIR24-1	MIR24-2	PLAGL2
MIR24-1	MIR24-2	MMP2
MIR24-1	MIR24-2	FTL
MIR24-1	MIR24-2	FAM192A
MIR24-1	MIR24-2	MID1
MIR24-1	MIR24-2	SLC35D2
MIR24-1	MIR24-2	IGFBP5
MIR24-1	MIR24-2	SOX7
MIR24-1	MIR24-2	PRKDC
MIR24-1	MIR24-2	ATP5S
MIR24-1	MIR24-2	NYNRIN
MIR24-1	MIR24-2	CCNG1
MIR24-1	MIR24-2	DDHD1
MIR24-1	MIR24-2	LONP1
MIR24-1	MIR24-2	SREBF2
MIR24-1	MIR24-2	SEC61G
MIR24-1	MIR24-2	SPTLC2
MIR24-1	MIR24-2	LASP1
MIR24-1	MIR24-2	MEX3D
MIR24-1	MIR24-2	GUCD1
MIR24-1	MIR24-2	HPRT1
MIR24-1	MIR24-2	C1orf123
MIR24-1	MIR24-2	ZFP36L2
MIR24-1	MIR24-2	DHCR24
MIR24-1	MIR24-2	PVRL1
MIR24-1	MIR24-2	SOD2
MIR24-1	MIR24-2	RBL1
MIR24-1	MIR24-2	TSPAN14
MIR24-1	MIR24-2	ARHGEF15
MIR24-1	MIR24-2	NCSTN
MIR24-1	MIR24-2	SESN1
MIR24-1	MIR24-2	LRRC58
MIR24-1	MIR24-2	BCL2L11
MIR24-1	MIR24-2	MOB3A
MIR24-1	MIR24-2	RAB5B
MIR24-1	MIR24-2	YES1
MIR24-1	MIR24-2	TOMM34
MIR24-1	MIR24-2	TUBA1C
MIR24-1	MIR24-2	GAS2L1
MIR24-1	MIR24-2	SENP6
MIR24-1	MIR24-2	TRAF7
MIR24-1	MIR24-2	ZNF507
MIR24-1	MIR24-2	MESDC1
MIR24-1	MIR24-2	ANKRD27
MIR24-1	MIR24-2	IL6ST
MIR24-1	MIR24-2	SERPINH1
MIR24-1	MIR24-2	C8orf33
MIR24-1	MIR24-2	TMEM129
MIR24-1	MIR24-2	KDM6B
MIR24-1	MIR24-2	RNF213
MIR24-1	MIR24-2	MYO9A
MIR24-1	MIR24-2	AEBP2
MIR24-1	MIR24-2	STXBP1
MIR24-1	MIR24-2	PLEKHO2
MIR24-1	MIR24-2	IRF2BP2
MIR24-1	MIR24-2	TUBA1B
MIR24-1	MIR24-2	ATP6V1C1
MIR24-1	MIR24-2	NDUFV2
MIR24-1	MIR24-2	GLYR1
MIR24-1	MIR24-2	MAP1B
MIR24-1	MIR24-2	ACER3
MIR24-1	MIR24-2	PDCD1LG2
MIR24-1	MIR24-2	RBMS2
MIR24-1	MIR24-2	DLC1
MIR24-1	MIR24-2	EXOC6
MIR24-1	MIR24-2	NUDCD3
MIR24-1	MIR24-2	TFEB
MIR24-1	MIR24-2	TTLL5
MIR24-1	MIR24-2	ARHGEF40
MIR24-1	MIR24-2	WARS
MIR24-1	MIR24-2	ADAR
MIR24-1	MIR24-2	USP22
MIR24-1	MIR24-2	CC2D1B
MIR24-1	MIR24-2	NRIP1
MIR24-1	MIR24-2	OAF
MIR24-1	MIR24-2	ARIH2
MIR24-1	MIR24-2	DCAF10
MIR24-1	MIR24-2	TRAF4
MIR24-1	MIR24-2	AIM1
MIR24-1	MIR24-2	CHIC1
MIR24-1	MIR24-2	BDKRB2
MIR24-1	MIR24-2	SNTB2
MIR24-1	MIR24-2	LAMA5
MIR24-1	MIR24-2	RC3H1
MIR24-1	MIR24-2	PLEKHM1
MIR24-1	MIR24-2	SLC7A1
MIR24-1	MIR24-2	HEATR2
MIR24-1	MIR24-2	SH3TC2
MIR24-1	MIR24-2	ERICH1
MIR24-1	MIR24-2	CDK2AP2
MIR24-1	MIR24-2	PRDX6
MIR24-1	MIR24-2	TMEM196
MIR24-1	MIR24-2	CCPG1
MIR24-1	MIR24-2	UPF1
MIR24-1	MIR24-2	STX6
MIR24-1	MIR24-2	LIMD2
MIR24-1	MIR24-2	FAM134A
MIR24-1	MIR24-2	LAMA4
MIR24-1	MIR24-2	ARHGAP29
MIR24-1	MIR24-2	ESYT1
MIR24-1	MIR24-2	SPRYD3
MIR24-1	MIR24-2	PARP9
MIR24-1	MIR24-2	SH3PXD2B
MIR24-1	MIR24-2	ADD1
MIR24-1	MIR24-2	TOR1AIP2
MIR24-1	MIR24-2	RNF13
MIR24-1	MIR24-2	PSAP
MIR24-1	MIR24-2	IFT43
MIR24-1	MIR24-2	FLOT1
MIR24-1	MIR24-2	AP1B1
MIR24-1	MIR24-2	DCAF13
MIR24-1	MIR24-2	FBXO32
MIR24-1	MIR24-2	FEZ1
MIR24-1	MIR24-2	HYOU1
MIR24-1	MIR24-2	DIAPH1
MIR24-1	MIR24-2	SGCB
MIR24-1	MIR24-2	GPATCH2L
MIR24-1	MIR24-2	INO80
MIR24-1	MIR24-2	PRRC2C
MIR24-1	MIR24-2	DNASE2
MIR24-1	MIR24-2	DAP
MIR24-1	MIR24-2	FBXW11
MIR24-1	MIR24-2	PMM2
MIR24-1	MIR24-2	PTRF
MIR24-1	MIR24-2	SYDE2
MIR24-1	MIR24-2	QTRT1
MIR24-1	MIR24-2	B4GALT1
MIR24-1	MIR24-2	CEP68
MIR24-1	MIR24-2	MRPS2
MIR24-1	MIR24-2	ATXN7
MIR24-1	MIR24-2	DDA1
MIR24-1	MIR24-2	KMT2B
MIR24-1	MIR24-2	HNF1B
MIR24-1	MIR24-2	MMP14
MIR24-1	MIR24-2	LY6K
MIR24-1	MIR24-2	PCBP1
MIR24-1	MIR24-2	PPP1R10
MIR24-1	MIR24-2	GPR3
MIR24-1	MIR24-2	AP3M1
MIR24-1	MIR24-2	AMOTL2
MIR24-1	MIR24-2	AP2M1
MIR24-1	MIR24-2	TM2D2
MIR24-1	MIR24-2	CRMP1
MIR24-1	MIR24-2	TOB2
MIR24-1	MIR24-2	IGFBP4
MIR24-1	MIR24-2	SPTAN1
MIR24-1	MIR24-2	CDK16
MIR24-1	MIR24-2	DLGAP4
MIR24-1	MIR24-2	PRR14L
MIR24-1	MIR24-2	ANP32A
MIR24-1	MIR24-2	GPRC5A
MIR24-1	MIR24-2	NEK6
MIR24-1	MIR24-2	HIST1H2AI
MIR24-1	MIR24-2	DYRK1B
MIR24-1	MIR24-2	PGK1
MIR24-1	MIR24-2	UBAP2
MIR24-1	MIR24-2	PKN1
MIR24-1	MIR24-2	TBL1XR1
MIR24-1	MIR24-2	TRAPPC5
MIR24-1	MIR24-2	IFNG
MIR24-1	MIR24-2	CHCHD5
MIR24-1	MIR24-2	SHE
MIR24-1	MIR24-2	SMAD3
MIR24-1	MIR24-2	TCERG1
MIR24-1	MIR24-2	AP1G1
MIR24-1	MIR24-2	PIK3CD
MIR24-1	MIR24-2	ABHD2
MIR24-1	MIR24-2	CREBL2
MIR24-1	MIR24-2	CORO2B
MIR24-1	MIR24-2	PPM1G
MIR24-1	MIR24-2	FAM78A
MIR24-1	MIR24-2	TNFAIP3
MIR24-1	MIR24-2	EEF1D
MIR24-1	MIR24-2	MED24
MIR24-1	MIR24-2	AXL
MIR24-1	MIR24-2	SNX12
MIR24-1	MIR24-2	KTI12
MIR24-1	MIR24-2	ICA1L
MIR24-1	MIR24-2	AZIN1
MIR24-1	MIR24-2	HIVEP1
MIR24-1	MIR24-2	KDM3B
MIR24-1	MIR24-2	MLEC
MIR24-1	MIR24-2	RNF11
MIR24-1	MIR24-2	CLUH
MIR24-1	MIR24-2	NIPSNAP1
MIR24-1	MIR24-2	TSPO
MIR24-1	MIR24-2	TRIB3
MIR24-1	MIR24-2	EEF1A1
MIR24-1	MIR24-2	GIMAP6
MIR24-1	MIR24-2	ATXN2L
MIR24-1	MIR24-2	OGDH
MIR24-1	MIR24-2	PPP1R15A
MIR24-1	MIR24-2	TLN1
MIR24-1	MIR24-2	TYK2
MIR24-1	MIR24-2	CTDNEP1
MIR24-1	MIR24-2	ZBTB18
MIR24-1	MIR24-2	ZNF217
MIR24-1	MIR24-2	GLIS2
MIR24-1	MIR24-2	CENPB
MIR24-1	MIR24-2	CFL1
MIR24-1	MIR24-2	BSDC1
MIR24-1	MIR24-2	RAB8B
MIR24-1	MIR24-2	EXOSC6
MIR24-1	MIR24-2	NOTCH2
MIR24-1	MIR24-2	EHD2
MIR24-1	MIR24-2	LMTK2
MIR24-1	MIR24-2	DOCK9
MIR24-1	MIR24-2	FZD4
MIR24-1	MIR24-2	HCFC1R1
MIR24-1	MIR24-2	FBXL19
MIR24-1	MIR24-2	HGSNAT
MIR24-1	MIR24-2	FLNB
MIR24-1	MIR24-2	NCKAP5L
MIR24-1	MIR24-2	NXF1
MIR24-1	MIR24-2	SPAG9
MIR24-1	MIR24-2	MKI67
MIR24-1	MIR24-2	SEMA3F
MIR24-1	MIR24-2	TIE1
MIR24-1	MIR24-2	HAX1
MIR24-1	MIR24-2	CDK5RAP2
MIR24-1	MIR24-2	CDR2L
MIR24-1	MIR24-2	DDAH1
MIR24-1	MIR24-2	MAST2
MIR24-1	MIR24-2	PRCC
MIR24-1	MIR24-2	MSN
MIR24-1	MIR24-2	RNF149
MIR24-1	MIR24-2	FURIN
MIR24-1	MIR24-2	COA3
MIR24-1	MIR24-2	SZRD1
MIR24-1	MIR24-2	TAOK1
MIR24-1	MIR24-2	NOP10
MIR24-1	MIR24-2	FOXK1
MIR24-1	MIR24-2	EIF2AK4
MIR24-1	MIR24-2	ZFYVE19
MIR24-1	MIR24-2	RAP2C
MIR24-1	MIR24-2	ACVRL1
MIR24-1	MIR24-2	RSBN1L
MIR24-1	MIR24-2	HIST1H2BE
MIR24-1	MIR24-2	NFATC3
MIR24-1	MIR24-2	FAM120C
MIR24-1	MIR24-2	CRTAP
MIR24-1	MIR24-2	ADCY3
MIR24-1	MIR24-2	UHMK1
MIR24-1	MIR24-2	EGR1
MIR24-1	MIR24-2	CLEC16A
MIR24-1	MIR24-2	SF1
MIR24-1	MIR24-2	TXLNA
MIR24-1	MIR24-2	MAVS
MIR24-1	MIR24-2	PXN
MIR24-1	MIR24-2	TLE3
MIR24-1	MIR24-2	MAF1
MIR24-1	MIR24-2	SCYL1
MIR24-1	MIR24-2	ZNF281
MIR24-1	MIR24-2	PPP5C
MIR24-1	MIR24-2	BMP4
MIR24-1	MIR24-2	AHNAK
MIR24-1	MIR24-2	MATR3
MIR24-1	MIR24-2	TGFB1
MIR24-1	MIR24-2	SETX
MIR24-1	MIR24-2	SUN2
MIR24-1	MIR24-2	PAF1
MIR24-1	MIR24-2	GPBP1L1
MIR24-1	MIR24-2	TINAGL1
MIR24-1	MIR24-2	FGFR1OP2
MIR24-1	MIR24-2	RPL3
MIR24-1	MIR24-2	GNL3L
MIR24-1	MIR24-2	ATP5D
MIR24-1	MIR24-2	ACLY
MIR24-1	MIR24-2	PHF10
MIR24-1	MIR24-2	CFAP97
MIR24-1	MIR24-2	METTL9
MIR24-1	MIR24-2	GARS
MIR24-1	MIR24-2	OXLD1
MIR24-1	MIR24-2	LRRC8C
MIR24-1	MIR24-2	ESPL1
MIR24-1	MIR24-2	NQO1
MIR24-1	MIR24-2	FASN
MIR24-1	MIR24-2	GMPPB
MIR24-1	MIR24-2	ANKRD52
MIR24-1	MIR24-2	FKBP9
MIR24-1	MIR24-2	HSP90AA1
MIR24-1	MIR24-2	S1PR1
MIR24-1	MIR24-2	CHST12
MIR24-1	MIR24-2	BABAM1
MIR24-1	MIR24-2	PRKAR1B
MIR24-1	MIR24-2	ARHGAP35
MIR24-1	MIR24-2	CSNK1D
MIR24-1	MIR24-2	LSM12
MIR24-1	MIR24-2	ZSWIM6
MIR24-1	MIR24-2	DCP1A
MIR24-1	MIR24-2	ASAP2
MIR24-1	MIR24-2	CTTN
MIR24-1	MIR24-2	MLXIP
MIR24-1	MIR24-2	ATRX
MIR24-1	MIR24-2	MPDU1
MIR24-1	MIR24-2	DHX30
MIR24-1	MIR24-2	RIT1
MIR24-1	MIR24-2	GIGYF1
MIR24-1	MIR24-2	MBNL1
MIR24-1	MIR24-2	DBNL
MIR24-1	MIR24-2	TNKS2
MIR24-1	MIR24-2	RBM18
MIR24-1	MIR24-2	FZD1
MIR24-1	MIR24-2	SPEN
MIR24-1	MIR24-2	FAM120A
MIR24-1	MIR24-2	STX3
MIR24-1	MIR24-2	SUGT1
MIR24-1	MIR24-2	EPN1
MIR24-1	MIR24-2	RAB11FIP5
MIR24-1	MIR24-2	ASH1L
MIR24-1	MIR24-2	APH1A
MIR24-1	MIR24-2	FBLN1
MIR24-1	MIR24-2	MAP3K11
MIR24-1	MIR24-2	E2F4
MIR24-1	MIR24-2	KIAA0100
MIR24-1	MIR24-2	SMARCC1
MIR24-1	MIR24-2	ZNF710
MIR24-1	MIR24-2	LYL1
MIR24-1	MIR24-2	HIPK3
MIR24-1	MIR24-2	CXCL5
MIR24-1	MIR24-2	KMT2D
MIR24-1	MIR24-2	SBNO2
MIR24-1	MIR24-2	SEC24C
MIR24-1	MIR24-2	AMFR
MIR24-1	MIR24-2	ARFGEF2
MIR24-1	MIR24-2	KLF10
MIR24-1	MIR24-2	SSU72
MIR24-1	MIR24-2	RAPGEF2
MIR24-1	MIR24-2	CYTH3
MIR24-1	MIR24-2	HYAL2
MIR24-1	MIR24-2	VKORC1
MIR24-1	MIR24-2	CD2AP
MIR24-1	MIR24-2	NFIB
MIR24-1	MIR24-2	ZDHHC18
MIR24-1	MIR24-2	QKI
MIR24-1	MIR24-2	AGAP3
MIR24-1	MIR24-2	EIF4G2
MIR24-1	MIR24-2	DBI
MIR24-1	MIR24-2	DDX49
MIR24-1	MIR24-2	HDGF
MIR24-1	MIR24-2	SRSF9
MIR24-1	MIR24-2	GSN
MIR24-1	MIR24-2	DOCK6
MIR24-1	MIR24-2	RNF169
MIR24-1	MIR24-2	ZNF611
MIR24-1	MIR24-2	PTPRF
MIR24-1	MIR24-2	SPATA13
MIR24-1	MIR24-2	JAK1
MIR24-1	MIR24-2	FADD
MIR24-1	MIR24-2	HS6ST3
MIR24-1	MIR24-2	HECTD3
MIR24-1	MIR24-2	KIF5B
MIR24-1	MIR24-2	NID1
MIR24-1	MIR24-2	HCFC1
MIR24-1	MIR24-2	FCGRT
MIR24-1	MIR24-2	PPM1F
MIR24-1	MIR24-2	RNF114
MIR24-1	MIR24-2	ZNF770
MIR24-1	MIR24-2	GID4
MIR24-1	MIR24-2	MIDN
MIR24-1	MIR24-2	VTA1
MIR24-1	MIR24-2	PTPRA
MIR24-1	MIR24-2	LRRC32
MIR24-1	MIR24-2	REXO4
MIR24-1	MIR24-2	SRRM2
MIR24-1	MIR24-2	TGIF2
MIR24-1	MIR24-2	H2AFX
MIR24-1	MIR24-2	EARS2
MIR24-1	MIR24-2	ATXN7L3
MIR24-1	MIR24-2	MBOAT7
MIR24-1	MIR24-2	CSNK2A2
MIR24-1	MIR24-2	RGMB
MIR24-1	MIR24-2	ATG5
MIR24-1	MIR24-2	HNRNPA2B1
MIR24-1	MIR24-2	ATP1A1
MIR24-1	MIR24-2	CSDE1
MIR24-1	MIR24-2	GNG12
MIR24-1	MIR24-2	CRTC3
MIR24-1	MIR24-2	FGFR3
MIR24-1	MIR24-2	KMT2E
MIR24-1	MIR24-2	CNOT6
MIR24-1	MIR24-2	HIVEP2
MIR24-1	MIR24-2	ILF3
MIR24-1	MIR24-2	FKBP8
MIR24-1	MIR24-2	CREB3L2
MIR24-1	MIR24-2	SASH1
MIR24-1	MIR24-2	SCAMP4
MIR24-1	MIR24-2	COL18A1
MIR24-1	MIR24-2	PDLIM1
MIR24-1	MIR24-2	RPN2
MIR24-1	MIR24-2	TMEM63A
MIR24-1	MIR24-2	MCAT
MIR24-1	MIR24-2	HEG1
MIR24-1	MIR24-2	CALM1
MIR24-1	MIR24-2	C17orf49
MIR24-1	MIR24-2	MAGED1
MIR24-1	MIR24-2	LAMC1
MIR24-1	MIR24-2	FOXM1
MIR24-1	MIR24-2	CTNNA1
MIR24-1	MIR24-2	TMEM11
MIR24-1	MIR24-2	SSRP1
MIR24-1	MIR24-2	C4orf3
MIR24-1	MIR24-2	MRPS5
MIR24-1	MIR24-2	RNPEP
MIR24-1	MIR24-2	KIAA0195
MIR24-1	MIR24-2	KIAA1522
MIR24-1	MIR24-2	BSG
MIR24-1	MIR24-2	ABL2
MIR24-1	MIR24-2	CITED4
MIR24-1	MIR24-2	MAEA
MIR24-1	MIR24-2	HIST2H2BE
MIR24-1	MIR24-2	ARHGAP21
MIR24-1	MIR24-2	UGCG
MIR24-1	MIR24-2	RASA1
MIR24-1	MIR24-2	APBB2
MIR24-1	MIR24-2	SLC35A4
MIR24-1	MIR24-2	TNFRSF10B
MIR24-1	MIR24-2	COPG1
MIR24-1	MIR24-2	KIAA2013
MIR24-1	MIR24-2	LUZP1
MIR24-1	MIR24-2	NCOR1
MIR24-1	MIR24-2	RPS19
MIR24-1	MIR24-2	ZFR
MIR24-1	MIR24-2	EMC1
MIR24-1	MIR24-2	MARCH3
MIR24-1	MIR24-2	KLHDC3
MIR24-1	MIR24-2	ETS1
MIR24-1	MIR24-2	BBS2
MIR24-1	MIR24-2	C12orf65
MIR24-1	MIR24-2	TBC1D22A
MIR24-1	MIR24-2	CAV1
MIR24-1	MIR24-2	CBX5
MIR24-1	MIR24-2	BCAR1
MIR24-1	MIR24-2	DDX3X
MIR24-1	MIR24-2	RCN3
MIR24-1	MIR24-2	ADIPOR2
MIR24-1	MIR24-2	DST
MIR24-1	MIR24-2	EIF4G1
MIR24-1	MIR24-2	KAT7
MIR24-1	MIR24-2	MTRNR2L8
MIR24-1	MIR24-2	PI4KA
MIR24-1	MIR24-2	ACPP
MIR24-1	MIR24-2	SLC35F6
MIR24-1	MIR24-2	CANT1
MIR24-1	MIR24-2	MARK2
MIR24-1	MIR24-2	SIGIRR
MIR24-1	MIR24-2	CTSB
MIR24-1	MIR24-2	CCT3
MIR24-1	MIR24-2	C6orf47
MIR24-1	MIR24-2	MLLT6
MIR24-1	MIR24-2	PINK1
MIR24-1	MIR24-2	CPT2
MIR24-1	MIR24-2	TRAPPC4
MIR24-1	MIR24-2	DDX51
MIR24-1	MIR24-2	CEMIP
MIR24-1	MIR24-2	PTK2
MIR24-1	MIR24-2	MAPK4
MIR24-1	MIR24-2	SEMA6B
MIR24-1	MIR24-2	FADS3
MIR24-1	MIR24-2	GPRIN1
MIR24-1	MIR24-2	RRM2
MIR24-1	MIR24-2	SERF2
MIR24-1	MIR24-2	SLC6A8
MIR24-1	MIR24-2	CKAP4
MIR24-1	MIR24-2	NFKBIA
MIR24-1	MIR24-2	ELF4
MIR24-1	MIR24-2	TM9SF3
MIR24-1	MIR24-2	SLC38A1
MIR24-1	MIR24-2	EXTL3
MIR24-1	MIR24-2	ILF2
MIR24-1	MIR24-2	SPIRE1
MIR24-1	MIR24-2	NME4
MIR24-1	MIR24-2	S100A6
MIR24-1	MIR24-2	ACAA1
MIR24-1	MIR24-2	UBQLN1
MIR24-1	MIR24-2	CDV3
MIR24-1	MIR24-2	CIZ1
MIR24-1	MIR24-2	CTTNBP2NL
MIR24-1	MIR24-2	MAML1
MIR24-1	MIR24-2	GOPC
MIR24-1	MIR24-2	NRP1
MIR24-1	MIR24-2	ZNF609
MIR24-1	MIR24-2	DPF2
MIR24-1	MIR24-2	TRAM1
MIR24-1	MIR24-2	SGK223
MIR24-1	MIR24-2	NEK4
MIR24-1	MIR24-2	ARID1A
MIR24-1	MIR24-2	MRPL4
MIR24-1	MIR24-2	CALU
MIR24-1	MIR24-2	ABHD14A-ACY1
MIR24-1	MIR24-2	AAK1
MIR24-1	MIR24-2	MAZ
MIR24-1	MIR24-2	SRCAP
MIR24-1	MIR24-2	ZNFX1
MIR24-1	MIR24-2	WASF2
MIR24-1	MIR24-2	CRYBG3
MIR24-1	MIR24-2	MT1M
MIR24-1	MIR24-2	SIPA1L3
MIR24-1	MIR24-2	PIGG
MIR24-1	MIR24-2	BOK
MIR24-1	MIR24-2	SCARB1
MIR24-1	MIR24-2	WDFY3
MIR24-1	MIR24-2	RP11-171N4.2
MIR24-1	MIR24-2	HSP90B1
MIR24-1	MIR24-2	CLTC
MIR24-1	MIR24-2	LRP10
MIR24-1	MIR24-2	MTURN
MIR24-1	MIR24-2	LMBR1L
MIR24-1	MIR24-2	SLC4A8
MIR24-1	MIR24-2	PPP1R11
MIR24-1	MIR24-2	PRRC2A
MIR24-1	MIR24-2	HIF1AN
MIR24-1	MIR24-2	SH2B1
MIR24-1	MIR24-2	YLPM1
MIR24-1	MIR24-2	UTRN
MIR24-1	MIR24-2	IP6K1
MIR24-1	MIR24-2	RAF1
MIR24-1	MIR24-2	FMNL3
MIR24-1	MIR24-2	HUWE1
MIR24-1	MIR24-2	CD74
MIR24-1	MIR24-2	CHD1
MIR24-1	MIR24-2	CHST1
MIR24-1	MIR24-2	HNRNPM
MIR24-1	MIR24-2	DUSP5
MIR24-1	MIR24-2	PCNXL2
MIR24-1	MIR24-2	ITGB5
MIR24-1	MIR24-2	EIF4H
MIR24-1	MIR24-2	MDM4
MIR24-1	MIR24-2	TUBB
MIR24-1	MIR24-2	ZNF362
MIR24-1	MIR24-2	PHLDB2
MIR24-1	MIR24-2	PRPF8
MIR24-1	MIR24-2	H6PD
MIR24-1	MIR24-2	SCAMP5
MIR24-1	MIR24-2	POLA1
MIR24-1	MIR24-2	AARS
MIR24-1	MIR24-2	AFAP1
MIR24-1	MIR24-2	ARHGAP31
MIR24-1	MIR24-2	SERINC1
MIR24-1	MIR24-2	YEATS2
MIR24-1	MIR24-2	KLF6
MIR24-1	MIR24-2	LARP1
MIR24-1	MIR24-2	LZTFL1
MIR24-1	MIR24-2	ARID1B
MIR24-1	MIR24-2	PHC3
MIR24-1	MIR24-2	SH2B3
MIR24-1	MIR24-2	C19orf48
MIR24-1	MIR24-2	ORAI2
MIR24-1	MIR24-2	MICAL2
MIR24-1	MIR24-2	NR2F2
MIR24-1	MIR24-2	SCD
MIR24-1	MIR24-2	TACC3
MIR24-1	MIR24-2	FLRT2
MIR24-1	MIR24-2	SMARCD1
MIR24-1	MIR24-2	HSPD1
MIR24-1	MIR24-2	IL11
MIR24-1	MIR24-2	ZNF704
MIR24-1	MIR24-2	TGM2
MIR24-1	MIR24-2	MOB2
MIR24-1	MIR24-2	PACS2
MIR24-1	MIR24-2	NUFIP2
MIR24-1	MIR24-2	STRADB
MIR24-1	MIR24-2	BTG2
MIR24-1	MIR24-2	NES
MIR24-1	MIR24-2	COLGALT1
MIR24-1	MIR24-2	PEAR1
MIR24-1	MIR24-2	AP2B1
MIR24-1	MIR24-2	VAT1
MIR24-1	MIR24-2	NOVA2
MIR24-1	MIR24-2	DNMT3A
MIR24-1	MIR24-2	DYNC2H1
MIR24-1	MIR24-2	LRRC59
MIR24-1	MIR24-2	ZNF292
MIR24-1	MIR24-2	UBR5
MIR24-1	MIR24-2	CAPN1
MIR24-1	MIR24-2	IRF1
MIR24-1	MIR24-2	RANBP1
MIR24-1	MIR24-2	ANPEP
MIR24-1	MIR24-2	C15orf39
MIR24-1	MIR24-2	KPNA4
MIR24-1	MIR24-2	RPL28
MIR24-1	MIR24-2	SAMD4B
MIR24-1	MIR24-2	ETF1
MIR24-1	MIR24-2	TCF20
MIR24-1	MIR24-2	NUP62
MIR24-1	MIR24-2	RELA
MIR24-1	MIR24-2	TRAK1
MIR24-1	MIR24-2	ADAM19
MIR24-1	MIR24-2	STAT6
MIR24-1	MIR24-2	VASP
MIR24-1	MIR24-2	WBP2
MIR24-1	MIR24-2	CHD1L
MIR24-1	MIR24-2	KLF3
MIR24-1	MIR24-2	SYNE2
MIR24-1	MIR24-2	IMPDH1
MIR24-1	MIR24-2	ELK4
MIR24-1	MIR24-2	ARHGAP23
MIR24-1	MIR24-2	CERS2
MIR24-1	MIR24-2	IRGQ
MIR24-1	MIR24-2	MYH9
MIR24-1	MIR24-2	KDM5C
MIR24-1	MIR24-2	CTNNB1
MIR24-1	MIR24-2	RAB11FIP1
MIR24-1	MIR24-2	TSC1
MIR24-1	MIR24-2	PLBD2
MIR24-1	MIR24-2	TECR
MIR24-1	MIR24-2	NOS3
MIR24-1	MIR24-2	NUP160
MIR24-1	MIR24-2	RQCD1
MIR24-1	MIR24-2	ARF6
MIR24-1	MIR24-2	UCK2
MIR24-1	MIR24-2	LOXL2
MIR24-1	MIR24-2	MAPKBP1
MIR24-1	MIR24-2	PSMA7
MIR24-1	MIR24-2	ABCA3
MIR24-1	MIR24-2	SSH1
MIR24-1	MIR24-2	SIRPA
MIR24-1	MIR24-2	TBCD
MIR24-1	MIR24-2	CCDC88C
MIR24-1	MIR24-2	CCNB1
MIR24-1	MIR24-2	ZNF395
MIR24-1	MIR24-2	TRIM25
MIR24-1	MIR24-2	ZP3
MIR24-1	MIR24-2	XRN2
MIR24-1	MIR24-2	HIST1H2AM
MIR24-1	MIR24-2	SF3A1
MIR24-1	MIR24-2	WDFY1
MIR24-1	MIR24-2	IBA57
MIR24-1	MIR24-2	ODC1
MIR24-1	MIR24-2	C6orf62
MIR24-1	MIR24-2	GSDMD
MIR24-1	MIR24-2	PEA15
MIR24-1	MIR24-2	TACC1
MIR24-1	MIR24-2	SSH2
MIR24-1	MIR24-2	USP40
MIR24-1	MIR24-2	ZBTB38
MIR24-1	MIR24-2	MTAP
MIR24-1	MIR24-2	LBR
MIR24-1	MIR24-2	METTL22
MIR24-1	MIR24-2	SFPQ
MIR24-1	MIR24-2	LPAR6
MIR24-1	MIR24-2	CPT1A
MIR24-1	MIR24-2	EPHA4
MIR24-1	MIR24-2	KIAA1109
MIR24-1	MIR24-2	RAB5C
MIR24-1	MIR24-2	ITGB1
MIR24-1	MIR24-2	FAU
MIR24-1	MIR24-2	MAP3K3
MIR24-1	MIR24-2	SKI
MIR24-1	MIR24-2	ZBTB33
MIR24-1	MIR24-2	CBR3
MIR24-1	MIR24-2	PXDN
MIR24-1	MIR24-2	CCDC117
MIR24-1	MIR24-2	MED29
MIR24-1	MIR24-2	RASIP1
MIR24-1	MIR24-2	PAPD7
MIR24-1	MIR24-2	SLIT2
MIR24-1	MIR24-2	EVC
MIR24-1	MIR24-2	RIN2
MIR24-1	MIR24-2	LIMK1
MIR24-1	MIR24-2	AP2S1
MIR24-1	MIR24-2	MARCKSL1
MIR24-1	MIR24-2	MT1E
MIR24-1	MIR24-2	CHDH
MIR24-1	MIR24-2	MYO1E
MIR24-1	MIR24-2	PRRG1
MIR24-1	MIR24-2	GAPVD1
MIR24-1	MIR24-2	TMBIM6
MIR24-1	MIR24-2	RPAP1
MIR24-1	MIR24-2	SNAPC3
MIR24-1	MIR24-2	OTUD5
MIR24-1	MIR24-2	CUTA
MIR24-1	MIR24-2	ZSCAN2
MIR24-1	MIR24-2	PTBP3
MIR24-1	MIR24-2	USP36
MIR24-1	MIR24-2	BRSK2
MIR24-1	MIR24-2	XPO6
MIR24-1	MIR24-2	NFATC2
MIR24-1	MIR24-2	CDKN2AIP
MIR24-1	MIR24-2	RNASEH1
MIR24-1	MIR24-2	TTYH3
MIR24-1	MIR24-2	PLXNA1
MIR24-1	MIR24-2	WAPAL
MIR24-1	MIR24-2	NCOA2
MIR24-1	MIR24-2	SLC3A2
MIR24-1	MIR24-2	LCOR
MIR24-1	MIR24-2	RAVER1
MIR24-1	MIR24-2	RABGGTB
MIR24-1	MIR24-2	RUSC1
MIR24-1	MIR24-2	WWTR1
MIR24-1	MIR24-2	CBL
MIR24-1	MIR24-2	HLA-E
MIR24-1	MIR24-2	SLK
MIR24-1	MIR24-2	TNFRSF14
MIR24-1	MIR24-2	HS6ST1
MIR24-1	MIR24-2	CAV2
MIR24-1	MIR24-2	NBR1
MIR24-1	MIR24-2	PEX14
MIR24-1	MIR24-2	DUSP16
MIR24-1	MIR24-2	CDK17
MIR24-1	MIR24-2	TP53
MIR24-1	MIR24-2	ANKRD40
MIR24-1	MIR24-2	WHSC1
MIR24-1	MIR24-2	TTF1
MIR24-1	MIR24-2	MPPE1
MIR24-1	MIR24-2	SEPN1
MIR24-1	MIR24-2	URGCP
MIR24-1	MIR24-2	LMNB2
MIR24-1	MIR24-2	IL1A
MIR24-1	MIR24-2	RAC1
MIR24-1	MIR24-2	PTDSS1
MIR24-1	MIR24-2	TCEA3
MIR24-1	MIR24-2	TOR3A
MIR24-1	MIR24-2	KPNA6
MIR24-1	MIR24-2	UBQLN2
MIR24-1	MIR24-2	CDC25B
MIR24-1	MIR24-2	LTBP2
MIR26A1	MIR26A2	CHORDC1
MIR26A1	MIR26A2	USP25
MIR26A1	MIR26A2	SASH3
MIR26A1	MIR26A2	EPAS1
MIR26A1	MIR26A2	DDX3Y
MIR26A1	MIR26A2	MKNK2
MIR26A1	MIR26A2	MRPL33
MIR26A1	MIR26A2	RASSF3
MIR26A1	MIR26A2	MRPL15
MIR26A1	MIR26A2	CAND1
MIR26A1	MIR26A2	KBTBD2
MIR26A1	MIR26A2	LRRC1
MIR26A1	MIR26A2	PIKFYVE
MIR26A1	MIR26A2	CAB39L
MIR26A1	MIR26A2	UFL1
MIR26A1	MIR26A2	ANKRD11
MIR26A1	MIR26A2	STK4
MIR26A1	MIR26A2	ICE1
MIR26A1	MIR26A2	DSG2
MIR26A1	MIR26A2	TMEM159
MIR26A1	MIR26A2	ANKRD10
MIR26A1	MIR26A2	SMEK2
MIR26A1	MIR26A2	YY1
MIR26A1	MIR26A2	UBR4
MIR26A1	MIR26A2	APP
MIR26A1	MIR26A2	AIMP1
MIR26A1	MIR26A2	HMGA2
MIR26A1	MIR26A2	PDGFC
MIR26A1	MIR26A2	SOX4
MIR26A1	MIR26A2	ATP9A
MIR26A1	MIR26A2	SLC25A13
MIR26A1	MIR26A2	CD200
MIR26A1	MIR26A2	CREBRF
MIR26A1	MIR26A2	ANP32B
MIR26A1	MIR26A2	NRAS
MIR26A1	MIR26A2	MMP16
MIR26A1	MIR26A2	PRPF4B
MIR26A1	MIR26A2	ZEB1
MIR26A1	MIR26A2	IARS
MIR26A1	MIR26A2	SRP9
MIR26A1	MIR26A2	PDHX
MIR26A1	MIR26A2	SOX7
MIR26A1	MIR26A2	H3F3B
MIR26A1	MIR26A2	PRKDC
MIR26A1	MIR26A2	E2F7
MIR26A1	MIR26A2	PTP4A2
MIR26A1	MIR26A2	CNOT4
MIR26A1	MIR26A2	RHOU
MIR26A1	MIR26A2	MYH10
MIR26A1	MIR26A2	TGS1
MIR26A1	MIR26A2	LASP1
MIR26A1	MIR26A2	TCP11L1
MIR26A1	MIR26A2	PFKFB2
MIR26A1	MIR26A2	COL19A1
MIR26A1	MIR26A2	PIK3C3
MIR26A1	MIR26A2	ZNF521
MIR26A1	MIR26A2	MALSU1
MIR26A1	MIR26A2	GSK3B
MIR26A1	MIR26A2	ZFP36L2
MIR26A1	MIR26A2	DHCR24
MIR26A1	MIR26A2	DENND6A
MIR26A1	MIR26A2	BTBD10
MIR26A1	MIR26A2	CEACAM6
MIR26A1	MIR26A2	TTN
MIR26A1	MIR26A2	SRP72
MIR26A1	MIR26A2	CD93
MIR26A1	MIR26A2	PIM1
MIR26A1	MIR26A2	SPCS3
MIR26A1	MIR26A2	FOPNL
MIR26A1	MIR26A2	ZYG11B
MIR26A1	MIR26A2	IPO5
MIR26A1	MIR26A2	IFRD1
MIR26A1	MIR26A2	EPG5
MIR26A1	MIR26A2	FXR1
MIR26A1	MIR26A2	PHYHIPL
MIR26A1	MIR26A2	FAM46C
MIR26A1	MIR26A2	FAM32A
MIR26A1	MIR26A2	RABGAP1
MIR26A1	MIR26A2	EIF3D
MIR26A1	MIR26A2	CAP1
MIR26A1	MIR26A2	COX10
MIR26A1	MIR26A2	SLC5A3
MIR26A1	MIR26A2	COG5
MIR26A1	MIR26A2	IL24
MIR26A1	MIR26A2	RNF213
MIR26A1	MIR26A2	SMAD1
MIR26A1	MIR26A2	TAF8
MIR26A1	MIR26A2	SNX14
MIR26A1	MIR26A2	CDKN1A
MIR26A1	MIR26A2	KIF5C
MIR26A1	MIR26A2	BRD2
MIR26A1	MIR26A2	CWC25
MIR26A1	MIR26A2	ALDH9A1
MIR26A1	MIR26A2	MAP1B
MIR26A1	MIR26A2	OTUD1
MIR26A1	MIR26A2	GNL2
MIR26A1	MIR26A2	PTGES3
MIR26A1	MIR26A2	ADAR
MIR26A1	MIR26A2	BTBD3
MIR26A1	MIR26A2	CUL4B
MIR26A1	MIR26A2	SACS
MIR26A1	MIR26A2	TMEM132D
MIR26A1	MIR26A2	OSBPL8
MIR26A1	MIR26A2	CHIC1
MIR26A1	MIR26A2	GSE1
MIR26A1	MIR26A2	REEP4
MIR26A1	MIR26A2	CAPN2
MIR26A1	MIR26A2	DENND4A
MIR26A1	MIR26A2	EEF1B2
MIR26A1	MIR26A2	BARD1
MIR26A1	MIR26A2	COL12A1
MIR26A1	MIR26A2	CDK8
MIR26A1	MIR26A2	FAM134A
MIR26A1	MIR26A2	PGRMC2
MIR26A1	MIR26A2	SPSB1
MIR26A1	MIR26A2	MAP2
MIR26A1	MIR26A2	GALNT10
MIR26A1	MIR26A2	EPC2
MIR26A1	MIR26A2	TBC1D30
MIR26A1	MIR26A2	NUP210
MIR26A1	MIR26A2	IKBKAP
MIR26A1	MIR26A2	CHAC1
MIR26A1	MIR26A2	DIAPH1
MIR26A1	MIR26A2	KYNU
MIR26A1	MIR26A2	MANSC1
MIR26A1	MIR26A2	SKP1
MIR26A1	MIR26A2	FBN2
MIR26A1	MIR26A2	ITGA6
MIR26A1	MIR26A2	KIAA1524
MIR26A1	MIR26A2	SLC16A12
MIR26A1	MIR26A2	MMP14
MIR26A1	MIR26A2	WDR33
MIR26A1	MIR26A2	USP10
MIR26A1	MIR26A2	AP2M1
MIR26A1	MIR26A2	PDE8A
MIR26A1	MIR26A2	IRF2
MIR26A1	MIR26A2	ACTR2
MIR26A1	MIR26A2	ALCAM
MIR26A1	MIR26A2	CXADR
MIR26A1	MIR26A2	KBTBD8
MIR26A1	MIR26A2	CDC27
MIR26A1	MIR26A2	TNFRSF11B
MIR26A1	MIR26A2	MTHFS
MIR26A1	MIR26A2	ACAT2
MIR26A1	MIR26A2	VEZF1
MIR26A1	MIR26A2	PMFBP1
MIR26A1	MIR26A2	HNRNPA0
MIR26A1	MIR26A2	IRF4
MIR26A1	MIR26A2	PRSS23
MIR26A1	MIR26A2	PRDX3
MIR26A1	MIR26A2	TBL1XR1
MIR26A1	MIR26A2	GNB1
MIR26A1	MIR26A2	C18orf54
MIR26A1	MIR26A2	FNIP2
MIR26A1	MIR26A2	HSPA9
MIR26A1	MIR26A2	PRRX1
MIR26A1	MIR26A2	ZNF462
MIR26A1	MIR26A2	SHE
MIR26A1	MIR26A2	PISD
MIR26A1	MIR26A2	MTMR9
MIR26A1	MIR26A2	RHOBTB3
MIR26A1	MIR26A2	TMEM56
MIR26A1	MIR26A2	ABHD2
MIR26A1	MIR26A2	CREBL2
MIR26A1	MIR26A2	FOCAD
MIR26A1	MIR26A2	IBTK
MIR26A1	MIR26A2	FAM78A
MIR26A1	MIR26A2	UBXN7
MIR26A1	MIR26A2	ALG9
MIR26A1	MIR26A2	CCDC28A
MIR26A1	MIR26A2	VPS13A
MIR26A1	MIR26A2	GOLIM4
MIR26A1	MIR26A2	REEP3
MIR26A1	MIR26A2	SRF
MIR26A1	MIR26A2	EZH2
MIR26A1	MIR26A2	MTF2
MIR26A1	MIR26A2	DCTN5
MIR26A1	MIR26A2	SELT
MIR26A1	MIR26A2	COG8
MIR26A1	MIR26A2	SCAMP1
MIR26A1	MIR26A2	CCDC14
MIR26A1	MIR26A2	EFTUD2
MIR26A1	MIR26A2	EEF1A1
MIR26A1	MIR26A2	SOCS5
MIR26A1	MIR26A2	SATB2
MIR26A1	MIR26A2	SP1
MIR26A1	MIR26A2	JUN
MIR26A1	MIR26A2	RAB21
MIR26A1	MIR26A2	RAPGEF5
MIR26A1	MIR26A2	CDCP1
MIR26A1	MIR26A2	PARP14
MIR26A1	MIR26A2	MUM1
MIR26A1	MIR26A2	SLC23A2
MIR26A1	MIR26A2	TAF13
MIR26A1	MIR26A2	YIPF6
MIR26A1	MIR26A2	CD59
MIR26A1	MIR26A2	PSMB2
MIR26A1	MIR26A2	ARHGAP1
MIR26A1	MIR26A2	DOCK9
MIR26A1	MIR26A2	ZKSCAN2
MIR26A1	MIR26A2	MGAT2
MIR26A1	MIR26A2	UBR3
MIR26A1	MIR26A2	RAI14
MIR26A1	MIR26A2	PIK3C2A
MIR26A1	MIR26A2	DNMT3B
MIR26A1	MIR26A2	CHD2
MIR26A1	MIR26A2	ADRBK2
MIR26A1	MIR26A2	PBRM1
MIR26A1	MIR26A2	ACSL1
MIR26A1	MIR26A2	FBXO11
MIR26A1	MIR26A2	CORO1C
MIR26A1	MIR26A2	KHDRBS1
MIR26A1	MIR26A2	ABCF1
MIR26A1	MIR26A2	UHMK1
MIR26A1	MIR26A2	SGMS2
MIR26A1	MIR26A2	ZNF605
MIR26A1	MIR26A2	RAB3B
MIR26A1	MIR26A2	TMF1
MIR26A1	MIR26A2	ACVR1
MIR26A1	MIR26A2	BAG3
MIR26A1	MIR26A2	CHML
MIR26A1	MIR26A2	TSG101
MIR26A1	MIR26A2	CHFR
MIR26A1	MIR26A2	RDH14
MIR26A1	MIR26A2	AHNAK
MIR26A1	MIR26A2	DDR2
MIR26A1	MIR26A2	VGLL4
MIR26A1	MIR26A2	KMT2C
MIR26A1	MIR26A2	SETX
MIR26A1	MIR26A2	TBC1D4
MIR26A1	MIR26A2	MT-CO1
MIR26A1	MIR26A2	ACSL4
MIR26A1	MIR26A2	SERBP1
MIR26A1	MIR26A2	UBE2D3
MIR26A1	MIR26A2	C19orf66
MIR26A1	MIR26A2	SF3B1
MIR26A1	MIR26A2	PLEKHB2
MIR26A1	MIR26A2	C1GALT1
MIR26A1	MIR26A2	LENG8
MIR26A1	MIR26A2	DDX6
MIR26A1	MIR26A2	GTF2I
MIR26A1	MIR26A2	PTEN
MIR26A1	MIR26A2	NPEPPS
MIR26A1	MIR26A2	HMGN1
MIR26A1	MIR26A2	ANKRD52
MIR26A1	MIR26A2	AFTPH
MIR26A1	MIR26A2	HNRNPU
MIR26A1	MIR26A2	CREBZF
MIR26A1	MIR26A2	TRIM33
MIR26A1	MIR26A2	TMEM179B
MIR26A1	MIR26A2	CLIC4
MIR26A1	MIR26A2	GRHL2
MIR26A1	MIR26A2	AKAP8
MIR26A1	MIR26A2	ARHGAP35
MIR26A1	MIR26A2	ETS2
MIR26A1	MIR26A2	INHBA
MIR26A1	MIR26A2	PRUNE2
MIR26A1	MIR26A2	EFEMP1
MIR26A1	MIR26A2	KPNA2
MIR26A1	MIR26A2	ZSWIM6
MIR26A1	MIR26A2	CTTN
MIR26A1	MIR26A2	EIF4A2
MIR26A1	MIR26A2	SUB1
MIR26A1	MIR26A2	MACF1
MIR26A1	MIR26A2	STMN1
MIR26A1	MIR26A2	CCND2
MIR26A1	MIR26A2	ERGIC1
MIR26A1	MIR26A2	RFWD3
MIR26A1	MIR26A2	PLXND1
MIR26A1	MIR26A2	PIP4K2B
MIR26A1	MIR26A2	CPEB3
MIR26A1	MIR26A2	WDR26
MIR26A1	MIR26A2	BORA
MIR26A1	MIR26A2	TXNL1
MIR26A1	MIR26A2	BOD1
MIR26A1	MIR26A2	ULK1
MIR26A1	MIR26A2	FAM179B
MIR26A1	MIR26A2	HSPA8
MIR26A1	MIR26A2	GIMAP4
MIR26A1	MIR26A2	ETV3
MIR26A1	MIR26A2	PTGS2
MIR26A1	MIR26A2	USP9X
MIR26A1	MIR26A2	CASZ1
MIR26A1	MIR26A2	TPX2
MIR26A1	MIR26A2	HOXA9
MIR26A1	MIR26A2	KTN1
MIR26A1	MIR26A2	PIM3
MIR26A1	MIR26A2	FUS
MIR26A1	MIR26A2	SNX16
MIR26A1	MIR26A2	CCDC43
MIR26A1	MIR26A2	KMT2D
MIR26A1	MIR26A2	MMRN1
MIR26A1	MIR26A2	SEC24C
MIR26A1	MIR26A2	ENSG00000255103
MIR26A1	MIR26A2	SERP1
MIR26A1	MIR26A2	ACTR3
MIR26A1	MIR26A2	ADM
MIR26A1	MIR26A2	ASAP1
MIR26A1	MIR26A2	USP11
MIR26A1	MIR26A2	PDIA6
MIR26A1	MIR26A2	PIGT
MIR26A1	MIR26A2	NFIB
MIR26A1	MIR26A2	QKI
MIR26A1	MIR26A2	EIF4G2
MIR26A1	MIR26A2	OTUD4
MIR26A1	MIR26A2	MYOF
MIR26A1	MIR26A2	CPD
MIR26A1	MIR26A2	SF3B3
MIR26A1	MIR26A2	IGF1R
MIR26A1	MIR26A2	PRPF40A
MIR26A1	MIR26A2	MIB1
MIR26A1	MIR26A2	TFIP11
MIR26A1	MIR26A2	SDR39U1
MIR26A1	MIR26A2	DYRK1A
MIR26A1	MIR26A2	RPRD1A
MIR26A1	MIR26A2	JAK1
MIR26A1	MIR26A2	SMG1
MIR26A1	MIR26A2	MRPL2
MIR26A1	MIR26A2	KIF2A
MIR26A1	MIR26A2	SEMA6D
MIR26A1	MIR26A2	ZNF770
MIR26A1	MIR26A2	SPTBN1
MIR26A1	MIR26A2	CPSF7
MIR26A1	MIR26A2	PTPN1
MIR26A1	MIR26A2	GPR107
MIR26A1	MIR26A2	DLG5
MIR26A1	MIR26A2	CYBRD1
MIR26A1	MIR26A2	BACE2
MIR26A1	MIR26A2	CTBP1
MIR26A1	MIR26A2	PXDC1
MIR26A1	MIR26A2	MCL1
MIR26A1	MIR26A2	GDAP1
MIR26A1	MIR26A2	ZFP36L1
MIR26A1	MIR26A2	STAT3
MIR26A1	MIR26A2	GPR180
MIR26A1	MIR26A2	SEC24A
MIR26A1	MIR26A2	DAD1
MIR26A1	MIR26A2	IDH1
MIR26A1	MIR26A2	CTNND1
MIR26A1	MIR26A2	MSH6
MIR26A1	MIR26A2	HEG1
MIR26A1	MIR26A2	GGCX
MIR26A1	MIR26A2	MTMR4
MIR26A1	MIR26A2	HAUS1
MIR26A1	MIR26A2	GMDS
MIR26A1	MIR26A2	DDX5
MIR26A1	MIR26A2	LIX1L
MIR26A1	MIR26A2	NTN4
MIR26A1	MIR26A2	RBPJ
MIR26A1	MIR26A2	HNRNPUL1
MIR26A1	MIR26A2	TACC2
MIR26A1	MIR26A2	ABL2
MIR26A1	MIR26A2	DAAM1
MIR26A1	MIR26A2	FBXO21
MIR26A1	MIR26A2	FZD3
MIR26A1	MIR26A2	IPO7
MIR26A1	MIR26A2	VMA21
MIR26A1	MIR26A2	HECTD4
MIR26A1	MIR26A2	S100PBP
MIR26A1	MIR26A2	PKN2
MIR26A1	MIR26A2	LUZP1
MIR26A1	MIR26A2	RPL37
MIR26A1	MIR26A2	CDK6
MIR26A1	MIR26A2	MED31
MIR26A1	MIR26A2	ASCC3
MIR26A1	MIR26A2	BLOC1S2
MIR26A1	MIR26A2	LARP4B
MIR26A1	MIR26A2	PHB2
MIR26A1	MIR26A2	COX4I1
MIR26A1	MIR26A2	EP400
MIR26A1	MIR26A2	CBX5
MIR26A1	MIR26A2	DDX3X
MIR26A1	MIR26A2	COPS2
MIR26A1	MIR26A2	DST
MIR26A1	MIR26A2	CACNB4
MIR26A1	MIR26A2	GJA1
MIR26A1	MIR26A2	MAT2A
MIR26A1	MIR26A2	B3GNT2
MIR26A1	MIR26A2	DSEL
MIR26A1	MIR26A2	SOCS3
MIR26A1	MIR26A2	CCND1
MIR26A1	MIR26A2	PTPN3
MIR26A1	MIR26A2	TRAPPC4
MIR26A1	MIR26A2	RSRC2
MIR26A1	MIR26A2	RYBP
MIR26A1	MIR26A2	RBM12
MIR26A1	MIR26A2	HIST4H4
MIR26A1	MIR26A2	CKAP4
MIR26A1	MIR26A2	NOP9
MIR26A1	MIR26A2	RHOB
MIR26A1	MIR26A2	MAPKAP1
MIR26A1	MIR26A2	YPEL3
MIR26A1	MIR26A2	PDZD8
MIR26A1	MIR26A2	TET1
MIR26A1	MIR26A2	TSPAN9
MIR26A1	MIR26A2	PTPN12
MIR26A1	MIR26A2	C2orf69
MIR26A1	MIR26A2	ROCK2
MIR26A1	MIR26A2	C14orf166
MIR26A1	MIR26A2	H3F3C
MIR26A1	MIR26A2	ZNF410
MIR26A1	MIR26A2	STYX
MIR26A1	MIR26A2	NRP1
MIR26A1	MIR26A2	EML4
MIR26A1	MIR26A2	ATP13A3
MIR26A1	MIR26A2	C1orf27
MIR26A1	MIR26A2	RSU1
MIR26A1	MIR26A2	SH3GLB1
MIR26A1	MIR26A2	GAN
MIR26A1	MIR26A2	KLF12
MIR26A1	MIR26A2	GBE1
MIR26A1	MIR26A2	AAK1
MIR26A1	MIR26A2	PON2
MIR26A1	MIR26A2	TBC1D9
MIR26A1	MIR26A2	SMC4
MIR26A1	MIR26A2	HIPK2
MIR26A1	MIR26A2	DOCK7
MIR26A1	MIR26A2	WDFY3
MIR26A1	MIR26A2	RCBTB1
MIR26A1	MIR26A2	CLEC14A
MIR26A1	MIR26A2	CLTC
MIR26A1	MIR26A2	COPS4
MIR26A1	MIR26A2	NOL10
MIR26A1	MIR26A2	TMCC1
MIR26A1	MIR26A2	TMEM30A
MIR26A1	MIR26A2	TNS3
MIR26A1	MIR26A2	MEX3C
MIR26A1	MIR26A2	BNC2
MIR26A1	MIR26A2	POU2F1
MIR26A1	MIR26A2	UBN2
MIR26A1	MIR26A2	EIF1
MIR26A1	MIR26A2	HUWE1
MIR26A1	MIR26A2	DEXI
MIR26A1	MIR26A2	KLHL15
MIR26A1	MIR26A2	ATP1B1
MIR26A1	MIR26A2	ARHGEF12
MIR26A1	MIR26A2	YWHAE
MIR26A1	MIR26A2	SATB1
MIR26A1	MIR26A2	VDAC1
MIR26A1	MIR26A2	FAM83D
MIR26A1	MIR26A2	GSPT1
MIR26A1	MIR26A2	PHLDB2
MIR26A1	MIR26A2	PPP6R2
MIR26A1	MIR26A2	RSF1
MIR26A1	MIR26A2	UGDH
MIR26A1	MIR26A2	ZNF621
MIR26A1	MIR26A2	RRM1
MIR26A1	MIR26A2	RASSF2
MIR26A1	MIR26A2	SERINC1
MIR26A1	MIR26A2	TRIM24
MIR26A1	MIR26A2	WEE1
MIR26A1	MIR26A2	FER
MIR26A1	MIR26A2	AGPAT3
MIR26A1	MIR26A2	TPP1
MIR26A1	MIR26A2	LARP1
MIR26A1	MIR26A2	C19orf48
MIR26A1	MIR26A2	HMGA1
MIR26A1	MIR26A2	SCD
MIR26A1	MIR26A2	HSPA13
MIR26A1	MIR26A2	VPS13C
MIR26A1	MIR26A2	CSRNP2
MIR26A1	MIR26A2	YTHDF3
MIR26A1	MIR26A2	CELF1
MIR26A1	MIR26A2	NUFIP2
MIR26A1	MIR26A2	SRGAP1
MIR26A1	MIR26A2	TXNRD1
MIR26A1	MIR26A2	NSUN2
MIR26A1	MIR26A2	AP2B1
MIR26A1	MIR26A2	KLHL42
MIR26A1	MIR26A2	COL4A2
MIR26A1	MIR26A2	CTIF
MIR26A1	MIR26A2	BTG1
MIR26A1	MIR26A2	C5orf24
MIR26A1	MIR26A2	CCNT2
MIR26A1	MIR26A2	CAPN1
MIR26A1	MIR26A2	MFHAS1
MIR26A1	MIR26A2	GGA3
MIR26A1	MIR26A2	EDEM3
MIR26A1	MIR26A2	PPFIA1
MIR26A1	MIR26A2	NCOA4
MIR26A1	MIR26A2	TXN
MIR26A1	MIR26A2	ETF1
MIR26A1	MIR26A2	MTX2
MIR26A1	MIR26A2	NARF
MIR26A1	MIR26A2	VASP
MIR26A1	MIR26A2	CFL2
MIR26A1	MIR26A2	BTAF1
MIR26A1	MIR26A2	SAP30BP
MIR26A1	MIR26A2	LMAN1
MIR26A1	MIR26A2	TSPYL1
MIR26A1	MIR26A2	TNRC6B
MIR26A1	MIR26A2	CTNNAL1
MIR26A1	MIR26A2	PCBP2
MIR26A1	MIR26A2	DDX17
MIR26A1	MIR26A2	SLC38A2
MIR26A1	MIR26A2	ZC3H7B
MIR26A1	MIR26A2	MTPN
MIR26A1	MIR26A2	CHD4
MIR26A1	MIR26A2	TSPAN13
MIR26A1	MIR26A2	SRPX
MIR26A1	MIR26A2	SLC7A11
MIR26A1	MIR26A2	RCOR1
MIR26A1	MIR26A2	PPP1R8
MIR26A1	MIR26A2	WDFY2
MIR26A1	MIR26A2	MDH1
MIR26A1	MIR26A2	PGAP1
MIR26A1	MIR26A2	CLDN12
MIR26A1	MIR26A2	DDI2
MIR26A1	MIR26A2	CD82
MIR26A1	MIR26A2	DYNC1H1
MIR26A1	MIR26A2	ZMIZ1
MIR26A1	MIR26A2	UBE2A
MIR26A1	MIR26A2	EIF2AK3
MIR26A1	MIR26A2	TRIM25
MIR26A1	MIR26A2	CRIM1
MIR26A1	MIR26A2	SLC20A1
MIR26A1	MIR26A2	CHST2
MIR26A1	MIR26A2	HLTF
MIR26A1	MIR26A2	HARS2
MIR26A1	MIR26A2	DIAPH2
MIR26A1	MIR26A2	MORF4L2
MIR26A1	MIR26A2	C6orf62
MIR26A1	MIR26A2	ELMO1
MIR26A1	MIR26A2	PTX3
MIR26A1	MIR26A2	NAP1L1
MIR26A1	MIR26A2	FBXL20
MIR26A1	MIR26A2	ITGB3
MIR26A1	MIR26A2	TET3
MIR26A1	MIR26A2	SSH2
MIR26A1	MIR26A2	SLC19A2
MIR26A1	MIR26A2	MTAP
MIR26A1	MIR26A2	PAK1
MIR26A1	MIR26A2	SFPQ
MIR26A1	MIR26A2	HEATR5B
MIR26A1	MIR26A2	ZDHHC20
MIR26A1	MIR26A2	C16orf70
MIR26A1	MIR26A2	MESDC2
MIR26A1	MIR26A2	EP300
MIR26A1	MIR26A2	NAP1L5
MIR26A1	MIR26A2	NDEL1
MIR26A1	MIR26A2	NR1D2
MIR26A1	MIR26A2	SFMBT1
MIR26A1	MIR26A2	SLC7A2
MIR26A1	MIR26A2	OGT
MIR26A1	MIR26A2	TRIM14
MIR26A1	MIR26A2	TRAP1
MIR26A1	MIR26A2	RTN3
MIR26A1	MIR26A2	PECAM1
MIR26A1	MIR26A2	GGNBP2
MIR26A1	MIR26A2	PHLDA1
MIR26A1	MIR26A2	SKI
MIR26A1	MIR26A2	ZBTB33
MIR26A1	MIR26A2	TMBIM4
MIR26A1	MIR26A2	IGF2R
MIR26A1	MIR26A2	PAPD7
MIR26A1	MIR26A2	NUAK2
MIR26A1	MIR26A2	EPS15
MIR26A1	MIR26A2	BAZ1A
MIR26A1	MIR26A2	NUCKS1
MIR26A1	MIR26A2	DCAF12
MIR26A1	MIR26A2	TNRC6A
MIR26A1	MIR26A2	CTR9
MIR26A1	MIR26A2	KMT2A
MIR26A1	MIR26A2	PNO1
MIR26A1	MIR26A2	MSL2
MIR26A1	MIR26A2	TNPO1
MIR26A1	MIR26A2	NCOA2
MIR26A1	MIR26A2	STIP1
MIR26A1	MIR26A2	TOMM20
MIR26A1	MIR26A2	IPPK
MIR26A1	MIR26A2	RANBP9
MIR26A1	MIR26A2	TAB2
MIR26A1	MIR26A2	LANCL1
MIR26A1	MIR26A2	WWTR1
MIR26A1	MIR26A2	CMPK1
MIR26A1	MIR26A2	PRRC2B
MIR26A1	MIR26A2	ARSJ
MIR26A1	MIR26A2	MYC
MIR26A1	MIR26A2	PELI2
MIR26A1	MIR26A2	SMURF2
MIR26A1	MIR26A2	GMFB
MIR26A1	MIR26A2	EAPP
MIR26A1	MIR26A2	CAMSAP1
MIR26A1	MIR26A2	KCNE4
MIR26A1	MIR26A2	C2CD2
MIR26A1	MIR26A2	HTATIP2
MIR26A1	MIR26A2	GNG11
MIR26A1	MIR26A2	EPHA2
MIR26A1	MIR26A2	PSME4
MIR26A1	MIR26A2	RPL13
MIR26A1	MIR26A2	SMARCA5
MIR26A1	MIR26A2	CHSY1
MIR26A1	MIR26A2	EEF2
MIR26A1	MIR26A2	DCBLD1
MIR26A1	MIR26A2	ATP6V1B2
MIR26A1	MIR26A2	KPNA6
MIR26A1	MIR26A2	POFUT1
MIR26A1	MIR26A2	CAMKV
MIR26A1	MIR26A2	GBP3
MIR26A1	MIR26B	CHORDC1
MIR26A1	MIR26B	USP25
MIR26A1	MIR26B	SASH3
MIR26A1	MIR26B	EPAS1
MIR26A1	MIR26B	DDX3Y
MIR26A1	MIR26B	MKNK2
MIR26A1	MIR26B	RASSF3
MIR26A1	MIR26B	CAND1
MIR26A1	MIR26B	LRRC1
MIR26A1	MIR26B	PIKFYVE
MIR26A1	MIR26B	CAB39L
MIR26A1	MIR26B	UFL1
MIR26A1	MIR26B	ANKRD11
MIR26A1	MIR26B	STK4
MIR26A1	MIR26B	ICE1
MIR26A1	MIR26B	DSG2
MIR26A1	MIR26B	ANKRD10
MIR26A1	MIR26B	SMEK2
MIR26A1	MIR26B	UBR4
MIR26A1	MIR26B	AIMP1
MIR26A1	MIR26B	HMGA2
MIR26A1	MIR26B	ATP9A
MIR26A1	MIR26B	SLC25A13
MIR26A1	MIR26B	CD200
MIR26A1	MIR26B	CREBRF
MIR26A1	MIR26B	NRAS
MIR26A1	MIR26B	MMP16
MIR26A1	MIR26B	PRPF4B
MIR26A1	MIR26B	PDHX
MIR26A1	MIR26B	H3F3B
MIR26A1	MIR26B	E2F7
MIR26A1	MIR26B	CNOT4
MIR26A1	MIR26B	RHOU
MIR26A1	MIR26B	MYH10
MIR26A1	MIR26B	PFKFB2
MIR26A1	MIR26B	COL19A1
MIR26A1	MIR26B	PIK3C3
MIR26A1	MIR26B	GSK3B
MIR26A1	MIR26B	ZFP36L2
MIR26A1	MIR26B	DENND6A
MIR26A1	MIR26B	CEACAM6
MIR26A1	MIR26B	TTN
MIR26A1	MIR26B	PIM1
MIR26A1	MIR26B	SPCS3
MIR26A1	MIR26B	ZYG11B
MIR26A1	MIR26B	IPO5
MIR26A1	MIR26B	IFRD1
MIR26A1	MIR26B	EPG5
MIR26A1	MIR26B	PHYHIPL
MIR26A1	MIR26B	FAM46C
MIR26A1	MIR26B	FAM32A
MIR26A1	MIR26B	RABGAP1
MIR26A1	MIR26B	EIF3D
MIR26A1	MIR26B	COX10
MIR26A1	MIR26B	SLC5A3
MIR26A1	MIR26B	COG5
MIR26A1	MIR26B	IL24
MIR26A1	MIR26B	RNF213
MIR26A1	MIR26B	SMAD1
MIR26A1	MIR26B	TAF8
MIR26A1	MIR26B	SNX14
MIR26A1	MIR26B	KIF5C
MIR26A1	MIR26B	BRD2
MIR26A1	MIR26B	CWC25
MIR26A1	MIR26B	ALDH9A1
MIR26A1	MIR26B	OTUD1
MIR26A1	MIR26B	GNL2
MIR26A1	MIR26B	ADAR
MIR26A1	MIR26B	BTBD3
MIR26A1	MIR26B	SACS
MIR26A1	MIR26B	TMEM132D
MIR26A1	MIR26B	OSBPL8
MIR26A1	MIR26B	CHIC1
MIR26A1	MIR26B	GSE1
MIR26A1	MIR26B	REEP4
MIR26A1	MIR26B	CAPN2
MIR26A1	MIR26B	DENND4A
MIR26A1	MIR26B	BARD1
MIR26A1	MIR26B	COL12A1
MIR26A1	MIR26B	CDK8
MIR26A1	MIR26B	FAM134A
MIR26A1	MIR26B	PGRMC2
MIR26A1	MIR26B	MAP2
MIR26A1	MIR26B	GALNT10
MIR26A1	MIR26B	EPC2
MIR26A1	MIR26B	TBC1D30
MIR26A1	MIR26B	NUP210
MIR26A1	MIR26B	IKBKAP
MIR26A1	MIR26B	CHAC1
MIR26A1	MIR26B	KYNU
MIR26A1	MIR26B	FBN2
MIR26A1	MIR26B	SLC16A12
MIR26A1	MIR26B	USP10
MIR26A1	MIR26B	PDE8A
MIR26A1	MIR26B	IRF2
MIR26A1	MIR26B	ACTR2
MIR26A1	MIR26B	ALCAM
MIR26A1	MIR26B	CXADR
MIR26A1	MIR26B	PMFBP1
MIR26A1	MIR26B	IRF4
MIR26A1	MIR26B	PRDX3
MIR26A1	MIR26B	TBL1XR1
MIR26A1	MIR26B	C18orf54
MIR26A1	MIR26B	FNIP2
MIR26A1	MIR26B	MTMR9
MIR26A1	MIR26B	TMEM56
MIR26A1	MIR26B	ABHD2
MIR26A1	MIR26B	ALG9
MIR26A1	MIR26B	CCDC28A
MIR26A1	MIR26B	VPS13A
MIR26A1	MIR26B	REEP3
MIR26A1	MIR26B	SRF
MIR26A1	MIR26B	SELT
MIR26A1	MIR26B	COG8
MIR26A1	MIR26B	SCAMP1
MIR26A1	MIR26B	SOCS5
MIR26A1	MIR26B	SP1
MIR26A1	MIR26B	RAB21
MIR26A1	MIR26B	RAPGEF5
MIR26A1	MIR26B	PARP14
MIR26A1	MIR26B	SLC23A2
MIR26A1	MIR26B	TAF13
MIR26A1	MIR26B	PSMB2
MIR26A1	MIR26B	DOCK9
MIR26A1	MIR26B	UBR3
MIR26A1	MIR26B	PIK3C2A
MIR26A1	MIR26B	DNMT3B
MIR26A1	MIR26B	CHD2
MIR26A1	MIR26B	ADRBK2
MIR26A1	MIR26B	PBRM1
MIR26A1	MIR26B	FBXO11
MIR26A1	MIR26B	CORO1C
MIR26A1	MIR26B	KHDRBS1
MIR26A1	MIR26B	UHMK1
MIR26A1	MIR26B	SGMS2
MIR26A1	MIR26B	ZNF605
MIR26A1	MIR26B	RAB3B
MIR26A1	MIR26B	TMF1
MIR26A1	MIR26B	CHML
MIR26A1	MIR26B	CHFR
MIR26A1	MIR26B	RDH14
MIR26A1	MIR26B	AHNAK
MIR26A1	MIR26B	VGLL4
MIR26A1	MIR26B	KMT2C
MIR26A1	MIR26B	ACSL4
MIR26A1	MIR26B	SERBP1
MIR26A1	MIR26B	UBE2D3
MIR26A1	MIR26B	C19orf66
MIR26A1	MIR26B	SF3B1
MIR26A1	MIR26B	DDX6
MIR26A1	MIR26B	PTEN
MIR26A1	MIR26B	NPEPPS
MIR26A1	MIR26B	ANKRD52
MIR26A1	MIR26B	AFTPH
MIR26A1	MIR26B	TRIM33
MIR26A1	MIR26B	GRHL2
MIR26A1	MIR26B	ARHGAP35
MIR26A1	MIR26B	INHBA
MIR26A1	MIR26B	PRUNE2
MIR26A1	MIR26B	KPNA2
MIR26A1	MIR26B	ZSWIM6
MIR26A1	MIR26B	CTTN
MIR26A1	MIR26B	EIF4A2
MIR26A1	MIR26B	SUB1
MIR26A1	MIR26B	PRNP
MIR26A1	MIR26B	STMN1
MIR26A1	MIR26B	CCND2
MIR26A1	MIR26B	RFWD3
MIR26A1	MIR26B	WDR26
MIR26A1	MIR26B	TXNL1
MIR26A1	MIR26B	ULK1
MIR26A1	MIR26B	HSPA8
MIR26A1	MIR26B	ETV3
MIR26A1	MIR26B	PTGS2
MIR26A1	MIR26B	USP9X
MIR26A1	MIR26B	CASZ1
MIR26A1	MIR26B	TPX2
MIR26A1	MIR26B	HOXA9
MIR26A1	MIR26B	KTN1
MIR26A1	MIR26B	SNX16
MIR26A1	MIR26B	ENSG00000255103
MIR26A1	MIR26B	SERP1
MIR26A1	MIR26B	ACTR3
MIR26A1	MIR26B	ADM
MIR26A1	MIR26B	ASAP1
MIR26A1	MIR26B	EIF4G2
MIR26A1	MIR26B	OTUD4
MIR26A1	MIR26B	PRPF40A
MIR26A1	MIR26B	MIB1
MIR26A1	MIR26B	DYRK1A
MIR26A1	MIR26B	KIF2A
MIR26A1	MIR26B	SEMA6D
MIR26A1	MIR26B	ZNF770
MIR26A1	MIR26B	SPTBN1
MIR26A1	MIR26B	CPSF7
MIR26A1	MIR26B	PTPN1
MIR26A1	MIR26B	DLG5
MIR26A1	MIR26B	BACE2
MIR26A1	MIR26B	MCL1
MIR26A1	MIR26B	STAT3
MIR26A1	MIR26B	GPR180
MIR26A1	MIR26B	DAD1
MIR26A1	MIR26B	IDH1
MIR26A1	MIR26B	MTMR4
MIR26A1	MIR26B	GMDS
MIR26A1	MIR26B	DDX5
MIR26A1	MIR26B	LIX1L
MIR26A1	MIR26B	NTN4
MIR26A1	MIR26B	RBPJ
MIR26A1	MIR26B	HNRNPUL1
MIR26A1	MIR26B	ABL2
MIR26A1	MIR26B	FZD3
MIR26A1	MIR26B	IPO7
MIR26A1	MIR26B	VMA21
MIR26A1	MIR26B	HECTD4
MIR26A1	MIR26B	S100PBP
MIR26A1	MIR26B	LUZP1
MIR26A1	MIR26B	CDK6
MIR26A1	MIR26B	MED31
MIR26A1	MIR26B	ASCC3
MIR26A1	MIR26B	BLOC1S2
MIR26A1	MIR26B	LARP4B
MIR26A1	MIR26B	EP400
MIR26A1	MIR26B	DDX3X
MIR26A1	MIR26B	COPS2
MIR26A1	MIR26B	DST
MIR26A1	MIR26B	CACNB4
MIR26A1	MIR26B	MAT2A
MIR26A1	MIR26B	DSEL
MIR26A1	MIR26B	SOCS3
MIR26A1	MIR26B	PTPN3
MIR26A1	MIR26B	TRAPPC4
MIR26A1	MIR26B	RSRC2
MIR26A1	MIR26B	RYBP
MIR26A1	MIR26B	RBM12
MIR26A1	MIR26B	PDZD8
MIR26A1	MIR26B	TET1
MIR26A1	MIR26B	PTPN12
MIR26A1	MIR26B	ROCK2
MIR26A1	MIR26B	C14orf166
MIR26A1	MIR26B	H3F3C
MIR26A1	MIR26B	ZNF410
MIR26A1	MIR26B	STYX
MIR26A1	MIR26B	EML4
MIR26A1	MIR26B	ATP13A3
MIR26A1	MIR26B	C1orf27
MIR26A1	MIR26B	SH3GLB1
MIR26A1	MIR26B	GAN
MIR26A1	MIR26B	KLF12
MIR26A1	MIR26B	AAK1
MIR26A1	MIR26B	PON2
MIR26A1	MIR26B	SMC4
MIR26A1	MIR26B	HIPK2
MIR26A1	MIR26B	RCBTB1
MIR26A1	MIR26B	TMCC1
MIR26A1	MIR26B	TNS3
MIR26A1	MIR26B	TMEM30A
MIR26A1	MIR26B	MEX3C
MIR26A1	MIR26B	POU2F1
MIR26A1	MIR26B	UBN2
MIR26A1	MIR26B	HUWE1
MIR26A1	MIR26B	ATP1B1
MIR26A1	MIR26B	ARHGEF12
MIR26A1	MIR26B	YWHAE
MIR26A1	MIR26B	SATB1
MIR26A1	MIR26B	VDAC1
MIR26A1	MIR26B	RSF1
MIR26A1	MIR26B	UGDH
MIR26A1	MIR26B	GSPT1
MIR26A1	MIR26B	PHLDB2
MIR26A1	MIR26B	ZNF621
MIR26A1	MIR26B	RRM1
MIR26A1	MIR26B	SERINC1
MIR26A1	MIR26B	TRIM24
MIR26A1	MIR26B	WEE1
MIR26A1	MIR26B	AGPAT3
MIR26A1	MIR26B	LARP1
MIR26A1	MIR26B	HMGA1
MIR26A1	MIR26B	HSPA13
MIR26A1	MIR26B	CSRNP2
MIR26A1	MIR26B	YTHDF3
MIR26A1	MIR26B	CELF1
MIR26A1	MIR26B	SRGAP1
MIR26A1	MIR26B	KLHL42
MIR26A1	MIR26B	BTG1
MIR26A1	MIR26B	C5orf24
MIR26A1	MIR26B	CCNT2
MIR26A1	MIR26B	MFHAS1
MIR26A1	MIR26B	GGA3
MIR26A1	MIR26B	PPFIA1
MIR26A1	MIR26B	NCOA4
MIR26A1	MIR26B	ETF1
MIR26A1	MIR26B	MTX2
MIR26A1	MIR26B	BTAF1
MIR26A1	MIR26B	LMAN1
MIR26A1	MIR26B	TSPYL1
MIR26A1	MIR26B	TNRC6B
MIR26A1	MIR26B	DDX17
MIR26A1	MIR26B	SLC38A2
MIR26A1	MIR26B	MTPN
MIR26A1	MIR26B	TSPAN13
MIR26A1	MIR26B	SLC7A11
MIR26A1	MIR26B	RCOR1
MIR26A1	MIR26B	WDFY2
MIR26A1	MIR26B	MDH1
MIR26A1	MIR26B	PGAP1
MIR26A1	MIR26B	DDI2
MIR26A1	MIR26B	CD82
MIR26A1	MIR26B	UBE2A
MIR26A1	MIR26B	EIF2AK3
MIR26A1	MIR26B	SLC20A1
MIR26A1	MIR26B	HLTF
MIR26A1	MIR26B	HARS2
MIR26A1	MIR26B	DIAPH2
MIR26A1	MIR26B	ELMO1
MIR26A1	MIR26B	TET3
MIR26A1	MIR26B	SSH2
MIR26A1	MIR26B	SLC19A2
MIR26A1	MIR26B	MTAP
MIR26A1	MIR26B	PAK1
MIR26A1	MIR26B	SFPQ
MIR26A1	MIR26B	ZDHHC20
MIR26A1	MIR26B	NSMAF
MIR26A1	MIR26B	C16orf70
MIR26A1	MIR26B	MESDC2
MIR26A1	MIR26B	EP300
MIR26A1	MIR26B	NAP1L5
MIR26A1	MIR26B	NDEL1
MIR26A1	MIR26B	NR1D2
MIR26A1	MIR26B	SFMBT1
MIR26A1	MIR26B	SLC7A2
MIR26A1	MIR26B	TRIM14
MIR26A1	MIR26B	TRAP1
MIR26A1	MIR26B	RTN3
MIR26A1	MIR26B	GGNBP2
MIR26A1	MIR26B	PHLDA1
MIR26A1	MIR26B	SKI
MIR26A1	MIR26B	ZBTB33
MIR26A1	MIR26B	IGF2R
MIR26A1	MIR26B	PAPD7
MIR26A1	MIR26B	NUAK2
MIR26A1	MIR26B	EPS15
MIR26A1	MIR26B	BAZ1A
MIR26A1	MIR26B	NUCKS1
MIR26A1	MIR26B	DCAF12
MIR26A1	MIR26B	TNRC6A
MIR26A1	MIR26B	PNO1
MIR26A1	MIR26B	TNPO1
MIR26A1	MIR26B	NCOA2
MIR26A1	MIR26B	TOMM20
MIR26A1	MIR26B	IPPK
MIR26A1	MIR26B	RANBP9
MIR26A1	MIR26B	WWTR1
MIR26A1	MIR26B	LANCL1
MIR26A1	MIR26B	ARSJ
MIR26A1	MIR26B	PELI2
MIR26A1	MIR26B	SMURF2
MIR26A1	MIR26B	GMFB
MIR26A1	MIR26B	CAMSAP1
MIR26A1	MIR26B	KCNE4
MIR26A1	MIR26B	C2CD2
MIR26A1	MIR26B	HTATIP2
MIR26A1	MIR26B	EPHA2
MIR26A1	MIR26B	PSME4
MIR26A1	MIR26B	SMARCA5
MIR26A1	MIR26B	CHSY1
MIR26A1	MIR26B	EEF2
MIR26A1	MIR26B	DCBLD1
MIR26A1	MIR26B	KPNA6
MIR26A1	MIR26B	POFUT1
MIR26A1	MIR26B	GBP3
MIR26A2	MIR26B	CHORDC1
MIR26A2	MIR26B	USP25
MIR26A2	MIR26B	SASH3
MIR26A2	MIR26B	EPAS1
MIR26A2	MIR26B	DDX3Y
MIR26A2	MIR26B	MKNK2
MIR26A2	MIR26B	RASSF3
MIR26A2	MIR26B	CAND1
MIR26A2	MIR26B	LRRC1
MIR26A2	MIR26B	PIKFYVE
MIR26A2	MIR26B	CAB39L
MIR26A2	MIR26B	UFL1
MIR26A2	MIR26B	ANKRD11
MIR26A2	MIR26B	STK4
MIR26A2	MIR26B	ICE1
MIR26A2	MIR26B	DSG2
MIR26A2	MIR26B	ANKRD10
MIR26A2	MIR26B	SMEK2
MIR26A2	MIR26B	UBR4
MIR26A2	MIR26B	AIMP1
MIR26A2	MIR26B	HMGA2
MIR26A2	MIR26B	ATP9A
MIR26A2	MIR26B	SLC25A13
MIR26A2	MIR26B	CD200
MIR26A2	MIR26B	CREBRF
MIR26A2	MIR26B	NRAS
MIR26A2	MIR26B	MMP16
MIR26A2	MIR26B	PRPF4B
MIR26A2	MIR26B	PDHX
MIR26A2	MIR26B	H3F3B
MIR26A2	MIR26B	E2F7
MIR26A2	MIR26B	CNOT4
MIR26A2	MIR26B	RHOU
MIR26A2	MIR26B	MYH10
MIR26A2	MIR26B	PFKFB2
MIR26A2	MIR26B	COL19A1
MIR26A2	MIR26B	PIK3C3
MIR26A2	MIR26B	GSK3B
MIR26A2	MIR26B	ZFP36L2
MIR26A2	MIR26B	DENND6A
MIR26A2	MIR26B	CEACAM6
MIR26A2	MIR26B	TTN
MIR26A2	MIR26B	PIM1
MIR26A2	MIR26B	SPCS3
MIR26A2	MIR26B	ZYG11B
MIR26A2	MIR26B	IPO5
MIR26A2	MIR26B	IFRD1
MIR26A2	MIR26B	EPG5
MIR26A2	MIR26B	PHYHIPL
MIR26A2	MIR26B	FAM46C
MIR26A2	MIR26B	FAM32A
MIR26A2	MIR26B	RABGAP1
MIR26A2	MIR26B	EIF3D
MIR26A2	MIR26B	COX10
MIR26A2	MIR26B	SLC5A3
MIR26A2	MIR26B	COG5
MIR26A2	MIR26B	IL24
MIR26A2	MIR26B	RNF213
MIR26A2	MIR26B	SMAD1
MIR26A2	MIR26B	TAF8
MIR26A2	MIR26B	SNX14
MIR26A2	MIR26B	KIF5C
MIR26A2	MIR26B	BRD2
MIR26A2	MIR26B	CWC25
MIR26A2	MIR26B	ALDH9A1
MIR26A2	MIR26B	OTUD1
MIR26A2	MIR26B	GNL2
MIR26A2	MIR26B	ADAR
MIR26A2	MIR26B	BTBD3
MIR26A2	MIR26B	SACS
MIR26A2	MIR26B	TMEM132D
MIR26A2	MIR26B	OSBPL8
MIR26A2	MIR26B	CHIC1
MIR26A2	MIR26B	GSE1
MIR26A2	MIR26B	REEP4
MIR26A2	MIR26B	CAPN2
MIR26A2	MIR26B	DENND4A
MIR26A2	MIR26B	BARD1
MIR26A2	MIR26B	COL12A1
MIR26A2	MIR26B	CDK8
MIR26A2	MIR26B	FAM134A
MIR26A2	MIR26B	PGRMC2
MIR26A2	MIR26B	MAP2
MIR26A2	MIR26B	GALNT10
MIR26A2	MIR26B	EPC2
MIR26A2	MIR26B	TBC1D30
MIR26A2	MIR26B	NUP210
MIR26A2	MIR26B	IKBKAP
MIR26A2	MIR26B	CHAC1
MIR26A2	MIR26B	KYNU
MIR26A2	MIR26B	FBN2
MIR26A2	MIR26B	SLC16A12
MIR26A2	MIR26B	USP10
MIR26A2	MIR26B	PDE8A
MIR26A2	MIR26B	IRF2
MIR26A2	MIR26B	ACTR2
MIR26A2	MIR26B	ALCAM
MIR26A2	MIR26B	CXADR
MIR26A2	MIR26B	PMFBP1
MIR26A2	MIR26B	IRF4
MIR26A2	MIR26B	PRDX3
MIR26A2	MIR26B	TBL1XR1
MIR26A2	MIR26B	C18orf54
MIR26A2	MIR26B	FNIP2
MIR26A2	MIR26B	MTMR9
MIR26A2	MIR26B	TMEM56
MIR26A2	MIR26B	ABHD2
MIR26A2	MIR26B	ALG9
MIR26A2	MIR26B	CCDC28A
MIR26A2	MIR26B	VPS13A
MIR26A2	MIR26B	REEP3
MIR26A2	MIR26B	SRF
MIR26A2	MIR26B	SELT
MIR26A2	MIR26B	COG8
MIR26A2	MIR26B	SCAMP1
MIR26A2	MIR26B	SOCS5
MIR26A2	MIR26B	SP1
MIR26A2	MIR26B	RAB21
MIR26A2	MIR26B	RAPGEF5
MIR26A2	MIR26B	PARP14
MIR26A2	MIR26B	SLC23A2
MIR26A2	MIR26B	TAF13
MIR26A2	MIR26B	PSMB2
MIR26A2	MIR26B	DOCK9
MIR26A2	MIR26B	UBR3
MIR26A2	MIR26B	PIK3C2A
MIR26A2	MIR26B	DNMT3B
MIR26A2	MIR26B	CHD2
MIR26A2	MIR26B	ADRBK2
MIR26A2	MIR26B	PBRM1
MIR26A2	MIR26B	FBXO11
MIR26A2	MIR26B	CORO1C
MIR26A2	MIR26B	KHDRBS1
MIR26A2	MIR26B	UHMK1
MIR26A2	MIR26B	SGMS2
MIR26A2	MIR26B	ZNF605
MIR26A2	MIR26B	RAB3B
MIR26A2	MIR26B	TMF1
MIR26A2	MIR26B	CHML
MIR26A2	MIR26B	CHFR
MIR26A2	MIR26B	RDH14
MIR26A2	MIR26B	AHNAK
MIR26A2	MIR26B	VGLL4
MIR26A2	MIR26B	KMT2C
MIR26A2	MIR26B	ACSL4
MIR26A2	MIR26B	SERBP1
MIR26A2	MIR26B	UBE2D3
MIR26A2	MIR26B	C19orf66
MIR26A2	MIR26B	SF3B1
MIR26A2	MIR26B	DDX6
MIR26A2	MIR26B	PTEN
MIR26A2	MIR26B	NPEPPS
MIR26A2	MIR26B	ANKRD52
MIR26A2	MIR26B	AFTPH
MIR26A2	MIR26B	TRIM33
MIR26A2	MIR26B	GRHL2
MIR26A2	MIR26B	ARHGAP35
MIR26A2	MIR26B	INHBA
MIR26A2	MIR26B	PRUNE2
MIR26A2	MIR26B	KPNA2
MIR26A2	MIR26B	ZSWIM6
MIR26A2	MIR26B	CTTN
MIR26A2	MIR26B	EIF4A2
MIR26A2	MIR26B	SUB1
MIR26A2	MIR26B	STMN1
MIR26A2	MIR26B	CCND2
MIR26A2	MIR26B	RFWD3
MIR26A2	MIR26B	WDR26
MIR26A2	MIR26B	TXNL1
MIR26A2	MIR26B	ULK1
MIR26A2	MIR26B	HSPA8
MIR26A2	MIR26B	ETV3
MIR26A2	MIR26B	PTGS2
MIR26A2	MIR26B	USP9X
MIR26A2	MIR26B	CASZ1
MIR26A2	MIR26B	TPX2
MIR26A2	MIR26B	HOXA9
MIR26A2	MIR26B	KTN1
MIR26A2	MIR26B	SNX16
MIR26A2	MIR26B	ENSG00000255103
MIR26A2	MIR26B	SERP1
MIR26A2	MIR26B	ACTR3
MIR26A2	MIR26B	ADM
MIR26A2	MIR26B	ASAP1
MIR26A2	MIR26B	EIF4G2
MIR26A2	MIR26B	OTUD4
MIR26A2	MIR26B	PRPF40A
MIR26A2	MIR26B	MIB1
MIR26A2	MIR26B	DYRK1A
MIR26A2	MIR26B	KIF2A
MIR26A2	MIR26B	SEMA6D
MIR26A2	MIR26B	ZNF770
MIR26A2	MIR26B	SPTBN1
MIR26A2	MIR26B	CPSF7
MIR26A2	MIR26B	PTPN1
MIR26A2	MIR26B	DLG5
MIR26A2	MIR26B	BACE2
MIR26A2	MIR26B	MCL1
MIR26A2	MIR26B	STAT3
MIR26A2	MIR26B	GPR180
MIR26A2	MIR26B	DAD1
MIR26A2	MIR26B	IDH1
MIR26A2	MIR26B	MTMR4
MIR26A2	MIR26B	GMDS
MIR26A2	MIR26B	DDX5
MIR26A2	MIR26B	LIX1L
MIR26A2	MIR26B	NTN4
MIR26A2	MIR26B	RBPJ
MIR26A2	MIR26B	HNRNPUL1
MIR26A2	MIR26B	ABL2
MIR26A2	MIR26B	FZD3
MIR26A2	MIR26B	IPO7
MIR26A2	MIR26B	VMA21
MIR26A2	MIR26B	HECTD4
MIR26A2	MIR26B	S100PBP
MIR26A2	MIR26B	LUZP1
MIR26A2	MIR26B	CDK6
MIR26A2	MIR26B	MED31
MIR26A2	MIR26B	ASCC3
MIR26A2	MIR26B	BLOC1S2
MIR26A2	MIR26B	LARP4B
MIR26A2	MIR26B	EP400
MIR26A2	MIR26B	DDX3X
MIR26A2	MIR26B	COPS2
MIR26A2	MIR26B	DST
MIR26A2	MIR26B	CACNB4
MIR26A2	MIR26B	MAT2A
MIR26A2	MIR26B	DSEL
MIR26A2	MIR26B	SOCS3
MIR26A2	MIR26B	PTPN3
MIR26A2	MIR26B	TRAPPC4
MIR26A2	MIR26B	RSRC2
MIR26A2	MIR26B	RYBP
MIR26A2	MIR26B	RBM12
MIR26A2	MIR26B	PDZD8
MIR26A2	MIR26B	TET1
MIR26A2	MIR26B	PTPN12
MIR26A2	MIR26B	ROCK2
MIR26A2	MIR26B	C14orf166
MIR26A2	MIR26B	H3F3C
MIR26A2	MIR26B	ZNF410
MIR26A2	MIR26B	STYX
MIR26A2	MIR26B	EML4
MIR26A2	MIR26B	ATP13A3
MIR26A2	MIR26B	C1orf27
MIR26A2	MIR26B	SH3GLB1
MIR26A2	MIR26B	GAN
MIR26A2	MIR26B	KLF12
MIR26A2	MIR26B	AAK1
MIR26A2	MIR26B	PON2
MIR26A2	MIR26B	SMC4
MIR26A2	MIR26B	HIPK2
MIR26A2	MIR26B	RCBTB1
MIR26A2	MIR26B	TMCC1
MIR26A2	MIR26B	TNS3
MIR26A2	MIR26B	TMEM30A
MIR26A2	MIR26B	MEX3C
MIR26A2	MIR26B	POU2F1
MIR26A2	MIR26B	UBN2
MIR26A2	MIR26B	HUWE1
MIR26A2	MIR26B	ATP1B1
MIR26A2	MIR26B	ARHGEF12
MIR26A2	MIR26B	YWHAE
MIR26A2	MIR26B	SATB1
MIR26A2	MIR26B	VDAC1
MIR26A2	MIR26B	RSF1
MIR26A2	MIR26B	UGDH
MIR26A2	MIR26B	GSPT1
MIR26A2	MIR26B	PHLDB2
MIR26A2	MIR26B	ZNF621
MIR26A2	MIR26B	RRM1
MIR26A2	MIR26B	SERINC1
MIR26A2	MIR26B	TRIM24
MIR26A2	MIR26B	WEE1
MIR26A2	MIR26B	AGPAT3
MIR26A2	MIR26B	LARP1
MIR26A2	MIR26B	HMGA1
MIR26A2	MIR26B	HSPA13
MIR26A2	MIR26B	CSRNP2
MIR26A2	MIR26B	YTHDF3
MIR26A2	MIR26B	CELF1
MIR26A2	MIR26B	SRGAP1
MIR26A2	MIR26B	KLHL42
MIR26A2	MIR26B	BTG1
MIR26A2	MIR26B	C5orf24
MIR26A2	MIR26B	CCNT2
MIR26A2	MIR26B	MFHAS1
MIR26A2	MIR26B	GGA3
MIR26A2	MIR26B	PPFIA1
MIR26A2	MIR26B	NCOA4
MIR26A2	MIR26B	ETF1
MIR26A2	MIR26B	MTX2
MIR26A2	MIR26B	BTAF1
MIR26A2	MIR26B	LMAN1
MIR26A2	MIR26B	TSPYL1
MIR26A2	MIR26B	TNRC6B
MIR26A2	MIR26B	DDX17
MIR26A2	MIR26B	SLC38A2
MIR26A2	MIR26B	MTPN
MIR26A2	MIR26B	TSPAN13
MIR26A2	MIR26B	SLC7A11
MIR26A2	MIR26B	RCOR1
MIR26A2	MIR26B	WDFY2
MIR26A2	MIR26B	MDH1
MIR26A2	MIR26B	PGAP1
MIR26A2	MIR26B	DDI2
MIR26A2	MIR26B	CD82
MIR26A2	MIR26B	UBE2A
MIR26A2	MIR26B	EIF2AK3
MIR26A2	MIR26B	SLC20A1
MIR26A2	MIR26B	HLTF
MIR26A2	MIR26B	HARS2
MIR26A2	MIR26B	DIAPH2
MIR26A2	MIR26B	ELMO1
MIR26A2	MIR26B	TET3
MIR26A2	MIR26B	SSH2
MIR26A2	MIR26B	SLC19A2
MIR26A2	MIR26B	MTAP
MIR26A2	MIR26B	PAK1
MIR26A2	MIR26B	SFPQ
MIR26A2	MIR26B	ZDHHC20
MIR26A2	MIR26B	C16orf70
MIR26A2	MIR26B	MESDC2
MIR26A2	MIR26B	EP300
MIR26A2	MIR26B	NAP1L5
MIR26A2	MIR26B	NDEL1
MIR26A2	MIR26B	NR1D2
MIR26A2	MIR26B	SFMBT1
MIR26A2	MIR26B	SLC7A2
MIR26A2	MIR26B	TRIM14
MIR26A2	MIR26B	TRAP1
MIR26A2	MIR26B	RTN3
MIR26A2	MIR26B	GGNBP2
MIR26A2	MIR26B	PHLDA1
MIR26A2	MIR26B	SKI
MIR26A2	MIR26B	ZBTB33
MIR26A2	MIR26B	IGF2R
MIR26A2	MIR26B	PAPD7
MIR26A2	MIR26B	NUAK2
MIR26A2	MIR26B	EPS15
MIR26A2	MIR26B	BAZ1A
MIR26A2	MIR26B	NUCKS1
MIR26A2	MIR26B	DCAF12
MIR26A2	MIR26B	TNRC6A
MIR26A2	MIR26B	PNO1
MIR26A2	MIR26B	TNPO1
MIR26A2	MIR26B	NCOA2
MIR26A2	MIR26B	TOMM20
MIR26A2	MIR26B	IPPK
MIR26A2	MIR26B	RANBP9
MIR26A2	MIR26B	WWTR1
MIR26A2	MIR26B	LANCL1
MIR26A2	MIR26B	ARSJ
MIR26A2	MIR26B	PELI2
MIR26A2	MIR26B	SMURF2
MIR26A2	MIR26B	GMFB
MIR26A2	MIR26B	CAMSAP1
MIR26A2	MIR26B	KCNE4
MIR26A2	MIR26B	C2CD2
MIR26A2	MIR26B	HTATIP2
MIR26A2	MIR26B	EPHA2
MIR26A2	MIR26B	PSME4
MIR26A2	MIR26B	SMARCA5
MIR26A2	MIR26B	CHSY1
MIR26A2	MIR26B	EEF2
MIR26A2	MIR26B	DCBLD1
MIR26A2	MIR26B	KPNA6
MIR26A2	MIR26B	POFUT1
MIR26A2	MIR26B	GBP3
MIR27A	MIR27B	USP25
MIR27A	MIR27B	SASH3
MIR27A	MIR27B	MEF2A
MIR27A	MIR27B	NAV1
MIR27A	MIR27B	NEBL
MIR27A	MIR27B	ZFYVE9
MIR27A	MIR27B	ATXN10
MIR27A	MIR27B	RANBP2
MIR27A	MIR27B	B3GNT7
MIR27A	MIR27B	MKNK2
MIR27A	MIR27B	ASPH
MIR27A	MIR27B	CKAP5
MIR27A	MIR27B	MAML3
MIR27A	MIR27B	ARMCX1
MIR27A	MIR27B	PRDM2
MIR27A	MIR27B	STK4
MIR27A	MIR27B	GPS1
MIR27A	MIR27B	SMIM8
MIR27A	MIR27B	TFPI
MIR27A	MIR27B	POLR3C
MIR27A	MIR27B	TMEM254
MIR27A	MIR27B	TMTC4
MIR27A	MIR27B	ADAM9
MIR27A	MIR27B	PCLO
MIR27A	MIR27B	UBR4
MIR27A	MIR27B	TNRC18
MIR27A	MIR27B	ZNF518A
MIR27A	MIR27B	CREBRF
MIR27A	MIR27B	PLEKHG1
MIR27A	MIR27B	BICC1
MIR27A	MIR27B	PDHX
MIR27A	MIR27B	PRKDC
MIR27A	MIR27B	ETNK1
MIR27A	MIR27B	MARCH6
MIR27A	MIR27B	SSR1
MIR27A	MIR27B	MMP1
MIR27A	MIR27B	RND3
MIR27A	MIR27B	BMI1
MIR27A	MIR27B	LSM3
MIR27A	MIR27B	ITSN1
MIR27A	MIR27B	LRRC58
MIR27A	MIR27B	MAGEF1
MIR27A	MIR27B	RLF
MIR27A	MIR27B	LBH
MIR27A	MIR27B	XPR1
MIR27A	MIR27B	SCYL2
MIR27A	MIR27B	ITSN2
MIR27A	MIR27B	RNMT
MIR27A	MIR27B	IL24
MIR27A	MIR27B	KDM6B
MIR27A	MIR27B	CMTR2
MIR27A	MIR27B	SNX14
MIR27A	MIR27B	PCDH17
MIR27A	MIR27B	ZNF430
MIR27A	MIR27B	BRD2
MIR27A	MIR27B	MTMR3
MIR27A	MIR27B	PRKAR2A
MIR27A	MIR27B	POMK
MIR27A	MIR27B	MAP1B
MIR27A	MIR27B	UTP20
MIR27A	MIR27B	CLIP1
MIR27A	MIR27B	PTPRJ
MIR27A	MIR27B	SACS
MIR27A	MIR27B	ARIH2
MIR27A	MIR27B	RBM23
MIR27A	MIR27B	YAP1
MIR27A	MIR27B	JAZF1
MIR27A	MIR27B	SIDT2
MIR27A	MIR27B	GSE1
MIR27A	MIR27B	DMTF1
MIR27A	MIR27B	YWHAB
MIR27A	MIR27B	COL12A1
MIR27A	MIR27B	MED6
MIR27A	MIR27B	TRAPPC2P1
MIR27A	MIR27B	SLC30A9
MIR27A	MIR27B	TMED5
MIR27A	MIR27B	ZNF662
MIR27A	MIR27B	SEL1L
MIR27A	MIR27B	COA7
MIR27A	MIR27B	ATAD2
MIR27A	MIR27B	COL5A3
MIR27A	MIR27B	CTTNBP2
MIR27A	MIR27B	MOAP1
MIR27A	MIR27B	FBN2
MIR27A	MIR27B	AHSA2
MIR27A	MIR27B	ZBTB1
MIR27A	MIR27B	ANKLE2
MIR27A	MIR27B	SMAD9
MIR27A	MIR27B	CHD3
MIR27A	MIR27B	ZMYM4
MIR27A	MIR27B	ECT2
MIR27A	MIR27B	FLCN
MIR27A	MIR27B	ALCAM
MIR27A	MIR27B	HSD17B12
MIR27A	MIR27B	POU2F2
MIR27A	MIR27B	C2CD4A
MIR27A	MIR27B	CTCF
MIR27A	MIR27B	MYCBP2
MIR27A	MIR27B	ZNF639
MIR27A	MIR27B	ARPC4
MIR27A	MIR27B	HOOK1
MIR27A	MIR27B	PRR14L
MIR27A	MIR27B	HADH
MIR27A	MIR27B	POLR2B
MIR27A	MIR27B	ADORA2B
MIR27A	MIR27B	SNRPB
MIR27A	MIR27B	GNB1
MIR27A	MIR27B	B4GALT7
MIR27A	MIR27B	MBTD1
MIR27A	MIR27B	WSB1
MIR27A	MIR27B	GFPT1
MIR27A	MIR27B	HS2ST1
MIR27A	MIR27B	AP1G1
MIR27A	MIR27B	SLC2A3
MIR27A	MIR27B	MFN1
MIR27A	MIR27B	NECAP1
MIR27A	MIR27B	LIMK2
MIR27A	MIR27B	BNIP3
MIR27A	MIR27B	DNAJC6
MIR27A	MIR27B	PPM1G
MIR27A	MIR27B	FN1
MIR27A	MIR27B	ANKRD13C
MIR27A	MIR27B	SEPT11
MIR27A	MIR27B	FAM78A
MIR27A	MIR27B	TNFAIP3
MIR27A	MIR27B	TPCN1
MIR27A	MIR27B	ALG9
MIR27A	MIR27B	KCNJ6
MIR27A	MIR27B	CBX1
MIR27A	MIR27B	KDM5A
MIR27A	MIR27B	SPTY2D1
MIR27A	MIR27B	SIKE1
MIR27A	MIR27B	GPD2
MIR27A	MIR27B	GCA
MIR27A	MIR27B	NAV3
MIR27A	MIR27B	RCAN1
MIR27A	MIR27B	PLEKHA6
MIR27A	MIR27B	NOLC1
MIR27A	MIR27B	EFTUD2
MIR27A	MIR27B	SP1
MIR27A	MIR27B	SATB2
MIR27A	MIR27B	RCAN2
MIR27A	MIR27B	CNN3
MIR27A	MIR27B	RUNX1
MIR27A	MIR27B	SESTD1
MIR27A	MIR27B	SLFN5
MIR27A	MIR27B	NGFRAP1
MIR27A	MIR27B	CCDC28B
MIR27A	MIR27B	PEX5
MIR27A	MIR27B	ZBTB18
MIR27A	MIR27B	EIF2B4
MIR27A	MIR27B	NOTCH2
MIR27A	MIR27B	CLIP2
MIR27A	MIR27B	PAICS
MIR27A	MIR27B	ADAMTSL3
MIR27A	MIR27B	NXF1
MIR27A	MIR27B	SPAG9
MIR27A	MIR27B	ANKRD30B
MIR27A	MIR27B	FAM102A
MIR27A	MIR27B	SUV420H1
MIR27A	MIR27B	PARD6B
MIR27A	MIR27B	FBXW7
MIR27A	MIR27B	UBE2J1
MIR27A	MIR27B	DOT1L
MIR27A	MIR27B	ISL1
MIR27A	MIR27B	MSN
MIR27A	MIR27B	NDUFC2
MIR27A	MIR27B	SZRD1
MIR27A	MIR27B	RUFY3
MIR27A	MIR27B	SEMA7A
MIR27A	MIR27B	ZNF608
MIR27A	MIR27B	FAM120C
MIR27A	MIR27B	CRTAP
MIR27A	MIR27B	MGA
MIR27A	MIR27B	MIOS
MIR27A	MIR27B	PLXNA2
MIR27A	MIR27B	BMPR2
MIR27A	MIR27B	CEP120
MIR27A	MIR27B	GGCT
MIR27A	MIR27B	SUCO
MIR27A	MIR27B	C6orf120
MIR27A	MIR27B	ADAMTS1
MIR27A	MIR27B	MARS2
MIR27A	MIR27B	PDPK1
MIR27A	MIR27B	CPEB4
MIR27A	MIR27B	SREK1IP1
MIR27A	MIR27B	ACVR1
MIR27A	MIR27B	MAL2
MIR27A	MIR27B	RPN1
MIR27A	MIR27B	FAM84B
MIR27A	MIR27B	C1orf52
MIR27A	MIR27B	MTERF2
MIR27A	MIR27B	KMT2C
MIR27A	MIR27B	NAV2
MIR27A	MIR27B	POGLUT1
MIR27A	MIR27B	SETX
MIR27A	MIR27B	CDC42EP3
MIR27A	MIR27B	UBAP1
MIR27A	MIR27B	TMPRSS2
MIR27A	MIR27B	GCC2
MIR27A	MIR27B	USP46
MIR27A	MIR27B	USP47
MIR27A	MIR27B	ACLY
MIR27A	MIR27B	RALGAPB
MIR27A	MIR27B	PNKD
MIR27A	MIR27B	ITPKB
MIR27A	MIR27B	SEC62
MIR27A	MIR27B	BMP8B
MIR27A	MIR27B	HSP90AA1
MIR27A	MIR27B	SYT4
MIR27A	MIR27B	GOLM1
MIR27A	MIR27B	CCT5
MIR27A	MIR27B	LARP4
MIR27A	MIR27B	EDRF1
MIR27A	MIR27B	CSNK1D
MIR27A	MIR27B	PRUNE2
MIR27A	MIR27B	DCP1A
MIR27A	MIR27B	IST1
MIR27A	MIR27B	KDM5B
MIR27A	MIR27B	CXXC1
MIR27A	MIR27B	KDM2A
MIR27A	MIR27B	ADNP
MIR27A	MIR27B	PIP4K2B
MIR27A	MIR27B	PMAIP1
MIR27A	MIR27B	TSEN34
MIR27A	MIR27B	FNBP1
MIR27A	MIR27B	POGZ
MIR27A	MIR27B	SAMD9
MIR27A	MIR27B	CLK2
MIR27A	MIR27B	PPIL4
MIR27A	MIR27B	ALDH1L2
MIR27A	MIR27B	PGM3
MIR27A	MIR27B	BRPF3
MIR27A	MIR27B	USP9X
MIR27A	MIR27B	TMEM231
MIR27A	MIR27B	ADD3
MIR27A	MIR27B	EDEM2
MIR27A	MIR27B	XBP1
MIR27A	MIR27B	LYSMD3
MIR27A	MIR27B	G3BP2
MIR27A	MIR27B	LY6G5B
MIR27A	MIR27B	WNK1
MIR27A	MIR27B	FBN1
MIR27A	MIR27B	KIFC3
MIR27A	MIR27B	ARFGEF1
MIR27A	MIR27B	ASAP1
MIR27A	MIR27B	RAPGEF2
MIR27A	MIR27B	ZMYND8
MIR27A	MIR27B	RPA3OS
MIR27A	MIR27B	SNAI2
MIR27A	MIR27B	NR3C1
MIR27A	MIR27B	NCKAP1
MIR27A	MIR27B	PANK1
MIR27A	MIR27B	UBXN2A
MIR27A	MIR27B	DYRK1A
MIR27A	MIR27B	KHSRP
MIR27A	MIR27B	JAK1
MIR27A	MIR27B	SNRNP27
MIR27A	MIR27B	COL5A1
MIR27A	MIR27B	KIF5B
MIR27A	MIR27B	KIAA0247
MIR27A	MIR27B	KIF2A
MIR27A	MIR27B	PPARGC1A
MIR27A	MIR27B	MLLT4
MIR27A	MIR27B	SPTBN1
MIR27A	MIR27B	REL
MIR27A	MIR27B	SRRM2
MIR27A	MIR27B	GPR107
MIR27A	MIR27B	TMTC3
MIR27A	MIR27B	HNRNPA2B1
MIR27A	MIR27B	MCL1
MIR27A	MIR27B	ZFP36L1
MIR27A	MIR27B	ZBTB10
MIR27A	MIR27B	CNOT6
MIR27A	MIR27B	MEGF9
MIR27A	MIR27B	CYP1B1
MIR27A	MIR27B	KDM6A
MIR27A	MIR27B	KIAA1279
MIR27A	MIR27B	CTNND1
MIR27A	MIR27B	ZDBF2
MIR27A	MIR27B	ARL6IP1
MIR27A	MIR27B	GEM
MIR27A	MIR27B	HEG1
MIR27A	MIR27B	GOLGA4
MIR27A	MIR27B	E2F8
MIR27A	MIR27B	SGPL1
MIR27A	MIR27B	ELAVL4
MIR27A	MIR27B	LAMC1
MIR27A	MIR27B	ZBTB25
MIR27A	MIR27B	PEG10
MIR27A	MIR27B	ABL2
MIR27A	MIR27B	TROVE2
MIR27A	MIR27B	DDX54
MIR27A	MIR27B	EPB41
MIR27A	MIR27B	MARCKS
MIR27A	MIR27B	UGCG
MIR27A	MIR27B	CSNK1A1
MIR27A	MIR27B	TPR
MIR27A	MIR27B	ZFR
MIR27A	MIR27B	CHD6
MIR27A	MIR27B	KCNN3
MIR27A	MIR27B	ASCC3
MIR27A	MIR27B	LARP4B
MIR27A	MIR27B	SYNE1
MIR27A	MIR27B	CAV1
MIR27A	MIR27B	RBBP5
MIR27A	MIR27B	FBXO3
MIR27A	MIR27B	ARPP19
MIR27A	MIR27B	C8orf4
MIR27A	MIR27B	C2orf44
MIR27A	MIR27B	CEMIP
MIR27A	MIR27B	RYBP
MIR27A	MIR27B	DNAJB6
MIR27A	MIR27B	KCNB2
MIR27A	MIR27B	TM9SF3
MIR27A	MIR27B	SIK2
MIR27A	MIR27B	CCSER1
MIR27A	MIR27B	FNDC3A
MIR27A	MIR27B	SESN2
MIR27A	MIR27B	ONECUT2
MIR27A	MIR27B	DENND2D
MIR27A	MIR27B	RMND5A
MIR27A	MIR27B	DPF2
MIR27A	MIR27B	MYO10
MIR27A	MIR27B	PLEKHA8
MIR27A	MIR27B	KLHL9
MIR27A	MIR27B	ATP13A3
MIR27A	MIR27B	EFHD2
MIR27A	MIR27B	SLC30A2
MIR27A	MIR27B	SNX19
MIR27A	MIR27B	TRRAP
MIR27A	MIR27B	FSTL1
MIR27A	MIR27B	CALU
MIR27A	MIR27B	GALNT1
MIR27A	MIR27B	NFE2L2
MIR27A	MIR27B	PDE4DIP
MIR27A	MIR27B	RPF1
MIR27A	MIR27B	BMP2K
MIR27A	MIR27B	GATM
MIR27A	MIR27B	ZFY
MIR27A	MIR27B	EGLN1
MIR27A	MIR27B	CDK10
MIR27A	MIR27B	RCBTB1
MIR27A	MIR27B	WDR1
MIR27A	MIR27B	ARF3
MIR27A	MIR27B	FUCA1
MIR27A	MIR27B	SLC4A8
MIR27A	MIR27B	HIF1AN
MIR27A	MIR27B	KPNB1
MIR27A	MIR27B	RAB14
MIR27A	MIR27B	HUWE1
MIR27A	MIR27B	MTCH1
MIR27A	MIR27B	PREX1
MIR27A	MIR27B	FASTKD5
MIR27A	MIR27B	PPIG
MIR27A	MIR27B	LIN9
MIR27A	MIR27B	MDM4
MIR27A	MIR27B	RSF1
MIR27A	MIR27B	FARP2
MIR27A	MIR27B	PRPF8
MIR27A	MIR27B	ZNF621
MIR27A	MIR27B	TMEM50A
MIR27A	MIR27B	AFAP1
MIR27A	MIR27B	WEE1
MIR27A	MIR27B	TPP1
MIR27A	MIR27B	KLF6
MIR27A	MIR27B	ACAP2
MIR27A	MIR27B	MYBBP1A
MIR27A	MIR27B	SH2B3
MIR27A	MIR27B	NOL11
MIR27A	MIR27B	DHX15
MIR27A	MIR27B	CAB39
MIR27A	MIR27B	NFASC
MIR27A	MIR27B	SDCBP
MIR27A	MIR27B	CELF1
MIR27A	MIR27B	HNRNPK
MIR27A	MIR27B	BTG2
MIR27A	MIR27B	KIAA0586
MIR27A	MIR27B	TMEM59
MIR27A	MIR27B	BRWD1
MIR27A	MIR27B	DYNC2H1
MIR27A	MIR27B	UBE4A
MIR27A	MIR27B	AFG3L2
MIR27A	MIR27B	CCNT2
MIR27A	MIR27B	UBR5
MIR27A	MIR27B	ZW10
MIR27A	MIR27B	ABHD17C
MIR27A	MIR27B	SPPL2A
MIR27A	MIR27B	ZFP36
MIR27A	MIR27B	AFF4
MIR27A	MIR27B	NACC1
MIR27A	MIR27B	GPR176
MIR27A	MIR27B	KIF21A
MIR27A	MIR27B	AREL1
MIR27A	MIR27B	KLF3
MIR27A	MIR27B	SRSF5
MIR27A	MIR27B	SYNE2
MIR27A	MIR27B	VCPIP1
MIR27A	MIR27B	H2AFZ
MIR27A	MIR27B	IRGQ
MIR27A	MIR27B	TSPYL1
MIR27A	MIR27B	HHLA3
MIR27A	MIR27B	TNRC6B
MIR27A	MIR27B	CTNNB1
MIR27A	MIR27B	FAM217B
MIR27A	MIR27B	PHB
MIR27A	MIR27B	ITFG3
MIR27A	MIR27B	CD44
MIR27A	MIR27B	SLC7A11
MIR27A	MIR27B	SSH1
MIR27A	MIR27B	UAP1
MIR27A	MIR27B	PHF12
MIR27A	MIR27B	AOX1
MIR27A	MIR27B	HNRNPF
MIR27A	MIR27B	NDUFS4
MIR27A	MIR27B	FAM136A
MIR27A	MIR27B	RAB30
MIR27A	MIR27B	RPL31
MIR27A	MIR27B	APPBP2
MIR27A	MIR27B	WARS2
MIR27A	MIR27B	NAP1L1
MIR27A	MIR27B	GNS
MIR27A	MIR27B	GAPDH
MIR27A	MIR27B	ZBTB38
MIR27A	MIR27B	LBR
MIR27A	MIR27B	LPCAT1
MIR27A	MIR27B	MKLN1
MIR27A	MIR27B	MESDC2
MIR27A	MIR27B	NABP1
MIR27A	MIR27B	ASPM
MIR27A	MIR27B	GOLT1B
MIR27A	MIR27B	HNRNPA1
MIR27A	MIR27B	KIAA1109
MIR27A	MIR27B	DLGAP5
MIR27A	MIR27B	ZMYM2
MIR27A	MIR27B	ATP2B1
MIR27A	MIR27B	ITGB1
MIR27A	MIR27B	IP6K2
MIR27A	MIR27B	GGNBP2
MIR27A	MIR27B	TGFBR3
MIR27A	MIR27B	PXDN
MIR27A	MIR27B	PYGL
MIR27A	MIR27B	LONRF1
MIR27A	MIR27B	SEC24B
MIR27A	MIR27B	SLIT2
MIR27A	MIR27B	AKIRIN1
MIR27A	MIR27B	STRN
MIR27A	MIR27B	SERPINE2
MIR27A	MIR27B	SLC35F3
MIR27A	MIR27B	FIP1L1
MIR27A	MIR27B	SEMA6A
MIR27A	MIR27B	BAZ1A
MIR27A	MIR27B	GLS
MIR27A	MIR27B	INIP
MIR27A	MIR27B	TMBIM6
MIR27A	MIR27B	POLDIP3
MIR27A	MIR27B	PTER
MIR27A	MIR27B	TNRC6A
MIR27A	MIR27B	TRAPPC11
MIR27A	MIR27B	PHIP
MIR27A	MIR27B	NFAT5
MIR27A	MIR27B	PTBP3
MIR27A	MIR27B	PPIF
MIR27A	MIR27B	CTR9
MIR27A	MIR27B	SIX4
MIR27A	MIR27B	TNPO1
MIR27A	MIR27B	PLEKHA3
MIR27A	MIR27B	GATAD1
MIR27A	MIR27B	DNAJC2
MIR27A	MIR27B	LIPT2
MIR27A	MIR27B	LCOR
MIR27A	MIR27B	GXYLT1
MIR27A	MIR27B	PDK4
MIR27A	MIR27B	WWTR1
MIR27A	MIR27B	STARD7
MIR27A	MIR27B	SLK
MIR27A	MIR27B	LDLR
MIR27A	MIR27B	EFS
MIR27A	MIR27B	KIAA1549
MIR27A	MIR27B	PLAGL1
MIR27A	MIR27B	ZKSCAN5
MIR27A	MIR27B	KPNA6
MIR27A	MIR27B	B4GALT3
MIR27A	MIR27B	TMEM60
MIR29A	MIR29C	SS18L1
MIR29A	MIR29C	NAV1
MIR29A	MIR29C	GLG1
MIR29A	MIR29C	DDX3Y
MIR29A	MIR29C	MEF2C
MIR29A	MIR29C	CAND1
MIR29A	MIR29C	PIKFYVE
MIR29A	MIR29C	NDST1
MIR29A	MIR29C	ANKRD11
MIR29A	MIR29C	SC5D
MIR29A	MIR29C	LPAR1
MIR29A	MIR29C	ZNF318
MIR29A	MIR29C	TMEM159
MIR29A	MIR29C	PRDM1
MIR29A	MIR29C	GPI
MIR29A	MIR29C	NUDT3
MIR29A	MIR29C	MARCH1
MIR29A	MIR29C	TNRC18
MIR29A	MIR29C	MSL3
MIR29A	MIR29C	ZNF518A
MIR29A	MIR29C	SLC25A13
MIR29A	MIR29C	FAM167A
MIR29A	MIR29C	MMP2
MIR29A	MIR29C	SPDL1
MIR29A	MIR29C	NRAS
MIR29A	MIR29C	TET2
MIR29A	MIR29C	CDC42
MIR29A	MIR29C	MMP16
MIR29A	MIR29C	COX7A2L
MIR29A	MIR29C	PMP22
MIR29A	MIR29C	E2F7
MIR29A	MIR29C	KLF4
MIR29A	MIR29C	SPTLC2
MIR29A	MIR29C	REV3L
MIR29A	MIR29C	TKT
MIR29A	MIR29C	ZBTB5
MIR29A	MIR29C	FAM83H
MIR29A	MIR29C	COL19A1
MIR29A	MIR29C	REV1
MIR29A	MIR29C	PIK3R1
MIR29A	MIR29C	PM20D2
MIR29A	MIR29C	THAP2
MIR29A	MIR29C	HMGCLL1
MIR29A	MIR29C	BTBD7
MIR29A	MIR29C	TTC30B
MIR29A	MIR29C	TSPAN14
MIR29A	MIR29C	MARK3
MIR29A	MIR29C	MTSS1L
MIR29A	MIR29C	CD93
MIR29A	MIR29C	IARS2
MIR29A	MIR29C	BST2
MIR29A	MIR29C	KCTD20
MIR29A	MIR29C	RLF
MIR29A	MIR29C	SEC23A
MIR29A	MIR29C	FNDC3B
MIR29A	MIR29C	STK38L
MIR29A	MIR29C	FEM1B
MIR29A	MIR29C	TMEM178B
MIR29A	MIR29C	SERPINH1
MIR29A	MIR29C	HMGCR
MIR29A	MIR29C	COL3A1
MIR29A	MIR29C	TSPAN1
MIR29A	MIR29C	DHX16
MIR29A	MIR29C	CDKN1A
MIR29A	MIR29C	RNF138
MIR29A	MIR29C	CNOT1
MIR29A	MIR29C	CACUL1
MIR29A	MIR29C	ANKRD13A
MIR29A	MIR29C	ACER3
MIR29A	MIR29C	SOX12
MIR29A	MIR29C	CAPRIN1
MIR29A	MIR29C	NRIP1
MIR29A	MIR29C	MEST
MIR29A	MIR29C	AIM1
MIR29A	MIR29C	DENND4A
MIR29A	MIR29C	COL15A1
MIR29A	MIR29C	CCPG1
MIR29A	MIR29C	NBEA
MIR29A	MIR29C	LRIG3
MIR29A	MIR29C	CD276
MIR29A	MIR29C	BZW1
MIR29A	MIR29C	NPC1
MIR29A	MIR29C	SH3PXD2B
MIR29A	MIR29C	PALM2-AKAP2
MIR29A	MIR29C	ATAD2
MIR29A	MIR29C	SLC16A1
MIR29A	MIR29C	SMAD2
MIR29A	MIR29C	COL5A3
MIR29A	MIR29C	PTRF
MIR29A	MIR29C	FBN2
MIR29A	MIR29C	COL1A1
MIR29A	MIR29C	KCTD5
MIR29A	MIR29C	MAGOHB
MIR29A	MIR29C	HINT3
MIR29A	MIR29C	SUV420H2
MIR29A	MIR29C	USP10
MIR29A	MIR29C	VPS37C
MIR29A	MIR29C	IREB2
MIR29A	MIR29C	RCAN3
MIR29A	MIR29C	POU2F2
MIR29A	MIR29C	RUNDC1
MIR29A	MIR29C	LARS
MIR29A	MIR29C	SPTAN1
MIR29A	MIR29C	SNX11
MIR29A	MIR29C	ATAD2B
MIR29A	MIR29C	HIST1H2BG
MIR29A	MIR29C	XKR7
MIR29A	MIR29C	ZCCHC6
MIR29A	MIR29C	AASDHPPT
MIR29A	MIR29C	RBM28
MIR29A	MIR29C	FOXO3
MIR29A	MIR29C	GDA
MIR29A	MIR29C	LEPRE1
MIR29A	MIR29C	ANKRD13B
MIR29A	MIR29C	MAATS1
MIR29A	MIR29C	R3HDM4
MIR29A	MIR29C	AP1G1
MIR29A	MIR29C	SLC2A3
MIR29A	MIR29C	C7orf60
MIR29A	MIR29C	ATP11B
MIR29A	MIR29C	IBTK
MIR29A	MIR29C	LATS1
MIR29A	MIR29C	TNFAIP3
MIR29A	MIR29C	TNFRSF1A
MIR29A	MIR29C	SYT16
MIR29A	MIR29C	TUBGCP3
MIR29A	MIR29C	VCPKMT
MIR29A	MIR29C	TRAM2
MIR29A	MIR29C	VPS13A
MIR29A	MIR29C	GID8
MIR29A	MIR29C	CYCS
MIR29A	MIR29C	KCNJ6
MIR29A	MIR29C	MBD4
MIR29A	MIR29C	SIKE1
MIR29A	MIR29C	RALGPS1
MIR29A	MIR29C	LIF
MIR29A	MIR29C	NAV3
MIR29A	MIR29C	SYT7
MIR29A	MIR29C	ACO1
MIR29A	MIR29C	EFTUD2
MIR29A	MIR29C	PLAG1
MIR29A	MIR29C	LAMA2
MIR29A	MIR29C	SESTD1
MIR29A	MIR29C	DDX21
MIR29A	MIR29C	SH3GL1
MIR29A	MIR29C	ARCN1
MIR29A	MIR29C	ANKRD28
MIR29A	MIR29C	HIVEP3
MIR29A	MIR29C	NOTCH2
MIR29A	MIR29C	NRBP1
MIR29A	MIR29C	EHD2
MIR29A	MIR29C	PTPRM
MIR29A	MIR29C	MGAT4A
MIR29A	MIR29C	VEGFA
MIR29A	MIR29C	NXF1
MIR29A	MIR29C	SPAG9
MIR29A	MIR29C	MKI67
MIR29A	MIR29C	BCL9L
MIR29A	MIR29C	SUV420H1
MIR29A	MIR29C	WDR41
MIR29A	MIR29C	FBXW7
MIR29A	MIR29C	ATP6V1A
MIR29A	MIR29C	PAN2
MIR29A	MIR29C	CCSAP
MIR29A	MIR29C	DOT1L
MIR29A	MIR29C	ERAP1
MIR29A	MIR29C	PDE7B
MIR29A	MIR29C	CORO1C
MIR29A	MIR29C	POMGNT1
MIR29A	MIR29C	MTHFD2
MIR29A	MIR29C	BAG6
MIR29A	MIR29C	RIC1
MIR29A	MIR29C	SLC43A2
MIR29A	MIR29C	CUEDC1
MIR29A	MIR29C	COL6A2
MIR29A	MIR29C	FAT1
MIR29A	MIR29C	ARPC2
MIR29A	MIR29C	HIPK1
MIR29A	MIR29C	LIMA1
MIR29A	MIR29C	OTULIN
MIR29A	MIR29C	EMP1
MIR29A	MIR29C	JMJD1C
MIR29A	MIR29C	ANXA5
MIR29A	MIR29C	MAP4K4
MIR29A	MIR29C	PTEN
MIR29A	MIR29C	TUBD1
MIR29A	MIR29C	BBX
MIR29A	MIR29C	MLXIP
MIR29A	MIR29C	MCCC2
MIR29A	MIR29C	MAFB
MIR29A	MIR29C	CHST10
MIR29A	MIR29C	KDM5B
MIR29A	MIR29C	USP37
MIR29A	MIR29C	RIT1
MIR29A	MIR29C	RNF122
MIR29A	MIR29C	ATP2B4
MIR29A	MIR29C	CCND2
MIR29A	MIR29C	CPEB3
MIR29A	MIR29C	TPM1
MIR29A	MIR29C	SPEN
MIR29A	MIR29C	FAM120A
MIR29A	MIR29C	ELOVL4
MIR29A	MIR29C	GPCPD1
MIR29A	MIR29C	ERCC6
MIR29A	MIR29C	SMARCC1
MIR29A	MIR29C	SWAP70
MIR29A	MIR29C	ANKRD17
MIR29A	MIR29C	NOP58
MIR29A	MIR29C	RNF19A
MIR29A	MIR29C	FBN1
MIR29A	MIR29C	BMF
MIR29A	MIR29C	RNF123
MIR29A	MIR29C	KIAA2022
MIR29A	MIR29C	ZRANB1
MIR29A	MIR29C	NFIB
MIR29A	MIR29C	OSTC
MIR29A	MIR29C	HERC1
MIR29A	MIR29C	SMS
MIR29A	MIR29C	GIGYF2
MIR29A	MIR29C	PRPF40A
MIR29A	MIR29C	MIB1
MIR29A	MIR29C	CLMN
MIR29A	MIR29C	RNF168
MIR29A	MIR29C	H2AFY
MIR29A	MIR29C	TOP2A
MIR29A	MIR29C	DNM3
MIR29A	MIR29C	COL5A1
MIR29A	MIR29C	COL6A3
MIR29A	MIR29C	HELZ
MIR29A	MIR29C	FITM2
MIR29A	MIR29C	DTWD2
MIR29A	MIR29C	HBP1
MIR29A	MIR29C	REL
MIR29A	MIR29C	CPSF7
MIR29A	MIR29C	KIAA0355
MIR29A	MIR29C	NSD1
MIR29A	MIR29C	MORF4L1
MIR29A	MIR29C	BAK1
MIR29A	MIR29C	GIT2
MIR29A	MIR29C	TMTC3
MIR29A	MIR29C	TMEM123
MIR29A	MIR29C	HAS2
MIR29A	MIR29C	RGS1
MIR29A	MIR29C	MAPK6
MIR29A	MIR29C	BUB1
MIR29A	MIR29C	EIF2S1
MIR29A	MIR29C	MCL1
MIR29A	MIR29C	ZFP36L1
MIR29A	MIR29C	BRWD3
MIR29A	MIR29C	SASH1
MIR29A	MIR29C	MICB
MIR29A	MIR29C	CCNB1IP1
MIR29A	MIR29C	THEMIS2
MIR29A	MIR29C	ABCB1
MIR29A	MIR29C	CTNND1
MIR29A	MIR29C	C1orf131
MIR29A	MIR29C	FZD5
MIR29A	MIR29C	ZBTB41
MIR29A	MIR29C	ASTE1
MIR29A	MIR29C	FAM193B
MIR29A	MIR29C	ATM
MIR29A	MIR29C	LAMC1
MIR29A	MIR29C	ZNF282
MIR29A	MIR29C	ARNT
MIR29A	MIR29C	PCDHA9
MIR29A	MIR29C	TMEM2
MIR29A	MIR29C	TPK1
MIR29A	MIR29C	ABHD13
MIR29A	MIR29C	NREP
MIR29A	MIR29C	EEFSEC
MIR29A	MIR29C	RORA
MIR29A	MIR29C	PCGF3
MIR29A	MIR29C	FAM126A
MIR29A	MIR29C	PDCD4
MIR29A	MIR29C	PAG1
MIR29A	MIR29C	HECTD4
MIR29A	MIR29C	GLUD2
MIR29A	MIR29C	LUZP1
MIR29A	MIR29C	CDK6
MIR29A	MIR29C	ZFYVE26
MIR29A	MIR29C	C2orf68
MIR29A	MIR29C	POLR3B
MIR29A	MIR29C	DDX3X
MIR29A	MIR29C	SLC16A3
MIR29A	MIR29C	MED13L
MIR29A	MIR29C	PIGS
MIR29A	MIR29C	DYNLT1
MIR29A	MIR29C	YBX3
MIR29A	MIR29C	CPT2
MIR29A	MIR29C	CEMIP
MIR29A	MIR29C	RBM12
MIR29A	MIR29C	CSNK1G1
MIR29A	MIR29C	OBSL1
MIR29A	MIR29C	ARL5B
MIR29A	MIR29C	COL5A2
MIR29A	MIR29C	ABCB6
MIR29A	MIR29C	BAX
MIR29A	MIR29C	RNF152
MIR29A	MIR29C	CCSER1
MIR29A	MIR29C	SPARC
MIR29A	MIR29C	ERC1
MIR29A	MIR29C	ITPRIPL2
MIR29A	MIR29C	CALM3
MIR29A	MIR29C	TAF11
MIR29A	MIR29C	RMND5A
MIR29A	MIR29C	SLC41A3
MIR29A	MIR29C	PTP4A1
MIR29A	MIR29C	GAN
MIR29A	MIR29C	PI15
MIR29A	MIR29C	FSTL1
MIR29A	MIR29C	SH3PXD2A
MIR29A	MIR29C	SEC31A
MIR29A	MIR29C	KLF12
MIR29A	MIR29C	PFKM
MIR29A	MIR29C	MAZ
MIR29A	MIR29C	THOP1
MIR29A	MIR29C	CBX6
MIR29A	MIR29C	BNIP2
MIR29A	MIR29C	VCL
MIR29A	MIR29C	CASP8
MIR29A	MIR29C	CFAP20
MIR29A	MIR29C	STX12
MIR29A	MIR29C	BRI3BP
MIR29A	MIR29C	ANO5
MIR29A	MIR29C	BMPER
MIR29A	MIR29C	XPNPEP1
MIR29A	MIR29C	CASP7
MIR29A	MIR29C	ARID2
MIR29A	MIR29C	VDAC1
MIR29A	MIR29C	COL1A2
MIR29A	MIR29C	PRMT6
MIR29A	MIR29C	FAM208B
MIR29A	MIR29C	AFAP1
MIR29A	MIR29C	CHIC2
MIR29A	MIR29C	MACC1
MIR29A	MIR29C	SLC31A1
MIR29A	MIR29C	SCAF11
MIR29A	MIR29C	STMN2
MIR29A	MIR29C	NOL11
MIR29A	MIR29C	LMNB1
MIR29A	MIR29C	ELN
MIR29A	MIR29C	NUFIP2
MIR29A	MIR29C	CLDN1
MIR29A	MIR29C	BTG2
MIR29A	MIR29C	AP2B1
MIR29A	MIR29C	SOWAHC
MIR29A	MIR29C	DNMT3A
MIR29A	MIR29C	CTDSPL2
MIR29A	MIR29C	MOB1A
MIR29A	MIR29C	ZNF292
MIR29A	MIR29C	NYAP2
MIR29A	MIR29C	RFX6
MIR29A	MIR29C	CCNT2
MIR29A	MIR29C	WDHD1
MIR29A	MIR29C	ZFP36
MIR29A	MIR29C	EIF5A2
MIR29A	MIR29C	TSPAN8
MIR29A	MIR29C	RELA
MIR29A	MIR29C	MAPK8
MIR29A	MIR29C	SLC39A9
MIR29A	MIR29C	ZNF200
MIR29A	MIR29C	PANK3
MIR29A	MIR29C	TMED2
MIR29A	MIR29C	ZNF518B
MIR29A	MIR29C	DDX17
MIR29A	MIR29C	C7orf73
MIR29A	MIR29C	DPYSL2
MIR29A	MIR29C	RNF141
MIR29A	MIR29C	LOXL2
MIR29A	MIR29C	SRPX
MIR29A	MIR29C	SLC25A17
MIR29A	MIR29C	SLC25A5
MIR29A	MIR29C	IFI16
MIR29A	MIR29C	HNRNPF
MIR29A	MIR29C	SMARCA1
MIR29A	MIR29C	AMMECR1L
MIR29A	MIR29C	ZMIZ1
MIR29A	MIR29C	KIAA1586
MIR29A	MIR29C	SND1
MIR29A	MIR29C	LAMC2
MIR29A	MIR29C	MPZL3
MIR29A	MIR29C	FBXW2
MIR29A	MIR29C	ATG9A
MIR29A	MIR29C	WDFY1
MIR29A	MIR29C	DIAPH2
MIR29A	MIR29C	MORF4L2
MIR29A	MIR29C	COL6A1
MIR29A	MIR29C	TACC1
MIR29A	MIR29C	PTX3
MIR29A	MIR29C	COL4A5
MIR29A	MIR29C	DCTN1
MIR29A	MIR29C	TET3
MIR29A	MIR29C	FRS2
MIR29A	MIR29C	DUSP2
MIR29A	MIR29C	PIAS2
MIR29A	MIR29C	FAN1
MIR29A	MIR29C	PCSK5
MIR29A	MIR29C	ARSB
MIR29A	MIR29C	ZSCAN25
MIR29A	MIR29C	FAM208A
MIR29A	MIR29C	GPX7
MIR29A	MIR29C	SKI
MIR29A	MIR29C	ANKEF1
MIR29A	MIR29C	STX16
MIR29A	MIR29C	ISG20L2
MIR29A	MIR29C	LAMTOR1
MIR29A	MIR29C	TRIM44
MIR29A	MIR29C	PDHB
MIR29A	MIR29C	STRN
MIR29A	MIR29C	AMPD3
MIR29A	MIR29C	APC
MIR29A	MIR29C	NKTR
MIR29A	MIR29C	ALG13
MIR29A	MIR29C	NUCKS1
MIR29A	MIR29C	INSIG1
MIR29A	MIR29C	CHDH
MIR29A	MIR29C	PIM2
MIR29A	MIR29C	DHX9
MIR29A	MIR29C	ACOT11
MIR29A	MIR29C	DDOST
MIR29A	MIR29C	TMEM127
MIR29A	MIR29C	MRPL17
MIR29A	MIR29C	SBNO1
MIR29A	MIR29C	PDCL
MIR29A	MIR29C	DICER1
MIR29A	MIR29C	RUSC1
MIR29A	MIR29C	MDM2
MIR29A	MIR29C	MRPL50
MIR29A	MIR29C	SLC35B4
MIR29A	MIR29C	MPHOSPH9
MIR29A	MIR29C	CAV2
MIR29A	MIR29C	COL7A1
MIR29A	MIR29C	CCNI2
MIR29A	MIR29C	SERPINB9
MIR29A	MIR29C	FAM13B
MIR29A	MIR29C	URGCP
MIR29A	MIR29C	TGFB2
MIR29A	MIR29C	CNN2
MIR29A	MIR29C	CHTOP
MIR29A	MIR29C	PPP1R15B
MIR29B1	MIR29B2	NAV1
MIR29B1	MIR29B2	GLG1
MIR29B1	MIR29B2	DDX3Y
MIR29B1	MIR29B2	MEF2C
MIR29B1	MIR29B2	CAND1
MIR29B1	MIR29B2	PIKFYVE
MIR29B1	MIR29B2	NDST1
MIR29B1	MIR29B2	ANKRD11
MIR29B1	MIR29B2	SC5D
MIR29B1	MIR29B2	ICE1
MIR29B1	MIR29B2	LPAR1
MIR29B1	MIR29B2	ZNF318
MIR29B1	MIR29B2	TMEM159
MIR29B1	MIR29B2	PRDM1
MIR29B1	MIR29B2	GPI
MIR29B1	MIR29B2	NUDT3
MIR29B1	MIR29B2	MARCH1
MIR29B1	MIR29B2	HMGA2
MIR29B1	MIR29B2	MSL3
MIR29B1	MIR29B2	TNRC18
MIR29B1	MIR29B2	ZNF518A
MIR29B1	MIR29B2	SLC25A13
MIR29B1	MIR29B2	FAM167A
MIR29B1	MIR29B2	MMP2
MIR29B1	MIR29B2	SPDL1
MIR29B1	MIR29B2	NRAS
MIR29B1	MIR29B2	TET2
MIR29B1	MIR29B2	CDC42
MIR29B1	MIR29B2	MMP16
MIR29B1	MIR29B2	COX7A2L
MIR29B1	MIR29B2	PMP22
MIR29B1	MIR29B2	E2F7
MIR29B1	MIR29B2	FEM1C
MIR29B1	MIR29B2	KLF4
MIR29B1	MIR29B2	SPTLC2
MIR29B1	MIR29B2	REV3L
MIR29B1	MIR29B2	TKT
MIR29B1	MIR29B2	ZBTB5
MIR29B1	MIR29B2	FAM83H
MIR29B1	MIR29B2	COL19A1
MIR29B1	MIR29B2	REV1
MIR29B1	MIR29B2	PIK3R1
MIR29B1	MIR29B2	THAP2
MIR29B1	MIR29B2	HMGCLL1
MIR29B1	MIR29B2	BTBD7
MIR29B1	MIR29B2	TTC30B
MIR29B1	MIR29B2	TSPAN14
MIR29B1	MIR29B2	MARK3
MIR29B1	MIR29B2	MTSS1L
MIR29B1	MIR29B2	CD93
MIR29B1	MIR29B2	IARS2
MIR29B1	MIR29B2	BST2
MIR29B1	MIR29B2	KCTD20
MIR29B1	MIR29B2	RLF
MIR29B1	MIR29B2	SEC23A
MIR29B1	MIR29B2	FNDC3B
MIR29B1	MIR29B2	STK38L
MIR29B1	MIR29B2	FEM1B
MIR29B1	MIR29B2	TMEM178B
MIR29B1	MIR29B2	SERPINH1
MIR29B1	MIR29B2	COL3A1
MIR29B1	MIR29B2	HMGCR
MIR29B1	MIR29B2	COG5
MIR29B1	MIR29B2	PHF21A
MIR29B1	MIR29B2	TSPAN1
MIR29B1	MIR29B2	CLN3
MIR29B1	MIR29B2	DHX16
MIR29B1	MIR29B2	CDKN1A
MIR29B1	MIR29B2	OTUD7B
MIR29B1	MIR29B2	RNF138
MIR29B1	MIR29B2	CNOT1
MIR29B1	MIR29B2	CACUL1
MIR29B1	MIR29B2	ANKRD13A
MIR29B1	MIR29B2	SOX12
MIR29B1	MIR29B2	CAPRIN1
MIR29B1	MIR29B2	NRIP1
MIR29B1	MIR29B2	MEST
MIR29B1	MIR29B2	AIM1
MIR29B1	MIR29B2	DENND4A
MIR29B1	MIR29B2	COL15A1
MIR29B1	MIR29B2	CCPG1
MIR29B1	MIR29B2	NBEA
MIR29B1	MIR29B2	RSL24D1
MIR29B1	MIR29B2	LRIG3
MIR29B1	MIR29B2	CD276
MIR29B1	MIR29B2	NPC1
MIR29B1	MIR29B2	SH3PXD2B
MIR29B1	MIR29B2	PALM2-AKAP2
MIR29B1	MIR29B2	IKBKAP
MIR29B1	MIR29B2	ATAD2
MIR29B1	MIR29B2	SLC16A1
MIR29B1	MIR29B2	SMAD2
MIR29B1	MIR29B2	PRRC2C
MIR29B1	MIR29B2	COL5A3
MIR29B1	MIR29B2	ING3
MIR29B1	MIR29B2	PTRF
MIR29B1	MIR29B2	FBN2
MIR29B1	MIR29B2	COL1A1
MIR29B1	MIR29B2	KCTD5
MIR29B1	MIR29B2	MAGOHB
MIR29B1	MIR29B2	HINT3
MIR29B1	MIR29B2	SUV420H2
MIR29B1	MIR29B2	USP10
MIR29B1	MIR29B2	VPS37C
MIR29B1	MIR29B2	IREB2
MIR29B1	MIR29B2	IRF2
MIR29B1	MIR29B2	NOVA1
MIR29B1	MIR29B2	RCAN3
MIR29B1	MIR29B2	POU2F2
MIR29B1	MIR29B2	RUNDC1
MIR29B1	MIR29B2	LARS
MIR29B1	MIR29B2	SPTAN1
MIR29B1	MIR29B2	SNX11
MIR29B1	MIR29B2	ATAD2B
MIR29B1	MIR29B2	HIST1H2BG
MIR29B1	MIR29B2	XKR7
MIR29B1	MIR29B2	TMED4
MIR29B1	MIR29B2	ZCCHC6
MIR29B1	MIR29B2	AASDHPPT
MIR29B1	MIR29B2	RBM28
MIR29B1	MIR29B2	FOXO3
MIR29B1	MIR29B2	GDA
MIR29B1	MIR29B2	LEPRE1
MIR29B1	MIR29B2	ANKRD13B
MIR29B1	MIR29B2	R3HDM4
MIR29B1	MIR29B2	AP1G1
MIR29B1	MIR29B2	SLC2A3
MIR29B1	MIR29B2	C7orf60
MIR29B1	MIR29B2	ATP11B
MIR29B1	MIR29B2	IBTK
MIR29B1	MIR29B2	LATS1
MIR29B1	MIR29B2	GFOD2
MIR29B1	MIR29B2	MYO9B
MIR29B1	MIR29B2	TNFAIP3
MIR29B1	MIR29B2	TNFRSF1A
MIR29B1	MIR29B2	SYT16
MIR29B1	MIR29B2	TUBGCP3
MIR29B1	MIR29B2	VCPKMT
MIR29B1	MIR29B2	FRMD6
MIR29B1	MIR29B2	TRAM2
MIR29B1	MIR29B2	VPS13A
MIR29B1	MIR29B2	GID8
MIR29B1	MIR29B2	CYCS
MIR29B1	MIR29B2	KCNJ6
MIR29B1	MIR29B2	KDM5A
MIR29B1	MIR29B2	MBD4
MIR29B1	MIR29B2	SIKE1
MIR29B1	MIR29B2	RALGPS1
MIR29B1	MIR29B2	LIF
MIR29B1	MIR29B2	NAV3
MIR29B1	MIR29B2	SYT7
MIR29B1	MIR29B2	OSER1
MIR29B1	MIR29B2	ACO1
MIR29B1	MIR29B2	EFTUD2
MIR29B1	MIR29B2	PLAG1
MIR29B1	MIR29B2	LAMA2
MIR29B1	MIR29B2	SESTD1
MIR29B1	MIR29B2	DDX21
MIR29B1	MIR29B2	SH3GL1
MIR29B1	MIR29B2	ARCN1
MIR29B1	MIR29B2	ANKRD28
MIR29B1	MIR29B2	HIVEP3
MIR29B1	MIR29B2	NOTCH2
MIR29B1	MIR29B2	NRBP1
MIR29B1	MIR29B2	EHD2
MIR29B1	MIR29B2	PTPRM
MIR29B1	MIR29B2	MGAT4A
MIR29B1	MIR29B2	VEGFA
MIR29B1	MIR29B2	NXF1
MIR29B1	MIR29B2	SPAG9
MIR29B1	MIR29B2	MKI67
MIR29B1	MIR29B2	BCL9L
MIR29B1	MIR29B2	SUV420H1
MIR29B1	MIR29B2	WDR41
MIR29B1	MIR29B2	FBXW7
MIR29B1	MIR29B2	ATP6V1A
MIR29B1	MIR29B2	PAN2
MIR29B1	MIR29B2	CCSAP
MIR29B1	MIR29B2	DOT1L
MIR29B1	MIR29B2	ERAP1
MIR29B1	MIR29B2	PDE7B
MIR29B1	MIR29B2	CORO1C
MIR29B1	MIR29B2	POMGNT1
MIR29B1	MIR29B2	MTHFD2
MIR29B1	MIR29B2	NKIRAS2
MIR29B1	MIR29B2	BAG6
MIR29B1	MIR29B2	RIC1
MIR29B1	MIR29B2	SLC43A2
MIR29B1	MIR29B2	CUEDC1
MIR29B1	MIR29B2	CD248
MIR29B1	MIR29B2	COL6A2
MIR29B1	MIR29B2	MMP24
MIR29B1	MIR29B2	FAT1
MIR29B1	MIR29B2	ARPC2
MIR29B1	MIR29B2	HIPK1
MIR29B1	MIR29B2	LIMA1
MIR29B1	MIR29B2	OTULIN
MIR29B1	MIR29B2	EMP1
MIR29B1	MIR29B2	JMJD1C
MIR29B1	MIR29B2	ANXA5
MIR29B1	MIR29B2	MAP4K4
MIR29B1	MIR29B2	PTEN
MIR29B1	MIR29B2	TUBD1
MIR29B1	MIR29B2	BBX
MIR29B1	MIR29B2	MLXIP
MIR29B1	MIR29B2	MCCC2
MIR29B1	MIR29B2	MAFB
MIR29B1	MIR29B2	CHST10
MIR29B1	MIR29B2	KDM5B
MIR29B1	MIR29B2	USP37
MIR29B1	MIR29B2	RIT1
MIR29B1	MIR29B2	RNF122
MIR29B1	MIR29B2	ATP2B4
MIR29B1	MIR29B2	CCND2
MIR29B1	MIR29B2	KDM2A
MIR29B1	MIR29B2	HDAC4
MIR29B1	MIR29B2	CPEB3
MIR29B1	MIR29B2	MRFAP1
MIR29B1	MIR29B2	TPM1
MIR29B1	MIR29B2	SPEN
MIR29B1	MIR29B2	FAM120A
MIR29B1	MIR29B2	ELOVL4
MIR29B1	MIR29B2	GPCPD1
MIR29B1	MIR29B2	ERCC6
MIR29B1	MIR29B2	SMARCC1
MIR29B1	MIR29B2	SWAP70
MIR29B1	MIR29B2	CHM
MIR29B1	MIR29B2	ANKRD17
MIR29B1	MIR29B2	RNF19A
MIR29B1	MIR29B2	SLC35F2
MIR29B1	MIR29B2	WNK1
MIR29B1	MIR29B2	FBN1
MIR29B1	MIR29B2	BMF
MIR29B1	MIR29B2	TTC3
MIR29B1	MIR29B2	RNF123
MIR29B1	MIR29B2	KIAA2022
MIR29B1	MIR29B2	ZRANB1
MIR29B1	MIR29B2	NFIB
MIR29B1	MIR29B2	OSTC
MIR29B1	MIR29B2	HERC1
MIR29B1	MIR29B2	LTN1
MIR29B1	MIR29B2	EIF4G2
MIR29B1	MIR29B2	SMS
MIR29B1	MIR29B2	GIGYF2
MIR29B1	MIR29B2	IGF1R
MIR29B1	MIR29B2	PRPF40A
MIR29B1	MIR29B2	MIB1
MIR29B1	MIR29B2	ZNF202
MIR29B1	MIR29B2	CLMN
MIR29B1	MIR29B2	RNF168
MIR29B1	MIR29B2	H2AFY
MIR29B1	MIR29B2	TOP2A
MIR29B1	MIR29B2	DNM3
MIR29B1	MIR29B2	COL5A1
MIR29B1	MIR29B2	COL6A3
MIR29B1	MIR29B2	HELZ
MIR29B1	MIR29B2	FITM2
MIR29B1	MIR29B2	DTWD2
MIR29B1	MIR29B2	HBP1
MIR29B1	MIR29B2	REL
MIR29B1	MIR29B2	CPSF7
MIR29B1	MIR29B2	KIAA0355
MIR29B1	MIR29B2	NSD1
MIR29B1	MIR29B2	MORF4L1
MIR29B1	MIR29B2	BAK1
MIR29B1	MIR29B2	GIT2
MIR29B1	MIR29B2	TMTC3
MIR29B1	MIR29B2	EMC4
MIR29B1	MIR29B2	RP11-407N17.3
MIR29B1	MIR29B2	NFX1
MIR29B1	MIR29B2	HAS2
MIR29B1	MIR29B2	RGS1
MIR29B1	MIR29B2	MAPK6
MIR29B1	MIR29B2	BUB1
MIR29B1	MIR29B2	EIF2S1
MIR29B1	MIR29B2	MCL1
MIR29B1	MIR29B2	ZFP36L1
MIR29B1	MIR29B2	BRWD3
MIR29B1	MIR29B2	SASH1
MIR29B1	MIR29B2	MICB
MIR29B1	MIR29B2	CCNB1IP1
MIR29B1	MIR29B2	THEMIS2
MIR29B1	MIR29B2	ABCB1
MIR29B1	MIR29B2	CTNND1
MIR29B1	MIR29B2	FZD5
MIR29B1	MIR29B2	ZBTB41
MIR29B1	MIR29B2	ASTE1
MIR29B1	MIR29B2	E2F8
MIR29B1	MIR29B2	FAM193B
MIR29B1	MIR29B2	ATM
MIR29B1	MIR29B2	LAMC1
MIR29B1	MIR29B2	ZNF282
MIR29B1	MIR29B2	ARNT
MIR29B1	MIR29B2	PCDHA9
MIR29B1	MIR29B2	TMEM2
MIR29B1	MIR29B2	TPK1
MIR29B1	MIR29B2	ABHD13
MIR29B1	MIR29B2	NREP
MIR29B1	MIR29B2	EEFSEC
MIR29B1	MIR29B2	RORA
MIR29B1	MIR29B2	PCGF3
MIR29B1	MIR29B2	RRAGD
MIR29B1	MIR29B2	FAM126A
MIR29B1	MIR29B2	IFIH1
MIR29B1	MIR29B2	PDCD4
MIR29B1	MIR29B2	PAG1
MIR29B1	MIR29B2	HECTD4
MIR29B1	MIR29B2	GLUD2
MIR29B1	MIR29B2	LUZP1
MIR29B1	MIR29B2	CDK6
MIR29B1	MIR29B2	ZFYVE26
MIR29B1	MIR29B2	C2orf68
MIR29B1	MIR29B2	POLR3B
MIR29B1	MIR29B2	DDX3X
MIR29B1	MIR29B2	SLC16A3
MIR29B1	MIR29B2	MED13L
MIR29B1	MIR29B2	PIGS
MIR29B1	MIR29B2	ADAM12
MIR29B1	MIR29B2	MAT2A
MIR29B1	MIR29B2	DYNLT1
MIR29B1	MIR29B2	YBX3
MIR29B1	MIR29B2	CPT2
MIR29B1	MIR29B2	CEMIP
MIR29B1	MIR29B2	RBM12
MIR29B1	MIR29B2	THSD4
MIR29B1	MIR29B2	CSNK1G1
MIR29B1	MIR29B2	OBSL1
MIR29B1	MIR29B2	ARL5B
MIR29B1	MIR29B2	COL5A2
MIR29B1	MIR29B2	ABCB6
MIR29B1	MIR29B2	BAX
MIR29B1	MIR29B2	RNF152
MIR29B1	MIR29B2	CCSER1
MIR29B1	MIR29B2	SPARC
MIR29B1	MIR29B2	ERC1
MIR29B1	MIR29B2	ITPRIPL2
MIR29B1	MIR29B2	CALM3
MIR29B1	MIR29B2	TAF11
MIR29B1	MIR29B2	GPATCH8
MIR29B1	MIR29B2	RMND5A
MIR29B1	MIR29B2	SLC41A3
MIR29B1	MIR29B2	MMP15
MIR29B1	MIR29B2	PTP4A1
MIR29B1	MIR29B2	GAN
MIR29B1	MIR29B2	PI15
MIR29B1	MIR29B2	FSTL1
MIR29B1	MIR29B2	SH3PXD2A
MIR29B1	MIR29B2	SEC31A
MIR29B1	MIR29B2	PFKM
MIR29B1	MIR29B2	MAZ
MIR29B1	MIR29B2	PDE4DIP
MIR29B1	MIR29B2	ZG16
MIR29B1	MIR29B2	THOP1
MIR29B1	MIR29B2	CBX6
MIR29B1	MIR29B2	BNIP2
MIR29B1	MIR29B2	VCL
MIR29B1	MIR29B2	CASP8
MIR29B1	MIR29B2	CFAP20
MIR29B1	MIR29B2	STX12
MIR29B1	MIR29B2	BRI3BP
MIR29B1	MIR29B2	ANO5
MIR29B1	MIR29B2	BMPER
MIR29B1	MIR29B2	XPNPEP1
MIR29B1	MIR29B2	CASP7
MIR29B1	MIR29B2	ARID2
MIR29B1	MIR29B2	VDAC1
MIR29B1	MIR29B2	COL1A2
MIR29B1	MIR29B2	PRMT6
MIR29B1	MIR29B2	FAM208B
MIR29B1	MIR29B2	AFAP1
MIR29B1	MIR29B2	CHIC2
MIR29B1	MIR29B2	MACC1
MIR29B1	MIR29B2	LARP1
MIR29B1	MIR29B2	SLC31A1
MIR29B1	MIR29B2	SCAF11
MIR29B1	MIR29B2	NR2F2
MIR29B1	MIR29B2	STMN2
MIR29B1	MIR29B2	SCD
MIR29B1	MIR29B2	NOL11
MIR29B1	MIR29B2	HSPD1
MIR29B1	MIR29B2	LMNB1
MIR29B1	MIR29B2	ELN
MIR29B1	MIR29B2	NUFIP2
MIR29B1	MIR29B2	KAT6A
MIR29B1	MIR29B2	CLDN1
MIR29B1	MIR29B2	PPARA
MIR29B1	MIR29B2	BTG2
MIR29B1	MIR29B2	EIF3I
MIR29B1	MIR29B2	AP2B1
MIR29B1	MIR29B2	SOWAHC
MIR29B1	MIR29B2	DNMT3A
MIR29B1	MIR29B2	CTDSPL2
MIR29B1	MIR29B2	KIAA1671
MIR29B1	MIR29B2	MOB1A
MIR29B1	MIR29B2	NYAP2
MIR29B1	MIR29B2	ZNF292
MIR29B1	MIR29B2	RFX6
MIR29B1	MIR29B2	CCNT2
MIR29B1	MIR29B2	WDHD1
MIR29B1	MIR29B2	ZFP36
MIR29B1	MIR29B2	EIF5A2
MIR29B1	MIR29B2	TSPAN8
MIR29B1	MIR29B2	NUP62
MIR29B1	MIR29B2	RELA
MIR29B1	MIR29B2	MAPK8
MIR29B1	MIR29B2	SLC39A9
MIR29B1	MIR29B2	ZNF200
MIR29B1	MIR29B2	PANK3
MIR29B1	MIR29B2	TMED2
MIR29B1	MIR29B2	APOOL
MIR29B1	MIR29B2	ZNF518B
MIR29B1	MIR29B2	DDX17
MIR29B1	MIR29B2	C7orf73
MIR29B1	MIR29B2	DPYSL2
MIR29B1	MIR29B2	RNF141
MIR29B1	MIR29B2	LOXL2
MIR29B1	MIR29B2	SRPX
MIR29B1	MIR29B2	TBX21
MIR29B1	MIR29B2	SLC25A17
MIR29B1	MIR29B2	SLC25A5
MIR29B1	MIR29B2	IFI16
MIR29B1	MIR29B2	HNRNPF
MIR29B1	MIR29B2	SMARCA1
MIR29B1	MIR29B2	AMMECR1L
MIR29B1	MIR29B2	ZMIZ1
MIR29B1	MIR29B2	KIAA1586
MIR29B1	MIR29B2	SND1
MIR29B1	MIR29B2	LAMC2
MIR29B1	MIR29B2	MPZL3
MIR29B1	MIR29B2	FBXW2
MIR29B1	MIR29B2	ATG9A
MIR29B1	MIR29B2	WDFY1
MIR29B1	MIR29B2	DIAPH2
MIR29B1	MIR29B2	MORF4L2
MIR29B1	MIR29B2	COL6A1
MIR29B1	MIR29B2	PLD6
MIR29B1	MIR29B2	TACC1
MIR29B1	MIR29B2	PTX3
MIR29B1	MIR29B2	COL4A5
MIR29B1	MIR29B2	DCTN1
MIR29B1	MIR29B2	TET3
MIR29B1	MIR29B2	FRS2
MIR29B1	MIR29B2	DUSP2
MIR29B1	MIR29B2	PIAS2
MIR29B1	MIR29B2	DIP2B
MIR29B1	MIR29B2	PCSK5
MIR29B1	MIR29B2	ARSB
MIR29B1	MIR29B2	EP300
MIR29B1	MIR29B2	ZSCAN25
MIR29B1	MIR29B2	FAM208A
MIR29B1	MIR29B2	GPX7
MIR29B1	MIR29B2	ITGA5
MIR29B1	MIR29B2	ANKEF1
MIR29B1	MIR29B2	SKI
MIR29B1	MIR29B2	ISG20L2
MIR29B1	MIR29B2	STX16
MIR29B1	MIR29B2	LAMTOR1
MIR29B1	MIR29B2	TRIM44
MIR29B1	MIR29B2	PDHB
MIR29B1	MIR29B2	STRN
MIR29B1	MIR29B2	ATP6V0E1
MIR29B1	MIR29B2	AMPD3
MIR29B1	MIR29B2	APC
MIR29B1	MIR29B2	NKTR
MIR29B1	MIR29B2	ALG13
MIR29B1	MIR29B2	NUCKS1
MIR29B1	MIR29B2	INSIG1
MIR29B1	MIR29B2	CHDH
MIR29B1	MIR29B2	TNRC6A
MIR29B1	MIR29B2	DHX9
MIR29B1	MIR29B2	ACOT11
MIR29B1	MIR29B2	DDOST
MIR29B1	MIR29B2	BMP1
MIR29B1	MIR29B2	FAM20C
MIR29B1	MIR29B2	TMEM127
MIR29B1	MIR29B2	MRPL17
MIR29B1	MIR29B2	SBNO1
MIR29B1	MIR29B2	PDCL
MIR29B1	MIR29B2	DICER1
MIR29B1	MIR29B2	RUSC1
MIR29B1	MIR29B2	TSN
MIR29B1	MIR29B2	MDM2
MIR29B1	MIR29B2	MRPL50
MIR29B1	MIR29B2	PRRC2B
MIR29B1	MIR29B2	SLC35B4
MIR29B1	MIR29B2	MPHOSPH9
MIR29B1	MIR29B2	CAV2
MIR29B1	MIR29B2	COL7A1
MIR29B1	MIR29B2	CCNI2
MIR29B1	MIR29B2	SERPINB9
MIR29B1	MIR29B2	FAM13B
MIR29B1	MIR29B2	URGCP
MIR29B1	MIR29B2	SMARCA5
MIR29B1	MIR29B2	TGFB2
MIR29B1	MIR29B2	CNN2
MIR29B1	MIR29B2	CHTOP
MIR29B1	MIR29B2	PPP1R15B
MIR301A	MIR301B	SMAD5
MIR301A	MIR301B	SYNCRIP
MIR301A	MIR301B	ATXN10
MIR301A	MIR301B	MTMR9
MIR301A	MIR301B	DDX3Y
MIR301A	MIR301B	GNAI2
MIR301A	MIR301B	DGKH
MIR301A	MIR301B	DCBLD2
MIR301A	MIR301B	ATG16L1
MIR301A	MIR301B	ATP11B
MIR301A	MIR301B	ABL1
MIR301A	MIR301B	FN1
MIR301A	MIR301B	ZNF337
MIR301A	MIR301B	PIK3R2
MIR301A	MIR301B	RUNX3
MIR301A	MIR301B	STK4
MIR301A	MIR301B	COL6A3
MIR301A	MIR301B	LTBP1
MIR301A	MIR301B	IRF1
MIR301A	MIR301B	SRRM2
MIR301A	MIR301B	ZFP36
MIR301A	MIR301B	CCNG2
MIR301A	MIR301B	PUM2
MIR301A	MIR301B	CCDC137
MIR301A	MIR301B	CYBRD1
MIR301A	MIR301B	TET2
MIR301A	MIR301B	ZNF217
MIR301A	MIR301B	ITGB8
MIR301A	MIR301B	MB21D2
MIR301A	MIR301B	CLCN5
MIR301A	MIR301B	PLOD2
MIR301A	MIR301B	UBC
MIR301A	MIR301B	EXOC5
MIR301A	MIR301B	ERP44
MIR301A	MIR301B	JARID2
MIR301A	MIR301B	STAT3
MIR301A	MIR301B	RDH11
MIR301A	MIR301B	FOSL2
MIR301A	MIR301B	MBNL3
MIR301A	MIR301B	DDX17
MIR301A	MIR301B	MIER1
MIR301A	MIR301B	ARL6IP1
MIR301A	MIR301B	WIPF2
MIR301A	MIR301B	RAI14
MIR301A	MIR301B	MTMR4
MIR301A	MIR301B	PPP3R1
MIR301A	MIR301B	SLC7A11
MIR301A	MIR301B	SOD2
MIR301A	MIR301B	RAB34
MIR301A	MIR301B	DDX5
MIR301A	MIR301B	UBE2W
MIR301A	MIR301B	ULK2
MIR301A	MIR301B	LIPA
MIR301A	MIR301B	HELB
MIR301A	MIR301B	TAOK1
MIR301A	MIR301B	ANKIB1
MIR301A	MIR301B	TCEB3
MIR301A	MIR301B	BCL2L11
MIR301A	MIR301B	RASA1
MIR301A	MIR301B	DCUN1D3
MIR301A	MIR301B	ELL2
MIR301A	MIR301B	IL6ST
MIR301A	MIR301B	PRKAA1
MIR301A	MIR301B	SLAIN1
MIR301A	MIR301B	CPEB4
MIR301A	MIR301B	WBP1
MIR301A	MIR301B	ACVR1
MIR301A	MIR301B	CMTR2
MIR301A	MIR301B	ZFYVE26
MIR301A	MIR301B	CNIH1
MIR301A	MIR301B	MAP3K9
MIR301A	MIR301B	CDKN1A
MIR301A	MIR301B	ZBTB38
MIR301A	MIR301B	KMT2C
MIR301A	MIR301B	ZNF131
MIR301A	MIR301B	STK38
MIR301A	MIR301B	KNTC1
MIR301A	MIR301B	PIGS
MIR301A	MIR301B	ASF1B
MIR301A	MIR301B	UBE2D3
MIR301A	MIR301B	SBF2
MIR301A	MIR301B	RNF24
MIR301A	MIR301B	MAP1B
MIR301A	MIR301B	OSMR
MIR301A	MIR301B	C16orf70
MIR301A	MIR301B	NABP1
MIR301A	MIR301B	RAB1A
MIR301A	MIR301B	BTBD3
MIR301A	MIR301B	VHL
MIR301A	MIR301B	ANKRD52
MIR301A	MIR301B	KIF2C
MIR301A	MIR301B	PDZD11
MIR301A	MIR301B	KDELR2
MIR301A	MIR301B	SPATA2
MIR301A	MIR301B	CENPF
MIR301A	MIR301B	CSNK1D
MIR301A	MIR301B	STX6
MIR301A	MIR301B	BCAT1
MIR301A	MIR301B	ASAP2
MIR301A	MIR301B	CDV3
MIR301A	MIR301B	IFI30
MIR301A	MIR301B	ARPC1A
MIR301A	MIR301B	AARS2
MIR301A	MIR301B	DHX30
MIR301A	MIR301B	BICD2
MIR301A	MIR301B	PSAP
MIR301A	MIR301B	SLC41A3
MIR301A	MIR301B	BROX
MIR301A	MIR301B	SEPT2
MIR301A	MIR301B	ATP13A3
MIR301A	MIR301B	DCAF13
MIR301A	MIR301B	CCND2
MIR301A	MIR301B	MREG
MIR301A	MIR301B	KCNQ5
MIR301A	MIR301B	FAM129A
MIR301A	MIR301B	HSPE1
MIR301A	MIR301B	TENM2
MIR301A	MIR301B	THOP1
MIR301A	MIR301B	SMC4
MIR301A	MIR301B	DICER1
MIR301A	MIR301B	LDLR
MIR301A	MIR301B	CD99
MIR301A	MIR301B	PARP1
MIR301A	MIR301B	PHF20
MIR301A	MIR301B	CALM2
MIR301A	MIR301B	LMNA
MIR301A	MIR301B	ASH1L
MIR301A	MIR301B	GMFB
MIR301A	MIR301B	NCEH1
MIR301A	MIR301B	NFKB1
MIR301A	MIR301B	UBB
MIR301A	MIR301B	OAS3
MIR301A	MIR301B	NDUFA7
MIR301A	MIR301B	KIAA1468
MIR301A	MIR301B	BAG5
MIR301A	MIR301B	KLHL20
MIR301A	MIR301B	PTPN4
MIR301A	MIR301B	VEZF1
MIR301A	MIR301B	POLR2B
MIR301A	MIR301B	ACBD5
MIR301A	MIR301B	MTMR6
MIR301A	MIR301B	KANK2
MIR301A	MIR301B	RBBP8
MIR301A	MIR301B	TXNIP
MIR301A	MIR301B	WNK1
MIR301A	MIR301B	CDC5L
MIR301A	MIR301B	TBL1XR1
MIR30A	MIR30E	KLF9
MIR30A	MIR30E	CHORDC1
MIR30A	MIR30E	RIOK2
MIR30A	MIR30E	SRSF4
MIR30A	MIR30E	MAPKAPK2
MIR30A	MIR30E	NAV1
MIR30A	MIR30E	SON
MIR30A	MIR30E	B4GALT4
MIR30A	MIR30E	CPEB2
MIR30A	MIR30E	RANBP2
MIR30A	MIR30E	EPAS1
MIR30A	MIR30E	TMEM131
MIR30A	MIR30E	FAM160B1
MIR30A	MIR30E	SYNGR3
MIR30A	MIR30E	ZNF480
MIR30A	MIR30E	CLN8
MIR30A	MIR30E	SLC41A2
MIR30A	MIR30E	HLA-DRA
MIR30A	MIR30E	RGS2
MIR30A	MIR30E	BECN1
MIR30A	MIR30E	IKBKB
MIR30A	MIR30E	PRDM2
MIR30A	MIR30E	ERCC1
MIR30A	MIR30E	LPAR1
MIR30A	MIR30E	PRDM1
MIR30A	MIR30E	DENND4C
MIR30A	MIR30E	SOX4
MIR30A	MIR30E	AIMP1
MIR30A	MIR30E	PDGFC
MIR30A	MIR30E	PLAGL2
MIR30A	MIR30E	TET2
MIR30A	MIR30E	ANP32B
MIR30A	MIR30E	TLK2
MIR30A	MIR30E	IARS
MIR30A	MIR30E	PRKDC
MIR30A	MIR30E	E2F7
MIR30A	MIR30E	NFKB2
MIR30A	MIR30E	ZSCAN29
MIR30A	MIR30E	REV3L
MIR30A	MIR30E	ADRA2A
MIR30A	MIR30E	SEPW1
MIR30A	MIR30E	XPO1
MIR30A	MIR30E	RHEBL1
MIR30A	MIR30E	NAA50
MIR30A	MIR30E	ZNF521
MIR30A	MIR30E	SFT2D2
MIR30A	MIR30E	PM20D2
MIR30A	MIR30E	KIAA0040
MIR30A	MIR30E	SLC35D1
MIR30A	MIR30E	IQCB1
MIR30A	MIR30E	AVEN
MIR30A	MIR30E	RNF217
MIR30A	MIR30E	SPCS3
MIR30A	MIR30E	EPG5
MIR30A	MIR30E	SEC23A
MIR30A	MIR30E	STK38L
MIR30A	MIR30E	ELL2
MIR30A	MIR30E	RABGAP1
MIR30A	MIR30E	PDE7A
MIR30A	MIR30E	CAP1
MIR30A	MIR30E	EHF
MIR30A	MIR30E	PFN2
MIR30A	MIR30E	CMTR2
MIR30A	MIR30E	RNF213
MIR30A	MIR30E	RBM12B
MIR30A	MIR30E	RNF138
MIR30A	MIR30E	RER1
MIR30A	MIR30E	DNAJC3
MIR30A	MIR30E	ANKRD13A
MIR30A	MIR30E	FAP
MIR30A	MIR30E	RBM6
MIR30A	MIR30E	MAP1B
MIR30A	MIR30E	NUP214
MIR30A	MIR30E	TGFBR1
MIR30A	MIR30E	BRCA2
MIR30A	MIR30E	DCTN4
MIR30A	MIR30E	SACS
MIR30A	MIR30E	CAPRIN1
MIR30A	MIR30E	ZNF354C
MIR30A	MIR30E	SIDT2
MIR30A	MIR30E	PTPLAD1
MIR30A	MIR30E	SNTB2
MIR30A	MIR30E	BDKRB2
MIR30A	MIR30E	SSFA2
MIR30A	MIR30E	WDR5
MIR30A	MIR30E	MTRNR2L6
MIR30A	MIR30E	JUNB
MIR30A	MIR30E	BCL10
MIR30A	MIR30E	FST
MIR30A	MIR30E	HABP4
MIR30A	MIR30E	RIF1
MIR30A	MIR30E	CASP4
MIR30A	MIR30E	FAM46A
MIR30A	MIR30E	UBA6
MIR30A	MIR30E	TMEM87B
MIR30A	MIR30E	MAP3K7
MIR30A	MIR30E	PRRC2C
MIR30A	MIR30E	PGM1
MIR30A	MIR30E	SFXN1
MIR30A	MIR30E	AVL9
MIR30A	MIR30E	ANKLE2
MIR30A	MIR30E	BAZ2B
MIR30A	MIR30E	ARRDC4
MIR30A	MIR30E	HBS1L
MIR30A	MIR30E	IREB2
MIR30A	MIR30E	NOVA1
MIR30A	MIR30E	LSS
MIR30A	MIR30E	CRMP1
MIR30A	MIR30E	CCL7
MIR30A	MIR30E	POU2F2
MIR30A	MIR30E	PIP4K2A
MIR30A	MIR30E	RASGRP3
MIR30A	MIR30E	CXADR
MIR30A	MIR30E	CDC27
MIR30A	MIR30E	TMEM182
MIR30A	MIR30E	URB1
MIR30A	MIR30E	CPE
MIR30A	MIR30E	IFNGR2
MIR30A	MIR30E	KLHL5
MIR30A	MIR30E	TRIM23
MIR30A	MIR30E	ATL3
MIR30A	MIR30E	GTF2A1
MIR30A	MIR30E	PRRX1
MIR30A	MIR30E	AKAP11
MIR30A	MIR30E	AHR
MIR30A	MIR30E	C7orf60
MIR30A	MIR30E	TMEM56
MIR30A	MIR30E	GALNT7
MIR30A	MIR30E	UBE3C
MIR30A	MIR30E	SOCS1
MIR30A	MIR30E	SYT16
MIR30A	MIR30E	PLXNC1
MIR30A	MIR30E	FRMD6
MIR30A	MIR30E	STK35
MIR30A	MIR30E	FGF5
MIR30A	MIR30E	TFPI2
MIR30A	MIR30E	RPA2
MIR30A	MIR30E	IL18R1
MIR30A	MIR30E	PSMB1
MIR30A	MIR30E	PIGA
MIR30A	MIR30E	SYNJ2
MIR30A	MIR30E	PLA2G12A
MIR30A	MIR30E	TMEM87A
MIR30A	MIR30E	TP53INP1
MIR30A	MIR30E	DHX36
MIR30A	MIR30E	BAZ2A
MIR30A	MIR30E	SMARCAD1
MIR30A	MIR30E	PLAG1
MIR30A	MIR30E	PURB
MIR30A	MIR30E	NCL
MIR30A	MIR30E	PPWD1
MIR30A	MIR30E	RCOR3
MIR30A	MIR30E	EIF4ENIF1
MIR30A	MIR30E	SESTD1
MIR30A	MIR30E	ISCU
MIR30A	MIR30E	CSTF2T
MIR30A	MIR30E	SSR3
MIR30A	MIR30E	SH3GL1
MIR30A	MIR30E	ZBTB18
MIR30A	MIR30E	CHD9
MIR30A	MIR30E	SRSF11
MIR30A	MIR30E	MUM1
MIR30A	MIR30E	DNAJB4
MIR30A	MIR30E	ZNF644
MIR30A	MIR30E	NOTCH2
MIR30A	MIR30E	THBS1
MIR30A	MIR30E	MFF
MIR30A	MIR30E	RAB23
MIR30A	MIR30E	USP38
MIR30A	MIR30E	ZBED4
MIR30A	MIR30E	MKI67
MIR30A	MIR30E	ZNF746
MIR30A	MIR30E	RAI14
MIR30A	MIR30E	HNRNPH3
MIR30A	MIR30E	CCSAP
MIR30A	MIR30E	FGF2
MIR30A	MIR30E	PPP4R4
MIR30A	MIR30E	CYP2R1
MIR30A	MIR30E	DDAH1
MIR30A	MIR30E	JRK
MIR30A	MIR30E	TAOK1
MIR30A	MIR30E	MOV10
MIR30A	MIR30E	FOXK1
MIR30A	MIR30E	KHDRBS1
MIR30A	MIR30E	SCML1
MIR30A	MIR30E	ZCCHC2
MIR30A	MIR30E	MTRNR2L10
MIR30A	MIR30E	PICALM
MIR30A	MIR30E	DCUN1D3
MIR30A	MIR30E	SGMS2
MIR30A	MIR30E	SUCO
MIR30A	MIR30E	NT5DC3
MIR30A	MIR30E	ELOVL5
MIR30A	MIR30E	PLAA
MIR30A	MIR30E	TMF1
MIR30A	MIR30E	ZNF281
MIR30A	MIR30E	ZNF791
MIR30A	MIR30E	MTMR10
MIR30A	MIR30E	AHNAK
MIR30A	MIR30E	ARHGEF28
MIR30A	MIR30E	ARID5B
MIR30A	MIR30E	CUL5
MIR30A	MIR30E	KMT2C
MIR30A	MIR30E	SETX
MIR30A	MIR30E	PAPOLA
MIR30A	MIR30E	C10orf12
MIR30A	MIR30E	LHFPL2
MIR30A	MIR30E	GNA13
MIR30A	MIR30E	HIPK1
MIR30A	MIR30E	DENND5B
MIR30A	MIR30E	SERINC3
MIR30A	MIR30E	SLC12A6
MIR30A	MIR30E	TSPAN5
MIR30A	MIR30E	USP46
MIR30A	MIR30E	PHF10
MIR30A	MIR30E	GFPT2
MIR30A	MIR30E	ANXA7
MIR30A	MIR30E	FAM117B
MIR30A	MIR30E	MAP4K4
MIR30A	MIR30E	HN1L
MIR30A	MIR30E	CLSTN1
MIR30A	MIR30E	ATXN7L3B
MIR30A	MIR30E	PPP2R2D
MIR30A	MIR30E	APOLD1
MIR30A	MIR30E	HSP90AA1
MIR30A	MIR30E	IVNS1ABP
MIR30A	MIR30E	VEGFC
MIR30A	MIR30E	PDGFRB
MIR30A	MIR30E	RAB11A
MIR30A	MIR30E	ZNF714
MIR30A	MIR30E	PRUNE2
MIR30A	MIR30E	FBXO22
MIR30A	MIR30E	KPNA2
MIR30A	MIR30E	ASAP2
MIR30A	MIR30E	MLXIP
MIR30A	MIR30E	ZNF33A
MIR30A	MIR30E	ANKRA2
MIR30A	MIR30E	TNFSF10
MIR30A	MIR30E	ATRX
MIR30A	MIR30E	STMN1
MIR30A	MIR30E	INSR
MIR30A	MIR30E	RNF122
MIR30A	MIR30E	CCND2
MIR30A	MIR30E	PTPLB
MIR30A	MIR30E	GIGYF1
MIR30A	MIR30E	PIP4K2B
MIR30A	MIR30E	MBNL1
MIR30A	MIR30E	ERCC6-PGBD3
MIR30A	MIR30E	ALS2
MIR30A	MIR30E	POGZ
MIR30A	MIR30E	SAMD9
MIR30A	MIR30E	FAM120A
MIR30A	MIR30E	PARP1
MIR30A	MIR30E	PHF20
MIR30A	MIR30E	GPX3
MIR30A	MIR30E	ASH1L
MIR30A	MIR30E	GALNT2
MIR30A	MIR30E	IGBP1
MIR30A	MIR30E	PTGS2
MIR30A	MIR30E	NOTCH1
MIR30A	MIR30E	TECPR1
MIR30A	MIR30E	SLC25A36
MIR30A	MIR30E	FAF2
MIR30A	MIR30E	OTUD6B
MIR30A	MIR30E	DDIT4
MIR30A	MIR30E	CCDC43
MIR30A	MIR30E	CELF2
MIR30A	MIR30E	STAU1
MIR30A	MIR30E	NEUROD1
MIR30A	MIR30E	LSG1
MIR30A	MIR30E	GALNT3
MIR30A	MIR30E	SAMD4A
MIR30A	MIR30E	FBXO45
MIR30A	MIR30E	LNPEP
MIR30A	MIR30E	YWHAG
MIR30A	MIR30E	CELF3
MIR30A	MIR30E	CNNM4
MIR30A	MIR30E	ATL2
MIR30A	MIR30E	RAPGEF2
MIR30A	MIR30E	XPOT
MIR30A	MIR30E	USP31
MIR30A	MIR30E	GNAI2
MIR30A	MIR30E	GIGYF2
MIR30A	MIR30E	NR3C1
MIR30A	MIR30E	AGO2
MIR30A	MIR30E	MIB1
MIR30A	MIR30E	ZBTB7A
MIR30A	MIR30E	PRPF40A
MIR30A	MIR30E	RNF168
MIR30A	MIR30E	SPATA13
MIR30A	MIR30E	BIRC3
MIR30A	MIR30E	TRAPPC2
MIR30A	MIR30E	TSPYL4
MIR30A	MIR30E	SMG1
MIR30A	MIR30E	LEMD3
MIR30A	MIR30E	KIF5B
MIR30A	MIR30E	NID1
MIR30A	MIR30E	C11orf95
MIR30A	MIR30E	POLR1A
MIR30A	MIR30E	TSC22D3
MIR30A	MIR30E	NUMA1
MIR30A	MIR30E	ZAK
MIR30A	MIR30E	TAOK3
MIR30A	MIR30E	NDUFS2
MIR30A	MIR30E	KIAA0355
MIR30A	MIR30E	RALGPS2
MIR30A	MIR30E	MORF4L1
MIR30A	MIR30E	DLG5
MIR30A	MIR30E	TMEM167A
MIR30A	MIR30E	TMTC3
MIR30A	MIR30E	TYMS
MIR30A	MIR30E	HAS2
MIR30A	MIR30E	RGS1
MIR30A	MIR30E	LOX
MIR30A	MIR30E	HSPA4
MIR30A	MIR30E	BRWD3
MIR30A	MIR30E	HSPA5
MIR30A	MIR30E	SSBP2
MIR30A	MIR30E	IKZF2
MIR30A	MIR30E	XPO7
MIR30A	MIR30E	SEMA3A
MIR30A	MIR30E	LMBR1
MIR30A	MIR30E	SEC24A
MIR30A	MIR30E	SGK1
MIR30A	MIR30E	GOLGB1
MIR30A	MIR30E	ARMCX2
MIR30A	MIR30E	ZBTB41
MIR30A	MIR30E	CCDC71L
MIR30A	MIR30E	NEDD4
MIR30A	MIR30E	XRN1
MIR30A	MIR30E	ZBTB25
MIR30A	MIR30E	EIF2AK2
MIR30A	MIR30E	DDX5
MIR30A	MIR30E	C4orf3
MIR30A	MIR30E	GREM1
MIR30A	MIR30E	NTN4
MIR30A	MIR30E	MYSM1
MIR30A	MIR30E	TCF25
MIR30A	MIR30E	GOLGA8B
MIR30A	MIR30E	SCRN3
MIR30A	MIR30E	C9orf41
MIR30A	MIR30E	RORA
MIR30A	MIR30E	RRAGD
MIR30A	MIR30E	IPO7
MIR30A	MIR30E	FAM126A
MIR30A	MIR30E	ZNF460
MIR30A	MIR30E	RASA1
MIR30A	MIR30E	C6orf136
MIR30A	MIR30E	ATF2
MIR30A	MIR30E	TM4SF1
MIR30A	MIR30E	CDK6
MIR30A	MIR30E	SPRYD4
MIR30A	MIR30E	C2CD3
MIR30A	MIR30E	MNT
MIR30A	MIR30E	CAV1
MIR30A	MIR30E	BNC1
MIR30A	MIR30E	CBX5
MIR30A	MIR30E	SRSF7
MIR30A	MIR30E	CXCL6
MIR30A	MIR30E	SP3
MIR30A	MIR30E	BCL6
MIR30A	MIR30E	ZFX
MIR30A	MIR30E	DSEL
MIR30A	MIR30E	SOCS3
MIR30A	MIR30E	DYNLT1
MIR30A	MIR30E	MFSD11
MIR30A	MIR30E	ATP6V1E1
MIR30A	MIR30E	PTPN3
MIR30A	MIR30E	CPT2
MIR30A	MIR30E	SLC26A6
MIR30A	MIR30E	PHACTR2
MIR30A	MIR30E	TSPAN2
MIR30A	MIR30E	RRM2
MIR30A	MIR30E	CKAP4
MIR30A	MIR30E	RHOB
MIR30A	MIR30E	ZSCAN23
MIR30A	MIR30E	NGRN
MIR30A	MIR30E	CENPF
MIR30A	MIR30E	AHI1
MIR30A	MIR30E	COL5A2
MIR30A	MIR30E	KIAA0101
MIR30A	MIR30E	TPM4
MIR30A	MIR30E	FAM213A
MIR30A	MIR30E	CD226
MIR30A	MIR30E	FNDC3A
MIR30A	MIR30E	CDV3
MIR30A	MIR30E	G3BP1
MIR30A	MIR30E	SLX4IP
MIR30A	MIR30E	EML4
MIR30A	MIR30E	PPP3CA
MIR30A	MIR30E	PHF3
MIR30A	MIR30E	GALNT1
MIR30A	MIR30E	SEC31A
MIR30A	MIR30E	CUL2
MIR30A	MIR30E	AAK1
MIR30A	MIR30E	NUP35
MIR30A	MIR30E	MAN1A2
MIR30A	MIR30E	FARSB
MIR30A	MIR30E	ZNF451
MIR30A	MIR30E	RB1
MIR30A	MIR30E	BTLA
MIR30A	MIR30E	AP3B1
MIR30A	MIR30E	TPRG1L
MIR30A	MIR30E	NIPSNAP3A
MIR30A	MIR30E	SURF4
MIR30A	MIR30E	TMEM184C
MIR30A	MIR30E	TMCC1
MIR30A	MIR30E	NFKB1
MIR30A	MIR30E	FAM43A
MIR30A	MIR30E	FUCA1
MIR30A	MIR30E	RAB32
MIR30A	MIR30E	PRPF6
MIR30A	MIR30E	UBN2
MIR30A	MIR30E	CNTN1
MIR30A	MIR30E	EIF1
MIR30A	MIR30E	WAC
MIR30A	MIR30E	PDSS2
MIR30A	MIR30E	QSER1
MIR30A	MIR30E	CHD1
MIR30A	MIR30E	EEA1
MIR30A	MIR30E	RNF220
MIR30A	MIR30E	YWHAE
MIR30A	MIR30E	MCM4
MIR30A	MIR30E	DCK
MIR30A	MIR30E	RSF1
MIR30A	MIR30E	DUSP1
MIR30A	MIR30E	PHLDB2
MIR30A	MIR30E	BOD1L1
MIR30A	MIR30E	FAM73B
MIR30A	MIR30E	H6PD
MIR30A	MIR30E	FAM208B
MIR30A	MIR30E	CHCHD1
MIR30A	MIR30E	MACC1
MIR30A	MIR30E	PSKH2
MIR30A	MIR30E	SH2B3
MIR30A	MIR30E	WDR76
MIR30A	MIR30E	MICAL2
MIR30A	MIR30E	SMIM13
MIR30A	MIR30E	DGKH
MIR30A	MIR30E	TRIP12
MIR30A	MIR30E	DHX15
MIR30A	MIR30E	TCTA
MIR30A	MIR30E	LMNB1
MIR30A	MIR30E	TRIM2
MIR30A	MIR30E	TRUB1
MIR30A	MIR30E	TRIAP1
MIR30A	MIR30E	YWHAZ
MIR30A	MIR30E	NME2
MIR30A	MIR30E	SOWAHC
MIR30A	MIR30E	DNMT3A
MIR30A	MIR30E	BRWD1
MIR30A	MIR30E	STK17B
MIR30A	MIR30E	WSB2
MIR30A	MIR30E	UBR5
MIR30A	MIR30E	CCNT2
MIR30A	MIR30E	AFF4
MIR30A	MIR30E	GCN1L1
MIR30A	MIR30E	PTPRG
MIR30A	MIR30E	TOB1
MIR30A	MIR30E	ALDH2
MIR30A	MIR30E	CTHRC1
MIR30A	MIR30E	PANK3
MIR30A	MIR30E	SEC23IP
MIR30A	MIR30E	CFL2
MIR30A	MIR30E	ATP5SL
MIR30A	MIR30E	LMAN1
MIR30A	MIR30E	MYH9
MIR30A	MIR30E	CDK4
MIR30A	MIR30E	STRIP1
MIR30A	MIR30E	ZNF518B
MIR30A	MIR30E	DDX17
MIR30A	MIR30E	GLRX3
MIR30A	MIR30E	DPYSL2
MIR30A	MIR30E	HECTD1
MIR30A	MIR30E	PLBD2
MIR30A	MIR30E	ZC3H12C
MIR30A	MIR30E	FCHSD2
MIR30A	MIR30E	LRRC8D
MIR30A	MIR30E	PPP2R1B
MIR30A	MIR30E	RASD1
MIR30A	MIR30E	RASA2
MIR30A	MIR30E	RCOR1
MIR30A	MIR30E	UBE2V2
MIR30A	MIR30E	WDFY2
MIR30A	MIR30E	BIRC2
MIR30A	MIR30E	RIOK3
MIR30A	MIR30E	GCNT3
MIR30A	MIR30E	RCN1
MIR30A	MIR30E	GNPDA1
MIR30A	MIR30E	SLC20A1
MIR30A	MIR30E	PDLIM5
MIR30A	MIR30E	PER2
MIR30A	MIR30E	TIMM50
MIR30A	MIR30E	PRKAA1
MIR30A	MIR30E	ZNF516
MIR30A	MIR30E	PMPCB
MIR30A	MIR30E	GNAI3
MIR30A	MIR30E	LYRM2
MIR30A	MIR30E	TACC1
MIR30A	MIR30E	JADE3
MIR30A	MIR30E	PDP2
MIR30A	MIR30E	ZNF100
MIR30A	MIR30E	TET3
MIR30A	MIR30E	ETAA1
MIR30A	MIR30E	ARID4B
MIR30A	MIR30E	CAPZA1
MIR30A	MIR30E	ZBTB38
MIR30A	MIR30E	ME2
MIR30A	MIR30E	AMOTL1
MIR30A	MIR30E	TTC37
MIR30A	MIR30E	DYRK3
MIR30A	MIR30E	ABCA12
MIR30A	MIR30E	NPAT
MIR30A	MIR30E	UBE2K
MIR30A	MIR30E	CCDC47
MIR30A	MIR30E	DRAM1
MIR30A	MIR30E	NDEL1
MIR30A	MIR30E	NR1D2
MIR30A	MIR30E	DLGAP5
MIR30A	MIR30E	AK6
MIR30A	MIR30E	PREPL
MIR30A	MIR30E	ANKRD49
MIR30A	MIR30E	ZCCHC14
MIR30A	MIR30E	ZDHHC21
MIR30A	MIR30E	FAM208A
MIR30A	MIR30E	BTRC
MIR30A	MIR30E	IGF2R
MIR30A	MIR30E	RAP2B
MIR30A	MIR30E	TRIM44
MIR30A	MIR30E	AKT1S1
MIR30A	MIR30E	CYFIP2
MIR30A	MIR30E	VKORC1L1
MIR30A	MIR30E	FBXO30
MIR30A	MIR30E	ELF1
MIR30A	MIR30E	USP34
MIR30A	MIR30E	BAZ1A
MIR30A	MIR30E	NUCKS1
MIR30A	MIR30E	INSIG1
MIR30A	MIR30E	GLS
MIR30A	MIR30E	PABPC1
MIR30A	MIR30E	SLCO5A1
MIR30A	MIR30E	TNRC6A
MIR30A	MIR30E	TRAPPC11
MIR30A	MIR30E	ASB1
MIR30A	MIR30E	CMAS
MIR30A	MIR30E	PHTF2
MIR30A	MIR30E	MTRNR2L3
MIR30A	MIR30E	SBNO1
MIR30A	MIR30E	NAPG
MIR30A	MIR30E	NCOA2
MIR30A	MIR30E	SIAH1
MIR30A	MIR30E	LCOR
MIR30A	MIR30E	TNPO2
MIR30A	MIR30E	MDM2
MIR30A	MIR30E	RBBP6
MIR30A	MIR30E	CD99
MIR30A	MIR30E	TGFBI
MIR30A	MIR30E	ERLIN1
MIR30A	MIR30E	CAMK2D
MIR30A	MIR30E	TP53
MIR30A	MIR30E	C2CD2
MIR30A	MIR30E	C5orf22
MIR30A	MIR30E	URGCP
MIR30A	MIR30E	BRD4
MIR30A	MIR30E	GLCCI1
MIR30A	MIR30E	ADAT2
MIR30A	MIR30E	DYRK2
MIR30A	MIR30E	KLHL20
MIR30A	MIR30E	NIPBL
MIR30A	MIR30E	RAC1
MIR30A	MIR30E	SMARCA5
MIR30A	MIR30E	MAFG
MIR30A	MIR30E	SETD7
MIR30A	MIR30E	GFM1
MIR30A	MIR30E	WDR36
MIR30A	MIR30E	HERC4
MIR30A	MIR30D	KLF9
MIR30A	MIR30D	CHORDC1
MIR30A	MIR30D	SRSF4
MIR30A	MIR30D	NAV1
MIR30A	MIR30D	MAPKAPK2
MIR30A	MIR30D	B4GALT4
MIR30A	MIR30D	CPEB2
MIR30A	MIR30D	EPAS1
MIR30A	MIR30D	TMEM131
MIR30A	MIR30D	FAM160B1
MIR30A	MIR30D	CAND1
MIR30A	MIR30D	SYNGR3
MIR30A	MIR30D	ZNF480
MIR30A	MIR30D	CLN8
MIR30A	MIR30D	SLC41A2
MIR30A	MIR30D	HLA-DRA
MIR30A	MIR30D	RGS2
MIR30A	MIR30D	PRDM2
MIR30A	MIR30D	PRDM1
MIR30A	MIR30D	DENND4C
MIR30A	MIR30D	SOX4
MIR30A	MIR30D	AIMP1
MIR30A	MIR30D	PDGFC
MIR30A	MIR30D	PLAGL2
MIR30A	MIR30D	TET2
MIR30A	MIR30D	PRKDC
MIR30A	MIR30D	E2F7
MIR30A	MIR30D	ZSCAN29
MIR30A	MIR30D	REV3L
MIR30A	MIR30D	ADRA2A
MIR30A	MIR30D	SEPW1
MIR30A	MIR30D	XPO1
MIR30A	MIR30D	RHEBL1
MIR30A	MIR30D	NAA50
MIR30A	MIR30D	ZNF521
MIR30A	MIR30D	SFT2D2
MIR30A	MIR30D	PM20D2
MIR30A	MIR30D	KIAA0040
MIR30A	MIR30D	SLC35D1
MIR30A	MIR30D	IQCB1
MIR30A	MIR30D	AVEN
MIR30A	MIR30D	RNF217
MIR30A	MIR30D	SPCS3
MIR30A	MIR30D	EPG5
MIR30A	MIR30D	SEC23A
MIR30A	MIR30D	STK38L
MIR30A	MIR30D	ELL2
MIR30A	MIR30D	PDE7A
MIR30A	MIR30D	EHF
MIR30A	MIR30D	PFN2
MIR30A	MIR30D	CMTR2
MIR30A	MIR30D	RNF213
MIR30A	MIR30D	RBM12B
MIR30A	MIR30D	RNF138
MIR30A	MIR30D	RER1
MIR30A	MIR30D	DNAJC3
MIR30A	MIR30D	ANKRD13A
MIR30A	MIR30D	FAP
MIR30A	MIR30D	ATP6V1C1
MIR30A	MIR30D	RBM6
MIR30A	MIR30D	BRCA2
MIR30A	MIR30D	DCTN4
MIR30A	MIR30D	SACS
MIR30A	MIR30D	CAPRIN1
MIR30A	MIR30D	PTPN13
MIR30A	MIR30D	SIDT2
MIR30A	MIR30D	PTPLAD1
MIR30A	MIR30D	SNTB2
MIR30A	MIR30D	BDKRB2
MIR30A	MIR30D	SSFA2
MIR30A	MIR30D	WDR5
MIR30A	MIR30D	LRP6
MIR30A	MIR30D	MTRNR2L6
MIR30A	MIR30D	JUNB
MIR30A	MIR30D	BCL10
MIR30A	MIR30D	HABP4
MIR30A	MIR30D	CASP4
MIR30A	MIR30D	FAM46A
MIR30A	MIR30D	TMEM87B
MIR30A	MIR30D	MAP3K7
MIR30A	MIR30D	PRRC2C
MIR30A	MIR30D	PGM1
MIR30A	MIR30D	SFXN1
MIR30A	MIR30D	AVL9
MIR30A	MIR30D	ANKLE2
MIR30A	MIR30D	BAZ2B
MIR30A	MIR30D	HBS1L
MIR30A	MIR30D	NOVA1
MIR30A	MIR30D	LSS
MIR30A	MIR30D	CRMP1
MIR30A	MIR30D	POU2F2
MIR30A	MIR30D	PIP4K2A
MIR30A	MIR30D	RASGRP3
MIR30A	MIR30D	CXADR
MIR30A	MIR30D	CDC27
MIR30A	MIR30D	TMEM182
MIR30A	MIR30D	CPE
MIR30A	MIR30D	AKAP9
MIR30A	MIR30D	IFNGR2
MIR30A	MIR30D	KLHL5
MIR30A	MIR30D	TRIM23
MIR30A	MIR30D	ATL3
MIR30A	MIR30D	PRRX1
MIR30A	MIR30D	AKAP11
MIR30A	MIR30D	AHR
MIR30A	MIR30D	C7orf60
MIR30A	MIR30D	TMEM56
MIR30A	MIR30D	GALNT7
MIR30A	MIR30D	UBE3C
MIR30A	MIR30D	SOCS1
MIR30A	MIR30D	SYT16
MIR30A	MIR30D	TMED10
MIR30A	MIR30D	PLXNC1
MIR30A	MIR30D	FRMD6
MIR30A	MIR30D	STK35
MIR30A	MIR30D	TFPI2
MIR30A	MIR30D	RPA2
MIR30A	MIR30D	IL18R1
MIR30A	MIR30D	PSMB1
MIR30A	MIR30D	PIGA
MIR30A	MIR30D	SYNJ2
MIR30A	MIR30D	PLA2G12A
MIR30A	MIR30D	TMEM87A
MIR30A	MIR30D	TP53INP1
MIR30A	MIR30D	DHX36
MIR30A	MIR30D	SMARCAD1
MIR30A	MIR30D	PLAG1
MIR30A	MIR30D	PPWD1
MIR30A	MIR30D	RCOR3
MIR30A	MIR30D	SESTD1
MIR30A	MIR30D	CSTF2T
MIR30A	MIR30D	SSR3
MIR30A	MIR30D	SH3GL1
MIR30A	MIR30D	ZBTB18
MIR30A	MIR30D	CHD9
MIR30A	MIR30D	SRSF11
MIR30A	MIR30D	MUM1
MIR30A	MIR30D	DNAJB4
MIR30A	MIR30D	MFF
MIR30A	MIR30D	ZNF746
MIR30A	MIR30D	RAI14
MIR30A	MIR30D	CYP2R1
MIR30A	MIR30D	DDAH1
MIR30A	MIR30D	JRK
MIR30A	MIR30D	TAOK1
MIR30A	MIR30D	ARID4A
MIR30A	MIR30D	SCML1
MIR30A	MIR30D	ZCCHC2
MIR30A	MIR30D	MTRNR2L10
MIR30A	MIR30D	PICALM
MIR30A	MIR30D	DCUN1D3
MIR30A	MIR30D	SGMS2
MIR30A	MIR30D	SUCO
MIR30A	MIR30D	NT5DC3
MIR30A	MIR30D	ELOVL5
MIR30A	MIR30D	PLAA
MIR30A	MIR30D	RUNX2
MIR30A	MIR30D	TMF1
MIR30A	MIR30D	ZNF791
MIR30A	MIR30D	MTMR10
MIR30A	MIR30D	AHNAK
MIR30A	MIR30D	ARHGEF28
MIR30A	MIR30D	ARID5B
MIR30A	MIR30D	CUL5
MIR30A	MIR30D	FAT1
MIR30A	MIR30D	KMT2C
MIR30A	MIR30D	SETX
MIR30A	MIR30D	PAPOLA
MIR30A	MIR30D	C10orf12
MIR30A	MIR30D	LHFPL2
MIR30A	MIR30D	GNA13
MIR30A	MIR30D	DENND5B
MIR30A	MIR30D	SERINC3
MIR30A	MIR30D	SLC12A6
MIR30A	MIR30D	TSPAN5
MIR30A	MIR30D	USP46
MIR30A	MIR30D	PHF10
MIR30A	MIR30D	SF3B1
MIR30A	MIR30D	GFPT2
MIR30A	MIR30D	FAM117B
MIR30A	MIR30D	HN1L
MIR30A	MIR30D	ATXN7L3B
MIR30A	MIR30D	PPP2R2D
MIR30A	MIR30D	HSP90AA1
MIR30A	MIR30D	IVNS1ABP
MIR30A	MIR30D	VEGFC
MIR30A	MIR30D	PDGFRB
MIR30A	MIR30D	RAB11A
MIR30A	MIR30D	ZNF714
MIR30A	MIR30D	PRUNE2
MIR30A	MIR30D	FBXO22
MIR30A	MIR30D	KPNA2
MIR30A	MIR30D	ASAP2
MIR30A	MIR30D	MLXIP
MIR30A	MIR30D	ZNF33A
MIR30A	MIR30D	ANKRA2
MIR30A	MIR30D	TNFSF10
MIR30A	MIR30D	ATRX
MIR30A	MIR30D	INSR
MIR30A	MIR30D	RNF122
MIR30A	MIR30D	CCND2
MIR30A	MIR30D	GIGYF1
MIR30A	MIR30D	PIP4K2B
MIR30A	MIR30D	ERCC6-PGBD3
MIR30A	MIR30D	ALS2
MIR30A	MIR30D	POGZ
MIR30A	MIR30D	SAMD9
MIR30A	MIR30D	FAM120A
MIR30A	MIR30D	PARP1
MIR30A	MIR30D	PHF20
MIR30A	MIR30D	GPX3
MIR30A	MIR30D	ASH1L
MIR30A	MIR30D	GALNT2
MIR30A	MIR30D	IGBP1
MIR30A	MIR30D	NOTCH1
MIR30A	MIR30D	TECPR1
MIR30A	MIR30D	SLC25A36
MIR30A	MIR30D	FAF2
MIR30A	MIR30D	OTUD6B
MIR30A	MIR30D	DDIT4
MIR30A	MIR30D	CCDC43
MIR30A	MIR30D	CELF2
MIR30A	MIR30D	STAU1
MIR30A	MIR30D	NEUROD1
MIR30A	MIR30D	LSG1
MIR30A	MIR30D	GALNT3
MIR30A	MIR30D	SAMD4A
MIR30A	MIR30D	FBXO45
MIR30A	MIR30D	LNPEP
MIR30A	MIR30D	YWHAG
MIR30A	MIR30D	CELF3
MIR30A	MIR30D	CNNM4
MIR30A	MIR30D	ATL2
MIR30A	MIR30D	RAPGEF2
MIR30A	MIR30D	XPOT
MIR30A	MIR30D	USP31
MIR30A	MIR30D	GNAI2
MIR30A	MIR30D	GIGYF2
MIR30A	MIR30D	NR3C1
MIR30A	MIR30D	AGO2
MIR30A	MIR30D	ZBTB7A
MIR30A	MIR30D	RNF168
MIR30A	MIR30D	SPATA13
MIR30A	MIR30D	BIRC3
MIR30A	MIR30D	TRAPPC2
MIR30A	MIR30D	TSPYL4
MIR30A	MIR30D	SMG1
MIR30A	MIR30D	LEMD3
MIR30A	MIR30D	KIF5B
MIR30A	MIR30D	NID1
MIR30A	MIR30D	C11orf95
MIR30A	MIR30D	POLR1A
MIR30A	MIR30D	TSC22D3
MIR30A	MIR30D	ZAK
MIR30A	MIR30D	TAOK3
MIR30A	MIR30D	NDUFS2
MIR30A	MIR30D	KIAA0355
MIR30A	MIR30D	RALGPS2
MIR30A	MIR30D	DLG5
MIR30A	MIR30D	TMEM167A
MIR30A	MIR30D	TYMS
MIR30A	MIR30D	HAS2
MIR30A	MIR30D	RGS1
MIR30A	MIR30D	HSPA4
MIR30A	MIR30D	BRWD3
MIR30A	MIR30D	HSPA5
MIR30A	MIR30D	SSBP2
MIR30A	MIR30D	IKZF2
MIR30A	MIR30D	XPO7
MIR30A	MIR30D	SEMA3A
MIR30A	MIR30D	LMBR1
MIR30A	MIR30D	SEC24A
MIR30A	MIR30D	SGK1
MIR30A	MIR30D	ZBTB41
MIR30A	MIR30D	CCDC71L
MIR30A	MIR30D	NEDD4
MIR30A	MIR30D	XRN1
MIR30A	MIR30D	ZBTB25
MIR30A	MIR30D	DDX5
MIR30A	MIR30D	C4orf3
MIR30A	MIR30D	MYSM1
MIR30A	MIR30D	TCF25
MIR30A	MIR30D	GOLGA8B
MIR30A	MIR30D	SCRN3
MIR30A	MIR30D	C9orf41
MIR30A	MIR30D	RORA
MIR30A	MIR30D	RRAGD
MIR30A	MIR30D	IPO7
MIR30A	MIR30D	FAM126A
MIR30A	MIR30D	RASA1
MIR30A	MIR30D	C6orf136
MIR30A	MIR30D	ATF2
MIR30A	MIR30D	TM4SF1
MIR30A	MIR30D	CDK6
MIR30A	MIR30D	SPRYD4
MIR30A	MIR30D	C2CD3
MIR30A	MIR30D	CBX5
MIR30A	MIR30D	SRSF7
MIR30A	MIR30D	CXCL6
MIR30A	MIR30D	SP3
MIR30A	MIR30D	BCL6
MIR30A	MIR30D	ZFX
MIR30A	MIR30D	SOCS3
MIR30A	MIR30D	DYNLT1
MIR30A	MIR30D	MFSD11
MIR30A	MIR30D	PTPN3
MIR30A	MIR30D	CPT2
MIR30A	MIR30D	PHACTR2
MIR30A	MIR30D	TSPAN2
MIR30A	MIR30D	RRM2
MIR30A	MIR30D	CKAP4
MIR30A	MIR30D	RHOB
MIR30A	MIR30D	ZSCAN23
MIR30A	MIR30D	KIAA0101
MIR30A	MIR30D	AHI1
MIR30A	MIR30D	TPM4
MIR30A	MIR30D	FAM213A
MIR30A	MIR30D	CD226
MIR30A	MIR30D	EML4
MIR30A	MIR30D	PPP3CA
MIR30A	MIR30D	PHF3
MIR30A	MIR30D	GALNT1
MIR30A	MIR30D	SEC31A
MIR30A	MIR30D	CUL2
MIR30A	MIR30D	NUP35
MIR30A	MIR30D	MAN1A2
MIR30A	MIR30D	ZNF451
MIR30A	MIR30D	RB1
MIR30A	MIR30D	BTLA
MIR30A	MIR30D	AP3B1
MIR30A	MIR30D	TPRG1L
MIR30A	MIR30D	SURF4
MIR30A	MIR30D	TMEM184C
MIR30A	MIR30D	TMCC1
MIR30A	MIR30D	FAM43A
MIR30A	MIR30D	FUCA1
MIR30A	MIR30D	RAB32
MIR30A	MIR30D	PRPF6
MIR30A	MIR30D	UBN2
MIR30A	MIR30D	CNTN1
MIR30A	MIR30D	PDSS2
MIR30A	MIR30D	EEA1
MIR30A	MIR30D	HNRNPM
MIR30A	MIR30D	RNF220
MIR30A	MIR30D	DCK
MIR30A	MIR30D	RSF1
MIR30A	MIR30D	PHLDB2
MIR30A	MIR30D	FAM73B
MIR30A	MIR30D	H6PD
MIR30A	MIR30D	FAM208B
MIR30A	MIR30D	MACC1
MIR30A	MIR30D	PSKH2
MIR30A	MIR30D	SH2B3
MIR30A	MIR30D	WDR76
MIR30A	MIR30D	MICAL2
MIR30A	MIR30D	SMIM13
MIR30A	MIR30D	DGKH
MIR30A	MIR30D	TRIP12
MIR30A	MIR30D	TCTA
MIR30A	MIR30D	LMNB1
MIR30A	MIR30D	TRUB1
MIR30A	MIR30D	TRIAP1
MIR30A	MIR30D	YWHAZ
MIR30A	MIR30D	SOWAHC
MIR30A	MIR30D	DNMT3A
MIR30A	MIR30D	BRWD1
MIR30A	MIR30D	STK17B
MIR30A	MIR30D	WSB2
MIR30A	MIR30D	CCNT2
MIR30A	MIR30D	RAB2A
MIR30A	MIR30D	AFF4
MIR30A	MIR30D	GCN1L1
MIR30A	MIR30D	TOB1
MIR30A	MIR30D	ALDH2
MIR30A	MIR30D	CTHRC1
MIR30A	MIR30D	PANK3
MIR30A	MIR30D	SEC23IP
MIR30A	MIR30D	CFL2
MIR30A	MIR30D	ATP5SL
MIR30A	MIR30D	LMAN1
MIR30A	MIR30D	MYH9
MIR30A	MIR30D	STRIP1
MIR30A	MIR30D	DDX17
MIR30A	MIR30D	DPYSL2
MIR30A	MIR30D	PLBD2
MIR30A	MIR30D	ZC3H12C
MIR30A	MIR30D	FCHSD2
MIR30A	MIR30D	LRRC8D
MIR30A	MIR30D	PPP2R1B
MIR30A	MIR30D	RASD1
MIR30A	MIR30D	RASA2
MIR30A	MIR30D	RCOR1
MIR30A	MIR30D	UBE2V2
MIR30A	MIR30D	WDFY2
MIR30A	MIR30D	BIRC2
MIR30A	MIR30D	RIOK3
MIR30A	MIR30D	GCNT3
MIR30A	MIR30D	GNPDA1
MIR30A	MIR30D	SLC20A1
MIR30A	MIR30D	PER2
MIR30A	MIR30D	PRKAA1
MIR30A	MIR30D	ZNF516
MIR30A	MIR30D	PMPCB
MIR30A	MIR30D	LYRM2
MIR30A	MIR30D	JADE3
MIR30A	MIR30D	PDP2
MIR30A	MIR30D	ZNF100
MIR30A	MIR30D	TET3
MIR30A	MIR30D	ETAA1
MIR30A	MIR30D	ARID4B
MIR30A	MIR30D	CAPZA1
MIR30A	MIR30D	ZBTB38
MIR30A	MIR30D	LPCAT1
MIR30A	MIR30D	ME2
MIR30A	MIR30D	AMOTL1
MIR30A	MIR30D	TTC37
MIR30A	MIR30D	FAM193A
MIR30A	MIR30D	ABCA12
MIR30A	MIR30D	NPAT
MIR30A	MIR30D	UBE2K
MIR30A	MIR30D	CCDC47
MIR30A	MIR30D	NDEL1
MIR30A	MIR30D	NR1D2
MIR30A	MIR30D	AK6
MIR30A	MIR30D	PREPL
MIR30A	MIR30D	ANKRD49
MIR30A	MIR30D	ZCCHC14
MIR30A	MIR30D	ZDHHC21
MIR30A	MIR30D	FAM208A
MIR30A	MIR30D	BTRC
MIR30A	MIR30D	IGF2R
MIR30A	MIR30D	RAP2B
MIR30A	MIR30D	TRIM44
MIR30A	MIR30D	AKT1S1
MIR30A	MIR30D	CYFIP2
MIR30A	MIR30D	VKORC1L1
MIR30A	MIR30D	FBXO30
MIR30A	MIR30D	ELF1
MIR30A	MIR30D	USP34
MIR30A	MIR30D	BAZ1A
MIR30A	MIR30D	INSIG1
MIR30A	MIR30D	GLS
MIR30A	MIR30D	PABPC1
MIR30A	MIR30D	SLCO5A1
MIR30A	MIR30D	TNRC6A
MIR30A	MIR30D	TRAPPC11
MIR30A	MIR30D	PHIP
MIR30A	MIR30D	ASB1
MIR30A	MIR30D	CMAS
MIR30A	MIR30D	PHTF2
MIR30A	MIR30D	MTRNR2L3
MIR30A	MIR30D	SBNO1
MIR30A	MIR30D	NAPG
MIR30A	MIR30D	NCOA2
MIR30A	MIR30D	SIAH1
MIR30A	MIR30D	LCOR
MIR30A	MIR30D	WWTR1
MIR30A	MIR30D	CD99
MIR30A	MIR30D	ERLIN1
MIR30A	MIR30D	CAMK2D
MIR30A	MIR30D	C2CD2
MIR30A	MIR30D	URGCP
MIR30A	MIR30D	BRD4
MIR30A	MIR30D	GLCCI1
MIR30A	MIR30D	KLHL20
MIR30A	MIR30D	NIPBL
MIR30A	MIR30D	RAC1
MIR30A	MIR30D	SMARCA5
MIR30A	MIR30D	MAFG
MIR30A	MIR30D	GFM1
MIR30A	MIR30D	WDR36
MIR30E	MIR30D	KLF9
MIR30E	MIR30D	CHORDC1
MIR30E	MIR30D	SRSF4
MIR30E	MIR30D	NAV1
MIR30E	MIR30D	MAPKAPK2
MIR30E	MIR30D	B4GALT4
MIR30E	MIR30D	CPEB2
MIR30E	MIR30D	EPAS1
MIR30E	MIR30D	TMEM131
MIR30E	MIR30D	FAM160B1
MIR30E	MIR30D	SYNGR3
MIR30E	MIR30D	ZNF480
MIR30E	MIR30D	CLN8
MIR30E	MIR30D	SLC41A2
MIR30E	MIR30D	HLA-DRA
MIR30E	MIR30D	RGS2
MIR30E	MIR30D	PRDM2
MIR30E	MIR30D	PRDM1
MIR30E	MIR30D	DENND4C
MIR30E	MIR30D	SOX4
MIR30E	MIR30D	AIMP1
MIR30E	MIR30D	PDGFC
MIR30E	MIR30D	PLAGL2
MIR30E	MIR30D	TET2
MIR30E	MIR30D	PRKDC
MIR30E	MIR30D	E2F7
MIR30E	MIR30D	ZSCAN29
MIR30E	MIR30D	REV3L
MIR30E	MIR30D	ADRA2A
MIR30E	MIR30D	SEPW1
MIR30E	MIR30D	XPO1
MIR30E	MIR30D	RHEBL1
MIR30E	MIR30D	NAA50
MIR30E	MIR30D	ZNF521
MIR30E	MIR30D	SFT2D2
MIR30E	MIR30D	PM20D2
MIR30E	MIR30D	KIAA0040
MIR30E	MIR30D	SLC35D1
MIR30E	MIR30D	IQCB1
MIR30E	MIR30D	AVEN
MIR30E	MIR30D	RNF217
MIR30E	MIR30D	SPCS3
MIR30E	MIR30D	EPG5
MIR30E	MIR30D	SEC23A
MIR30E	MIR30D	STK38L
MIR30E	MIR30D	ELL2
MIR30E	MIR30D	PDE7A
MIR30E	MIR30D	EHF
MIR30E	MIR30D	PFN2
MIR30E	MIR30D	CMTR2
MIR30E	MIR30D	RNF213
MIR30E	MIR30D	RBM12B
MIR30E	MIR30D	RNF138
MIR30E	MIR30D	RER1
MIR30E	MIR30D	DNAJC3
MIR30E	MIR30D	ANKRD13A
MIR30E	MIR30D	FAP
MIR30E	MIR30D	RBM6
MIR30E	MIR30D	BRCA2
MIR30E	MIR30D	DCTN4
MIR30E	MIR30D	SACS
MIR30E	MIR30D	CAPRIN1
MIR30E	MIR30D	SIDT2
MIR30E	MIR30D	PTPLAD1
MIR30E	MIR30D	SNTB2
MIR30E	MIR30D	BDKRB2
MIR30E	MIR30D	SSFA2
MIR30E	MIR30D	WDR5
MIR30E	MIR30D	MTRNR2L6
MIR30E	MIR30D	JUNB
MIR30E	MIR30D	BCL10
MIR30E	MIR30D	HABP4
MIR30E	MIR30D	CASP4
MIR30E	MIR30D	FAM46A
MIR30E	MIR30D	TMEM87B
MIR30E	MIR30D	MAP3K7
MIR30E	MIR30D	PRRC2C
MIR30E	MIR30D	PGM1
MIR30E	MIR30D	SFXN1
MIR30E	MIR30D	AVL9
MIR30E	MIR30D	ANKLE2
MIR30E	MIR30D	BAZ2B
MIR30E	MIR30D	HBS1L
MIR30E	MIR30D	NOVA1
MIR30E	MIR30D	LSS
MIR30E	MIR30D	CRMP1
MIR30E	MIR30D	POU2F2
MIR30E	MIR30D	PIP4K2A
MIR30E	MIR30D	RASGRP3
MIR30E	MIR30D	CXADR
MIR30E	MIR30D	CDC27
MIR30E	MIR30D	TMEM182
MIR30E	MIR30D	CPE
MIR30E	MIR30D	IFNGR2
MIR30E	MIR30D	KLHL5
MIR30E	MIR30D	TRIM23
MIR30E	MIR30D	ATL3
MIR30E	MIR30D	PRRX1
MIR30E	MIR30D	AKAP11
MIR30E	MIR30D	AHR
MIR30E	MIR30D	OSBPL3
MIR30E	MIR30D	C7orf60
MIR30E	MIR30D	TMEM56
MIR30E	MIR30D	GALNT7
MIR30E	MIR30D	UBE3C
MIR30E	MIR30D	SOCS1
MIR30E	MIR30D	SYT16
MIR30E	MIR30D	PLXNC1
MIR30E	MIR30D	FRMD6
MIR30E	MIR30D	STK35
MIR30E	MIR30D	TFPI2
MIR30E	MIR30D	RPA2
MIR30E	MIR30D	IL18R1
MIR30E	MIR30D	PSMB1
MIR30E	MIR30D	PIGA
MIR30E	MIR30D	SYNJ2
MIR30E	MIR30D	PLA2G12A
MIR30E	MIR30D	TMEM87A
MIR30E	MIR30D	TP53INP1
MIR30E	MIR30D	DHX36
MIR30E	MIR30D	SMARCAD1
MIR30E	MIR30D	PLAG1
MIR30E	MIR30D	PPWD1
MIR30E	MIR30D	RCOR3
MIR30E	MIR30D	SESTD1
MIR30E	MIR30D	CSTF2T
MIR30E	MIR30D	SSR3
MIR30E	MIR30D	SH3GL1
MIR30E	MIR30D	ZBTB18
MIR30E	MIR30D	CHD9
MIR30E	MIR30D	SRSF11
MIR30E	MIR30D	MUM1
MIR30E	MIR30D	DNAJB4
MIR30E	MIR30D	MFF
MIR30E	MIR30D	ZNF746
MIR30E	MIR30D	RAI14
MIR30E	MIR30D	CYP2R1
MIR30E	MIR30D	DDAH1
MIR30E	MIR30D	JRK
MIR30E	MIR30D	TAOK1
MIR30E	MIR30D	SCML1
MIR30E	MIR30D	ZCCHC2
MIR30E	MIR30D	MTRNR2L10
MIR30E	MIR30D	PICALM
MIR30E	MIR30D	DCUN1D3
MIR30E	MIR30D	SGMS2
MIR30E	MIR30D	SUCO
MIR30E	MIR30D	NT5DC3
MIR30E	MIR30D	ELOVL5
MIR30E	MIR30D	PLAA
MIR30E	MIR30D	TMF1
MIR30E	MIR30D	ZNF791
MIR30E	MIR30D	MTMR10
MIR30E	MIR30D	AHNAK
MIR30E	MIR30D	ARHGEF28
MIR30E	MIR30D	ARID5B
MIR30E	MIR30D	CUL5
MIR30E	MIR30D	KMT2C
MIR30E	MIR30D	SETX
MIR30E	MIR30D	PAPOLA
MIR30E	MIR30D	C10orf12
MIR30E	MIR30D	LHFPL2
MIR30E	MIR30D	GNA13
MIR30E	MIR30D	DENND5B
MIR30E	MIR30D	SERINC3
MIR30E	MIR30D	SLC12A6
MIR30E	MIR30D	TSPAN5
MIR30E	MIR30D	USP46
MIR30E	MIR30D	PHF10
MIR30E	MIR30D	GFPT2
MIR30E	MIR30D	FAM117B
MIR30E	MIR30D	HN1L
MIR30E	MIR30D	ATXN7L3B
MIR30E	MIR30D	PPP2R2D
MIR30E	MIR30D	HSP90AA1
MIR30E	MIR30D	IVNS1ABP
MIR30E	MIR30D	VEGFC
MIR30E	MIR30D	PDGFRB
MIR30E	MIR30D	RAB11A
MIR30E	MIR30D	ZNF714
MIR30E	MIR30D	PRUNE2
MIR30E	MIR30D	FBXO22
MIR30E	MIR30D	KPNA2
MIR30E	MIR30D	ASAP2
MIR30E	MIR30D	MLXIP
MIR30E	MIR30D	ZNF33A
MIR30E	MIR30D	ANKRA2
MIR30E	MIR30D	TNFSF10
MIR30E	MIR30D	ATRX
MIR30E	MIR30D	INSR
MIR30E	MIR30D	RNF122
MIR30E	MIR30D	CCND2
MIR30E	MIR30D	GIGYF1
MIR30E	MIR30D	PIP4K2B
MIR30E	MIR30D	ERCC6-PGBD3
MIR30E	MIR30D	ALS2
MIR30E	MIR30D	POGZ
MIR30E	MIR30D	SAMD9
MIR30E	MIR30D	FAM120A
MIR30E	MIR30D	PARP1
MIR30E	MIR30D	PHF20
MIR30E	MIR30D	GPX3
MIR30E	MIR30D	ASH1L
MIR30E	MIR30D	GALNT2
MIR30E	MIR30D	IGBP1
MIR30E	MIR30D	NOTCH1
MIR30E	MIR30D	TECPR1
MIR30E	MIR30D	SLC25A36
MIR30E	MIR30D	FAF2
MIR30E	MIR30D	OTUD6B
MIR30E	MIR30D	DDIT4
MIR30E	MIR30D	CCDC43
MIR30E	MIR30D	CELF2
MIR30E	MIR30D	STAU1
MIR30E	MIR30D	NEUROD1
MIR30E	MIR30D	LSG1
MIR30E	MIR30D	GALNT3
MIR30E	MIR30D	SAMD4A
MIR30E	MIR30D	FBXO45
MIR30E	MIR30D	LNPEP
MIR30E	MIR30D	YWHAG
MIR30E	MIR30D	CELF3
MIR30E	MIR30D	CNNM4
MIR30E	MIR30D	ATL2
MIR30E	MIR30D	RAPGEF2
MIR30E	MIR30D	XPOT
MIR30E	MIR30D	USP31
MIR30E	MIR30D	GNAI2
MIR30E	MIR30D	GIGYF2
MIR30E	MIR30D	NR3C1
MIR30E	MIR30D	AGO2
MIR30E	MIR30D	ZBTB7A
MIR30E	MIR30D	RNF168
MIR30E	MIR30D	SPATA13
MIR30E	MIR30D	BIRC3
MIR30E	MIR30D	TRAPPC2
MIR30E	MIR30D	TSPYL4
MIR30E	MIR30D	SMG1
MIR30E	MIR30D	LEMD3
MIR30E	MIR30D	KIF5B
MIR30E	MIR30D	NID1
MIR30E	MIR30D	C11orf95
MIR30E	MIR30D	POLR1A
MIR30E	MIR30D	TSC22D3
MIR30E	MIR30D	ZAK
MIR30E	MIR30D	TAOK3
MIR30E	MIR30D	NDUFS2
MIR30E	MIR30D	KIAA0355
MIR30E	MIR30D	RALGPS2
MIR30E	MIR30D	DLG5
MIR30E	MIR30D	TMEM167A
MIR30E	MIR30D	TYMS
MIR30E	MIR30D	HAS2
MIR30E	MIR30D	RGS1
MIR30E	MIR30D	HSPA4
MIR30E	MIR30D	BRWD3
MIR30E	MIR30D	HSPA5
MIR30E	MIR30D	SSBP2
MIR30E	MIR30D	IKZF2
MIR30E	MIR30D	XPO7
MIR30E	MIR30D	SEMA3A
MIR30E	MIR30D	LMBR1
MIR30E	MIR30D	SEC24A
MIR30E	MIR30D	SGK1
MIR30E	MIR30D	ZBTB41
MIR30E	MIR30D	CCDC71L
MIR30E	MIR30D	NEDD4
MIR30E	MIR30D	XRN1
MIR30E	MIR30D	ZBTB25
MIR30E	MIR30D	DDX5
MIR30E	MIR30D	C4orf3
MIR30E	MIR30D	MYSM1
MIR30E	MIR30D	TCF25
MIR30E	MIR30D	GOLGA8B
MIR30E	MIR30D	SCRN3
MIR30E	MIR30D	C9orf41
MIR30E	MIR30D	RORA
MIR30E	MIR30D	RRAGD
MIR30E	MIR30D	IPO7
MIR30E	MIR30D	FAM126A
MIR30E	MIR30D	RASA1
MIR30E	MIR30D	C6orf136
MIR30E	MIR30D	ATF2
MIR30E	MIR30D	TM4SF1
MIR30E	MIR30D	CDK6
MIR30E	MIR30D	SPRYD4
MIR30E	MIR30D	C2CD3
MIR30E	MIR30D	CBX5
MIR30E	MIR30D	SRSF7
MIR30E	MIR30D	CXCL6
MIR30E	MIR30D	SP3
MIR30E	MIR30D	BCL6
MIR30E	MIR30D	ZFX
MIR30E	MIR30D	SOCS3
MIR30E	MIR30D	DYNLT1
MIR30E	MIR30D	MFSD11
MIR30E	MIR30D	PTPN3
MIR30E	MIR30D	CPT2
MIR30E	MIR30D	PHACTR2
MIR30E	MIR30D	TSPAN2
MIR30E	MIR30D	RRM2
MIR30E	MIR30D	CKAP4
MIR30E	MIR30D	RHOB
MIR30E	MIR30D	ZSCAN23
MIR30E	MIR30D	KIAA0101
MIR30E	MIR30D	AHI1
MIR30E	MIR30D	TPM4
MIR30E	MIR30D	FAM213A
MIR30E	MIR30D	CD226
MIR30E	MIR30D	EML4
MIR30E	MIR30D	PPP3CA
MIR30E	MIR30D	PHF3
MIR30E	MIR30D	GALNT1
MIR30E	MIR30D	SEC31A
MIR30E	MIR30D	CUL2
MIR30E	MIR30D	NUP35
MIR30E	MIR30D	MAN1A2
MIR30E	MIR30D	ZNF451
MIR30E	MIR30D	RB1
MIR30E	MIR30D	BTLA
MIR30E	MIR30D	AP3B1
MIR30E	MIR30D	TPRG1L
MIR30E	MIR30D	SURF4
MIR30E	MIR30D	TMEM184C
MIR30E	MIR30D	TMCC1
MIR30E	MIR30D	FAM43A
MIR30E	MIR30D	FUCA1
MIR30E	MIR30D	RAB32
MIR30E	MIR30D	PRPF6
MIR30E	MIR30D	UBN2
MIR30E	MIR30D	CNTN1
MIR30E	MIR30D	PDSS2
MIR30E	MIR30D	EEA1
MIR30E	MIR30D	RNF220
MIR30E	MIR30D	DCK
MIR30E	MIR30D	RSF1
MIR30E	MIR30D	PHLDB2
MIR30E	MIR30D	FAM73B
MIR30E	MIR30D	H6PD
MIR30E	MIR30D	FAM208B
MIR30E	MIR30D	MACC1
MIR30E	MIR30D	PSKH2
MIR30E	MIR30D	PHC3
MIR30E	MIR30D	SH2B3
MIR30E	MIR30D	WDR76
MIR30E	MIR30D	MICAL2
MIR30E	MIR30D	SMIM13
MIR30E	MIR30D	DGKH
MIR30E	MIR30D	TRIP12
MIR30E	MIR30D	TCTA
MIR30E	MIR30D	LMNB1
MIR30E	MIR30D	TRUB1
MIR30E	MIR30D	TRIAP1
MIR30E	MIR30D	YWHAZ
MIR30E	MIR30D	SOWAHC
MIR30E	MIR30D	DNMT3A
MIR30E	MIR30D	BRWD1
MIR30E	MIR30D	STK17B
MIR30E	MIR30D	WSB2
MIR30E	MIR30D	CCNT2
MIR30E	MIR30D	AFF4
MIR30E	MIR30D	GCN1L1
MIR30E	MIR30D	TOB1
MIR30E	MIR30D	ALDH2
MIR30E	MIR30D	CTHRC1
MIR30E	MIR30D	PANK3
MIR30E	MIR30D	SEC23IP
MIR30E	MIR30D	CFL2
MIR30E	MIR30D	ATP5SL
MIR30E	MIR30D	LMAN1
MIR30E	MIR30D	MYH9
MIR30E	MIR30D	STRIP1
MIR30E	MIR30D	DDX17
MIR30E	MIR30D	DPYSL2
MIR30E	MIR30D	PLBD2
MIR30E	MIR30D	ZC3H12C
MIR30E	MIR30D	FCHSD2
MIR30E	MIR30D	LRRC8D
MIR30E	MIR30D	PPP2R1B
MIR30E	MIR30D	RASD1
MIR30E	MIR30D	RASA2
MIR30E	MIR30D	RCOR1
MIR30E	MIR30D	UBE2V2
MIR30E	MIR30D	WDFY2
MIR30E	MIR30D	BIRC2
MIR30E	MIR30D	RIOK3
MIR30E	MIR30D	GCNT3
MIR30E	MIR30D	GNPDA1
MIR30E	MIR30D	SLC20A1
MIR30E	MIR30D	PER2
MIR30E	MIR30D	PRKAA1
MIR30E	MIR30D	ZNF516
MIR30E	MIR30D	PMPCB
MIR30E	MIR30D	LYRM2
MIR30E	MIR30D	JADE3
MIR30E	MIR30D	PDP2
MIR30E	MIR30D	ZNF100
MIR30E	MIR30D	TET3
MIR30E	MIR30D	ETAA1
MIR30E	MIR30D	ARID4B
MIR30E	MIR30D	CAPZA1
MIR30E	MIR30D	ZBTB38
MIR30E	MIR30D	ME2
MIR30E	MIR30D	AMOTL1
MIR30E	MIR30D	TTC37
MIR30E	MIR30D	ABCA12
MIR30E	MIR30D	NPAT
MIR30E	MIR30D	UBE2K
MIR30E	MIR30D	CCDC47
MIR30E	MIR30D	NDEL1
MIR30E	MIR30D	NR1D2
MIR30E	MIR30D	AK6
MIR30E	MIR30D	PREPL
MIR30E	MIR30D	ANKRD49
MIR30E	MIR30D	ZCCHC14
MIR30E	MIR30D	ZDHHC21
MIR30E	MIR30D	FAM208A
MIR30E	MIR30D	BTRC
MIR30E	MIR30D	IGF2R
MIR30E	MIR30D	RAP2B
MIR30E	MIR30D	TRIM44
MIR30E	MIR30D	AKT1S1
MIR30E	MIR30D	CYFIP2
MIR30E	MIR30D	VKORC1L1
MIR30E	MIR30D	FBXO30
MIR30E	MIR30D	ELF1
MIR30E	MIR30D	USP34
MIR30E	MIR30D	BAZ1A
MIR30E	MIR30D	INSIG1
MIR30E	MIR30D	GLS
MIR30E	MIR30D	PABPC1
MIR30E	MIR30D	SLCO5A1
MIR30E	MIR30D	TNRC6A
MIR30E	MIR30D	TRAPPC11
MIR30E	MIR30D	ASB1
MIR30E	MIR30D	CMAS
MIR30E	MIR30D	PHTF2
MIR30E	MIR30D	MTRNR2L3
MIR30E	MIR30D	SBNO1
MIR30E	MIR30D	NAPG
MIR30E	MIR30D	NCOA2
MIR30E	MIR30D	SIAH1
MIR30E	MIR30D	LCOR
MIR30E	MIR30D	CD99
MIR30E	MIR30D	ERLIN1
MIR30E	MIR30D	CAMK2D
MIR30E	MIR30D	C2CD2
MIR30E	MIR30D	URGCP
MIR30E	MIR30D	BRD4
MIR30E	MIR30D	GLCCI1
MIR30E	MIR30D	KLHL20
MIR30E	MIR30D	NIPBL
MIR30E	MIR30D	RAC1
MIR30E	MIR30D	SMARCA5
MIR30E	MIR30D	MAFG
MIR30E	MIR30D	GFM1
MIR30E	MIR30D	WDR36
MIR30B	MIR30C1	RAD54L2
MIR30B	MIR30C1	KLF9
MIR30B	MIR30C1	CHORDC1
MIR30B	MIR30C1	NAV1
MIR30B	MIR30C1	SON
MIR30B	MIR30C1	B4GALT4
MIR30B	MIR30C1	DYNC1LI2
MIR30B	MIR30C1	EPAS1
MIR30B	MIR30C1	TMEM131
MIR30B	MIR30C1	FAM160B1
MIR30B	MIR30C1	CAND1
MIR30B	MIR30C1	SYNGR3
MIR30B	MIR30C1	ZNF480
MIR30B	MIR30C1	CLN8
MIR30B	MIR30C1	SLC41A2
MIR30B	MIR30C1	HLA-DRA
MIR30B	MIR30C1	PRDM1
MIR30B	MIR30C1	DENND4C
MIR30B	MIR30C1	SOX4
MIR30B	MIR30C1	PLAGL2
MIR30B	MIR30C1	E2F7
MIR30B	MIR30C1	REV3L
MIR30B	MIR30C1	ADRA2A
MIR30B	MIR30C1	KLHL28
MIR30B	MIR30C1	XPO1
MIR30B	MIR30C1	RHEBL1
MIR30B	MIR30C1	ZNF521
MIR30B	MIR30C1	KIAA0040
MIR30B	MIR30C1	SLC35D1
MIR30B	MIR30C1	IQCB1
MIR30B	MIR30C1	AVEN
MIR30B	MIR30C1	SPCS3
MIR30B	MIR30C1	EPG5
MIR30B	MIR30C1	SEC23A
MIR30B	MIR30C1	ELL2
MIR30B	MIR30C1	PDE7A
MIR30B	MIR30C1	PFN2
MIR30B	MIR30C1	CMTR2
MIR30B	MIR30C1	RBM12B
MIR30B	MIR30C1	RNF138
MIR30B	MIR30C1	RER1
MIR30B	MIR30C1	FAP
MIR30B	MIR30C1	TUBA1B
MIR30B	MIR30C1	RBM6
MIR30B	MIR30C1	BRCA2
MIR30B	MIR30C1	DCTN4
MIR30B	MIR30C1	CAPRIN1
MIR30B	MIR30C1	EIF3A
MIR30B	MIR30C1	ZNF354C
MIR30B	MIR30C1	SIDT2
MIR30B	MIR30C1	SNTB2
MIR30B	MIR30C1	WDR5
MIR30B	MIR30C1	LRP6
MIR30B	MIR30C1	MTRNR2L6
MIR30B	MIR30C1	JUNB
MIR30B	MIR30C1	BCL10
MIR30B	MIR30C1	HABP4
MIR30B	MIR30C1	CASP4
MIR30B	MIR30C1	FAM46A
MIR30B	MIR30C1	TMEM33
MIR30B	MIR30C1	TMEM87B
MIR30B	MIR30C1	MAP3K7
MIR30B	MIR30C1	PRRC2C
MIR30B	MIR30C1	PGM1
MIR30B	MIR30C1	SFXN1
MIR30B	MIR30C1	AVL9
MIR30B	MIR30C1	BAZ2B
MIR30B	MIR30C1	HBS1L
MIR30B	MIR30C1	NOVA1
MIR30B	MIR30C1	LSS
MIR30B	MIR30C1	CRMP1
MIR30B	MIR30C1	RASGRP3
MIR30B	MIR30C1	CDC27
MIR30B	MIR30C1	TMEM182
MIR30B	MIR30C1	DLGAP4
MIR30B	MIR30C1	ZNF639
MIR30B	MIR30C1	ARPC4
MIR30B	MIR30C1	CPE
MIR30B	MIR30C1	TMED4
MIR30B	MIR30C1	IFNGR2
MIR30B	MIR30C1	KLHL5
MIR30B	MIR30C1	TRIM23
MIR30B	MIR30C1	WLS
MIR30B	MIR30C1	PRRX1
MIR30B	MIR30C1	AHR
MIR30B	MIR30C1	OSBPL3
MIR30B	MIR30C1	C7orf60
MIR30B	MIR30C1	TMEM56
MIR30B	MIR30C1	ATRN
MIR30B	MIR30C1	FOCAD
MIR30B	MIR30C1	GALNT7
MIR30B	MIR30C1	UBE3C
MIR30B	MIR30C1	SOCS1
MIR30B	MIR30C1	TMED10
MIR30B	MIR30C1	PLXNC1
MIR30B	MIR30C1	ICAM1
MIR30B	MIR30C1	FRMD6
MIR30B	MIR30C1	STK35
MIR30B	MIR30C1	AXL
MIR30B	MIR30C1	TFPI2
MIR30B	MIR30C1	RPA2
MIR30B	MIR30C1	SRF
MIR30B	MIR30C1	PSMB1
MIR30B	MIR30C1	PIGA
MIR30B	MIR30C1	PLA2G12A
MIR30B	MIR30C1	TP53INP1
MIR30B	MIR30C1	DHX36
MIR30B	MIR30C1	SMARCAD1
MIR30B	MIR30C1	PPWD1
MIR30B	MIR30C1	RCOR3
MIR30B	MIR30C1	SSR3
MIR30B	MIR30C1	ZBTB18
MIR30B	MIR30C1	CHD9
MIR30B	MIR30C1	SRSF11
MIR30B	MIR30C1	MUM1
MIR30B	MIR30C1	JARID2
MIR30B	MIR30C1	ZNF746
MIR30B	MIR30C1	RAI14
MIR30B	MIR30C1	DDAH1
MIR30B	MIR30C1	TAOK1
MIR30B	MIR30C1	SCML1
MIR30B	MIR30C1	ZCCHC2
MIR30B	MIR30C1	MTRNR2L10
MIR30B	MIR30C1	PICALM
MIR30B	MIR30C1	DCUN1D3
MIR30B	MIR30C1	SUCO
MIR30B	MIR30C1	NT5DC3
MIR30B	MIR30C1	ELOVL5
MIR30B	MIR30C1	PLAA
MIR30B	MIR30C1	ZNF791
MIR30B	MIR30C1	AHNAK
MIR30B	MIR30C1	CBR4
MIR30B	MIR30C1	ARHGEF28
MIR30B	MIR30C1	ARID5B
MIR30B	MIR30C1	CUL5
MIR30B	MIR30C1	FAT1
MIR30B	MIR30C1	KMT2C
MIR30B	MIR30C1	PAPOLA
MIR30B	MIR30C1	METAP2
MIR30B	MIR30C1	LHFPL2
MIR30B	MIR30C1	GNA13
MIR30B	MIR30C1	DENND5B
MIR30B	MIR30C1	SERINC3
MIR30B	MIR30C1	SLC12A6
MIR30B	MIR30C1	USP46
MIR30B	MIR30C1	PHF10
MIR30B	MIR30C1	GFPT2
MIR30B	MIR30C1	GARS
MIR30B	MIR30C1	HN1L
MIR30B	MIR30C1	ATXN7L3B
MIR30B	MIR30C1	PPP2R2D
MIR30B	MIR30C1	HSP90AA1
MIR30B	MIR30C1	VEGFC
MIR30B	MIR30C1	PDGFRB
MIR30B	MIR30C1	ANTXR2
MIR30B	MIR30C1	RAB11A
MIR30B	MIR30C1	ASAP2
MIR30B	MIR30C1	MLXIP
MIR30B	MIR30C1	ZNF33A
MIR30B	MIR30C1	ANKRA2
MIR30B	MIR30C1	AKAP17A
MIR30B	MIR30C1	RNF122
MIR30B	MIR30C1	GIGYF1
MIR30B	MIR30C1	PIP4K2B
MIR30B	MIR30C1	WDR26
MIR30B	MIR30C1	FAM120A
MIR30B	MIR30C1	PARP1
MIR30B	MIR30C1	PHF20
MIR30B	MIR30C1	GPX3
MIR30B	MIR30C1	ASH1L
MIR30B	MIR30C1	GALNT2
MIR30B	MIR30C1	NOTCH1
MIR30B	MIR30C1	TECPR1
MIR30B	MIR30C1	SLC25A36
MIR30B	MIR30C1	FAF2
MIR30B	MIR30C1	DDIT4
MIR30B	MIR30C1	CCDC43
MIR30B	MIR30C1	METTL21B
MIR30B	MIR30C1	NEUROD1
MIR30B	MIR30C1	GALNT3
MIR30B	MIR30C1	SAMD4A
MIR30B	MIR30C1	FBXO45
MIR30B	MIR30C1	LNPEP
MIR30B	MIR30C1	YWHAG
MIR30B	MIR30C1	CELF3
MIR30B	MIR30C1	CNNM4
MIR30B	MIR30C1	ATL2
MIR30B	MIR30C1	CD274
MIR30B	MIR30C1	RAPGEF2
MIR30B	MIR30C1	XPOT
MIR30B	MIR30C1	GNAI2
MIR30B	MIR30C1	GIGYF2
MIR30B	MIR30C1	NR3C1
MIR30B	MIR30C1	AGO2
MIR30B	MIR30C1	MIB1
MIR30B	MIR30C1	ZBTB7A
MIR30B	MIR30C1	RNF168
MIR30B	MIR30C1	SPATA13
MIR30B	MIR30C1	BIRC3
MIR30B	MIR30C1	TRAPPC2
MIR30B	MIR30C1	TSPYL4
MIR30B	MIR30C1	SMG1
MIR30B	MIR30C1	LEMD3
MIR30B	MIR30C1	NID1
MIR30B	MIR30C1	POLR1A
MIR30B	MIR30C1	LACTB2
MIR30B	MIR30C1	TAOK3
MIR30B	MIR30C1	KIAA0355
MIR30B	MIR30C1	TGIF2
MIR30B	MIR30C1	RALGPS2
MIR30B	MIR30C1	DLG5
MIR30B	MIR30C1	MYO1D
MIR30B	MIR30C1	RGS1
MIR30B	MIR30C1	BRWD3
MIR30B	MIR30C1	HSPA5
MIR30B	MIR30C1	SSBP2
MIR30B	MIR30C1	IKZF2
MIR30B	MIR30C1	SEMA3A
MIR30B	MIR30C1	LMBR1
MIR30B	MIR30C1	SEC24A
MIR30B	MIR30C1	CCDC71L
MIR30B	MIR30C1	ATG9B
MIR30B	MIR30C1	NEDD4
MIR30B	MIR30C1	XRN1
MIR30B	MIR30C1	ZBTB25
MIR30B	MIR30C1	ZNF207
MIR30B	MIR30C1	DDX5
MIR30B	MIR30C1	C4orf3
MIR30B	MIR30C1	BSG
MIR30B	MIR30C1	MYSM1
MIR30B	MIR30C1	GOLGA8B
MIR30B	MIR30C1	C9orf41
MIR30B	MIR30C1	RORA
MIR30B	MIR30C1	RRAGD
MIR30B	MIR30C1	IPO7
MIR30B	MIR30C1	FAM126A
MIR30B	MIR30C1	VMA21
MIR30B	MIR30C1	RASA1
MIR30B	MIR30C1	C6orf136
MIR30B	MIR30C1	TM4SF1
MIR30B	MIR30C1	RRM2B
MIR30B	MIR30C1	CDK6
MIR30B	MIR30C1	C2CD3
MIR30B	MIR30C1	SRSF7
MIR30B	MIR30C1	CXCL6
MIR30B	MIR30C1	SP3
MIR30B	MIR30C1	BCL6
MIR30B	MIR30C1	ZFX
MIR30B	MIR30C1	KAT7
MIR30B	MIR30C1	SOCS3
MIR30B	MIR30C1	DYNLT1
MIR30B	MIR30C1	MFSD11
MIR30B	MIR30C1	PTPN3
MIR30B	MIR30C1	CPT2
MIR30B	MIR30C1	PHACTR2
MIR30B	MIR30C1	TSPAN2
MIR30B	MIR30C1	RRM2
MIR30B	MIR30C1	RHOB
MIR30B	MIR30C1	KIAA0101
MIR30B	MIR30C1	AHI1
MIR30B	MIR30C1	TPM4
MIR30B	MIR30C1	CD226
MIR30B	MIR30C1	FNDC3A
MIR30B	MIR30C1	EML4
MIR30B	MIR30C1	PPP3CA
MIR30B	MIR30C1	GALNT1
MIR30B	MIR30C1	SEC31A
MIR30B	MIR30C1	CUL2
MIR30B	MIR30C1	NUP35
MIR30B	MIR30C1	MAN1A2
MIR30B	MIR30C1	BTLA
MIR30B	MIR30C1	AP3B1
MIR30B	MIR30C1	TPRG1L
MIR30B	MIR30C1	SURF4
MIR30B	MIR30C1	TMEM184C
MIR30B	MIR30C1	TMCC1
MIR30B	MIR30C1	FAM43A
MIR30B	MIR30C1	FUCA1
MIR30B	MIR30C1	ERCC5
MIR30B	MIR30C1	POU2F1
MIR30B	MIR30C1	PRPF6
MIR30B	MIR30C1	RAB32
MIR30B	MIR30C1	PDSS2
MIR30B	MIR30C1	EEA1
MIR30B	MIR30C1	HNRNPM
MIR30B	MIR30C1	RNF220
MIR30B	MIR30C1	TUBB
MIR30B	MIR30C1	YIPF4
MIR30B	MIR30C1	FAM172A
MIR30B	MIR30C1	PHLDB2
MIR30B	MIR30C1	FAM73B
MIR30B	MIR30C1	H6PD
MIR30B	MIR30C1	FAM208B
MIR30B	MIR30C1	SH2B3
MIR30B	MIR30C1	NUMB
MIR30B	MIR30C1	MICAL2
MIR30B	MIR30C1	TRIP12
MIR30B	MIR30C1	DGKH
MIR30B	MIR30C1	TRIAP1
MIR30B	MIR30C1	BTG2
MIR30B	MIR30C1	YWHAZ
MIR30B	MIR30C1	BRWD1
MIR30B	MIR30C1	STK17B
MIR30B	MIR30C1	CCNT2
MIR30B	MIR30C1	AFF4
MIR30B	MIR30C1	ALDH2
MIR30B	MIR30C1	CTHRC1
MIR30B	MIR30C1	PANK3
MIR30B	MIR30C1	SEC23IP
MIR30B	MIR30C1	CFL2
MIR30B	MIR30C1	ATP5SL
MIR30B	MIR30C1	MYH9
MIR30B	MIR30C1	STRIP1
MIR30B	MIR30C1	PLBD2
MIR30B	MIR30C1	ZC3H12C
MIR30B	MIR30C1	FCHSD2
MIR30B	MIR30C1	LRRC8D
MIR30B	MIR30C1	PPP2R1B
MIR30B	MIR30C1	RASD1
MIR30B	MIR30C1	ZNF438
MIR30B	MIR30C1	RASA2
MIR30B	MIR30C1	RCOR1
MIR30B	MIR30C1	UBE2V2
MIR30B	MIR30C1	WDFY2
MIR30B	MIR30C1	PHF12
MIR30B	MIR30C1	BIRC2
MIR30B	MIR30C1	RIOK3
MIR30B	MIR30C1	GCNT3
MIR30B	MIR30C1	GNPDA1
MIR30B	MIR30C1	SLC20A1
MIR30B	MIR30C1	PER2
MIR30B	MIR30C1	ZNF516
MIR30B	MIR30C1	LYRM2
MIR30B	MIR30C1	TACC1
MIR30B	MIR30C1	JADE3
MIR30B	MIR30C1	PDP2
MIR30B	MIR30C1	ZNF100
MIR30B	MIR30C1	TET3
MIR30B	MIR30C1	ARID4B
MIR30B	MIR30C1	CAPZA1
MIR30B	MIR30C1	AMOTL1
MIR30B	MIR30C1	ABCA12
MIR30B	MIR30C1	C11orf24
MIR30B	MIR30C1	UBE2K
MIR30B	MIR30C1	CCDC47
MIR30B	MIR30C1	NDEL1
MIR30B	MIR30C1	PREPL
MIR30B	MIR30C1	ZCCHC14
MIR30B	MIR30C1	ZDHHC21
MIR30B	MIR30C1	FAM208A
MIR30B	MIR30C1	BTRC
MIR30B	MIR30C1	IGF2R
MIR30B	MIR30C1	RAP2B
MIR30B	MIR30C1	TRIM44
MIR30B	MIR30C1	AKT1S1
MIR30B	MIR30C1	CYFIP2
MIR30B	MIR30C1	FBXO30
MIR30B	MIR30C1	USP34
MIR30B	MIR30C1	NKTR
MIR30B	MIR30C1	NUCKS1
MIR30B	MIR30C1	INSIG1
MIR30B	MIR30C1	GLS
MIR30B	MIR30C1	PABPC1
MIR30B	MIR30C1	SLCO5A1
MIR30B	MIR30C1	TNRC6A
MIR30B	MIR30C1	PHIP
MIR30B	MIR30C1	ASB1
MIR30B	MIR30C1	CMAS
MIR30B	MIR30C1	PHTF2
MIR30B	MIR30C1	MTRNR2L3
MIR30B	MIR30C1	NAPG
MIR30B	MIR30C1	SIAH1
MIR30B	MIR30C1	PDCL
MIR30B	MIR30C1	LCOR
MIR30B	MIR30C1	TAB2
MIR30B	MIR30C1	CD99
MIR30B	MIR30C1	ERLIN1
MIR30B	MIR30C1	CAMK2D
MIR30B	MIR30C1	C2CD2
MIR30B	MIR30C1	ILKAP
MIR30B	MIR30C1	URGCP
MIR30B	MIR30C1	BRD4
MIR30B	MIR30C1	PSME4
MIR30B	MIR30C1	GLCCI1
MIR30B	MIR30C1	NIPBL
MIR30B	MIR30C1	RAC1
MIR30B	MIR30C1	SMARCA5
MIR30B	MIR30C1	MAFG
MIR30B	MIR30C1	GFM1
MIR30B	MIR30C2	KLF9
MIR30B	MIR30C2	CHORDC1
MIR30B	MIR30C2	SON
MIR30B	MIR30C2	NAV1
MIR30B	MIR30C2	B4GALT4
MIR30B	MIR30C2	DYNC1LI2
MIR30B	MIR30C2	EPAS1
MIR30B	MIR30C2	TMEM131
MIR30B	MIR30C2	FAM160B1
MIR30B	MIR30C2	CAND1
MIR30B	MIR30C2	SYNGR3
MIR30B	MIR30C2	ZNF480
MIR30B	MIR30C2	CLN8
MIR30B	MIR30C2	SLC41A2
MIR30B	MIR30C2	HLA-DRA
MIR30B	MIR30C2	PRDM1
MIR30B	MIR30C2	DENND4C
MIR30B	MIR30C2	SOX4
MIR30B	MIR30C2	PLAGL2
MIR30B	MIR30C2	E2F7
MIR30B	MIR30C2	REV3L
MIR30B	MIR30C2	ADRA2A
MIR30B	MIR30C2	XPO1
MIR30B	MIR30C2	RHEBL1
MIR30B	MIR30C2	ZNF521
MIR30B	MIR30C2	KIAA0040
MIR30B	MIR30C2	SLC35D1
MIR30B	MIR30C2	IQCB1
MIR30B	MIR30C2	AVEN
MIR30B	MIR30C2	SPCS3
MIR30B	MIR30C2	EPG5
MIR30B	MIR30C2	SEC23A
MIR30B	MIR30C2	ELL2
MIR30B	MIR30C2	PDE7A
MIR30B	MIR30C2	PFN2
MIR30B	MIR30C2	CMTR2
MIR30B	MIR30C2	RBM12B
MIR30B	MIR30C2	RNF138
MIR30B	MIR30C2	RER1
MIR30B	MIR30C2	FAP
MIR30B	MIR30C2	TUBA1B
MIR30B	MIR30C2	RBM6
MIR30B	MIR30C2	BRCA2
MIR30B	MIR30C2	DCTN4
MIR30B	MIR30C2	CAPRIN1
MIR30B	MIR30C2	EIF3A
MIR30B	MIR30C2	ZNF354C
MIR30B	MIR30C2	SIDT2
MIR30B	MIR30C2	SNTB2
MIR30B	MIR30C2	WDR5
MIR30B	MIR30C2	LRP6
MIR30B	MIR30C2	MTRNR2L6
MIR30B	MIR30C2	JUNB
MIR30B	MIR30C2	BCL10
MIR30B	MIR30C2	HABP4
MIR30B	MIR30C2	CASP4
MIR30B	MIR30C2	FAM46A
MIR30B	MIR30C2	TMEM33
MIR30B	MIR30C2	TMEM87B
MIR30B	MIR30C2	MAP3K7
MIR30B	MIR30C2	PRRC2C
MIR30B	MIR30C2	PGM1
MIR30B	MIR30C2	SFXN1
MIR30B	MIR30C2	AVL9
MIR30B	MIR30C2	BAZ2B
MIR30B	MIR30C2	HBS1L
MIR30B	MIR30C2	NOVA1
MIR30B	MIR30C2	LSS
MIR30B	MIR30C2	CRMP1
MIR30B	MIR30C2	RASGRP3
MIR30B	MIR30C2	CDC27
MIR30B	MIR30C2	TMEM182
MIR30B	MIR30C2	DLGAP4
MIR30B	MIR30C2	ARPC4
MIR30B	MIR30C2	CPE
MIR30B	MIR30C2	IFNGR2
MIR30B	MIR30C2	KLHL5
MIR30B	MIR30C2	TRIM23
MIR30B	MIR30C2	WLS
MIR30B	MIR30C2	PRRX1
MIR30B	MIR30C2	AHR
MIR30B	MIR30C2	OSBPL3
MIR30B	MIR30C2	C7orf60
MIR30B	MIR30C2	TMEM56
MIR30B	MIR30C2	FOCAD
MIR30B	MIR30C2	GALNT7
MIR30B	MIR30C2	UBE3C
MIR30B	MIR30C2	SOCS1
MIR30B	MIR30C2	TMED10
MIR30B	MIR30C2	PLXNC1
MIR30B	MIR30C2	FRMD6
MIR30B	MIR30C2	STK35
MIR30B	MIR30C2	AXL
MIR30B	MIR30C2	TFPI2
MIR30B	MIR30C2	RPA2
MIR30B	MIR30C2	SRF
MIR30B	MIR30C2	PSMB1
MIR30B	MIR30C2	PIGA
MIR30B	MIR30C2	PLA2G12A
MIR30B	MIR30C2	TP53INP1
MIR30B	MIR30C2	DHX36
MIR30B	MIR30C2	SMARCAD1
MIR30B	MIR30C2	PPWD1
MIR30B	MIR30C2	RCOR3
MIR30B	MIR30C2	SSR3
MIR30B	MIR30C2	ZBTB18
MIR30B	MIR30C2	CHD9
MIR30B	MIR30C2	SRSF11
MIR30B	MIR30C2	MUM1
MIR30B	MIR30C2	ZNF746
MIR30B	MIR30C2	RAI14
MIR30B	MIR30C2	DDAH1
MIR30B	MIR30C2	TAOK1
MIR30B	MIR30C2	SCML1
MIR30B	MIR30C2	ZCCHC2
MIR30B	MIR30C2	MTRNR2L10
MIR30B	MIR30C2	PICALM
MIR30B	MIR30C2	DCUN1D3
MIR30B	MIR30C2	SUCO
MIR30B	MIR30C2	NT5DC3
MIR30B	MIR30C2	ELOVL5
MIR30B	MIR30C2	PLAA
MIR30B	MIR30C2	ZNF791
MIR30B	MIR30C2	AHNAK
MIR30B	MIR30C2	CBR4
MIR30B	MIR30C2	ARHGEF28
MIR30B	MIR30C2	ARID5B
MIR30B	MIR30C2	CUL5
MIR30B	MIR30C2	FAT1
MIR30B	MIR30C2	PAPOLA
MIR30B	MIR30C2	LHFPL2
MIR30B	MIR30C2	GNA13
MIR30B	MIR30C2	DENND5B
MIR30B	MIR30C2	SERINC3
MIR30B	MIR30C2	SLC12A6
MIR30B	MIR30C2	USP46
MIR30B	MIR30C2	PHF10
MIR30B	MIR30C2	GFPT2
MIR30B	MIR30C2	HN1L
MIR30B	MIR30C2	ATXN7L3B
MIR30B	MIR30C2	PPP2R2D
MIR30B	MIR30C2	HSP90AA1
MIR30B	MIR30C2	VEGFC
MIR30B	MIR30C2	PDGFRB
MIR30B	MIR30C2	ANTXR2
MIR30B	MIR30C2	RAB11A
MIR30B	MIR30C2	ASAP2
MIR30B	MIR30C2	MLXIP
MIR30B	MIR30C2	ZNF33A
MIR30B	MIR30C2	ANKRA2
MIR30B	MIR30C2	AKAP17A
MIR30B	MIR30C2	RNF122
MIR30B	MIR30C2	GIGYF1
MIR30B	MIR30C2	PIP4K2B
MIR30B	MIR30C2	WDR26
MIR30B	MIR30C2	FAM120A
MIR30B	MIR30C2	PARP1
MIR30B	MIR30C2	PHF20
MIR30B	MIR30C2	GPX3
MIR30B	MIR30C2	ASH1L
MIR30B	MIR30C2	GALNT2
MIR30B	MIR30C2	NOTCH1
MIR30B	MIR30C2	TECPR1
MIR30B	MIR30C2	SLC25A36
MIR30B	MIR30C2	FAF2
MIR30B	MIR30C2	DDIT4
MIR30B	MIR30C2	CCDC43
MIR30B	MIR30C2	METTL21B
MIR30B	MIR30C2	NEUROD1
MIR30B	MIR30C2	GALNT3
MIR30B	MIR30C2	SAMD4A
MIR30B	MIR30C2	FBXO45
MIR30B	MIR30C2	LNPEP
MIR30B	MIR30C2	YWHAG
MIR30B	MIR30C2	CELF3
MIR30B	MIR30C2	CNNM4
MIR30B	MIR30C2	ATL2
MIR30B	MIR30C2	CD274
MIR30B	MIR30C2	XPOT
MIR30B	MIR30C2	GNAI2
MIR30B	MIR30C2	GIGYF2
MIR30B	MIR30C2	NR3C1
MIR30B	MIR30C2	AGO2
MIR30B	MIR30C2	MIB1
MIR30B	MIR30C2	ZBTB7A
MIR30B	MIR30C2	RNF168
MIR30B	MIR30C2	SPATA13
MIR30B	MIR30C2	BIRC3
MIR30B	MIR30C2	TRAPPC2
MIR30B	MIR30C2	TSPYL4
MIR30B	MIR30C2	SMG1
MIR30B	MIR30C2	LEMD3
MIR30B	MIR30C2	NID1
MIR30B	MIR30C2	POLR1A
MIR30B	MIR30C2	TAOK3
MIR30B	MIR30C2	KIAA0355
MIR30B	MIR30C2	RALGPS2
MIR30B	MIR30C2	DLG5
MIR30B	MIR30C2	RGS1
MIR30B	MIR30C2	BRWD3
MIR30B	MIR30C2	HSPA5
MIR30B	MIR30C2	SSBP2
MIR30B	MIR30C2	IKZF2
MIR30B	MIR30C2	SEMA3A
MIR30B	MIR30C2	LMBR1
MIR30B	MIR30C2	SEC24A
MIR30B	MIR30C2	CCDC71L
MIR30B	MIR30C2	ATG9B
MIR30B	MIR30C2	NEDD4
MIR30B	MIR30C2	XRN1
MIR30B	MIR30C2	ZBTB25
MIR30B	MIR30C2	ZNF207
MIR30B	MIR30C2	DDX5
MIR30B	MIR30C2	C4orf3
MIR30B	MIR30C2	MYSM1
MIR30B	MIR30C2	GOLGA8B
MIR30B	MIR30C2	C9orf41
MIR30B	MIR30C2	RORA
MIR30B	MIR30C2	RRAGD
MIR30B	MIR30C2	IPO7
MIR30B	MIR30C2	FAM126A
MIR30B	MIR30C2	RASA1
MIR30B	MIR30C2	C6orf136
MIR30B	MIR30C2	TM4SF1
MIR30B	MIR30C2	RRM2B
MIR30B	MIR30C2	CDK6
MIR30B	MIR30C2	C2CD3
MIR30B	MIR30C2	SRSF7
MIR30B	MIR30C2	CXCL6
MIR30B	MIR30C2	SP3
MIR30B	MIR30C2	BCL6
MIR30B	MIR30C2	ZFX
MIR30B	MIR30C2	KAT7
MIR30B	MIR30C2	SOCS3
MIR30B	MIR30C2	DYNLT1
MIR30B	MIR30C2	MFSD11
MIR30B	MIR30C2	PTPN3
MIR30B	MIR30C2	CPT2
MIR30B	MIR30C2	PHACTR2
MIR30B	MIR30C2	TSPAN2
MIR30B	MIR30C2	RRM2
MIR30B	MIR30C2	RHOB
MIR30B	MIR30C2	KIAA0101
MIR30B	MIR30C2	AHI1
MIR30B	MIR30C2	TPM4
MIR30B	MIR30C2	CD226
MIR30B	MIR30C2	FNDC3A
MIR30B	MIR30C2	EML4
MIR30B	MIR30C2	PPP3CA
MIR30B	MIR30C2	GALNT1
MIR30B	MIR30C2	SEC31A
MIR30B	MIR30C2	CUL2
MIR30B	MIR30C2	NUP35
MIR30B	MIR30C2	MAN1A2
MIR30B	MIR30C2	BTLA
MIR30B	MIR30C2	AP3B1
MIR30B	MIR30C2	TPRG1L
MIR30B	MIR30C2	SURF4
MIR30B	MIR30C2	TMEM184C
MIR30B	MIR30C2	TMCC1
MIR30B	MIR30C2	FAM43A
MIR30B	MIR30C2	FUCA1
MIR30B	MIR30C2	ERCC5
MIR30B	MIR30C2	PRPF6
MIR30B	MIR30C2	RAB32
MIR30B	MIR30C2	PDSS2
MIR30B	MIR30C2	EEA1
MIR30B	MIR30C2	HNRNPM
MIR30B	MIR30C2	RNF220
MIR30B	MIR30C2	YIPF4
MIR30B	MIR30C2	MCM4
MIR30B	MIR30C2	FAM172A
MIR30B	MIR30C2	PHLDB2
MIR30B	MIR30C2	FAM73B
MIR30B	MIR30C2	H6PD
MIR30B	MIR30C2	FAM208B
MIR30B	MIR30C2	SH2B3
MIR30B	MIR30C2	MICAL2
MIR30B	MIR30C2	DGKH
MIR30B	MIR30C2	TRIP12
MIR30B	MIR30C2	TRIAP1
MIR30B	MIR30C2	BTG2
MIR30B	MIR30C2	YWHAZ
MIR30B	MIR30C2	BRWD1
MIR30B	MIR30C2	STK17B
MIR30B	MIR30C2	CCNT2
MIR30B	MIR30C2	AFF4
MIR30B	MIR30C2	ALDH2
MIR30B	MIR30C2	CTHRC1
MIR30B	MIR30C2	PANK3
MIR30B	MIR30C2	SEC23IP
MIR30B	MIR30C2	CFL2
MIR30B	MIR30C2	ATP5SL
MIR30B	MIR30C2	MYH9
MIR30B	MIR30C2	STRIP1
MIR30B	MIR30C2	PLBD2
MIR30B	MIR30C2	ZC3H12C
MIR30B	MIR30C2	FCHSD2
MIR30B	MIR30C2	LRRC8D
MIR30B	MIR30C2	PPP2R1B
MIR30B	MIR30C2	RASD1
MIR30B	MIR30C2	RASA2
MIR30B	MIR30C2	RCOR1
MIR30B	MIR30C2	UBE2V2
MIR30B	MIR30C2	WDFY2
MIR30B	MIR30C2	PHF12
MIR30B	MIR30C2	BIRC2
MIR30B	MIR30C2	RIOK3
MIR30B	MIR30C2	GCNT3
MIR30B	MIR30C2	GNPDA1
MIR30B	MIR30C2	SLC20A1
MIR30B	MIR30C2	PER2
MIR30B	MIR30C2	ZNF516
MIR30B	MIR30C2	LYRM2
MIR30B	MIR30C2	TACC1
MIR30B	MIR30C2	JADE3
MIR30B	MIR30C2	PDP2
MIR30B	MIR30C2	ZNF100
MIR30B	MIR30C2	TET3
MIR30B	MIR30C2	ARID4B
MIR30B	MIR30C2	CAPZA1
MIR30B	MIR30C2	AMOTL1
MIR30B	MIR30C2	ABCA12
MIR30B	MIR30C2	UBE2K
MIR30B	MIR30C2	CCDC47
MIR30B	MIR30C2	NDEL1
MIR30B	MIR30C2	PREPL
MIR30B	MIR30C2	ZCCHC14
MIR30B	MIR30C2	ZDHHC21
MIR30B	MIR30C2	FAM208A
MIR30B	MIR30C2	BTRC
MIR30B	MIR30C2	IGF2R
MIR30B	MIR30C2	RAP2B
MIR30B	MIR30C2	TRIM44
MIR30B	MIR30C2	AKT1S1
MIR30B	MIR30C2	CYFIP2
MIR30B	MIR30C2	FBXO30
MIR30B	MIR30C2	USP34
MIR30B	MIR30C2	NKTR
MIR30B	MIR30C2	INSIG1
MIR30B	MIR30C2	GLS
MIR30B	MIR30C2	PABPC1
MIR30B	MIR30C2	SLCO5A1
MIR30B	MIR30C2	TNRC6A
MIR30B	MIR30C2	PHIP
MIR30B	MIR30C2	ASB1
MIR30B	MIR30C2	CMAS
MIR30B	MIR30C2	PHTF2
MIR30B	MIR30C2	MTRNR2L3
MIR30B	MIR30C2	NAPG
MIR30B	MIR30C2	SIAH1
MIR30B	MIR30C2	PDCL
MIR30B	MIR30C2	LCOR
MIR30B	MIR30C2	CD99
MIR30B	MIR30C2	ERLIN1
MIR30B	MIR30C2	CAMK2D
MIR30B	MIR30C2	SNRNP200
MIR30B	MIR30C2	C2CD2
MIR30B	MIR30C2	ILKAP
MIR30B	MIR30C2	URGCP
MIR30B	MIR30C2	BRD4
MIR30B	MIR30C2	PSME4
MIR30B	MIR30C2	GLCCI1
MIR30B	MIR30C2	NIPBL
MIR30B	MIR30C2	RAC1
MIR30B	MIR30C2	SMARCA5
MIR30B	MIR30C2	MAFG
MIR30B	MIR30C2	GFM1
MIR30C1	MIR30C2	KLF9
MIR30C1	MIR30C2	CHORDC1
MIR30C1	MIR30C2	SON
MIR30C1	MIR30C2	NAV1
MIR30C1	MIR30C2	B4GALT4
MIR30C1	MIR30C2	DYNC1LI2
MIR30C1	MIR30C2	EPAS1
MIR30C1	MIR30C2	TMEM131
MIR30C1	MIR30C2	FAM160B1
MIR30C1	MIR30C2	CKAP5
MIR30C1	MIR30C2	CAND1
MIR30C1	MIR30C2	SYNGR3
MIR30C1	MIR30C2	ZNF480
MIR30C1	MIR30C2	CLN8
MIR30C1	MIR30C2	SLC41A2
MIR30C1	MIR30C2	HLA-DRA
MIR30C1	MIR30C2	MDC1
MIR30C1	MIR30C2	PRDM1
MIR30C1	MIR30C2	DENND4C
MIR30C1	MIR30C2	SOX4
MIR30C1	MIR30C2	AGPAT5
MIR30C1	MIR30C2	PLAGL2
MIR30C1	MIR30C2	FAM167A
MIR30C1	MIR30C2	E2F7
MIR30C1	MIR30C2	REV3L
MIR30C1	MIR30C2	ADRA2A
MIR30C1	MIR30C2	CMTM7
MIR30C1	MIR30C2	XPO1
MIR30C1	MIR30C2	RHEBL1
MIR30C1	MIR30C2	ZNF521
MIR30C1	MIR30C2	SFT2D2
MIR30C1	MIR30C2	EXT1
MIR30C1	MIR30C2	KIAA0040
MIR30C1	MIR30C2	SLC35D1
MIR30C1	MIR30C2	IQCB1
MIR30C1	MIR30C2	AVEN
MIR30C1	MIR30C2	TSPAN14
MIR30C1	MIR30C2	ELMSAN1
MIR30C1	MIR30C2	SPCS3
MIR30C1	MIR30C2	EPG5
MIR30C1	MIR30C2	SEC23A
MIR30C1	MIR30C2	ELL2
MIR30C1	MIR30C2	EIF3D
MIR30C1	MIR30C2	PDE7A
MIR30C1	MIR30C2	SERPINH1
MIR30C1	MIR30C2	PFN2
MIR30C1	MIR30C2	FOXJ2
MIR30C1	MIR30C2	CMTR2
MIR30C1	MIR30C2	RBM12B
MIR30C1	MIR30C2	RNF138
MIR30C1	MIR30C2	RER1
MIR30C1	MIR30C2	FAP
MIR30C1	MIR30C2	TUBA1B
MIR30C1	MIR30C2	RBM6
MIR30C1	MIR30C2	BRCA2
MIR30C1	MIR30C2	DCTN4
MIR30C1	MIR30C2	CAPRIN1
MIR30C1	MIR30C2	EIF3A
MIR30C1	MIR30C2	ZNF354C
MIR30C1	MIR30C2	SLC25A29
MIR30C1	MIR30C2	SIDT2
MIR30C1	MIR30C2	SNTB2
MIR30C1	MIR30C2	BDKRB2
MIR30C1	MIR30C2	WDR5
MIR30C1	MIR30C2	LRP6
MIR30C1	MIR30C2	MTRNR2L6
MIR30C1	MIR30C2	JUNB
MIR30C1	MIR30C2	BCL10
MIR30C1	MIR30C2	HABP4
MIR30C1	MIR30C2	CASP4
MIR30C1	MIR30C2	FAM46A
MIR30C1	MIR30C2	TMEM33
MIR30C1	MIR30C2	TMEM87B
MIR30C1	MIR30C2	MAP3K7
MIR30C1	MIR30C2	PRRC2C
MIR30C1	MIR30C2	PGM1
MIR30C1	MIR30C2	TRIM4
MIR30C1	MIR30C2	SFXN1
MIR30C1	MIR30C2	AVL9
MIR30C1	MIR30C2	BAZ2B
MIR30C1	MIR30C2	CASR
MIR30C1	MIR30C2	B3GNT5
MIR30C1	MIR30C2	HBS1L
MIR30C1	MIR30C2	NOVA1
MIR30C1	MIR30C2	LSS
MIR30C1	MIR30C2	CRMP1
MIR30C1	MIR30C2	RASGRP3
MIR30C1	MIR30C2	CDC27
MIR30C1	MIR30C2	TMEM182
MIR30C1	MIR30C2	DLGAP4
MIR30C1	MIR30C2	ARPC4
MIR30C1	MIR30C2	CPE
MIR30C1	MIR30C2	IFNGR2
MIR30C1	MIR30C2	KLHL5
MIR30C1	MIR30C2	TRIM23
MIR30C1	MIR30C2	WLS
MIR30C1	MIR30C2	PRDX3
MIR30C1	MIR30C2	PRRX1
MIR30C1	MIR30C2	AHR
MIR30C1	MIR30C2	OSBPL3
MIR30C1	MIR30C2	C7orf60
MIR30C1	MIR30C2	DCBLD2
MIR30C1	MIR30C2	TMEM56
MIR30C1	MIR30C2	FOCAD
MIR30C1	MIR30C2	GALNT7
MIR30C1	MIR30C2	UBE3C
MIR30C1	MIR30C2	SOCS1
MIR30C1	MIR30C2	TMED10
MIR30C1	MIR30C2	PLXNC1
MIR30C1	MIR30C2	FRMD6
MIR30C1	MIR30C2	STK35
MIR30C1	MIR30C2	AXL
MIR30C1	MIR30C2	TFPI2
MIR30C1	MIR30C2	RPA2
MIR30C1	MIR30C2	SRF
MIR30C1	MIR30C2	PSMB1
MIR30C1	MIR30C2	PIGA
MIR30C1	MIR30C2	PLA2G12A
MIR30C1	MIR30C2	ZNF652
MIR30C1	MIR30C2	TP53INP1
MIR30C1	MIR30C2	DHX36
MIR30C1	MIR30C2	BAZ1B
MIR30C1	MIR30C2	SMARCAD1
MIR30C1	MIR30C2	PPWD1
MIR30C1	MIR30C2	RCOR3
MIR30C1	MIR30C2	SSR3
MIR30C1	MIR30C2	MCM3AP
MIR30C1	MIR30C2	CHD9
MIR30C1	MIR30C2	SRSF11
MIR30C1	MIR30C2	ZBTB18
MIR30C1	MIR30C2	MUM1
MIR30C1	MIR30C2	PARD6B
MIR30C1	MIR30C2	ZNF746
MIR30C1	MIR30C2	RAI14
MIR30C1	MIR30C2	HNRNPC
MIR30C1	MIR30C2	TBC1D20
MIR30C1	MIR30C2	FGF2
MIR30C1	MIR30C2	DDAH1
MIR30C1	MIR30C2	CORO1C
MIR30C1	MIR30C2	TAOK1
MIR30C1	MIR30C2	RAPH1
MIR30C1	MIR30C2	SCML1
MIR30C1	MIR30C2	ZCCHC2
MIR30C1	MIR30C2	MTRNR2L10
MIR30C1	MIR30C2	PICALM
MIR30C1	MIR30C2	DCUN1D3
MIR30C1	MIR30C2	SUCO
MIR30C1	MIR30C2	NT5DC3
MIR30C1	MIR30C2	ELOVL5
MIR30C1	MIR30C2	PLAA
MIR30C1	MIR30C2	ZNF281
MIR30C1	MIR30C2	ZNF791
MIR30C1	MIR30C2	AHNAK
MIR30C1	MIR30C2	CBR4
MIR30C1	MIR30C2	ARHGEF28
MIR30C1	MIR30C2	ARID5B
MIR30C1	MIR30C2	CUL5
MIR30C1	MIR30C2	FAT1
MIR30C1	MIR30C2	PAPOLA
MIR30C1	MIR30C2	LHFPL2
MIR30C1	MIR30C2	SUN2
MIR30C1	MIR30C2	ACSL4
MIR30C1	MIR30C2	GNA13
MIR30C1	MIR30C2	DENND5B
MIR30C1	MIR30C2	SERINC3
MIR30C1	MIR30C2	SLC12A6
MIR30C1	MIR30C2	USP46
MIR30C1	MIR30C2	PHF10
MIR30C1	MIR30C2	GFPT2
MIR30C1	MIR30C2	MYO6
MIR30C1	MIR30C2	PNKD
MIR30C1	MIR30C2	HN1L
MIR30C1	MIR30C2	ATXN7L3B
MIR30C1	MIR30C2	PPP2R2D
MIR30C1	MIR30C2	HSP90AA1
MIR30C1	MIR30C2	VEGFC
MIR30C1	MIR30C2	PDGFRB
MIR30C1	MIR30C2	ANTXR2
MIR30C1	MIR30C2	RPS3
MIR30C1	MIR30C2	BCAR3
MIR30C1	MIR30C2	RAB11A
MIR30C1	MIR30C2	APLN
MIR30C1	MIR30C2	ASAP2
MIR30C1	MIR30C2	MLXIP
MIR30C1	MIR30C2	ZNF33A
MIR30C1	MIR30C2	ANKRA2
MIR30C1	MIR30C2	AKAP17A
MIR30C1	MIR30C2	USP37
MIR30C1	MIR30C2	RNF122
MIR30C1	MIR30C2	GIGYF1
MIR30C1	MIR30C2	PIP4K2B
MIR30C1	MIR30C2	WDR26
MIR30C1	MIR30C2	FAM120A
MIR30C1	MIR30C2	STX3
MIR30C1	MIR30C2	PARP1
MIR30C1	MIR30C2	PHF20
MIR30C1	MIR30C2	GPX3
MIR30C1	MIR30C2	ASH1L
MIR30C1	MIR30C2	GALNT2
MIR30C1	MIR30C2	KLHDC10
MIR30C1	MIR30C2	NOTCH1
MIR30C1	MIR30C2	TECPR1
MIR30C1	MIR30C2	SLC25A36
MIR30C1	MIR30C2	FAF2
MIR30C1	MIR30C2	DDIT4
MIR30C1	MIR30C2	CCDC43
MIR30C1	MIR30C2	METTL21B
MIR30C1	MIR30C2	NEUROD1
MIR30C1	MIR30C2	GALNT3
MIR30C1	MIR30C2	C1QBP
MIR30C1	MIR30C2	SAMD4A
MIR30C1	MIR30C2	FBXO45
MIR30C1	MIR30C2	LNPEP
MIR30C1	MIR30C2	YWHAG
MIR30C1	MIR30C2	CELF3
MIR30C1	MIR30C2	CNNM4
MIR30C1	MIR30C2	ATL2
MIR30C1	MIR30C2	CD274
MIR30C1	MIR30C2	XPOT
MIR30C1	MIR30C2	GNAI2
MIR30C1	MIR30C2	GIGYF2
MIR30C1	MIR30C2	ZBTB7A
MIR30C1	MIR30C2	AGO2
MIR30C1	MIR30C2	MIB1
MIR30C1	MIR30C2	NR3C1
MIR30C1	MIR30C2	RNF168
MIR30C1	MIR30C2	SPATA13
MIR30C1	MIR30C2	BIRC3
MIR30C1	MIR30C2	TRAPPC2
MIR30C1	MIR30C2	TSPYL4
MIR30C1	MIR30C2	SMG1
MIR30C1	MIR30C2	LEMD3
MIR30C1	MIR30C2	OPA3
MIR30C1	MIR30C2	NID1
MIR30C1	MIR30C2	POLR1A
MIR30C1	MIR30C2	GTF3C4
MIR30C1	MIR30C2	TAOK3
MIR30C1	MIR30C2	KIAA0355
MIR30C1	MIR30C2	RALGPS2
MIR30C1	MIR30C2	DLG5
MIR30C1	MIR30C2	RGS1
MIR30C1	MIR30C2	BRWD3
MIR30C1	MIR30C2	HSPA5
MIR30C1	MIR30C2	SSBP2
MIR30C1	MIR30C2	IKZF2
MIR30C1	MIR30C2	SEMA3A
MIR30C1	MIR30C2	LMBR1
MIR30C1	MIR30C2	SEC24A
MIR30C1	MIR30C2	CCDC71L
MIR30C1	MIR30C2	ATG9B
MIR30C1	MIR30C2	NEDD4
MIR30C1	MIR30C2	ATF7IP
MIR30C1	MIR30C2	XRN1
MIR30C1	MIR30C2	ZBTB25
MIR30C1	MIR30C2	ZNF207
MIR30C1	MIR30C2	PEG10
MIR30C1	MIR30C2	DDX5
MIR30C1	MIR30C2	C4orf3
MIR30C1	MIR30C2	MYSM1
MIR30C1	MIR30C2	HNRNPUL1
MIR30C1	MIR30C2	GOLGA8B
MIR30C1	MIR30C2	EIF2A
MIR30C1	MIR30C2	C9orf41
MIR30C1	MIR30C2	RORA
MIR30C1	MIR30C2	RRAGD
MIR30C1	MIR30C2	IPO7
MIR30C1	MIR30C2	FAM126A
MIR30C1	MIR30C2	RASA1
MIR30C1	MIR30C2	ST8SIA3
MIR30C1	MIR30C2	C6orf136
MIR30C1	MIR30C2	DOPEY1
MIR30C1	MIR30C2	TM4SF1
MIR30C1	MIR30C2	RRM2B
MIR30C1	MIR30C2	CDK6
MIR30C1	MIR30C2	C2CD3
MIR30C1	MIR30C2	SERPINE1
MIR30C1	MIR30C2	SRSF7
MIR30C1	MIR30C2	CXCL6
MIR30C1	MIR30C2	SP3
MIR30C1	MIR30C2	BCL6
MIR30C1	MIR30C2	ZFX
MIR30C1	MIR30C2	SRRM1
MIR30C1	MIR30C2	KAT7
MIR30C1	MIR30C2	SOCS3
MIR30C1	MIR30C2	DYNLT1
MIR30C1	MIR30C2	MARK2
MIR30C1	MIR30C2	MFSD11
MIR30C1	MIR30C2	POLQ
MIR30C1	MIR30C2	PTPN3
MIR30C1	MIR30C2	CPT2
MIR30C1	MIR30C2	PHACTR2
MIR30C1	MIR30C2	TSPAN2
MIR30C1	MIR30C2	RRM2
MIR30C1	MIR30C2	RHOB
MIR30C1	MIR30C2	KIAA0101
MIR30C1	MIR30C2	AHI1
MIR30C1	MIR30C2	TPM4
MIR30C1	MIR30C2	CD226
MIR30C1	MIR30C2	FNDC3A
MIR30C1	MIR30C2	SESN2
MIR30C1	MIR30C2	CLEC2D
MIR30C1	MIR30C2	EML4
MIR30C1	MIR30C2	PPP3CA
MIR30C1	MIR30C2	PTP4A1
MIR30C1	MIR30C2	GALNT1
MIR30C1	MIR30C2	SEC31A
MIR30C1	MIR30C2	CUL2
MIR30C1	MIR30C2	NUP35
MIR30C1	MIR30C2	MAN1A2
MIR30C1	MIR30C2	BTLA
MIR30C1	MIR30C2	AP3B1
MIR30C1	MIR30C2	TPRG1L
MIR30C1	MIR30C2	SURF4
MIR30C1	MIR30C2	TMEM184C
MIR30C1	MIR30C2	TMCC1
MIR30C1	MIR30C2	FAM43A
MIR30C1	MIR30C2	FOSB
MIR30C1	MIR30C2	ERCC5
MIR30C1	MIR30C2	FUCA1
MIR30C1	MIR30C2	PRPF6
MIR30C1	MIR30C2	RAB32
MIR30C1	MIR30C2	HUWE1
MIR30C1	MIR30C2	PDSS2
MIR30C1	MIR30C2	QSER1
MIR30C1	MIR30C2	EEA1
MIR30C1	MIR30C2	HNRNPM
MIR30C1	MIR30C2	KLHL15
MIR30C1	MIR30C2	RNF220
MIR30C1	MIR30C2	LIN9
MIR30C1	MIR30C2	YIPF4
MIR30C1	MIR30C2	FAM172A
MIR30C1	MIR30C2	PHLDB2
MIR30C1	MIR30C2	FAM73B
MIR30C1	MIR30C2	H6PD
MIR30C1	MIR30C2	FAM208B
MIR30C1	MIR30C2	TRMT10C
MIR30C1	MIR30C2	PHC3
MIR30C1	MIR30C2	SH2B3
MIR30C1	MIR30C2	TMED7
MIR30C1	MIR30C2	MICAL2
MIR30C1	MIR30C2	DGKH
MIR30C1	MIR30C2	TRIP12
MIR30C1	MIR30C2	FAM134C
MIR30C1	MIR30C2	TRIAP1
MIR30C1	MIR30C2	STRADB
MIR30C1	MIR30C2	BTG2
MIR30C1	MIR30C2	YWHAZ
MIR30C1	MIR30C2	BRWD1
MIR30C1	MIR30C2	KLHL42
MIR30C1	MIR30C2	STK17B
MIR30C1	MIR30C2	CCNT2
MIR30C1	MIR30C2	AFF4
MIR30C1	MIR30C2	ALDH2
MIR30C1	MIR30C2	CTHRC1
MIR30C1	MIR30C2	PANK3
MIR30C1	MIR30C2	SEC23IP
MIR30C1	MIR30C2	CFL2
MIR30C1	MIR30C2	ATP5SL
MIR30C1	MIR30C2	PID1
MIR30C1	MIR30C2	MYH9
MIR30C1	MIR30C2	STRIP1
MIR30C1	MIR30C2	PLBD2
MIR30C1	MIR30C2	ZC3H12C
MIR30C1	MIR30C2	FCHSD2
MIR30C1	MIR30C2	LRRC8D
MIR30C1	MIR30C2	PPP2R1B
MIR30C1	MIR30C2	RASD1
MIR30C1	MIR30C2	RASA2
MIR30C1	MIR30C2	PPP1R12A
MIR30C1	MIR30C2	TIMP2
MIR30C1	MIR30C2	RCOR1
MIR30C1	MIR30C2	UBE2V2
MIR30C1	MIR30C2	WDFY2
MIR30C1	MIR30C2	PHF12
MIR30C1	MIR30C2	BIRC2
MIR30C1	MIR30C2	RIOK3
MIR30C1	MIR30C2	GCNT3
MIR30C1	MIR30C2	GNPDA1
MIR30C1	MIR30C2	SLC20A1
MIR30C1	MIR30C2	PER2
MIR30C1	MIR30C2	ZNF516
MIR30C1	MIR30C2	LYRM2
MIR30C1	MIR30C2	TACC1
MIR30C1	MIR30C2	JADE3
MIR30C1	MIR30C2	PDP2
MIR30C1	MIR30C2	ZNF100
MIR30C1	MIR30C2	TET3
MIR30C1	MIR30C2	ARID4B
MIR30C1	MIR30C2	CAPZA1
MIR30C1	MIR30C2	BDP1
MIR30C1	MIR30C2	AMOTL1
MIR30C1	MIR30C2	ABCA12
MIR30C1	MIR30C2	C16orf70
MIR30C1	MIR30C2	UBE2K
MIR30C1	MIR30C2	CCDC47
MIR30C1	MIR30C2	NDEL1
MIR30C1	MIR30C2	PREPL
MIR30C1	MIR30C2	ZCCHC14
MIR30C1	MIR30C2	ZDHHC21
MIR30C1	MIR30C2	FAM208A
MIR30C1	MIR30C2	CCDC117
MIR30C1	MIR30C2	BTRC
MIR30C1	MIR30C2	IGF2R
MIR30C1	MIR30C2	RAP2B
MIR30C1	MIR30C2	TRIM44
MIR30C1	MIR30C2	AKT1S1
MIR30C1	MIR30C2	CYFIP2
MIR30C1	MIR30C2	FBXO30
MIR30C1	MIR30C2	USP34
MIR30C1	MIR30C2	NKTR
MIR30C1	MIR30C2	INSIG1
MIR30C1	MIR30C2	GLS
MIR30C1	MIR30C2	PABPC1
MIR30C1	MIR30C2	SLCO5A1
MIR30C1	MIR30C2	TNRC6A
MIR30C1	MIR30C2	PHIP
MIR30C1	MIR30C2	PTBP3
MIR30C1	MIR30C2	ASB1
MIR30C1	MIR30C2	CMAS
MIR30C1	MIR30C2	PHTF2
MIR30C1	MIR30C2	MTRNR2L3
MIR30C1	MIR30C2	NAPG
MIR30C1	MIR30C2	SIAH1
MIR30C1	MIR30C2	PDCL
MIR30C1	MIR30C2	MLXIPL
MIR30C1	MIR30C2	SLC3A2
MIR30C1	MIR30C2	LCOR
MIR30C1	MIR30C2	STARD7
MIR30C1	MIR30C2	CD99
MIR30C1	MIR30C2	ERLIN1
MIR30C1	MIR30C2	CAMK2D
MIR30C1	MIR30C2	C2CD2
MIR30C1	MIR30C2	ILKAP
MIR30C1	MIR30C2	URGCP
MIR30C1	MIR30C2	BRD4
MIR30C1	MIR30C2	PSME4
MIR30C1	MIR30C2	GLCCI1
MIR30C1	MIR30C2	NIPBL
MIR30C1	MIR30C2	RAC1
MIR30C1	MIR30C2	SMARCA5
MIR30C1	MIR30C2	MAFG
MIR30C1	MIR30C2	GFM1
MIR30C1	MIR30C2	SNAI1
MIR30C1	MIR30C2	MDN1
MIR33A	MIR33B	HCFC2
MIR33A	MIR33B	SNX25
MIR33A	MIR33B	PHC3
MIR33A	MIR33B	NBEAL2
MIR33A	MIR33B	AP1G1
MIR33A	MIR33B	EIF2S2
MIR33A	MIR33B	PRDM2
MIR33A	MIR33B	KAT6A
MIR33A	MIR33B	PAFAH1B2
MIR33A	MIR33B	PPARA
MIR33A	MIR33B	FOXN3
MIR33A	MIR33B	UBR4
MIR33A	MIR33B	ZNF121
MIR33A	MIR33B	PURB
MIR33A	MIR33B	CREBRF
MIR33A	MIR33B	TET2
MIR33A	MIR33B	UTP14C
MIR33A	MIR33B	ZNF217
MIR33A	MIR33B	WDR53
MIR33A	MIR33B	MAPK6
MIR33A	MIR33B	PTAR1
MIR33A	MIR33B	FAM175B
MIR33A	MIR33B	PABPN1
MIR33A	MIR33B	HERPUD1
MIR33A	MIR33B	PURA
MIR33A	MIR33B	HADHB
MIR33A	MIR33B	APEH
MIR33A	MIR33B	PAFAH1B1
MIR33A	MIR33B	ARF6
MIR33A	MIR33B	FBXW7
MIR33A	MIR33B	ZNF394
MIR33A	MIR33B	SEMA7A
MIR33A	MIR33B	PIM1
MIR33A	MIR33B	TROVE2
MIR33A	MIR33B	MOB3A
MIR33A	MIR33B	ZYG11B
MIR33A	MIR33B	CSNK1A1
MIR33A	MIR33B	VCP
MIR33A	MIR33B	MORF4L2
MIR33A	MIR33B	CDK6
MIR33A	MIR33B	RAB3B
MIR33A	MIR33B	ATF7
MIR33A	MIR33B	HMGCR
MIR33A	MIR33B	BIRC6
MIR33A	MIR33B	CMKLR1
MIR33A	MIR33B	ARID5B
MIR33A	MIR33B	CDK19
MIR33A	MIR33B	ZBTB43
MIR33A	MIR33B	SLC25A12
MIR33A	MIR33B	STK38
MIR33A	MIR33B	IER5
MIR33A	MIR33B	PPM1A
MIR33A	MIR33B	AHRR
MIR33A	MIR33B	ARSK
MIR33A	MIR33B	BUB1B
MIR33A	MIR33B	CACNA1D
MIR33A	MIR33B	WDR7
MIR33A	MIR33B	SLC30A1
MIR33A	MIR33B	MIEF1
MIR33A	MIR33B	MLLT10
MIR33A	MIR33B	TNRC6A
MIR33A	MIR33B	FAM210A
MIR33A	MIR33B	EPM2AIP1
MIR33A	MIR33B	ARL3
MIR33A	MIR33B	IFNAR2
MIR33A	MIR33B	MAP3K7
MIR33A	MIR33B	CCDC88A
MIR33A	MIR33B	PEX26
MIR33A	MIR33B	PCM1
MIR33A	MIR33B	CAMTA1
MIR33A	MIR33B	HIC1
MIR33A	MIR33B	PCNX
MIR33A	MIR33B	TNRC6C
MIR33A	MIR33B	CNTN1
MIR33A	MIR33B	ANAPC16
MIR33A	MIR33B	GLCCI1
MIR33A	MIR33B	MMD
MIR33A	MIR33B	ZNF570
MIR33A	MIR33B	RNF19A
MIR25	MIR363	PALLD
MIR25	MIR363	PCMTD1
MIR25	MIR363	RAD21
MIR25	MIR363	RAB8B
MIR25	MIR363	DNAJB9
MIR25	MIR363	CD69
MIR25	MIR363	GOLGA3
MIR25	MIR363	DDX3X
MIR25	MIR363	IKZF2
MIR25	MIR363	KLF4
MIR25	MIR363	RSBN1
MIR25	MIR363	FAM20C
MIR25	MIR363	SH3PXD2A
MIR25	MIR363	EFR3A
MIR25	MIR363	NECAP1
MIR25	MIR363	LRPAP1
MIR25	MIR363	ITGAV
MIR25	MIR363	ZNF470
MIR25	MIR363	FOXJ3
MIR25	MIR363	MAN2A1
MIR25	MIR363	GOLGA1
MIR25	MIR363	HNF1B
MIR25	MIR363	FBXW7
MIR25	MIR363	FAM135A
MIR25	MIR363	BTG2
MIR25	MIR363	ERGIC2
MIR25	MIR363	TRAM2
MIR25	MIR363	MYO18A
MIR25	MIR363	UBE2W
MIR25	MIR363	DENND4B
MIR25	MIR363	DSTYK
MIR25	MIR363	KIF5B
MIR25	MIR363	ASH1L
MIR25	MIR363	PSMB1
MIR25	MIR363	DCAF6
MIR25	MIR363	USP45
MIR25	MIR363	SSFA2
MIR25	MIR363	SRPR
MIR25	MIR363	ITGA5
MIR25	MIR363	BCL2L11
MIR25	MIR363	SOX4
MIR25	MIR363	ARHGEF10
MIR25	MIR363	PRDM15
MIR25	MIR363	MCOLN2
MIR25	MIR363	SIK2
MIR25	MIR363	ARL5B
MIR25	MIR363	CHST9
MIR25	MIR363	CDC27
MIR25	MIR363	DSTN
MIR25	MIR363	HIPK3
MIR25	MIR363	MMD
MIR25	MIR363	G3BP2
MIR25	MIR363	SEC23A
MIR25	MIR363	C21orf91
MIR25	MIR363	APPL1
MIR25	MIR363	SNX13
MIR25	MIR363	FNDC3B
MIR25	MIR363	UTP15
MIR25	MIR363	DUSP5
MIR25	MIR363	BCL11A
MIR25	MIR363	TLN1
MIR25	MIR363	SLFN5
MIR25	MIR363	RIC1
MIR25	MIR363	COL1A2
MIR25	MIR363	ZFC3H1
MIR25	MIR363	ARFGEF2
MIR25	MIR363	TBL1XR1
MIR25	MIR363	E2F3
MIR25	MIR363	FAM126B
MIR25	MIR367	ARL5B
MIR363	MIR367	ARL5B
MIR365A	MIR365B	PIP5K1B
MIR365A	MIR365B	C11orf30
MIR365A	MIR365B	RABGGTA
MIR365A	MIR365B	PCNP
MIR365A	MIR365B	ZNF680
MIR365A	MIR365B	SCAF11
MIR365A	MIR365B	TBC1D31
MIR365A	MIR365B	AP1G1
MIR365A	MIR365B	HDGF
MIR365A	MIR365B	NR3C1
MIR365A	MIR365B	KAT2A
MIR365A	MIR365B	PIKFYVE
MIR365A	MIR365B	COQ10B
MIR365A	MIR365B	E2F2
MIR365A	MIR365B	NUFIP2
MIR365A	MIR365B	ANKRD11
MIR365A	MIR365B	KAT6A
MIR365A	MIR365B	TMX1
MIR365A	MIR365B	H2AFY
MIR365A	MIR365B	PPP1CC
MIR365A	MIR365B	CLCN3
MIR365A	MIR365B	YWHAZ
MIR365A	MIR365B	RPA2
MIR365A	MIR365B	KANSL1
MIR365A	MIR365B	BRWD1
MIR365A	MIR365B	ANKFY1
MIR365A	MIR365B	YRDC
MIR365A	MIR365B	DMXL2
MIR365A	MIR365B	LPP
MIR365A	MIR365B	DHX36
MIR365A	MIR365B	REL
MIR365A	MIR365B	TAOK3
MIR365A	MIR365B	MCOLN2
MIR365A	MIR365B	SCAMP1
MIR365A	MIR365B	EDEM3
MIR365A	MIR365B	PLAGL2
MIR365A	MIR365B	KIAA1033
MIR365A	MIR365B	PTPN6
MIR365A	MIR365B	H2AFX
MIR365A	MIR365B	KIF3A
MIR365A	MIR365B	UTP14C
MIR365A	MIR365B	ZKSCAN1
MIR365A	MIR365B	RAB21
MIR365A	MIR365B	BAG2
MIR365A	MIR365B	SRSF11
MIR365A	MIR365B	PANK3
MIR365A	MIR365B	ZNF644
MIR365A	MIR365B	PRKCB
MIR365A	MIR365B	SYNE2
MIR365A	MIR365B	IRF8
MIR365A	MIR365B	DPH6
MIR365A	MIR365B	MICB
MIR365A	MIR365B	PAICS
MIR365A	MIR365B	ST6GAL1
MIR365A	MIR365B	ZDBF2
MIR365A	MIR365B	TMX4
MIR365A	MIR365B	ASF1A
MIR365A	MIR365B	EIF2AK2
MIR365A	MIR365B	TLR3
MIR365A	MIR365B	GYG1
MIR365A	MIR365B	TBC1D14
MIR365A	MIR365B	SLC43A3
MIR365A	MIR365B	SLAMF1
MIR365A	MIR365B	DSE
MIR365A	MIR365B	CLNS1A
MIR365A	MIR365B	SLC10A7
MIR365A	MIR365B	PRRC1
MIR365A	MIR365B	RSBN1L
MIR365A	MIR365B	MYLIP
MIR365A	MIR365B	ATF2
MIR365A	MIR365B	C3orf17
MIR365A	MIR365B	RBM15B
MIR365A	MIR365B	CBFB
MIR365A	MIR365B	CHD6
MIR365A	MIR365B	SLC5A3
MIR365A	MIR365B	NFIA
MIR365A	MIR365B	KCNN3
MIR365A	MIR365B	FBXO46
MIR365A	MIR365B	ETS1
MIR365A	MIR365B	FAM126B
MIR365A	MIR365B	ELMO1
MIR365A	MIR365B	PPP2CB
MIR365A	MIR365B	SAAL1
MIR365A	MIR365B	MPZL1
MIR365A	MIR365B	DCTN1
MIR365A	MIR365B	RNF138
MIR365A	MIR365B	VGLL4
MIR365A	MIR365B	PAQR8
MIR365A	MIR365B	PAPOLA
MIR365A	MIR365B	L2HGDH
MIR365A	MIR365B	BCL2
MIR365A	MIR365B	PSIP1
MIR365A	MIR365B	TRPS1
MIR365A	MIR365B	SRRM1
MIR365A	MIR365B	GTPBP4
MIR365A	MIR365B	SOX9
MIR365A	MIR365B	MARK2
MIR365A	MIR365B	ADPRH
MIR365A	MIR365B	FEZ2
MIR365A	MIR365B	PTEN
MIR365A	MIR365B	PTPRJ
MIR365A	MIR365B	SSX2IP
MIR365A	MIR365B	SLC35C2
MIR365A	MIR365B	LRRC8B
MIR365A	MIR365B	PSME3
MIR365A	MIR365B	DLD
MIR365A	MIR365B	SEC11C
MIR365A	MIR365B	SHOC2
MIR365A	MIR365B	EPC1
MIR365A	MIR365B	PTPN12
MIR365A	MIR365B	MVP
MIR365A	MIR365B	RIF1
MIR365A	MIR365B	G3BP1
MIR365A	MIR365B	CTTNBP2NL
MIR365A	MIR365B	ZZEF1
MIR365A	MIR365B	RIT1
MIR365A	MIR365B	TRAM1
MIR365A	MIR365B	SSTR2
MIR365A	MIR365B	CCND2
MIR365A	MIR365B	USP14
MIR365A	MIR365B	NUPL1
MIR365A	MIR365B	RAPGEF6
MIR365A	MIR365B	SH3PXD2A
MIR365A	MIR365B	FNBP1
MIR365A	MIR365B	OXR1
MIR365A	MIR365B	AZI2
MIR365A	MIR365B	LCOR
MIR365A	MIR365B	HIPK2
MIR365A	MIR365B	MDM2
MIR365A	MIR365B	CHD8
MIR365A	MIR365B	TNFRSF10A
MIR365A	MIR365B	TECPR1
MIR365A	MIR365B	LARS
MIR365A	MIR365B	TAPBP
MIR365A	MIR365B	GFOD1
MIR365A	MIR365B	SLC11A2
MIR365A	MIR365B	LYSMD3
MIR365A	MIR365B	RAC1
MIR365A	MIR365B	MMD
MIR365A	MIR365B	CHD1
MIR365A	MIR365B	C2orf43
MIR365A	MIR365B	DPYD
MIR365A	MIR365B	WIPI2
MIR365A	MIR365B	UBAC2
MIR551A	MIR551B	NDST1
MIR551A	MIR551B	RGMB
MIR7-1	MIR7-3	GLTSCR1
MIR7-1	MIR7-3	CHORDC1
MIR7-1	MIR7-3	TULP4
MIR7-1	MIR7-3	EPAS1
MIR7-1	MIR7-3	ZNF549
MIR7-1	MIR7-3	PRDM2
MIR7-1	MIR7-3	BRMS1L
MIR7-1	MIR7-3	FDPS
MIR7-1	MIR7-3	DSG2
MIR7-1	MIR7-3	ANKRD10
MIR7-1	MIR7-3	PRKAR1A
MIR7-1	MIR7-3	UBR4
MIR7-1	MIR7-3	ATP9A
MIR7-1	MIR7-3	ZEB1
MIR7-1	MIR7-3	FTL
MIR7-1	MIR7-3	ZBTB37
MIR7-1	MIR7-3	PRKCE
MIR7-1	MIR7-3	CCT4
MIR7-1	MIR7-3	OSBPL9
MIR7-1	MIR7-3	CD63
MIR7-1	MIR7-3	SYVN1
MIR7-1	MIR7-3	B4GALT5
MIR7-1	MIR7-3	SOGA3
MIR7-1	MIR7-3	SIRT5
MIR7-1	MIR7-3	KLHL8
MIR7-1	MIR7-3	BTBD7
MIR7-1	MIR7-3	LRRC58
MIR7-1	MIR7-3	UBE2Z
MIR7-1	MIR7-3	SIRT1
MIR7-1	MIR7-3	DCAF7
MIR7-1	MIR7-3	SEC23A
MIR7-1	MIR7-3	LBH
MIR7-1	MIR7-3	ZBTB4
MIR7-1	MIR7-3	MESDC1
MIR7-1	MIR7-3	FEM1B
MIR7-1	MIR7-3	SLC5A3
MIR7-1	MIR7-3	PFN2
MIR7-1	MIR7-3	ZBTB22
MIR7-1	MIR7-3	SLC44A1
MIR7-1	MIR7-3	RRAS2
MIR7-1	MIR7-3	BCL2
MIR7-1	MIR7-3	SGK3
MIR7-1	MIR7-3	TGOLN2
MIR7-1	MIR7-3	DLC1
MIR7-1	MIR7-3	USP22
MIR7-1	MIR7-3	TRAF4
MIR7-1	MIR7-3	TMEM97
MIR7-1	MIR7-3	SLC30A6
MIR7-1	MIR7-3	SDE2
MIR7-1	MIR7-3	RPL15
MIR7-1	MIR7-3	RIF1
MIR7-1	MIR7-3	PIGH
MIR7-1	MIR7-3	HIST1H2BI
MIR7-1	MIR7-3	DAZAP1
MIR7-1	MIR7-3	WDR82
MIR7-1	MIR7-3	CD47
MIR7-1	MIR7-3	ATP2C1
MIR7-1	MIR7-3	TRIM4
MIR7-1	MIR7-3	FBN2
MIR7-1	MIR7-3	AVL9
MIR7-1	MIR7-3	SDHB
MIR7-1	MIR7-3	SLC39A14
MIR7-1	MIR7-3	USP10
MIR7-1	MIR7-3	PPP1R12C
MIR7-1	MIR7-3	MLLT3
MIR7-1	MIR7-3	CRY2
MIR7-1	MIR7-3	RTN4
MIR7-1	MIR7-3	ZC3H8
MIR7-1	MIR7-3	SNX13
MIR7-1	MIR7-3	SMCHD1
MIR7-1	MIR7-3	PAIP1
MIR7-1	MIR7-3	IRAK4
MIR7-1	MIR7-3	ABCD3
MIR7-1	MIR7-3	SEMA4C
MIR7-1	MIR7-3	TCERG1
MIR7-1	MIR7-3	UBE2QL1
MIR7-1	MIR7-3	ATRN
MIR7-1	MIR7-3	ATP11B
MIR7-1	MIR7-3	FN1
MIR7-1	MIR7-3	LATS1
MIR7-1	MIR7-3	AAMDC
MIR7-1	MIR7-3	CCDC28A
MIR7-1	MIR7-3	FAM222B
MIR7-1	MIR7-3	TRAM2
MIR7-1	MIR7-3	SPTY2D1
MIR7-1	MIR7-3	KANSL1
MIR7-1	MIR7-3	SNX1
MIR7-1	MIR7-3	HIVEP1
MIR7-1	MIR7-3	LPP
MIR7-1	MIR7-3	ZNF652
MIR7-1	MIR7-3	TMEM87A
MIR7-1	MIR7-3	BAZ1B
MIR7-1	MIR7-3	CNN3
MIR7-1	MIR7-3	SSR3
MIR7-1	MIR7-3	ZNF217
MIR7-1	MIR7-3	MRPL37
MIR7-1	MIR7-3	SLC23A2
MIR7-1	MIR7-3	NRBP1
MIR7-1	MIR7-3	MTF1
MIR7-1	MIR7-3	PSD3
MIR7-1	MIR7-3	MAPK7
MIR7-1	MIR7-3	FOS
MIR7-1	MIR7-3	FBXW7
MIR7-1	MIR7-3	FGF2
MIR7-1	MIR7-3	KPNA1
MIR7-1	MIR7-3	SZRD1
MIR7-1	MIR7-3	EIF2AK4
MIR7-1	MIR7-3	SRPR
MIR7-1	MIR7-3	PICK1
MIR7-1	MIR7-3	MYO1C
MIR7-1	MIR7-3	BMPR2
MIR7-1	MIR7-3	C7orf55-LUC7L2
MIR7-1	MIR7-3	PICALM
MIR7-1	MIR7-3	MFSD9
MIR7-1	MIR7-3	ZXDB
MIR7-1	MIR7-3	TMF1
MIR7-1	MIR7-3	ZNF281
MIR7-1	MIR7-3	AHNAK
MIR7-1	MIR7-3	MATR3
MIR7-1	MIR7-3	PEX11B
MIR7-1	MIR7-3	PAPOLA
MIR7-1	MIR7-3	ACSL4
MIR7-1	MIR7-3	ARPC2
MIR7-1	MIR7-3	XRCC2
MIR7-1	MIR7-3	UBAP1
MIR7-1	MIR7-3	ZNF484
MIR7-1	MIR7-3	SF3B1
MIR7-1	MIR7-3	AGPS
MIR7-1	MIR7-3	FASN
MIR7-1	MIR7-3	ST6GALNAC4
MIR7-1	MIR7-3	LARP4
MIR7-1	MIR7-3	OSBP
MIR7-1	MIR7-3	SPATA2
MIR7-1	MIR7-3	PQBP1
MIR7-1	MIR7-3	HLA-DPA1
MIR7-1	MIR7-3	PRKAB1
MIR7-1	MIR7-3	MAP3K2
MIR7-1	MIR7-3	IST1
MIR7-1	MIR7-3	TCF12
MIR7-1	MIR7-3	HOMER1
MIR7-1	MIR7-3	LPXN
MIR7-1	MIR7-3	UBE2D4
MIR7-1	MIR7-3	ADNP
MIR7-1	MIR7-3	FNBP1
MIR7-1	MIR7-3	LITAF
MIR7-1	MIR7-3	B4GALT6
MIR7-1	MIR7-3	USP9X
MIR7-1	MIR7-3	ZNF41
MIR7-1	MIR7-3	COPZ1
MIR7-1	MIR7-3	DDIT4
MIR7-1	MIR7-3	CCDC43
MIR7-1	MIR7-3	G3BP2
MIR7-1	MIR7-3	H2AFV
MIR7-1	MIR7-3	WNK1
MIR7-1	MIR7-3	CHGB
MIR7-1	MIR7-3	ARFGEF2
MIR7-1	MIR7-3	PDXDC1
MIR7-1	MIR7-3	BMF
MIR7-1	MIR7-3	ANKRD12
MIR7-1	MIR7-3	CNNM4
MIR7-1	MIR7-3	RPL37A
MIR7-1	MIR7-3	GCLM
MIR7-1	MIR7-3	MMP3
MIR7-1	MIR7-3	HLCS
MIR7-1	MIR7-3	EIF4G2
MIR7-1	MIR7-3	OTUD4
MIR7-1	MIR7-3	GIGYF2
MIR7-1	MIR7-3	RARS
MIR7-1	MIR7-3	HIBCH
MIR7-1	MIR7-3	TADA2B
MIR7-1	MIR7-3	IPO13
MIR7-1	MIR7-3	KIF5B
MIR7-1	MIR7-3	TMEM232
MIR7-1	MIR7-3	AP3D1
MIR7-1	MIR7-3	HELZ
MIR7-1	MIR7-3	KIAA0247
MIR7-1	MIR7-3	MIDN
MIR7-1	MIR7-3	HBP1
MIR7-1	MIR7-3	REL
MIR7-1	MIR7-3	NSD1
MIR7-1	MIR7-3	ANXA11
MIR7-1	MIR7-3	CHP1
MIR7-1	MIR7-3	MYO5B
MIR7-1	MIR7-3	CSDE1
MIR7-1	MIR7-3	MAPK6
MIR7-1	MIR7-3	SERINC2
MIR7-1	MIR7-3	IKZF2
MIR7-1	MIR7-3	STAT3
MIR7-1	MIR7-3	GOLGB1
MIR7-1	MIR7-3	LPCAT3
MIR7-1	MIR7-3	ARL6IP1
MIR7-1	MIR7-3	ATM
MIR7-1	MIR7-3	GREM1
MIR7-1	MIR7-3	ATIC
MIR7-1	MIR7-3	SETD5
MIR7-1	MIR7-3	CXCL12
MIR7-1	MIR7-3	HECTD4
MIR7-1	MIR7-3	REPIN1
MIR7-1	MIR7-3	DHCR7
MIR7-1	MIR7-3	KIAA2013
MIR7-1	MIR7-3	PSMB7
MIR7-1	MIR7-3	SYNE1
MIR7-1	MIR7-3	EP400
MIR7-1	MIR7-3	ZFYVE26
MIR7-1	MIR7-3	CAV1
MIR7-1	MIR7-3	ALDOC
MIR7-1	MIR7-3	RAB11FIP4
MIR7-1	MIR7-3	EIF4G1
MIR7-1	MIR7-3	PI4KA
MIR7-1	MIR7-3	PLD1
MIR7-1	MIR7-3	CCND1
MIR7-1	MIR7-3	CTSB
MIR7-1	MIR7-3	MLLT6
MIR7-1	MIR7-3	RSPRY1
MIR7-1	MIR7-3	CEMIP
MIR7-1	MIR7-3	ZNF275
MIR7-1	MIR7-3	PDK1
MIR7-1	MIR7-3	PTK2
MIR7-1	MIR7-3	PALM2
MIR7-1	MIR7-3	CKAP4
MIR7-1	MIR7-3	LRRC8B
MIR7-1	MIR7-3	TM9SF3
MIR7-1	MIR7-3	PDZD8
MIR7-1	MIR7-3	TPM3
MIR7-1	MIR7-3	COL5A2
MIR7-1	MIR7-3	FAM213A
MIR7-1	MIR7-3	TEFM
MIR7-1	MIR7-3	TUSC3
MIR7-1	MIR7-3	S100A6
MIR7-1	MIR7-3	CALM3
MIR7-1	MIR7-3	CTTNBP2NL
MIR7-1	MIR7-3	CNPPD1
MIR7-1	MIR7-3	SNX9
MIR7-1	MIR7-3	SPRYD7
MIR7-1	MIR7-3	FSTL1
MIR7-1	MIR7-3	CALU
MIR7-1	MIR7-3	ZNFX1
MIR7-1	MIR7-3	WASF2
MIR7-1	MIR7-3	ADPRHL2
MIR7-1	MIR7-3	HIPK2
MIR7-1	MIR7-3	SURF4
MIR7-1	MIR7-3	NUP155
MIR7-1	MIR7-3	PCNX
MIR7-1	MIR7-3	EXOSC2
MIR7-1	MIR7-3	HSP90B1
MIR7-1	MIR7-3	PLEC
MIR7-1	MIR7-3	DPYSL3
MIR7-1	MIR7-3	KIAA1429
MIR7-1	MIR7-3	RAF1
MIR7-1	MIR7-3	TNC
MIR7-1	MIR7-3	MLK4
MIR7-1	MIR7-3	POLR2K
MIR7-1	MIR7-3	MRFAP1L1
MIR7-1	MIR7-3	TUBB
MIR7-1	MIR7-3	PRPF8
MIR7-1	MIR7-3	TRMT10C
MIR7-1	MIR7-3	KIAA1715
MIR7-1	MIR7-3	SRPK1
MIR7-1	MIR7-3	KLF6
MIR7-1	MIR7-3	LARP1
MIR7-1	MIR7-3	NUMB
MIR7-1	MIR7-3	NBEAL2
MIR7-1	MIR7-3	DGKH
MIR7-1	MIR7-3	KIF1B
MIR7-1	MIR7-3	LRRC8A
MIR7-1	MIR7-3	HSPBP1
MIR7-1	MIR7-3	SMARCD1
MIR7-1	MIR7-3	TTC39A
MIR7-1	MIR7-3	PPARA
MIR7-1	MIR7-3	ZSWIM8
MIR7-1	MIR7-3	VTCN1
MIR7-1	MIR7-3	ANKFY1
MIR7-1	MIR7-3	ACTL6A
MIR7-1	MIR7-3	KIAA1958
MIR7-1	MIR7-3	FBXL7
MIR7-1	MIR7-3	BET1
MIR7-1	MIR7-3	UBTD2
MIR7-1	MIR7-3	ESRP1
MIR7-1	MIR7-3	SEC23IP
MIR7-1	MIR7-3	WBP2
MIR7-1	MIR7-3	PLOD2
MIR7-1	MIR7-3	CTDSPL
MIR7-1	MIR7-3	MYH9
MIR7-1	MIR7-3	IDH2
MIR7-1	MIR7-3	C7orf73
MIR7-1	MIR7-3	PLBD2
MIR7-1	MIR7-3	SLC38A2
MIR7-1	MIR7-3	ZC3H12C
MIR7-1	MIR7-3	FCHSD2
MIR7-1	MIR7-3	PHB
MIR7-1	MIR7-3	QPCTL
MIR7-1	MIR7-3	SOCS4
MIR7-1	MIR7-3	IDE
MIR7-1	MIR7-3	CDS2
MIR7-1	MIR7-3	CRIM1
MIR7-1	MIR7-3	AHCYL1
MIR7-1	MIR7-3	C2orf49
MIR7-1	MIR7-3	WDFY1
MIR7-1	MIR7-3	PRKCA
MIR7-1	MIR7-3	NFIA
MIR7-1	MIR7-3	GNAI3
MIR7-1	MIR7-3	COL6A1
MIR7-1	MIR7-3	FAM126B
MIR7-1	MIR7-3	WARS2
MIR7-1	MIR7-3	SERPINA4
MIR7-1	MIR7-3	XIAP
MIR7-1	MIR7-3	NOC3L
MIR7-1	MIR7-3	ZBTB38
MIR7-1	MIR7-3	MKLN1
MIR7-1	MIR7-3	AMOTL1
MIR7-1	MIR7-3	EP300
MIR7-1	MIR7-3	ZFYVE20
MIR7-1	MIR7-3	OGT
MIR7-1	MIR7-3	NFIC
MIR7-1	MIR7-3	GLTSCR1L
MIR7-1	MIR7-3	ZNF264
MIR7-1	MIR7-3	SERTAD2
MIR7-1	MIR7-3	TRIM44
MIR7-1	MIR7-3	CWC22
MIR7-1	MIR7-3	SP140L
MIR7-1	MIR7-3	NUCKS1
MIR7-1	MIR7-3	DCAF12
MIR7-1	MIR7-3	TMBIM6
MIR7-1	MIR7-3	BAG4
MIR7-1	MIR7-3	POLDIP3
MIR7-1	MIR7-3	TNRC6A
MIR7-1	MIR7-3	SLC4A7
MIR7-1	MIR7-3	CLINT1
MIR7-1	MIR7-3	SQSTM1
MIR7-1	MIR7-3	CBL
MIR7-1	MIR7-3	NME6
MIR7-1	MIR7-3	SMURF2
MIR7-1	MIR7-3	DAPK1
MIR7-1	MIR7-3	POLE4
MIR7-1	MIR7-3	CHST9
MIR7-1	MIR7-3	MELK
MIR7-1	MIR7-3	KIAA1462
MIR7-1	MIR7-3	ZDHHC17
MIR7-1	MIR7-2	GLTSCR1
MIR7-1	MIR7-2	CHORDC1
MIR7-1	MIR7-2	SON
MIR7-1	MIR7-2	TULP4
MIR7-1	MIR7-2	EPAS1
MIR7-1	MIR7-2	ZNF549
MIR7-1	MIR7-2	PRDM2
MIR7-1	MIR7-2	BRMS1L
MIR7-1	MIR7-2	FDPS
MIR7-1	MIR7-2	DSG2
MIR7-1	MIR7-2	ANKRD10
MIR7-1	MIR7-2	PRKAR1A
MIR7-1	MIR7-2	UBR4
MIR7-1	MIR7-2	ATP9A
MIR7-1	MIR7-2	ZEB1
MIR7-1	MIR7-2	FTL
MIR7-1	MIR7-2	ZBTB37
MIR7-1	MIR7-2	PRKCE
MIR7-1	MIR7-2	CCT4
MIR7-1	MIR7-2	OSBPL9
MIR7-1	MIR7-2	CD63
MIR7-1	MIR7-2	SYVN1
MIR7-1	MIR7-2	B4GALT5
MIR7-1	MIR7-2	SOGA3
MIR7-1	MIR7-2	SIRT5
MIR7-1	MIR7-2	KLHL8
MIR7-1	MIR7-2	TVP23B
MIR7-1	MIR7-2	BTBD7
MIR7-1	MIR7-2	LRRC58
MIR7-1	MIR7-2	UBE2Z
MIR7-1	MIR7-2	SIRT1
MIR7-1	MIR7-2	DCAF7
MIR7-1	MIR7-2	SEC23A
MIR7-1	MIR7-2	LBH
MIR7-1	MIR7-2	ZBTB4
MIR7-1	MIR7-2	MESDC1
MIR7-1	MIR7-2	FEM1B
MIR7-1	MIR7-2	IL6ST
MIR7-1	MIR7-2	SLC5A3
MIR7-1	MIR7-2	PFN2
MIR7-1	MIR7-2	ZBTB22
MIR7-1	MIR7-2	SLC44A1
MIR7-1	MIR7-2	RRAS2
MIR7-1	MIR7-2	BCL2
MIR7-1	MIR7-2	SGK3
MIR7-1	MIR7-2	TGOLN2
MIR7-1	MIR7-2	DLC1
MIR7-1	MIR7-2	USP22
MIR7-1	MIR7-2	VHL
MIR7-1	MIR7-2	TRAF4
MIR7-1	MIR7-2	TMEM97
MIR7-1	MIR7-2	SLC30A6
MIR7-1	MIR7-2	SDE2
MIR7-1	MIR7-2	RPL15
MIR7-1	MIR7-2	RIF1
MIR7-1	MIR7-2	PIGH
MIR7-1	MIR7-2	HIST1H2BI
MIR7-1	MIR7-2	DAZAP1
MIR7-1	MIR7-2	WDR82
MIR7-1	MIR7-2	CD47
MIR7-1	MIR7-2	ATP2C1
MIR7-1	MIR7-2	TRIM4
MIR7-1	MIR7-2	FBN2
MIR7-1	MIR7-2	TJP1
MIR7-1	MIR7-2	AVL9
MIR7-1	MIR7-2	SDHB
MIR7-1	MIR7-2	SLC39A14
MIR7-1	MIR7-2	USP10
MIR7-1	MIR7-2	PPP1R12C
MIR7-1	MIR7-2	MLLT3
MIR7-1	MIR7-2	CRY2
MIR7-1	MIR7-2	RTN4
MIR7-1	MIR7-2	KBTBD8
MIR7-1	MIR7-2	ZC3H8
MIR7-1	MIR7-2	SNX13
MIR7-1	MIR7-2	SMCHD1
MIR7-1	MIR7-2	PAIP1
MIR7-1	MIR7-2	MRPL20
MIR7-1	MIR7-2	IRAK4
MIR7-1	MIR7-2	ABCD3
MIR7-1	MIR7-2	CHUK
MIR7-1	MIR7-2	SEMA4C
MIR7-1	MIR7-2	TCERG1
MIR7-1	MIR7-2	UBE2QL1
MIR7-1	MIR7-2	ATRN
MIR7-1	MIR7-2	ATP11B
MIR7-1	MIR7-2	FN1
MIR7-1	MIR7-2	LATS1
MIR7-1	MIR7-2	AAMDC
MIR7-1	MIR7-2	CCDC28A
MIR7-1	MIR7-2	FAM222B
MIR7-1	MIR7-2	TRAM2
MIR7-1	MIR7-2	SPTY2D1
MIR7-1	MIR7-2	KANSL1
MIR7-1	MIR7-2	SNX1
MIR7-1	MIR7-2	HIVEP1
MIR7-1	MIR7-2	LPP
MIR7-1	MIR7-2	ZNF652
MIR7-1	MIR7-2	TMEM87A
MIR7-1	MIR7-2	BAZ1B
MIR7-1	MIR7-2	CNN3
MIR7-1	MIR7-2	SSR3
MIR7-1	MIR7-2	ZNF217
MIR7-1	MIR7-2	MRPL37
MIR7-1	MIR7-2	SLC23A2
MIR7-1	MIR7-2	NOTCH2
MIR7-1	MIR7-2	NRBP1
MIR7-1	MIR7-2	MTF1
MIR7-1	MIR7-2	PSD3
MIR7-1	MIR7-2	MAPK7
MIR7-1	MIR7-2	FOS
MIR7-1	MIR7-2	FBXW7
MIR7-1	MIR7-2	NPTN
MIR7-1	MIR7-2	FGF2
MIR7-1	MIR7-2	KPNA1
MIR7-1	MIR7-2	PBRM1
MIR7-1	MIR7-2	SZRD1
MIR7-1	MIR7-2	EIF2AK4
MIR7-1	MIR7-2	SRPR
MIR7-1	MIR7-2	PICK1
MIR7-1	MIR7-2	MYO1C
MIR7-1	MIR7-2	BMPR2
MIR7-1	MIR7-2	PICALM
MIR7-1	MIR7-2	C7orf55-LUC7L2
MIR7-1	MIR7-2	MFSD9
MIR7-1	MIR7-2	ZXDB
MIR7-1	MIR7-2	TMF1
MIR7-1	MIR7-2	ZNF281
MIR7-1	MIR7-2	SCARB2
MIR7-1	MIR7-2	AHNAK
MIR7-1	MIR7-2	MATR3
MIR7-1	MIR7-2	GOLGA5
MIR7-1	MIR7-2	PEX11B
MIR7-1	MIR7-2	PAPOLA
MIR7-1	MIR7-2	LHFPL2
MIR7-1	MIR7-2	ACSL4
MIR7-1	MIR7-2	ARPC2
MIR7-1	MIR7-2	XRCC2
MIR7-1	MIR7-2	UBAP1
MIR7-1	MIR7-2	MYL12A
MIR7-1	MIR7-2	ZNF484
MIR7-1	MIR7-2	SF3B1
MIR7-1	MIR7-2	AGPS
MIR7-1	MIR7-2	FASN
MIR7-1	MIR7-2	ST6GALNAC4
MIR7-1	MIR7-2	LARP4
MIR7-1	MIR7-2	OSBP
MIR7-1	MIR7-2	SPATA2
MIR7-1	MIR7-2	PQBP1
MIR7-1	MIR7-2	HLA-DPA1
MIR7-1	MIR7-2	PRKAB1
MIR7-1	MIR7-2	MAP3K2
MIR7-1	MIR7-2	IST1
MIR7-1	MIR7-2	TCF12
MIR7-1	MIR7-2	HOMER1
MIR7-1	MIR7-2	USP37
MIR7-1	MIR7-2	LPXN
MIR7-1	MIR7-2	UBE2D4
MIR7-1	MIR7-2	ADNP
MIR7-1	MIR7-2	FNBP1
MIR7-1	MIR7-2	WDR26
MIR7-1	MIR7-2	LITAF
MIR7-1	MIR7-2	B4GALT6
MIR7-1	MIR7-2	ERCC6
MIR7-1	MIR7-2	USP9X
MIR7-1	MIR7-2	PTGS2
MIR7-1	MIR7-2	ZNF41
MIR7-1	MIR7-2	COPZ1
MIR7-1	MIR7-2	DDIT4
MIR7-1	MIR7-2	CCDC43
MIR7-1	MIR7-2	G3BP2
MIR7-1	MIR7-2	H2AFV
MIR7-1	MIR7-2	WNK1
MIR7-1	MIR7-2	CHGB
MIR7-1	MIR7-2	ARFGEF2
MIR7-1	MIR7-2	PDXDC1
MIR7-1	MIR7-2	BMF
MIR7-1	MIR7-2	ANKRD12
MIR7-1	MIR7-2	CNNM4
MIR7-1	MIR7-2	RPL37A
MIR7-1	MIR7-2	GCLM
MIR7-1	MIR7-2	MMP3
MIR7-1	MIR7-2	HLCS
MIR7-1	MIR7-2	EIF4G2
MIR7-1	MIR7-2	OTUD4
MIR7-1	MIR7-2	GIGYF2
MIR7-1	MIR7-2	RARS
MIR7-1	MIR7-2	HIBCH
MIR7-1	MIR7-2	HNRNPR
MIR7-1	MIR7-2	TADA2B
MIR7-1	MIR7-2	IPO13
MIR7-1	MIR7-2	KIF5B
MIR7-1	MIR7-2	TMEM232
MIR7-1	MIR7-2	AP3D1
MIR7-1	MIR7-2	HELZ
MIR7-1	MIR7-2	KIAA0247
MIR7-1	MIR7-2	MIDN
MIR7-1	MIR7-2	HBP1
MIR7-1	MIR7-2	REL
MIR7-1	MIR7-2	NSD1
MIR7-1	MIR7-2	SRRM2
MIR7-1	MIR7-2	ANXA11
MIR7-1	MIR7-2	CHP1
MIR7-1	MIR7-2	MYO5B
MIR7-1	MIR7-2	CSDE1
MIR7-1	MIR7-2	UQCRH
MIR7-1	MIR7-2	MAPK6
MIR7-1	MIR7-2	SERINC2
MIR7-1	MIR7-2	IKZF2
MIR7-1	MIR7-2	STAT3
MIR7-1	MIR7-2	GOLGB1
MIR7-1	MIR7-2	LPCAT3
MIR7-1	MIR7-2	ARL6IP1
MIR7-1	MIR7-2	ATM
MIR7-1	MIR7-2	XRN1
MIR7-1	MIR7-2	HEATR5A
MIR7-1	MIR7-2	GREM1
MIR7-1	MIR7-2	ATIC
MIR7-1	MIR7-2	SETD5
MIR7-1	MIR7-2	CXCL12
MIR7-1	MIR7-2	CTGF
MIR7-1	MIR7-2	HECTD4
MIR7-1	MIR7-2	REPIN1
MIR7-1	MIR7-2	DHCR7
MIR7-1	MIR7-2	KIAA2013
MIR7-1	MIR7-2	PSMB7
MIR7-1	MIR7-2	SYNE1
MIR7-1	MIR7-2	EP400
MIR7-1	MIR7-2	ZFYVE26
MIR7-1	MIR7-2	CAV1
MIR7-1	MIR7-2	ALDOC
MIR7-1	MIR7-2	RAB11FIP4
MIR7-1	MIR7-2	ARPP19
MIR7-1	MIR7-2	EIF4G1
MIR7-1	MIR7-2	PI4KA
MIR7-1	MIR7-2	PLD1
MIR7-1	MIR7-2	CCND1
MIR7-1	MIR7-2	CTSB
MIR7-1	MIR7-2	MLLT6
MIR7-1	MIR7-2	RSPRY1
MIR7-1	MIR7-2	CEMIP
MIR7-1	MIR7-2	ZNF275
MIR7-1	MIR7-2	PDK1
MIR7-1	MIR7-2	PTK2
MIR7-1	MIR7-2	PALM2
MIR7-1	MIR7-2	CKAP4
MIR7-1	MIR7-2	LRRC8B
MIR7-1	MIR7-2	TM9SF3
MIR7-1	MIR7-2	PDZD8
MIR7-1	MIR7-2	TPM3
MIR7-1	MIR7-2	COL5A2
MIR7-1	MIR7-2	FAM213A
MIR7-1	MIR7-2	TEFM
MIR7-1	MIR7-2	TUSC3
MIR7-1	MIR7-2	S100A6
MIR7-1	MIR7-2	CALM3
MIR7-1	MIR7-2	CTTNBP2NL
MIR7-1	MIR7-2	CNPPD1
MIR7-1	MIR7-2	G3BP1
MIR7-1	MIR7-2	SNX9
MIR7-1	MIR7-2	SPRYD7
MIR7-1	MIR7-2	FSTL1
MIR7-1	MIR7-2	CALU
MIR7-1	MIR7-2	ZNFX1
MIR7-1	MIR7-2	WASF2
MIR7-1	MIR7-2	ADPRHL2
MIR7-1	MIR7-2	HIPK2
MIR7-1	MIR7-2	SURF4
MIR7-1	MIR7-2	NUP155
MIR7-1	MIR7-2	PCNX
MIR7-1	MIR7-2	EXOSC2
MIR7-1	MIR7-2	HSP90B1
MIR7-1	MIR7-2	PLEC
MIR7-1	MIR7-2	DPYSL3
MIR7-1	MIR7-2	KIAA1429
MIR7-1	MIR7-2	RAF1
MIR7-1	MIR7-2	TNC
MIR7-1	MIR7-2	MLK4
MIR7-1	MIR7-2	POLR2K
MIR7-1	MIR7-2	MRFAP1L1
MIR7-1	MIR7-2	TUBB
MIR7-1	MIR7-2	TXNIP
MIR7-1	MIR7-2	PRPF8
MIR7-1	MIR7-2	TRMT10C
MIR7-1	MIR7-2	KIAA1715
MIR7-1	MIR7-2	SRPK1
MIR7-1	MIR7-2	LARP1
MIR7-1	MIR7-2	KLF6
MIR7-1	MIR7-2	NUMB
MIR7-1	MIR7-2	NBEAL2
MIR7-1	MIR7-2	DGKH
MIR7-1	MIR7-2	KIF1B
MIR7-1	MIR7-2	LRRC8A
MIR7-1	MIR7-2	HSPBP1
MIR7-1	MIR7-2	SMARCD1
MIR7-1	MIR7-2	TTC39A
MIR7-1	MIR7-2	SRGAP1
MIR7-1	MIR7-2	TXNRD1
MIR7-1	MIR7-2	PPARA
MIR7-1	MIR7-2	ZSWIM8
MIR7-1	MIR7-2	VTCN1
MIR7-1	MIR7-2	ANKFY1
MIR7-1	MIR7-2	KLHL42
MIR7-1	MIR7-2	ACTL6A
MIR7-1	MIR7-2	KIAA1958
MIR7-1	MIR7-2	FBXL7
MIR7-1	MIR7-2	BET1
MIR7-1	MIR7-2	UBTD2
MIR7-1	MIR7-2	ESRP1
MIR7-1	MIR7-2	SEC23IP
MIR7-1	MIR7-2	WBP2
MIR7-1	MIR7-2	PLOD2
MIR7-1	MIR7-2	CTDSPL
MIR7-1	MIR7-2	MYH9
MIR7-1	MIR7-2	IDH2
MIR7-1	MIR7-2	C7orf73
MIR7-1	MIR7-2	PLBD2
MIR7-1	MIR7-2	SLC38A2
MIR7-1	MIR7-2	ZC3H12C
MIR7-1	MIR7-2	FCHSD2
MIR7-1	MIR7-2	PHB
MIR7-1	MIR7-2	MTPN
MIR7-1	MIR7-2	QPCTL
MIR7-1	MIR7-2	SOCS4
MIR7-1	MIR7-2	IDE
MIR7-1	MIR7-2	CDS2
MIR7-1	MIR7-2	CRIM1
MIR7-1	MIR7-2	AHCYL1
MIR7-1	MIR7-2	C2orf49
MIR7-1	MIR7-2	MORF4L2
MIR7-1	MIR7-2	NAP1L2
MIR7-1	MIR7-2	B2M
MIR7-1	MIR7-2	PRKCA
MIR7-1	MIR7-2	WDFY1
MIR7-1	MIR7-2	NFIA
MIR7-1	MIR7-2	GNAI3
MIR7-1	MIR7-2	COL6A1
MIR7-1	MIR7-2	FAM126B
MIR7-1	MIR7-2	WARS2
MIR7-1	MIR7-2	SERPINA4
MIR7-1	MIR7-2	PTX3
MIR7-1	MIR7-2	XIAP
MIR7-1	MIR7-2	NOC3L
MIR7-1	MIR7-2	ZBTB38
MIR7-1	MIR7-2	CEP350
MIR7-1	MIR7-2	MKLN1
MIR7-1	MIR7-2	PSIP1
MIR7-1	MIR7-2	TTI1
MIR7-1	MIR7-2	AMOTL1
MIR7-1	MIR7-2	EP300
MIR7-1	MIR7-2	ZFYVE20
MIR7-1	MIR7-2	OGT
MIR7-1	MIR7-2	NFIC
MIR7-1	MIR7-2	GLTSCR1L
MIR7-1	MIR7-2	ZNF264
MIR7-1	MIR7-2	SERTAD2
MIR7-1	MIR7-2	TRIM44
MIR7-1	MIR7-2	CWC22
MIR7-1	MIR7-2	SP140L
MIR7-1	MIR7-2	NUCKS1
MIR7-1	MIR7-2	DCAF12
MIR7-1	MIR7-2	TMBIM6
MIR7-1	MIR7-2	BAG4
MIR7-1	MIR7-2	POLDIP3
MIR7-1	MIR7-2	TNRC6A
MIR7-1	MIR7-2	SLC4A7
MIR7-1	MIR7-2	CLINT1
MIR7-1	MIR7-2	DICER1
MIR7-1	MIR7-2	SQSTM1
MIR7-1	MIR7-2	CBL
MIR7-1	MIR7-2	LDLR
MIR7-1	MIR7-2	NME6
MIR7-1	MIR7-2	SMURF2
MIR7-1	MIR7-2	DAPK1
MIR7-1	MIR7-2	POLE4
MIR7-1	MIR7-2	CHST9
MIR7-1	MIR7-2	PSME4
MIR7-1	MIR7-2	MELK
MIR7-1	MIR7-2	KIAA1462
MIR7-1	MIR7-2	ZDHHC17
MIR7-3	MIR7-2	GLTSCR1
MIR7-3	MIR7-2	CHORDC1
MIR7-3	MIR7-2	TULP4
MIR7-3	MIR7-2	EPAS1
MIR7-3	MIR7-2	ZNF549
MIR7-3	MIR7-2	PRDM2
MIR7-3	MIR7-2	BRMS1L
MIR7-3	MIR7-2	FDPS
MIR7-3	MIR7-2	DSG2
MIR7-3	MIR7-2	ANKRD10
MIR7-3	MIR7-2	PRKAR1A
MIR7-3	MIR7-2	UBR4
MIR7-3	MIR7-2	ATP9A
MIR7-3	MIR7-2	ZEB1
MIR7-3	MIR7-2	FTL
MIR7-3	MIR7-2	ZBTB37
MIR7-3	MIR7-2	PRKCE
MIR7-3	MIR7-2	CCT4
MIR7-3	MIR7-2	OSBPL9
MIR7-3	MIR7-2	CD63
MIR7-3	MIR7-2	SYVN1
MIR7-3	MIR7-2	B4GALT5
MIR7-3	MIR7-2	SOGA3
MIR7-3	MIR7-2	SIRT5
MIR7-3	MIR7-2	KLHL8
MIR7-3	MIR7-2	BTBD7
MIR7-3	MIR7-2	LRRC58
MIR7-3	MIR7-2	UBE2Z
MIR7-3	MIR7-2	SIRT1
MIR7-3	MIR7-2	DCAF7
MIR7-3	MIR7-2	SEC23A
MIR7-3	MIR7-2	LBH
MIR7-3	MIR7-2	ZBTB4
MIR7-3	MIR7-2	MESDC1
MIR7-3	MIR7-2	FEM1B
MIR7-3	MIR7-2	SLC5A3
MIR7-3	MIR7-2	PFN2
MIR7-3	MIR7-2	ZBTB22
MIR7-3	MIR7-2	SLC44A1
MIR7-3	MIR7-2	RRAS2
MIR7-3	MIR7-2	BCL2
MIR7-3	MIR7-2	SGK3
MIR7-3	MIR7-2	TGOLN2
MIR7-3	MIR7-2	DLC1
MIR7-3	MIR7-2	USP22
MIR7-3	MIR7-2	TRAF4
MIR7-3	MIR7-2	TMEM97
MIR7-3	MIR7-2	SLC30A6
MIR7-3	MIR7-2	SDE2
MIR7-3	MIR7-2	RPL15
MIR7-3	MIR7-2	RIF1
MIR7-3	MIR7-2	PIGH
MIR7-3	MIR7-2	HIST1H2BI
MIR7-3	MIR7-2	DAZAP1
MIR7-3	MIR7-2	WDR82
MIR7-3	MIR7-2	CD47
MIR7-3	MIR7-2	ATP2C1
MIR7-3	MIR7-2	TRIM4
MIR7-3	MIR7-2	FBN2
MIR7-3	MIR7-2	AVL9
MIR7-3	MIR7-2	SDHB
MIR7-3	MIR7-2	SLC39A14
MIR7-3	MIR7-2	USP10
MIR7-3	MIR7-2	PPP1R12C
MIR7-3	MIR7-2	MLLT3
MIR7-3	MIR7-2	CRY2
MIR7-3	MIR7-2	RTN4
MIR7-3	MIR7-2	ZC3H8
MIR7-3	MIR7-2	SNX13
MIR7-3	MIR7-2	SMCHD1
MIR7-3	MIR7-2	PAIP1
MIR7-3	MIR7-2	IRAK4
MIR7-3	MIR7-2	ABCD3
MIR7-3	MIR7-2	SEMA4C
MIR7-3	MIR7-2	TCERG1
MIR7-3	MIR7-2	UBE2QL1
MIR7-3	MIR7-2	ATRN
MIR7-3	MIR7-2	ATP11B
MIR7-3	MIR7-2	FN1
MIR7-3	MIR7-2	LATS1
MIR7-3	MIR7-2	AAMDC
MIR7-3	MIR7-2	CCDC28A
MIR7-3	MIR7-2	FAM222B
MIR7-3	MIR7-2	TRAM2
MIR7-3	MIR7-2	SPTY2D1
MIR7-3	MIR7-2	KANSL1
MIR7-3	MIR7-2	SNX1
MIR7-3	MIR7-2	HIVEP1
MIR7-3	MIR7-2	LPP
MIR7-3	MIR7-2	ZNF652
MIR7-3	MIR7-2	TMEM87A
MIR7-3	MIR7-2	BAZ1B
MIR7-3	MIR7-2	CNN3
MIR7-3	MIR7-2	SSR3
MIR7-3	MIR7-2	ZNF217
MIR7-3	MIR7-2	MRPL37
MIR7-3	MIR7-2	SLC23A2
MIR7-3	MIR7-2	NRBP1
MIR7-3	MIR7-2	MTF1
MIR7-3	MIR7-2	PSD3
MIR7-3	MIR7-2	MAPK7
MIR7-3	MIR7-2	FOS
MIR7-3	MIR7-2	FBXW7
MIR7-3	MIR7-2	FGF2
MIR7-3	MIR7-2	KPNA1
MIR7-3	MIR7-2	SZRD1
MIR7-3	MIR7-2	EIF2AK4
MIR7-3	MIR7-2	SRPR
MIR7-3	MIR7-2	PICK1
MIR7-3	MIR7-2	MYO1C
MIR7-3	MIR7-2	BMPR2
MIR7-3	MIR7-2	C7orf55-LUC7L2
MIR7-3	MIR7-2	PICALM
MIR7-3	MIR7-2	MFSD9
MIR7-3	MIR7-2	ZXDB
MIR7-3	MIR7-2	TMF1
MIR7-3	MIR7-2	ZNF281
MIR7-3	MIR7-2	AHNAK
MIR7-3	MIR7-2	MATR3
MIR7-3	MIR7-2	PEX11B
MIR7-3	MIR7-2	PAPOLA
MIR7-3	MIR7-2	ACSL4
MIR7-3	MIR7-2	ARPC2
MIR7-3	MIR7-2	XRCC2
MIR7-3	MIR7-2	UBAP1
MIR7-3	MIR7-2	ZNF484
MIR7-3	MIR7-2	SF3B1
MIR7-3	MIR7-2	AGPS
MIR7-3	MIR7-2	FASN
MIR7-3	MIR7-2	ST6GALNAC4
MIR7-3	MIR7-2	LARP4
MIR7-3	MIR7-2	OSBP
MIR7-3	MIR7-2	SPATA2
MIR7-3	MIR7-2	PQBP1
MIR7-3	MIR7-2	HLA-DPA1
MIR7-3	MIR7-2	PRKAB1
MIR7-3	MIR7-2	MAP3K2
MIR7-3	MIR7-2	IST1
MIR7-3	MIR7-2	TCF12
MIR7-3	MIR7-2	HOMER1
MIR7-3	MIR7-2	LPXN
MIR7-3	MIR7-2	UBE2D4
MIR7-3	MIR7-2	ADNP
MIR7-3	MIR7-2	FNBP1
MIR7-3	MIR7-2	LITAF
MIR7-3	MIR7-2	B4GALT6
MIR7-3	MIR7-2	USP9X
MIR7-3	MIR7-2	ZNF41
MIR7-3	MIR7-2	COPZ1
MIR7-3	MIR7-2	DDIT4
MIR7-3	MIR7-2	CCDC43
MIR7-3	MIR7-2	G3BP2
MIR7-3	MIR7-2	H2AFV
MIR7-3	MIR7-2	WNK1
MIR7-3	MIR7-2	CHGB
MIR7-3	MIR7-2	ARFGEF2
MIR7-3	MIR7-2	PDXDC1
MIR7-3	MIR7-2	BMF
MIR7-3	MIR7-2	ANKRD12
MIR7-3	MIR7-2	CNNM4
MIR7-3	MIR7-2	RPL37A
MIR7-3	MIR7-2	GCLM
MIR7-3	MIR7-2	MMP3
MIR7-3	MIR7-2	HLCS
MIR7-3	MIR7-2	EIF4G2
MIR7-3	MIR7-2	OTUD4
MIR7-3	MIR7-2	GIGYF2
MIR7-3	MIR7-2	RARS
MIR7-3	MIR7-2	HIBCH
MIR7-3	MIR7-2	TADA2B
MIR7-3	MIR7-2	IPO13
MIR7-3	MIR7-2	KIF5B
MIR7-3	MIR7-2	TMEM232
MIR7-3	MIR7-2	AP3D1
MIR7-3	MIR7-2	HELZ
MIR7-3	MIR7-2	KIAA0247
MIR7-3	MIR7-2	MIDN
MIR7-3	MIR7-2	HBP1
MIR7-3	MIR7-2	REL
MIR7-3	MIR7-2	NSD1
MIR7-3	MIR7-2	ANXA11
MIR7-3	MIR7-2	CHP1
MIR7-3	MIR7-2	MYO5B
MIR7-3	MIR7-2	CSDE1
MIR7-3	MIR7-2	MAPK6
MIR7-3	MIR7-2	SERINC2
MIR7-3	MIR7-2	IKZF2
MIR7-3	MIR7-2	STAT3
MIR7-3	MIR7-2	GOLGB1
MIR7-3	MIR7-2	LPCAT3
MIR7-3	MIR7-2	ARL6IP1
MIR7-3	MIR7-2	ATM
MIR7-3	MIR7-2	GREM1
MIR7-3	MIR7-2	ATIC
MIR7-3	MIR7-2	SETD5
MIR7-3	MIR7-2	CXCL12
MIR7-3	MIR7-2	HECTD4
MIR7-3	MIR7-2	REPIN1
MIR7-3	MIR7-2	DHCR7
MIR7-3	MIR7-2	KIAA2013
MIR7-3	MIR7-2	PSMB7
MIR7-3	MIR7-2	SYNE1
MIR7-3	MIR7-2	EP400
MIR7-3	MIR7-2	ZFYVE26
MIR7-3	MIR7-2	CAV1
MIR7-3	MIR7-2	ALDOC
MIR7-3	MIR7-2	RAB11FIP4
MIR7-3	MIR7-2	EIF4G1
MIR7-3	MIR7-2	PI4KA
MIR7-3	MIR7-2	PLD1
MIR7-3	MIR7-2	CCND1
MIR7-3	MIR7-2	CTSB
MIR7-3	MIR7-2	MLLT6
MIR7-3	MIR7-2	RSPRY1
MIR7-3	MIR7-2	CEMIP
MIR7-3	MIR7-2	ZNF275
MIR7-3	MIR7-2	PDK1
MIR7-3	MIR7-2	PTK2
MIR7-3	MIR7-2	PALM2
MIR7-3	MIR7-2	CKAP4
MIR7-3	MIR7-2	LRRC8B
MIR7-3	MIR7-2	TM9SF3
MIR7-3	MIR7-2	PDZD8
MIR7-3	MIR7-2	TPM3
MIR7-3	MIR7-2	COL5A2
MIR7-3	MIR7-2	FAM213A
MIR7-3	MIR7-2	TEFM
MIR7-3	MIR7-2	TUSC3
MIR7-3	MIR7-2	S100A6
MIR7-3	MIR7-2	CALM3
MIR7-3	MIR7-2	CTTNBP2NL
MIR7-3	MIR7-2	CNPPD1
MIR7-3	MIR7-2	SNX9
MIR7-3	MIR7-2	SPRYD7
MIR7-3	MIR7-2	FSTL1
MIR7-3	MIR7-2	CALU
MIR7-3	MIR7-2	ZNFX1
MIR7-3	MIR7-2	WASF2
MIR7-3	MIR7-2	ADPRHL2
MIR7-3	MIR7-2	HIPK2
MIR7-3	MIR7-2	SURF4
MIR7-3	MIR7-2	NUP155
MIR7-3	MIR7-2	PCNX
MIR7-3	MIR7-2	EXOSC2
MIR7-3	MIR7-2	HSP90B1
MIR7-3	MIR7-2	PLEC
MIR7-3	MIR7-2	DPYSL3
MIR7-3	MIR7-2	KIAA1429
MIR7-3	MIR7-2	RAF1
MIR7-3	MIR7-2	TNC
MIR7-3	MIR7-2	MLK4
MIR7-3	MIR7-2	POLR2K
MIR7-3	MIR7-2	MRFAP1L1
MIR7-3	MIR7-2	TUBB
MIR7-3	MIR7-2	PRPF8
MIR7-3	MIR7-2	TRMT10C
MIR7-3	MIR7-2	KIAA1715
MIR7-3	MIR7-2	SRPK1
MIR7-3	MIR7-2	KLF6
MIR7-3	MIR7-2	LARP1
MIR7-3	MIR7-2	NUMB
MIR7-3	MIR7-2	NBEAL2
MIR7-3	MIR7-2	DGKH
MIR7-3	MIR7-2	KIF1B
MIR7-3	MIR7-2	LRRC8A
MIR7-3	MIR7-2	HSPBP1
MIR7-3	MIR7-2	SMARCD1
MIR7-3	MIR7-2	TTC39A
MIR7-3	MIR7-2	PPARA
MIR7-3	MIR7-2	ZSWIM8
MIR7-3	MIR7-2	VTCN1
MIR7-3	MIR7-2	ANKFY1
MIR7-3	MIR7-2	ACTL6A
MIR7-3	MIR7-2	KIAA1958
MIR7-3	MIR7-2	FBXL7
MIR7-3	MIR7-2	BET1
MIR7-3	MIR7-2	UBTD2
MIR7-3	MIR7-2	ESRP1
MIR7-3	MIR7-2	SEC23IP
MIR7-3	MIR7-2	WBP2
MIR7-3	MIR7-2	PLOD2
MIR7-3	MIR7-2	CTDSPL
MIR7-3	MIR7-2	MYH9
MIR7-3	MIR7-2	IDH2
MIR7-3	MIR7-2	C7orf73
MIR7-3	MIR7-2	PLBD2
MIR7-3	MIR7-2	SLC38A2
MIR7-3	MIR7-2	ZC3H12C
MIR7-3	MIR7-2	FCHSD2
MIR7-3	MIR7-2	PHB
MIR7-3	MIR7-2	QPCTL
MIR7-3	MIR7-2	SOCS4
MIR7-3	MIR7-2	IDE
MIR7-3	MIR7-2	CDS2
MIR7-3	MIR7-2	CRIM1
MIR7-3	MIR7-2	AHCYL1
MIR7-3	MIR7-2	C2orf49
MIR7-3	MIR7-2	WDFY1
MIR7-3	MIR7-2	PRKCA
MIR7-3	MIR7-2	NFIA
MIR7-3	MIR7-2	GNAI3
MIR7-3	MIR7-2	COL6A1
MIR7-3	MIR7-2	FAM126B
MIR7-3	MIR7-2	WARS2
MIR7-3	MIR7-2	SERPINA4
MIR7-3	MIR7-2	XIAP
MIR7-3	MIR7-2	NOC3L
MIR7-3	MIR7-2	ZBTB38
MIR7-3	MIR7-2	MKLN1
MIR7-3	MIR7-2	AMOTL1
MIR7-3	MIR7-2	EP300
MIR7-3	MIR7-2	ZFYVE20
MIR7-3	MIR7-2	OGT
MIR7-3	MIR7-2	NFIC
MIR7-3	MIR7-2	GLTSCR1L
MIR7-3	MIR7-2	ZNF264
MIR7-3	MIR7-2	SERTAD2
MIR7-3	MIR7-2	TRIM44
MIR7-3	MIR7-2	CWC22
MIR7-3	MIR7-2	SP140L
MIR7-3	MIR7-2	NUCKS1
MIR7-3	MIR7-2	DCAF12
MIR7-3	MIR7-2	TMBIM6
MIR7-3	MIR7-2	BAG4
MIR7-3	MIR7-2	POLDIP3
MIR7-3	MIR7-2	TNRC6A
MIR7-3	MIR7-2	SLC4A7
MIR7-3	MIR7-2	CLINT1
MIR7-3	MIR7-2	SQSTM1
MIR7-3	MIR7-2	CBL
MIR7-3	MIR7-2	NME6
MIR7-3	MIR7-2	SMURF2
MIR7-3	MIR7-2	DAPK1
MIR7-3	MIR7-2	POLE4
MIR7-3	MIR7-2	CHST9
MIR7-3	MIR7-2	MELK
MIR7-3	MIR7-2	KIAA1462
MIR7-3	MIR7-2	ZDHHC17
MIR92A1	MIR92A2	YPEL5
MIR92A1	MIR92A2	CEP135
MIR92A1	MIR92A2	SCD5
MIR92A1	MIR92A2	CPEB2
MIR92A1	MIR92A2	U2SURP
MIR92A1	MIR92A2	DUSP6
MIR92A1	MIR92A2	HLA-DRA
MIR92A1	MIR92A2	FOXJ3
MIR92A1	MIR92A2	SOX4
MIR92A1	MIR92A2	HMGA2
MIR92A1	MIR92A2	ZC3H11A
MIR92A1	MIR92A2	TCF3
MIR92A1	MIR92A2	H3F3B
MIR92A1	MIR92A2	PRKCE
MIR92A1	MIR92A2	KLF4
MIR92A1	MIR92A2	LRRC27
MIR92A1	MIR92A2	RSBN1
MIR92A1	MIR92A2	SLC35B3
MIR92A1	MIR92A2	OSBPL2
MIR92A1	MIR92A2	REV3L
MIR92A1	MIR92A2	FRY
MIR92A1	MIR92A2	AGO4
MIR92A1	MIR92A2	BTBD7
MIR92A1	MIR92A2	ANO10
MIR92A1	MIR92A2	CLTA
MIR92A1	MIR92A2	DTX2
MIR92A1	MIR92A2	IARS2
MIR92A1	MIR92A2	SERTAD3
MIR92A1	MIR92A2	AAGAB
MIR92A1	MIR92A2	BCL2L11
MIR92A1	MIR92A2	SEC23A
MIR92A1	MIR92A2	FXR1
MIR92A1	MIR92A2	FNDC3B
MIR92A1	MIR92A2	ZNF420
MIR92A1	MIR92A2	MARCH9
MIR92A1	MIR92A2	RAD21
MIR92A1	MIR92A2	COX8A
MIR92A1	MIR92A2	RECQL
MIR92A1	MIR92A2	PDPR
MIR92A1	MIR92A2	ABCE1
MIR92A1	MIR92A2	ZNF503
MIR92A1	MIR92A2	HIST1H2AC
MIR92A1	MIR92A2	SGK3
MIR92A1	MIR92A2	ALDH9A1
MIR92A1	MIR92A2	RNF38
MIR92A1	MIR92A2	GCHFR
MIR92A1	MIR92A2	SAMD9L
MIR92A1	MIR92A2	RNF180
MIR92A1	MIR92A2	OSBPL8
MIR92A1	MIR92A2	SSFA2
MIR92A1	MIR92A2	ARHGEF10
MIR92A1	MIR92A2	TANC2
MIR92A1	MIR92A2	SEL1L
MIR92A1	MIR92A2	ZNF551
MIR92A1	MIR92A2	SMAD2
MIR92A1	MIR92A2	PAPSS2
MIR92A1	MIR92A2	ITGAV
MIR92A1	MIR92A2	FBN2
MIR92A1	MIR92A2	KCTD5
MIR92A1	MIR92A2	ORC6
MIR92A1	MIR92A2	MAN2A1
MIR92A1	MIR92A2	TBC1D10B
MIR92A1	MIR92A2	CEP85
MIR92A1	MIR92A2	HNF1B
MIR92A1	MIR92A2	RFFL
MIR92A1	MIR92A2	AURKA
MIR92A1	MIR92A2	ELOF1
MIR92A1	MIR92A2	RTN4
MIR92A1	MIR92A2	CDC27
MIR92A1	MIR92A2	TNFRSF11B
MIR92A1	MIR92A2	ACAT2
MIR92A1	MIR92A2	DSTN
MIR92A1	MIR92A2	SNX13
MIR92A1	MIR92A2	BCL11A
MIR92A1	MIR92A2	MTMR6
MIR92A1	MIR92A2	RPS8
MIR92A1	MIR92A2	RC3H2
MIR92A1	MIR92A2	TBL1XR1
MIR92A1	MIR92A2	ZNF148
MIR92A1	MIR92A2	LEPREL2
MIR92A1	MIR92A2	TTC9
MIR92A1	MIR92A2	CHCHD5
MIR92A1	MIR92A2	PRC1
MIR92A1	MIR92A2	MTMR9
MIR92A1	MIR92A2	NECAP1
MIR92A1	MIR92A2	SMAP2
MIR92A1	MIR92A2	IBTK
MIR92A1	MIR92A2	EIF5B
MIR92A1	MIR92A2	TRAM2
MIR92A1	MIR92A2	GOLIM4
MIR92A1	MIR92A2	PKDCC
MIR92A1	MIR92A2	MTR
MIR92A1	MIR92A2	DCAF6
MIR92A1	MIR92A2	MAPK9
MIR92A1	MIR92A2	STK25
MIR92A1	MIR92A2	CNEP1R1
MIR92A1	MIR92A2	ZNF121
MIR92A1	MIR92A2	SATB2
MIR92A1	MIR92A2	NCL
MIR92A1	MIR92A2	UTP15
MIR92A1	MIR92A2	SLFN5
MIR92A1	MIR92A2	CHD9
MIR92A1	MIR92A2	PEX5
MIR92A1	MIR92A2	PALLD
MIR92A1	MIR92A2	SMC1A
MIR92A1	MIR92A2	RAB8B
MIR92A1	MIR92A2	ZNF687
MIR92A1	MIR92A2	CD59
MIR92A1	MIR92A2	DKK3
MIR92A1	MIR92A2	TMX4
MIR92A1	MIR92A2	FBXW7
MIR92A1	MIR92A2	PPP4R4
MIR92A1	MIR92A2	TGFA
MIR92A1	MIR92A2	SYNPR
MIR92A1	MIR92A2	CCDC186
MIR92A1	MIR92A2	SZRD1
MIR92A1	MIR92A2	SRPR
MIR92A1	MIR92A2	MTHFD2
MIR92A1	MIR92A2	MYO1C
MIR92A1	MIR92A2	AXIN1
MIR92A1	MIR92A2	MYLIP
MIR92A1	MIR92A2	CES2
MIR92A1	MIR92A2	RIC1
MIR92A1	MIR92A2	RAB3B
MIR92A1	MIR92A2	CPEB4
MIR92A1	MIR92A2	SREK1IP1
MIR92A1	MIR92A2	CNIH1
MIR92A1	MIR92A2	JMY
MIR92A1	MIR92A2	KMT2C
MIR92A1	MIR92A2	PAPOLA
MIR92A1	MIR92A2	CDK9
MIR92A1	MIR92A2	HIPK1
MIR92A1	MIR92A2	NRXN3
MIR92A1	MIR92A2	JMJD1C
MIR92A1	MIR92A2	USP33
MIR92A1	MIR92A2	PLEKHB2
MIR92A1	MIR92A2	GFPT2
MIR92A1	MIR92A2	KDSR
MIR92A1	MIR92A2	ZNF703
MIR92A1	MIR92A2	CBX2
MIR92A1	MIR92A2	LUM
MIR92A1	MIR92A2	CLIC4
MIR92A1	MIR92A2	PSMG3
MIR92A1	MIR92A2	LIN54
MIR92A1	MIR92A2	ZNF211
MIR92A1	MIR92A2	MACF1
MIR92A1	MIR92A2	KRIT1
MIR92A1	MIR92A2	GOLGA3
MIR92A1	MIR92A2	ATP2B4
MIR92A1	MIR92A2	MBNL1
MIR92A1	MIR92A2	CPEB3
MIR92A1	MIR92A2	WDR26
MIR92A1	MIR92A2	STC2
MIR92A1	MIR92A2	POGZ
MIR92A1	MIR92A2	OTUD6A
MIR92A1	MIR92A2	ELOVL4
MIR92A1	MIR92A2	HSPA8
MIR92A1	MIR92A2	ZNF91
MIR92A1	MIR92A2	DENND4B
MIR92A1	MIR92A2	ASH1L
MIR92A1	MIR92A2	USP9X
MIR92A1	MIR92A2	MAP4
MIR92A1	MIR92A2	MYH2
MIR92A1	MIR92A2	C5orf42
MIR92A1	MIR92A2	HOXA9
MIR92A1	MIR92A2	MCM3
MIR92A1	MIR92A2	HIPK3
MIR92A1	MIR92A2	G3BP2
MIR92A1	MIR92A2	KHNYN
MIR92A1	MIR92A2	MCMBP
MIR92A1	MIR92A2	SERP1
MIR92A1	MIR92A2	ENO1
MIR92A1	MIR92A2	ARFGEF2
MIR92A1	MIR92A2	DSTYK
MIR92A1	MIR92A2	FBN1
MIR92A1	MIR92A2	ADM
MIR92A1	MIR92A2	PCMTD1
MIR92A1	MIR92A2	MAPRE1
MIR92A1	MIR92A2	KIAA2022
MIR92A1	MIR92A2	FAM214A
MIR92A1	MIR92A2	GTF3C2
MIR92A1	MIR92A2	QKI
MIR92A1	MIR92A2	EIF4G2
MIR92A1	MIR92A2	GIGYF2
MIR92A1	MIR92A2	CREBBP
MIR92A1	MIR92A2	COL5A1
MIR92A1	MIR92A2	KIF5B
MIR92A1	MIR92A2	ZNF770
MIR92A1	MIR92A2	EZH1
MIR92A1	MIR92A2	ZAK
MIR92A1	MIR92A2	MCOLN2
MIR92A1	MIR92A2	PIK3CB
MIR92A1	MIR92A2	C21orf91
MIR92A1	MIR92A2	EARS2
MIR92A1	MIR92A2	EFCAB14
MIR92A1	MIR92A2	PTGER4
MIR92A1	MIR92A2	MCL1
MIR92A1	MIR92A2	CREB3L2
MIR92A1	MIR92A2	IKZF2
MIR92A1	MIR92A2	PA2G4
MIR92A1	MIR92A2	KIAA1279
MIR92A1	MIR92A2	MIER1
MIR92A1	MIR92A2	ENSG00000183558
MIR92A1	MIR92A2	ATM
MIR92A1	MIR92A2	FAM135A
MIR92A1	MIR92A2	UBE2W
MIR92A1	MIR92A2	ARMC8
MIR92A1	MIR92A2	CLDN11
MIR92A1	MIR92A2	NTN4
MIR92A1	MIR92A2	THUMPD1
MIR92A1	MIR92A2	RBPJ
MIR92A1	MIR92A2	UPF2
MIR92A1	MIR92A2	RORA
MIR92A1	MIR92A2	NAA30
MIR92A1	MIR92A2	RASA1
MIR92A1	MIR92A2	NCK2
MIR92A1	MIR92A2	UBIAD1
MIR92A1	MIR92A2	DDX3X
MIR92A1	MIR92A2	DBT
MIR92A1	MIR92A2	ZNF470
MIR92A1	MIR92A2	RSPRY1
MIR92A1	MIR92A2	ERGIC2
MIR92A1	MIR92A2	PRDM15
MIR92A1	MIR92A2	SIK2
MIR92A1	MIR92A2	ARL5B
MIR92A1	MIR92A2	SRC
MIR92A1	MIR92A2	ARF1
MIR92A1	MIR92A2	TUBB2B
MIR92A1	MIR92A2	CTTNBP2NL
MIR92A1	MIR92A2	EFR3A
MIR92A1	MIR92A2	ACTB
MIR92A1	MIR92A2	DNAJB9
MIR92A1	MIR92A2	IL10RB
MIR92A1	MIR92A2	VEZT
MIR92A1	MIR92A2	SH3PXD2A
MIR92A1	MIR92A2	GATM
MIR92A1	MIR92A2	VCL
MIR92A1	MIR92A2	HSP90B1
MIR92A1	MIR92A2	TMCC1
MIR92A1	MIR92A2	FANCI
MIR92A1	MIR92A2	DCP2
MIR92A1	MIR92A2	TNFRSF13B
MIR92A1	MIR92A2	WAC
MIR92A1	MIR92A2	VLDLR
MIR92A1	MIR92A2	DUSP5
MIR92A1	MIR92A2	KLHL3
MIR92A1	MIR92A2	COL1A2
MIR92A1	MIR92A2	UGDH
MIR92A1	MIR92A2	PRPF8
MIR92A1	MIR92A2	RP2
MIR92A1	MIR92A2	AARS
MIR92A1	MIR92A2	SERINC1
MIR92A1	MIR92A2	MRPS21
MIR92A1	MIR92A2	HIST1H4C
MIR92A1	MIR92A2	KLF6
MIR92A1	MIR92A2	KIAA0232
MIR92A1	MIR92A2	SCD
MIR92A1	MIR92A2	ABI3BP
MIR92A1	MIR92A2	BTG2
MIR92A1	MIR92A2	VAT1
MIR92A1	MIR92A2	NDUFS5
MIR92A1	MIR92A2	SLC39A8
MIR92A1	MIR92A2	EDEM3
MIR92A1	MIR92A2	DNMT1
MIR92A1	MIR92A2	SAP30BP
MIR92A1	MIR92A2	SYNE2
MIR92A1	MIR92A2	PHF13
MIR92A1	MIR92A2	TSPYL1
MIR92A1	MIR92A2	CCT6A
MIR92A1	MIR92A2	CTNNB1
MIR92A1	MIR92A2	DDX17
MIR92A1	MIR92A2	HECTD1
MIR92A1	MIR92A2	LRPAP1
MIR92A1	MIR92A2	ITPR3
MIR92A1	MIR92A2	WIPF2
MIR92A1	MIR92A2	CBX4
MIR92A1	MIR92A2	IFI16
MIR92A1	MIR92A2	FAM136A
MIR92A1	MIR92A2	KRAS
MIR92A1	MIR92A2	RRBP1
MIR92A1	MIR92A2	GABPA
MIR92A1	MIR92A2	GNPDA1
MIR92A1	MIR92A2	SLC20A1
MIR92A1	MIR92A2	ZFP91
MIR92A1	MIR92A2	FAM126B
MIR92A1	MIR92A2	RBM10
MIR92A1	MIR92A2	DNAJB12
MIR92A1	MIR92A2	SETD1B
MIR92A1	MIR92A2	CD69
MIR92A1	MIR92A2	DHX8
MIR92A1	MIR92A2	TUSC2
MIR92A1	MIR92A2	PSMB6
MIR92A1	MIR92A2	TRAF3
MIR92A1	MIR92A2	NFIC
MIR92A1	MIR92A2	FAU
MIR92A1	MIR92A2	USP45
MIR92A1	MIR92A2	ITGA5
MIR92A1	MIR92A2	GADD45A
MIR92A1	MIR92A2	INSIG1
MIR92A1	MIR92A2	RREB1
MIR92A1	MIR92A2	DCAF12
MIR92A1	MIR92A2	GOLGA1
MIR92A1	MIR92A2	GAPVD1
MIR92A1	MIR92A2	NFAT5
MIR92A1	MIR92A2	PTBP3
MIR92A1	MIR92A2	PTGES2
MIR92A1	MIR92A2	GOLGA8A
MIR92A1	MIR92A2	FAM20C
MIR92A1	MIR92A2	TNPO1
MIR92A1	MIR92A2	SBNO1
MIR92A1	MIR92A2	HLA-E
MIR92A1	MIR92A2	MDM2
MIR92A1	MIR92A2	LDLR
MIR92A1	MIR92A2	RBBP6
MIR92A1	MIR92A2	KCTD7
MIR92A1	MIR92A2	ZNF24
MIR92A1	MIR92A2	LMNB2
MIR92A1	MIR92A2	U2AF2
MIR92A1	MIR92A2	MMD
MIR92A1	MIR92A2	APPL1
MIR92A1	MIR92A2	SLC1A5
MIR92A1	MIR92A2	ESD
MIR92A1	MIR92A2	BTK
MIR92A1	MIR92B	ADM
MIR92A1	MIR92B	RP2
MIR92A1	MIR92B	CEP135
MIR92A1	MIR92B	PCMTD1
MIR92A1	MIR92B	YPEL5
MIR92A1	MIR92B	KIAA2022
MIR92A1	MIR92B	TTC9
MIR92A1	MIR92B	MRPS21
MIR92A1	MIR92B	FAM214A
MIR92A1	MIR92B	QKI
MIR92A1	MIR92B	KLF6
MIR92A1	MIR92B	EIF4G2
MIR92A1	MIR92B	CPEB2
MIR92A1	MIR92B	MTMR9
MIR92A1	MIR92B	U2SURP
MIR92A1	MIR92B	DUSP6
MIR92A1	MIR92B	ABI3BP
MIR92A1	MIR92B	HLA-DRA
MIR92A1	MIR92B	IBTK
MIR92A1	MIR92B	FOXJ3
MIR92A1	MIR92B	CREBBP
MIR92A1	MIR92B	BTG2
MIR92A1	MIR92B	TRAM2
MIR92A1	MIR92B	COL5A1
MIR92A1	MIR92B	KIF5B
MIR92A1	MIR92B	MTR
MIR92A1	MIR92B	VAT1
MIR92A1	MIR92B	DCAF6
MIR92A1	MIR92B	ZNF770
MIR92A1	MIR92B	EZH1
MIR92A1	MIR92B	SOX4
MIR92A1	MIR92B	HMGA2
MIR92A1	MIR92B	NDUFS5
MIR92A1	MIR92B	MCOLN2
MIR92A1	MIR92B	SLC39A8
MIR92A1	MIR92B	ZAK
MIR92A1	MIR92B	EDEM3
MIR92A1	MIR92B	ZNF121
MIR92A1	MIR92B	C21orf91
MIR92A1	MIR92B	NCL
MIR92A1	MIR92B	EFCAB14
MIR92A1	MIR92B	SLFN5
MIR92A1	MIR92B	PTGER4
MIR92A1	MIR92B	TCF3
MIR92A1	MIR92B	PEX5
MIR92A1	MIR92B	CHD9
MIR92A1	MIR92B	H3F3B
MIR92A1	MIR92B	MCL1
MIR92A1	MIR92B	PRKCE
MIR92A1	MIR92B	RAB8B
MIR92A1	MIR92B	SYNE2
MIR92A1	MIR92B	PHF13
MIR92A1	MIR92B	IKZF2
MIR92A1	MIR92B	TSPYL1
MIR92A1	MIR92B	RSBN1
MIR92A1	MIR92B	DKK3
MIR92A1	MIR92B	REV3L
MIR92A1	MIR92B	KIAA1279
MIR92A1	MIR92B	CTNNB1
MIR92A1	MIR92B	HECTD1
MIR92A1	MIR92B	AGO4
MIR92A1	MIR92B	FBXW7
MIR92A1	MIR92B	FAM135A
MIR92A1	MIR92B	CBX4
MIR92A1	MIR92B	UBE2W
MIR92A1	MIR92B	ANO10
MIR92A1	MIR92B	ARMC8
MIR92A1	MIR92B	CLDN11
MIR92A1	MIR92B	CLTA
MIR92A1	MIR92B	DTX2
MIR92A1	MIR92B	IFI16
MIR92A1	MIR92B	RBPJ
MIR92A1	MIR92B	SZRD1
MIR92A1	MIR92B	SERTAD3
MIR92A1	MIR92B	SRPR
MIR92A1	MIR92B	BCL2L11
MIR92A1	MIR92B	NAA30
MIR92A1	MIR92B	FXR1
MIR92A1	MIR92B	FNDC3B
MIR92A1	MIR92B	MYLIP
MIR92A1	MIR92B	NCK2
MIR92A1	MIR92B	RIC1
MIR92A1	MIR92B	CPEB4
MIR92A1	MIR92B	FAM126B
MIR92A1	MIR92B	SREK1IP1
MIR92A1	MIR92B	MARCH9
MIR92A1	MIR92B	RAD21
MIR92A1	MIR92B	COX8A
MIR92A1	MIR92B	SETD1B
MIR92A1	MIR92B	PDPR
MIR92A1	MIR92B	CD69
MIR92A1	MIR92B	CNIH1
MIR92A1	MIR92B	DDX3X
MIR92A1	MIR92B	JMY
MIR92A1	MIR92B	KMT2C
MIR92A1	MIR92B	PAPOLA
MIR92A1	MIR92B	SGK3
MIR92A1	MIR92B	ARPP19
MIR92A1	MIR92B	PSMB6
MIR92A1	MIR92B	ZNF470
MIR92A1	MIR92B	JMJD1C
MIR92A1	MIR92B	RNF38
MIR92A1	MIR92B	TRAF3
MIR92A1	MIR92B	PLEKHB2
MIR92A1	MIR92B	GFPT2
MIR92A1	MIR92B	ERGIC2
MIR92A1	MIR92B	SAMD9L
MIR92A1	MIR92B	NFIC
MIR92A1	MIR92B	USP45
MIR92A1	MIR92B	LUM
MIR92A1	MIR92B	SSFA2
MIR92A1	MIR92B	CLIC4
MIR92A1	MIR92B	ITGA5
MIR92A1	MIR92B	ARHGEF10
MIR92A1	MIR92B	PRDM15
MIR92A1	MIR92B	SIK2
MIR92A1	MIR92B	ARL5B
MIR92A1	MIR92B	GADD45A
MIR92A1	MIR92B	LIN54
MIR92A1	MIR92B	SRC
MIR92A1	MIR92B	ARF1
MIR92A1	MIR92B	TANC2
MIR92A1	MIR92B	SEL1L
MIR92A1	MIR92B	RREB1
MIR92A1	MIR92B	CTTNBP2NL
MIR92A1	MIR92B	EFR3A
MIR92A1	MIR92B	GOLGA1
MIR92A1	MIR92B	VEZT
MIR92A1	MIR92B	DNAJB9
MIR92A1	MIR92B	IL10RB
MIR92A1	MIR92B	GOLGA3
MIR92A1	MIR92B	PTBP3
MIR92A1	MIR92B	PTGES2
MIR92A1	MIR92B	ATP2B4
MIR92A1	MIR92B	GOLGA8A
MIR92A1	MIR92B	SMAD2
MIR92A1	MIR92B	MBNL1
MIR92A1	MIR92B	FAM20C
MIR92A1	MIR92B	PAPSS2
MIR92A1	MIR92B	SH3PXD2A
MIR92A1	MIR92B	TNPO1
MIR92A1	MIR92B	STC2
MIR92A1	MIR92B	FBN2
MIR92A1	MIR92B	HLA-E
MIR92A1	MIR92B	MDM2
MIR92A1	MIR92B	HNF1B
MIR92A1	MIR92B	RBBP6
MIR92A1	MIR92B	TBC1D10B
MIR92A1	MIR92B	AURKA
MIR92A1	MIR92B	DENND4B
MIR92A1	MIR92B	VCL
MIR92A1	MIR92B	ZNF91
MIR92A1	MIR92B	ASH1L
MIR92A1	MIR92B	SNRNP200
MIR92A1	MIR92B	FANCI
MIR92A1	MIR92B	TMCC1
MIR92A1	MIR92B	USP9X
MIR92A1	MIR92B	FBN1
MIR92A1	MIR92B	RTN4
MIR92A1	MIR92B	ZNF24
MIR92A1	MIR92B	HOXA9
MIR92A1	MIR92B	CDC27
MIR92A1	MIR92B	TNFRSF11B
MIR92A1	MIR92B	TNFRSF13B
MIR92A1	MIR92B	DSTN
MIR92A1	MIR92B	HIPK3
MIR92A1	MIR92B	WAC
MIR92A1	MIR92B	MMD
MIR92A1	MIR92B	G3BP2
MIR92A1	MIR92B	APPL1
MIR92A1	MIR92B	SLC1A5
MIR92A1	MIR92B	SNX13
MIR92A1	MIR92B	VLDLR
MIR92A1	MIR92B	DUSP5
MIR92A1	MIR92B	BCL11A
MIR92A1	MIR92B	MTMR6
MIR92A1	MIR92B	BTK
MIR92A1	MIR92B	RC3H2
MIR92A1	MIR92B	MCMBP
MIR92A1	MIR92B	SERP1
MIR92A1	MIR92B	COL1A2
MIR92A1	MIR92B	ARFGEF2
MIR92A1	MIR92B	TBL1XR1
MIR92A1	MIR92B	ZNF148
MIR92A2	MIR92B	ADM
MIR92A2	MIR92B	RP2
MIR92A2	MIR92B	CEP135
MIR92A2	MIR92B	PCMTD1
MIR92A2	MIR92B	YPEL5
MIR92A2	MIR92B	KIAA2022
MIR92A2	MIR92B	TTC9
MIR92A2	MIR92B	MRPS21
MIR92A2	MIR92B	FAM214A
MIR92A2	MIR92B	QKI
MIR92A2	MIR92B	KLF6
MIR92A2	MIR92B	EIF4G2
MIR92A2	MIR92B	CPEB2
MIR92A2	MIR92B	MTMR9
MIR92A2	MIR92B	U2SURP
MIR92A2	MIR92B	DUSP6
MIR92A2	MIR92B	ABI3BP
MIR92A2	MIR92B	HLA-DRA
MIR92A2	MIR92B	IBTK
MIR92A2	MIR92B	FOXJ3
MIR92A2	MIR92B	CREBBP
MIR92A2	MIR92B	BTG2
MIR92A2	MIR92B	TRAM2
MIR92A2	MIR92B	COL5A1
MIR92A2	MIR92B	KIF5B
MIR92A2	MIR92B	MTR
MIR92A2	MIR92B	VAT1
MIR92A2	MIR92B	DCAF6
MIR92A2	MIR92B	ZNF770
MIR92A2	MIR92B	EZH1
MIR92A2	MIR92B	SOX4
MIR92A2	MIR92B	HMGA2
MIR92A2	MIR92B	NDUFS5
MIR92A2	MIR92B	MCOLN2
MIR92A2	MIR92B	SLC39A8
MIR92A2	MIR92B	ZAK
MIR92A2	MIR92B	EDEM3
MIR92A2	MIR92B	ZNF121
MIR92A2	MIR92B	C21orf91
MIR92A2	MIR92B	NCL
MIR92A2	MIR92B	EFCAB14
MIR92A2	MIR92B	SLFN5
MIR92A2	MIR92B	PTGER4
MIR92A2	MIR92B	TMEM189-UBE2V1
MIR92A2	MIR92B	TCF3
MIR92A2	MIR92B	PEX5
MIR92A2	MIR92B	CHD9
MIR92A2	MIR92B	H3F3B
MIR92A2	MIR92B	MCL1
MIR92A2	MIR92B	PRKCE
MIR92A2	MIR92B	ZFP36L1
MIR92A2	MIR92B	RAB8B
MIR92A2	MIR92B	SYNE2
MIR92A2	MIR92B	PHF13
MIR92A2	MIR92B	IKZF2
MIR92A2	MIR92B	TSPYL1
MIR92A2	MIR92B	RSBN1
MIR92A2	MIR92B	DKK3
MIR92A2	MIR92B	REV3L
MIR92A2	MIR92B	KIAA1279
MIR92A2	MIR92B	CTNNB1
MIR92A2	MIR92B	HECTD1
MIR92A2	MIR92B	AGO4
MIR92A2	MIR92B	FBXW7
MIR92A2	MIR92B	FAM135A
MIR92A2	MIR92B	CBX4
MIR92A2	MIR92B	UBE2W
MIR92A2	MIR92B	ANO10
MIR92A2	MIR92B	ARMC8
MIR92A2	MIR92B	CLDN11
MIR92A2	MIR92B	CLTA
MIR92A2	MIR92B	DTX2
MIR92A2	MIR92B	IFI16
MIR92A2	MIR92B	RBPJ
MIR92A2	MIR92B	SZRD1
MIR92A2	MIR92B	SERTAD3
MIR92A2	MIR92B	SRPR
MIR92A2	MIR92B	BCL2L11
MIR92A2	MIR92B	NAA30
MIR92A2	MIR92B	FXR1
MIR92A2	MIR92B	FNDC3B
MIR92A2	MIR92B	MYLIP
MIR92A2	MIR92B	NCK2
MIR92A2	MIR92B	RIC1
MIR92A2	MIR92B	CPEB4
MIR92A2	MIR92B	FAM126B
MIR92A2	MIR92B	SREK1IP1
MIR92A2	MIR92B	MARCH9
MIR92A2	MIR92B	RAD21
MIR92A2	MIR92B	COX8A
MIR92A2	MIR92B	SETD1B
MIR92A2	MIR92B	PDPR
MIR92A2	MIR92B	CD69
MIR92A2	MIR92B	CNIH1
MIR92A2	MIR92B	DDX3X
MIR92A2	MIR92B	JMY
MIR92A2	MIR92B	KMT2C
MIR92A2	MIR92B	PAPOLA
MIR92A2	MIR92B	SGK3
MIR92A2	MIR92B	PSMB6
MIR92A2	MIR92B	ZNF470
MIR92A2	MIR92B	JMJD1C
MIR92A2	MIR92B	RNF38
MIR92A2	MIR92B	TRAF3
MIR92A2	MIR92B	PLEKHB2
MIR92A2	MIR92B	GFPT2
MIR92A2	MIR92B	ERGIC2
MIR92A2	MIR92B	SAMD9L
MIR92A2	MIR92B	NFIC
MIR92A2	MIR92B	USP45
MIR92A2	MIR92B	LUM
MIR92A2	MIR92B	SSFA2
MIR92A2	MIR92B	CLIC4
MIR92A2	MIR92B	ITGA5
MIR92A2	MIR92B	ARHGEF10
MIR92A2	MIR92B	PRDM15
MIR92A2	MIR92B	SIK2
MIR92A2	MIR92B	ARL5B
MIR92A2	MIR92B	GADD45A
MIR92A2	MIR92B	LIN54
MIR92A2	MIR92B	SRC
MIR92A2	MIR92B	ARF1
MIR92A2	MIR92B	TANC2
MIR92A2	MIR92B	SEL1L
MIR92A2	MIR92B	RREB1
MIR92A2	MIR92B	CTTNBP2NL
MIR92A2	MIR92B	EFR3A
MIR92A2	MIR92B	GOLGA1
MIR92A2	MIR92B	VEZT
MIR92A2	MIR92B	DNAJB9
MIR92A2	MIR92B	IL10RB
MIR92A2	MIR92B	GOLGA3
MIR92A2	MIR92B	HLA-B
MIR92A2	MIR92B	PTBP3
MIR92A2	MIR92B	PTGES2
MIR92A2	MIR92B	ATP2B4
MIR92A2	MIR92B	GOLGA8A
MIR92A2	MIR92B	SMAD2
MIR92A2	MIR92B	MBNL1
MIR92A2	MIR92B	FAM20C
MIR92A2	MIR92B	PAPSS2
MIR92A2	MIR92B	SH3PXD2A
MIR92A2	MIR92B	TNPO1
MIR92A2	MIR92B	STC2
MIR92A2	MIR92B	FBN2
MIR92A2	MIR92B	HLA-E
MIR92A2	MIR92B	MDM2
MIR92A2	MIR92B	HNF1B
MIR92A2	MIR92B	RBBP6
MIR92A2	MIR92B	TBC1D10B
MIR92A2	MIR92B	AURKA
MIR92A2	MIR92B	DENND4B
MIR92A2	MIR92B	VCL
MIR92A2	MIR92B	ZNF91
MIR92A2	MIR92B	ASH1L
MIR92A2	MIR92B	TMCC1
MIR92A2	MIR92B	FANCI
MIR92A2	MIR92B	USP9X
MIR92A2	MIR92B	FBN1
MIR92A2	MIR92B	RTN4
MIR92A2	MIR92B	ZNF24
MIR92A2	MIR92B	HOXA9
MIR92A2	MIR92B	CDC27
MIR92A2	MIR92B	TNFRSF11B
MIR92A2	MIR92B	TNFRSF13B
MIR92A2	MIR92B	DSTN
MIR92A2	MIR92B	HIPK3
MIR92A2	MIR92B	HUWE1
MIR92A2	MIR92B	WAC
MIR92A2	MIR92B	MMD
MIR92A2	MIR92B	G3BP2
MIR92A2	MIR92B	APPL1
MIR92A2	MIR92B	SLC1A5
MIR92A2	MIR92B	SNX13
MIR92A2	MIR92B	VLDLR
MIR92A2	MIR92B	DUSP5
MIR92A2	MIR92B	BCL11A
MIR92A2	MIR92B	MTMR6
MIR92A2	MIR92B	BTK
MIR92A2	MIR92B	RC3H2
MIR92A2	MIR92B	MCMBP
MIR92A2	MIR92B	SERP1
MIR92A2	MIR92B	COL1A2
MIR92A2	MIR92B	ARFGEF2
MIR92A2	MIR92B	TBL1XR1
MIR92A2	MIR92B	ZNF148
MIR9-1	MIR9-2	TMEM245
MIR9-1	MIR9-2	NUDT19
MIR9-1	MIR9-2	FAM118A
MIR9-1	MIR9-2	EPAS1
MIR9-1	MIR9-2	TMEM106B
MIR9-1	MIR9-2	RBM5
MIR9-1	MIR9-2	MKNK2
MIR9-1	MIR9-2	ZFHX2
MIR9-1	MIR9-2	PAK2
MIR9-1	MIR9-2	ZZZ3
MIR9-1	MIR9-2	TJP2
MIR9-1	MIR9-2	SC5D
MIR9-1	MIR9-2	CLCN3
MIR9-1	MIR9-2	KDELR1
MIR9-1	MIR9-2	MYO5A
MIR9-1	MIR9-2	GPI
MIR9-1	MIR9-2	ADAM9
MIR9-1	MIR9-2	CHAMP1
MIR9-1	MIR9-2	HMGA2
MIR9-1	MIR9-2	ZC3H11A
MIR9-1	MIR9-2	ACIN1
MIR9-1	MIR9-2	MMP2
MIR9-1	MIR9-2	P4HB
MIR9-1	MIR9-2	PRKDC
MIR9-1	MIR9-2	DDHD1
MIR9-1	MIR9-2	FYCO1
MIR9-1	MIR9-2	XPO1
MIR9-1	MIR9-2	TPD52
MIR9-1	MIR9-2	STARD13
MIR9-1	MIR9-2	SFT2D2
MIR9-1	MIR9-2	THAP2
MIR9-1	MIR9-2	LPPR4
MIR9-1	MIR9-2	UBL3
MIR9-1	MIR9-2	EIF3E
MIR9-1	MIR9-2	GYG1
MIR9-1	MIR9-2	CEACAM6
MIR9-1	MIR9-2	KIAA1147
MIR9-1	MIR9-2	SESN1
MIR9-1	MIR9-2	ZBTB6
MIR9-1	MIR9-2	IFRD1
MIR9-1	MIR9-2	TUBA1C
MIR9-1	MIR9-2	TIPARP
MIR9-1	MIR9-2	SENP6
MIR9-1	MIR9-2	FNDC3B
MIR9-1	MIR9-2	MESDC1
MIR9-1	MIR9-2	ITSN2
MIR9-1	MIR9-2	SERPINH1
MIR9-1	MIR9-2	FRMD3
MIR9-1	MIR9-2	KDM6B
MIR9-1	MIR9-2	CMTR2
MIR9-1	MIR9-2	MSI2
MIR9-1	MIR9-2	MTDH
MIR9-1	MIR9-2	KIF5C
MIR9-1	MIR9-2	PDE3B
MIR9-1	MIR9-2	RFK
MIR9-1	MIR9-2	MAP1B
MIR9-1	MIR9-2	SLC25A37
MIR9-1	MIR9-2	ADAR
MIR9-1	MIR9-2	SACS
MIR9-1	MIR9-2	HDAC3
MIR9-1	MIR9-2	USP3
MIR9-1	MIR9-2	TOP2B
MIR9-1	MIR9-2	TSHZ1
MIR9-1	MIR9-2	COL15A1
MIR9-1	MIR9-2	PPP6C
MIR9-1	MIR9-2	BRAF
MIR9-1	MIR9-2	UPF1
MIR9-1	MIR9-2	SHOC2
MIR9-1	MIR9-2	SYT14
MIR9-1	MIR9-2	PALM2-AKAP2
MIR9-1	MIR9-2	TMEM33
MIR9-1	MIR9-2	PSAP
MIR9-1	MIR9-2	EPC2
MIR9-1	MIR9-2	ZNF229
MIR9-1	MIR9-2	GPR65
MIR9-1	MIR9-2	SMC2
MIR9-1	MIR9-2	CHAC1
MIR9-1	MIR9-2	FBXW11
MIR9-1	MIR9-2	TSC22D4
MIR9-1	MIR9-2	RPL8
MIR9-1	MIR9-2	COL1A1
MIR9-1	MIR9-2	MSANTD4
MIR9-1	MIR9-2	PPP1R10
MIR9-1	MIR9-2	ARFIP1
MIR9-1	MIR9-2	HINT3
MIR9-1	MIR9-2	COG3
MIR9-1	MIR9-2	MLLT3
MIR9-1	MIR9-2	POLR1B
MIR9-1	MIR9-2	AP2M1
MIR9-1	MIR9-2	GPALPP1
MIR9-1	MIR9-2	RCAN3
MIR9-1	MIR9-2	C5orf30
MIR9-1	MIR9-2	CRY2
MIR9-1	MIR9-2	TNRC6C
MIR9-1	MIR9-2	POU2F2
MIR9-1	MIR9-2	VEZF1
MIR9-1	MIR9-2	HIST1H2BG
MIR9-1	MIR9-2	POLR2B
MIR9-1	MIR9-2	AKAP9
MIR9-1	MIR9-2	ANP32A
MIR9-1	MIR9-2	SLC38A6
MIR9-1	MIR9-2	TMED4
MIR9-1	MIR9-2	ZCCHC6
MIR9-1	MIR9-2	ZNF148
MIR9-1	MIR9-2	PIP5K1B
MIR9-1	MIR9-2	ATL3
MIR9-1	MIR9-2	GTF2A1
MIR9-1	MIR9-2	WSB1
MIR9-1	MIR9-2	INO80D
MIR9-1	MIR9-2	SFT2D1
MIR9-1	MIR9-2	PCSK1
MIR9-1	MIR9-2	OSBPL3
MIR9-1	MIR9-2	AP1G1
MIR9-1	MIR9-2	RHOBTB3
MIR9-1	MIR9-2	ARHGAP5
MIR9-1	MIR9-2	CREBL2
MIR9-1	MIR9-2	SART3
MIR9-1	MIR9-2	FRMD6
MIR9-1	MIR9-2	TFPI2
MIR9-1	MIR9-2	PFDN2
MIR9-1	MIR9-2	STRAP
MIR9-1	MIR9-2	FBXL4
MIR9-1	MIR9-2	MTF2
MIR9-1	MIR9-2	TUFT1
MIR9-1	MIR9-2	NOLC1
MIR9-1	MIR9-2	DLAT
MIR9-1	MIR9-2	BAZ1B
MIR9-1	MIR9-2	PLAG1
MIR9-1	MIR9-2	NCL
MIR9-1	MIR9-2	HIF1A
MIR9-1	MIR9-2	RAB21
MIR9-1	MIR9-2	KREMEN1
MIR9-1	MIR9-2	SLFN5
MIR9-1	MIR9-2	TLN1
MIR9-1	MIR9-2	TMEM200A
MIR9-1	MIR9-2	NCAPD2
MIR9-1	MIR9-2	ZNF217
MIR9-1	MIR9-2	CHD9
MIR9-1	MIR9-2	PALLD
MIR9-1	MIR9-2	ZNF644
MIR9-1	MIR9-2	ANKRD28
MIR9-1	MIR9-2	UBC
MIR9-1	MIR9-2	RAB23
MIR9-1	MIR9-2	HGSNAT
MIR9-1	MIR9-2	GEMIN5
MIR9-1	MIR9-2	ZMYM6NB
MIR9-1	MIR9-2	PARD6B
MIR9-1	MIR9-2	UBR3
MIR9-1	MIR9-2	ZNF664
MIR9-1	MIR9-2	RAI14
MIR9-1	MIR9-2	ZNF746
MIR9-1	MIR9-2	ATG14
MIR9-1	MIR9-2	UBE2J1
MIR9-1	MIR9-2	CCDC168
MIR9-1	MIR9-2	DOT1L
MIR9-1	MIR9-2	FGF2
MIR9-1	MIR9-2	PRUNE
MIR9-1	MIR9-2	PBRM1
MIR9-1	MIR9-2	LIPA
MIR9-1	MIR9-2	FURIN
MIR9-1	MIR9-2	SZRD1
MIR9-1	MIR9-2	TAOK1
MIR9-1	MIR9-2	PELO
MIR9-1	MIR9-2	KANSL1L
MIR9-1	MIR9-2	MTHFD2
MIR9-1	MIR9-2	PPP1R18
MIR9-1	MIR9-2	MAP2K7
MIR9-1	MIR9-2	ZNF329
MIR9-1	MIR9-2	PARM1
MIR9-1	MIR9-2	ZFHX3
MIR9-1	MIR9-2	TMEM69
MIR9-1	MIR9-2	BCOR
MIR9-1	MIR9-2	PLEKHA2
MIR9-1	MIR9-2	SCARB2
MIR9-1	MIR9-2	AHNAK
MIR9-1	MIR9-2	FAT1
MIR9-1	MIR9-2	JMY
MIR9-1	MIR9-2	VGLL4
MIR9-1	MIR9-2	SETX
MIR9-1	MIR9-2	UBE2D3
MIR9-1	MIR9-2	ANXA6
MIR9-1	MIR9-2	RALBP1
MIR9-1	MIR9-2	TNFSF13B
MIR9-1	MIR9-2	MXRA7
MIR9-1	MIR9-2	GCSAM
MIR9-1	MIR9-2	PTPRC
MIR9-1	MIR9-2	HN1L
MIR9-1	MIR9-2	ANKRD52
MIR9-1	MIR9-2	ATP5F1
MIR9-1	MIR9-2	ATXN7L3B
MIR9-1	MIR9-2	PHACTR1
MIR9-1	MIR9-2	HNRNPU
MIR9-1	MIR9-2	RDX
MIR9-1	MIR9-2	CLIC4
MIR9-1	MIR9-2	PSME3
MIR9-1	MIR9-2	EDRF1
MIR9-1	MIR9-2	COIL
MIR9-1	MIR9-2	KBTBD4
MIR9-1	MIR9-2	DCP1A
MIR9-1	MIR9-2	NOD2
MIR9-1	MIR9-2	MACF1
MIR9-1	MIR9-2	STMN1
MIR9-1	MIR9-2	CCR1
MIR9-1	MIR9-2	CDCA7L
MIR9-1	MIR9-2	DFFA
MIR9-1	MIR9-2	CPEB3
MIR9-1	MIR9-2	DBNL
MIR9-1	MIR9-2	TXNL1
MIR9-1	MIR9-2	ULK1
MIR9-1	MIR9-2	CUL4A
MIR9-1	MIR9-2	GPCPD1
MIR9-1	MIR9-2	STAM
MIR9-1	MIR9-2	PTGS2
MIR9-1	MIR9-2	MAP4
MIR9-1	MIR9-2	KIF15
MIR9-1	MIR9-2	PEX1
MIR9-1	MIR9-2	CFAP36
MIR9-1	MIR9-2	ANKRD17
MIR9-1	MIR9-2	KIAA1244
MIR9-1	MIR9-2	TBC1D23
MIR9-1	MIR9-2	CERS6
MIR9-1	MIR9-2	ARFGEF2
MIR9-1	MIR9-2	FBN1
MIR9-1	MIR9-2	ANKRD12
MIR9-1	MIR9-2	ATL2
MIR9-1	MIR9-2	MYD88
MIR9-1	MIR9-2	PATL1
MIR9-1	MIR9-2	FMN1
MIR9-1	MIR9-2	PCMTD1
MIR9-1	MIR9-2	TTC3
MIR9-1	MIR9-2	ZRANB1
MIR9-1	MIR9-2	CD2AP
MIR9-1	MIR9-2	ZNF680
MIR9-1	MIR9-2	EIF4G2
MIR9-1	MIR9-2	OTUD4
MIR9-1	MIR9-2	PDE4B
MIR9-1	MIR9-2	FRMD5
MIR9-1	MIR9-2	XPOT
MIR9-1	MIR9-2	TRIM32
MIR9-1	MIR9-2	SGSM1
MIR9-1	MIR9-2	GIGYF2
MIR9-1	MIR9-2	MIB1
MIR9-1	MIR9-2	SLC16A7
MIR9-1	MIR9-2	BIRC3
MIR9-1	MIR9-2	RPRD1A
MIR9-1	MIR9-2	SIN3A
MIR9-1	MIR9-2	CASC4
MIR9-1	MIR9-2	SKA2
MIR9-1	MIR9-2	COL5A1
MIR9-1	MIR9-2	C5orf51
MIR9-1	MIR9-2	COMMD1
MIR9-1	MIR9-2	BPTF
MIR9-1	MIR9-2	CPSF7
MIR9-1	MIR9-2	NSD1
MIR9-1	MIR9-2	GABPB1
MIR9-1	MIR9-2	GIT2
MIR9-1	MIR9-2	PSPH
MIR9-1	MIR9-2	TAF5L
MIR9-1	MIR9-2	NHLRC2
MIR9-1	MIR9-2	NUP153
MIR9-1	MIR9-2	IMPDH2
MIR9-1	MIR9-2	CSDE1
MIR9-1	MIR9-2	TDG
MIR9-1	MIR9-2	CD80
MIR9-1	MIR9-2	MEGF9
MIR9-1	MIR9-2	CYP1B1
MIR9-1	MIR9-2	MBP
MIR9-1	MIR9-2	KDM6A
MIR9-1	MIR9-2	REXO2
MIR9-1	MIR9-2	SEC24A
MIR9-1	MIR9-2	KIAA1279
MIR9-1	MIR9-2	HERPUD1
MIR9-1	MIR9-2	GNPDA2
MIR9-1	MIR9-2	HEG1
MIR9-1	MIR9-2	THUMPD3
MIR9-1	MIR9-2	XRN1
MIR9-1	MIR9-2	CCNDBP1
MIR9-1	MIR9-2	ARNT
MIR9-1	MIR9-2	NOL4L
MIR9-1	MIR9-2	ZNF234
MIR9-1	MIR9-2	HNRNPUL1
MIR9-1	MIR9-2	DIP2C
MIR9-1	MIR9-2	NHSL1
MIR9-1	MIR9-2	ABL2
MIR9-1	MIR9-2	ACTN1
MIR9-1	MIR9-2	ABCG1
MIR9-1	MIR9-2	TBC1D8
MIR9-1	MIR9-2	PAM
MIR9-1	MIR9-2	EPB41
MIR9-1	MIR9-2	OCIAD1
MIR9-1	MIR9-2	TNFRSF10B
MIR9-1	MIR9-2	MTMR12
MIR9-1	MIR9-2	LARP4B
MIR9-1	MIR9-2	RFC1
MIR9-1	MIR9-2	CD109
MIR9-1	MIR9-2	SLC25A24
MIR9-1	MIR9-2	ZNF407
MIR9-1	MIR9-2	B3GNT2
MIR9-1	MIR9-2	KLF13
MIR9-1	MIR9-2	CCND1
MIR9-1	MIR9-2	APOL6
MIR9-1	MIR9-2	SMIM15
MIR9-1	MIR9-2	PDK1
MIR9-1	MIR9-2	PPM1A
MIR9-1	MIR9-2	USP9Y
MIR9-1	MIR9-2	SLC38A1
MIR9-1	MIR9-2	ARL5B
MIR9-1	MIR9-2	SST
MIR9-1	MIR9-2	TRIM71
MIR9-1	MIR9-2	UBQLN1
MIR9-1	MIR9-2	ITPRIPL2
MIR9-1	MIR9-2	QARS
MIR9-1	MIR9-2	ONECUT2
MIR9-1	MIR9-2	CNPPD1
MIR9-1	MIR9-2	ATP13A3
MIR9-1	MIR9-2	DCUN1D1
MIR9-1	MIR9-2	YME1L1
MIR9-1	MIR9-2	RSU1
MIR9-1	MIR9-2	PCDH18
MIR9-1	MIR9-2	FSTL1
MIR9-1	MIR9-2	PHF19
MIR9-1	MIR9-2	SH3PXD2A
MIR9-1	MIR9-2	GPX8
MIR9-1	MIR9-2	PDE4DIP
MIR9-1	MIR9-2	SRCAP
MIR9-1	MIR9-2	WASF2
MIR9-1	MIR9-2	HSP90B1
MIR9-1	MIR9-2	LMNA
MIR9-1	MIR9-2	LRRC57
MIR9-1	MIR9-2	RABGAP1L
MIR9-1	MIR9-2	DCP2
MIR9-1	MIR9-2	NFKB1
MIR9-1	MIR9-2	POU2F1
MIR9-1	MIR9-2	SPOPL
MIR9-1	MIR9-2	TBC1D5
MIR9-1	MIR9-2	KPNB1
MIR9-1	MIR9-2	SAR1B
MIR9-1	MIR9-2	CCP110
MIR9-1	MIR9-2	FMNL3
MIR9-1	MIR9-2	CEP85L
MIR9-1	MIR9-2	FGL1
MIR9-1	MIR9-2	KBTBD7
MIR9-1	MIR9-2	MRPL34
MIR9-1	MIR9-2	ATP1B1
MIR9-1	MIR9-2	FOXN2
MIR9-1	MIR9-2	RSF1
MIR9-1	MIR9-2	RRM1
MIR9-1	MIR9-2	RP2
MIR9-1	MIR9-2	GTF3A
MIR9-1	MIR9-2	HIST1H4H
MIR9-1	MIR9-2	TRIM24
MIR9-1	MIR9-2	LARP1
MIR9-1	MIR9-2	AGFG1
MIR9-1	MIR9-2	SCAF11
MIR9-1	MIR9-2	PHC3
MIR9-1	MIR9-2	NUMB
MIR9-1	MIR9-2	MICAL2
MIR9-1	MIR9-2	ERN1
MIR9-1	MIR9-2	HSPD1
MIR9-1	MIR9-2	TRIM2
MIR9-1	MIR9-2	YTHDF3
MIR9-1	MIR9-2	CELF1
MIR9-1	MIR9-2	EVI5
MIR9-1	MIR9-2	NUFIP2
MIR9-1	MIR9-2	SIPA1L1
MIR9-1	MIR9-2	RELT
MIR9-1	MIR9-2	PARG
MIR9-1	MIR9-2	PPARA
MIR9-1	MIR9-2	BTG2
MIR9-1	MIR9-2	RSL1D1
MIR9-1	MIR9-2	FOXG1
MIR9-1	MIR9-2	MYOM1
MIR9-1	MIR9-2	FAM76A
MIR9-1	MIR9-2	PRH1
MIR9-1	MIR9-2	ZNF292
MIR9-1	MIR9-2	MOB1A
MIR9-1	MIR9-2	KLHL42
MIR9-1	MIR9-2	COL4A2
MIR9-1	MIR9-2	SPECC1L
MIR9-1	MIR9-2	FSD1L
MIR9-1	MIR9-2	CCNT2
MIR9-1	MIR9-2	SPPL2A
MIR9-1	MIR9-2	IRF1
MIR9-1	MIR9-2	NCOA4
MIR9-1	MIR9-2	TOB1
MIR9-1	MIR9-2	GCH1
MIR9-1	MIR9-2	HPS5
MIR9-1	MIR9-2	TCF20
MIR9-1	MIR9-2	ZKSCAN1
MIR9-1	MIR9-2	MYO19
MIR9-1	MIR9-2	HIST1H1C
MIR9-1	MIR9-2	PANK3
MIR9-1	MIR9-2	ZDHHC7
MIR9-1	MIR9-2	CERS2
MIR9-1	MIR9-2	CTNNAL1
MIR9-1	MIR9-2	PCBP2
MIR9-1	MIR9-2	HECTD1
MIR9-1	MIR9-2	RPL6
MIR9-1	MIR9-2	CCNI
MIR9-1	MIR9-2	CNOT11
MIR9-1	MIR9-2	ZC3H12C
MIR9-1	MIR9-2	PPP2R1B
MIR9-1	MIR9-2	ZNF780A
MIR9-1	MIR9-2	SHC1
MIR9-1	MIR9-2	AK4
MIR9-1	MIR9-2	SOCS4
MIR9-1	MIR9-2	ITFG3
MIR9-1	MIR9-2	PPP1R12A
MIR9-1	MIR9-2	TIMP2
MIR9-1	MIR9-2	NUP43
MIR9-1	MIR9-2	RCOR1
MIR9-1	MIR9-2	RETSAT
MIR9-1	MIR9-2	SSH1
MIR9-1	MIR9-2	UAP1
MIR9-1	MIR9-2	COX11
MIR9-1	MIR9-2	DDI2
MIR9-1	MIR9-2	DYNC1H1
MIR9-1	MIR9-2	RIOK3
MIR9-1	MIR9-2	CSNK1G3
MIR9-1	MIR9-2	CFLAR
MIR9-1	MIR9-2	CRIM1
MIR9-1	MIR9-2	LGALS8
MIR9-1	MIR9-2	ZFP91
MIR9-1	MIR9-2	OAS2
MIR9-1	MIR9-2	DDHD2
MIR9-1	MIR9-2	B2M
MIR9-1	MIR9-2	ARL4C
MIR9-1	MIR9-2	FAM126B
MIR9-1	MIR9-2	TACC1
MIR9-1	MIR9-2	BATF
MIR9-1	MIR9-2	CHD7
MIR9-1	MIR9-2	GNS
MIR9-1	MIR9-2	XIAP
MIR9-1	MIR9-2	FRS2
MIR9-1	MIR9-2	LBR
MIR9-1	MIR9-2	TMEM41A
MIR9-1	MIR9-2	PEX13
MIR9-1	MIR9-2	TTC37
MIR9-1	MIR9-2	DIP2B
MIR9-1	MIR9-2	SEPT6
MIR9-1	MIR9-2	GOLT1B
MIR9-1	MIR9-2	CEP95
MIR9-1	MIR9-2	DNAJA2
MIR9-1	MIR9-2	ZCCHC14
MIR9-1	MIR9-2	TAX1BP1
MIR9-1	MIR9-2	ADIPOR1
MIR9-1	MIR9-2	KDELR2
MIR9-1	MIR9-2	TRIM44
MIR9-1	MIR9-2	PHGDH
MIR9-1	MIR9-2	STC1
MIR9-1	MIR9-2	EPS15
MIR9-1	MIR9-2	BAG4
MIR9-1	MIR9-2	PABPC1
MIR9-1	MIR9-2	SLCO5A1
MIR9-1	MIR9-2	TNRC6A
MIR9-1	MIR9-2	NFAT5
MIR9-1	MIR9-2	PTBP3
MIR9-1	MIR9-2	MKL2
MIR9-1	MIR9-2	HOMER2
MIR9-1	MIR9-2	ENPP1
MIR9-1	MIR9-2	PHTF2
MIR9-1	MIR9-2	SHANK2
MIR9-1	MIR9-2	PLEKHA3
MIR9-1	MIR9-2	WWTR1
MIR9-1	MIR9-2	DICER1
MIR9-1	MIR9-2	ZNF90
MIR9-1	MIR9-2	MDM2
MIR9-1	MIR9-2	HS6ST1
MIR9-1	MIR9-2	PELI2
MIR9-1	MIR9-2	TCEA1
MIR9-1	MIR9-2	PAPD5
MIR9-1	MIR9-2	CAMSAP1
MIR9-1	MIR9-2	FNBP4
MIR9-1	MIR9-2	ZNF24
MIR9-1	MIR9-2	ATAD1
MIR9-1	MIR9-2	KIAA1468
MIR9-1	MIR9-2	GLCCI1
MIR9-1	MIR9-2	MEF2D
MIR9-1	MIR9-2	SYPL1
MIR9-1	MIR9-2	AKAP13
MIR9-1	MIR9-2	CNN2
MIR9-1	MIR9-2	RBM26
MIR9-1	MIR9-3	TMEM245
MIR9-1	MIR9-3	NUDT19
MIR9-1	MIR9-3	FAM118A
MIR9-1	MIR9-3	EPAS1
MIR9-1	MIR9-3	TMEM106B
MIR9-1	MIR9-3	RBM5
MIR9-1	MIR9-3	MKNK2
MIR9-1	MIR9-3	ZFHX2
MIR9-1	MIR9-3	PAK2
MIR9-1	MIR9-3	ZZZ3
MIR9-1	MIR9-3	TJP2
MIR9-1	MIR9-3	SC5D
MIR9-1	MIR9-3	CLCN3
MIR9-1	MIR9-3	KDELR1
MIR9-1	MIR9-3	MYO5A
MIR9-1	MIR9-3	GPI
MIR9-1	MIR9-3	ADAM9
MIR9-1	MIR9-3	CHAMP1
MIR9-1	MIR9-3	HMGA2
MIR9-1	MIR9-3	ZC3H11A
MIR9-1	MIR9-3	ACIN1
MIR9-1	MIR9-3	MMP2
MIR9-1	MIR9-3	P4HB
MIR9-1	MIR9-3	PRKDC
MIR9-1	MIR9-3	DDHD1
MIR9-1	MIR9-3	FYCO1
MIR9-1	MIR9-3	XPO1
MIR9-1	MIR9-3	TPD52
MIR9-1	MIR9-3	STARD13
MIR9-1	MIR9-3	SFT2D2
MIR9-1	MIR9-3	THAP2
MIR9-1	MIR9-3	LPPR4
MIR9-1	MIR9-3	UBL3
MIR9-1	MIR9-3	EIF3E
MIR9-1	MIR9-3	GYG1
MIR9-1	MIR9-3	CEACAM6
MIR9-1	MIR9-3	KIAA1147
MIR9-1	MIR9-3	SESN1
MIR9-1	MIR9-3	ZBTB6
MIR9-1	MIR9-3	IFRD1
MIR9-1	MIR9-3	TUBA1C
MIR9-1	MIR9-3	TIPARP
MIR9-1	MIR9-3	SENP6
MIR9-1	MIR9-3	FNDC3B
MIR9-1	MIR9-3	MESDC1
MIR9-1	MIR9-3	ITSN2
MIR9-1	MIR9-3	SERPINH1
MIR9-1	MIR9-3	FRMD3
MIR9-1	MIR9-3	KDM6B
MIR9-1	MIR9-3	CMTR2
MIR9-1	MIR9-3	MSI2
MIR9-1	MIR9-3	MTDH
MIR9-1	MIR9-3	KIF5C
MIR9-1	MIR9-3	PDE3B
MIR9-1	MIR9-3	RFK
MIR9-1	MIR9-3	MAP1B
MIR9-1	MIR9-3	SLC25A37
MIR9-1	MIR9-3	ADAR
MIR9-1	MIR9-3	SACS
MIR9-1	MIR9-3	HDAC3
MIR9-1	MIR9-3	USP3
MIR9-1	MIR9-3	TOP2B
MIR9-1	MIR9-3	TSHZ1
MIR9-1	MIR9-3	COL15A1
MIR9-1	MIR9-3	PPP6C
MIR9-1	MIR9-3	BRAF
MIR9-1	MIR9-3	UPF1
MIR9-1	MIR9-3	SHOC2
MIR9-1	MIR9-3	SYT14
MIR9-1	MIR9-3	PALM2-AKAP2
MIR9-1	MIR9-3	TMEM33
MIR9-1	MIR9-3	PSAP
MIR9-1	MIR9-3	EPC2
MIR9-1	MIR9-3	ZNF229
MIR9-1	MIR9-3	GPR65
MIR9-1	MIR9-3	SMC2
MIR9-1	MIR9-3	CHAC1
MIR9-1	MIR9-3	FBXW11
MIR9-1	MIR9-3	TSC22D4
MIR9-1	MIR9-3	RPL8
MIR9-1	MIR9-3	COL1A1
MIR9-1	MIR9-3	MSANTD4
MIR9-1	MIR9-3	PPP1R10
MIR9-1	MIR9-3	ARFIP1
MIR9-1	MIR9-3	HINT3
MIR9-1	MIR9-3	COG3
MIR9-1	MIR9-3	MLLT3
MIR9-1	MIR9-3	POLR1B
MIR9-1	MIR9-3	AP2M1
MIR9-1	MIR9-3	GPALPP1
MIR9-1	MIR9-3	RCAN3
MIR9-1	MIR9-3	C5orf30
MIR9-1	MIR9-3	CRY2
MIR9-1	MIR9-3	TNRC6C
MIR9-1	MIR9-3	POU2F2
MIR9-1	MIR9-3	VEZF1
MIR9-1	MIR9-3	HIST1H2BG
MIR9-1	MIR9-3	POLR2B
MIR9-1	MIR9-3	AKAP9
MIR9-1	MIR9-3	ANP32A
MIR9-1	MIR9-3	SLC38A6
MIR9-1	MIR9-3	TMED4
MIR9-1	MIR9-3	ZCCHC6
MIR9-1	MIR9-3	ZNF148
MIR9-1	MIR9-3	PIP5K1B
MIR9-1	MIR9-3	ATL3
MIR9-1	MIR9-3	GTF2A1
MIR9-1	MIR9-3	WSB1
MIR9-1	MIR9-3	INO80D
MIR9-1	MIR9-3	SFT2D1
MIR9-1	MIR9-3	PCSK1
MIR9-1	MIR9-3	OSBPL3
MIR9-1	MIR9-3	AP1G1
MIR9-1	MIR9-3	RHOBTB3
MIR9-1	MIR9-3	ARHGAP5
MIR9-1	MIR9-3	CREBL2
MIR9-1	MIR9-3	SART3
MIR9-1	MIR9-3	FRMD6
MIR9-1	MIR9-3	TFPI2
MIR9-1	MIR9-3	PFDN2
MIR9-1	MIR9-3	STRAP
MIR9-1	MIR9-3	FBXL4
MIR9-1	MIR9-3	MTF2
MIR9-1	MIR9-3	TUFT1
MIR9-1	MIR9-3	NOLC1
MIR9-1	MIR9-3	DLAT
MIR9-1	MIR9-3	BAZ1B
MIR9-1	MIR9-3	PLAG1
MIR9-1	MIR9-3	NCL
MIR9-1	MIR9-3	HIF1A
MIR9-1	MIR9-3	RAB21
MIR9-1	MIR9-3	KREMEN1
MIR9-1	MIR9-3	SLFN5
MIR9-1	MIR9-3	TLN1
MIR9-1	MIR9-3	TMEM200A
MIR9-1	MIR9-3	NCAPD2
MIR9-1	MIR9-3	ZNF217
MIR9-1	MIR9-3	CHD9
MIR9-1	MIR9-3	PALLD
MIR9-1	MIR9-3	ZNF644
MIR9-1	MIR9-3	ANKRD28
MIR9-1	MIR9-3	UBC
MIR9-1	MIR9-3	RAB23
MIR9-1	MIR9-3	HGSNAT
MIR9-1	MIR9-3	GEMIN5
MIR9-1	MIR9-3	ZMYM6NB
MIR9-1	MIR9-3	PARD6B
MIR9-1	MIR9-3	UBR3
MIR9-1	MIR9-3	ZNF664
MIR9-1	MIR9-3	RAI14
MIR9-1	MIR9-3	ZNF746
MIR9-1	MIR9-3	ATG14
MIR9-1	MIR9-3	UBE2J1
MIR9-1	MIR9-3	CCDC168
MIR9-1	MIR9-3	DOT1L
MIR9-1	MIR9-3	FGF2
MIR9-1	MIR9-3	PRUNE
MIR9-1	MIR9-3	PBRM1
MIR9-1	MIR9-3	LIPA
MIR9-1	MIR9-3	FURIN
MIR9-1	MIR9-3	SZRD1
MIR9-1	MIR9-3	TAOK1
MIR9-1	MIR9-3	PELO
MIR9-1	MIR9-3	KANSL1L
MIR9-1	MIR9-3	MTHFD2
MIR9-1	MIR9-3	PPP1R18
MIR9-1	MIR9-3	MAP2K7
MIR9-1	MIR9-3	ZNF329
MIR9-1	MIR9-3	PARM1
MIR9-1	MIR9-3	ZFHX3
MIR9-1	MIR9-3	TMEM69
MIR9-1	MIR9-3	BCOR
MIR9-1	MIR9-3	PLEKHA2
MIR9-1	MIR9-3	SCARB2
MIR9-1	MIR9-3	AHNAK
MIR9-1	MIR9-3	FAT1
MIR9-1	MIR9-3	JMY
MIR9-1	MIR9-3	VGLL4
MIR9-1	MIR9-3	SETX
MIR9-1	MIR9-3	UBE2D3
MIR9-1	MIR9-3	ANXA6
MIR9-1	MIR9-3	RALBP1
MIR9-1	MIR9-3	TNFSF13B
MIR9-1	MIR9-3	MXRA7
MIR9-1	MIR9-3	GCSAM
MIR9-1	MIR9-3	PTPRC
MIR9-1	MIR9-3	HN1L
MIR9-1	MIR9-3	ANKRD52
MIR9-1	MIR9-3	ATP5F1
MIR9-1	MIR9-3	ATXN7L3B
MIR9-1	MIR9-3	PHACTR1
MIR9-1	MIR9-3	HNRNPU
MIR9-1	MIR9-3	RDX
MIR9-1	MIR9-3	CLIC4
MIR9-1	MIR9-3	PSME3
MIR9-1	MIR9-3	EDRF1
MIR9-1	MIR9-3	COIL
MIR9-1	MIR9-3	KBTBD4
MIR9-1	MIR9-3	DCP1A
MIR9-1	MIR9-3	NOD2
MIR9-1	MIR9-3	MACF1
MIR9-1	MIR9-3	STMN1
MIR9-1	MIR9-3	CCR1
MIR9-1	MIR9-3	CDCA7L
MIR9-1	MIR9-3	DFFA
MIR9-1	MIR9-3	CPEB3
MIR9-1	MIR9-3	DBNL
MIR9-1	MIR9-3	TXNL1
MIR9-1	MIR9-3	ULK1
MIR9-1	MIR9-3	CUL4A
MIR9-1	MIR9-3	GPCPD1
MIR9-1	MIR9-3	STAM
MIR9-1	MIR9-3	PTGS2
MIR9-1	MIR9-3	MAP4
MIR9-1	MIR9-3	KIF15
MIR9-1	MIR9-3	PEX1
MIR9-1	MIR9-3	CFAP36
MIR9-1	MIR9-3	ANKRD17
MIR9-1	MIR9-3	KIAA1244
MIR9-1	MIR9-3	TBC1D23
MIR9-1	MIR9-3	CERS6
MIR9-1	MIR9-3	ARFGEF2
MIR9-1	MIR9-3	FBN1
MIR9-1	MIR9-3	ANKRD12
MIR9-1	MIR9-3	ATL2
MIR9-1	MIR9-3	MYD88
MIR9-1	MIR9-3	PATL1
MIR9-1	MIR9-3	FMN1
MIR9-1	MIR9-3	PCMTD1
MIR9-1	MIR9-3	TTC3
MIR9-1	MIR9-3	ZRANB1
MIR9-1	MIR9-3	CD2AP
MIR9-1	MIR9-3	ZNF680
MIR9-1	MIR9-3	EIF4G2
MIR9-1	MIR9-3	OTUD4
MIR9-1	MIR9-3	PDE4B
MIR9-1	MIR9-3	FRMD5
MIR9-1	MIR9-3	XPOT
MIR9-1	MIR9-3	TRIM32
MIR9-1	MIR9-3	SGSM1
MIR9-1	MIR9-3	GIGYF2
MIR9-1	MIR9-3	MIB1
MIR9-1	MIR9-3	SLC16A7
MIR9-1	MIR9-3	BIRC3
MIR9-1	MIR9-3	RPRD1A
MIR9-1	MIR9-3	SIN3A
MIR9-1	MIR9-3	CASC4
MIR9-1	MIR9-3	SKA2
MIR9-1	MIR9-3	COL5A1
MIR9-1	MIR9-3	C5orf51
MIR9-1	MIR9-3	COMMD1
MIR9-1	MIR9-3	BPTF
MIR9-1	MIR9-3	CPSF7
MIR9-1	MIR9-3	NSD1
MIR9-1	MIR9-3	GABPB1
MIR9-1	MIR9-3	GIT2
MIR9-1	MIR9-3	PSPH
MIR9-1	MIR9-3	TAF5L
MIR9-1	MIR9-3	NHLRC2
MIR9-1	MIR9-3	NUP153
MIR9-1	MIR9-3	IMPDH2
MIR9-1	MIR9-3	CSDE1
MIR9-1	MIR9-3	TDG
MIR9-1	MIR9-3	CD80
MIR9-1	MIR9-3	MEGF9
MIR9-1	MIR9-3	CYP1B1
MIR9-1	MIR9-3	MBP
MIR9-1	MIR9-3	KDM6A
MIR9-1	MIR9-3	REXO2
MIR9-1	MIR9-3	SEC24A
MIR9-1	MIR9-3	KIAA1279
MIR9-1	MIR9-3	HERPUD1
MIR9-1	MIR9-3	GNPDA2
MIR9-1	MIR9-3	HEG1
MIR9-1	MIR9-3	THUMPD3
MIR9-1	MIR9-3	XRN1
MIR9-1	MIR9-3	CCNDBP1
MIR9-1	MIR9-3	ARNT
MIR9-1	MIR9-3	NOL4L
MIR9-1	MIR9-3	ZNF234
MIR9-1	MIR9-3	HNRNPUL1
MIR9-1	MIR9-3	DIP2C
MIR9-1	MIR9-3	NHSL1
MIR9-1	MIR9-3	ABL2
MIR9-1	MIR9-3	ACTN1
MIR9-1	MIR9-3	ABCG1
MIR9-1	MIR9-3	TBC1D8
MIR9-1	MIR9-3	PAM
MIR9-1	MIR9-3	EPB41
MIR9-1	MIR9-3	OCIAD1
MIR9-1	MIR9-3	TNFRSF10B
MIR9-1	MIR9-3	MTMR12
MIR9-1	MIR9-3	LARP4B
MIR9-1	MIR9-3	RFC1
MIR9-1	MIR9-3	CD109
MIR9-1	MIR9-3	SLC25A24
MIR9-1	MIR9-3	ZNF407
MIR9-1	MIR9-3	B3GNT2
MIR9-1	MIR9-3	KLF13
MIR9-1	MIR9-3	CCND1
MIR9-1	MIR9-3	APOL6
MIR9-1	MIR9-3	SMIM15
MIR9-1	MIR9-3	PDK1
MIR9-1	MIR9-3	PPM1A
MIR9-1	MIR9-3	USP9Y
MIR9-1	MIR9-3	SLC38A1
MIR9-1	MIR9-3	ARL5B
MIR9-1	MIR9-3	SST
MIR9-1	MIR9-3	TRIM71
MIR9-1	MIR9-3	UBQLN1
MIR9-1	MIR9-3	ITPRIPL2
MIR9-1	MIR9-3	QARS
MIR9-1	MIR9-3	ONECUT2
MIR9-1	MIR9-3	CNPPD1
MIR9-1	MIR9-3	ATP13A3
MIR9-1	MIR9-3	DCUN1D1
MIR9-1	MIR9-3	YME1L1
MIR9-1	MIR9-3	RSU1
MIR9-1	MIR9-3	PCDH18
MIR9-1	MIR9-3	FSTL1
MIR9-1	MIR9-3	PHF19
MIR9-1	MIR9-3	SH3PXD2A
MIR9-1	MIR9-3	GPX8
MIR9-1	MIR9-3	PDE4DIP
MIR9-1	MIR9-3	SRCAP
MIR9-1	MIR9-3	WASF2
MIR9-1	MIR9-3	HSP90B1
MIR9-1	MIR9-3	LMNA
MIR9-1	MIR9-3	LRRC57
MIR9-1	MIR9-3	RABGAP1L
MIR9-1	MIR9-3	DCP2
MIR9-1	MIR9-3	NFKB1
MIR9-1	MIR9-3	POU2F1
MIR9-1	MIR9-3	SPOPL
MIR9-1	MIR9-3	TBC1D5
MIR9-1	MIR9-3	KPNB1
MIR9-1	MIR9-3	SAR1B
MIR9-1	MIR9-3	CCP110
MIR9-1	MIR9-3	FMNL3
MIR9-1	MIR9-3	CEP85L
MIR9-1	MIR9-3	FGL1
MIR9-1	MIR9-3	KBTBD7
MIR9-1	MIR9-3	MRPL34
MIR9-1	MIR9-3	ATP1B1
MIR9-1	MIR9-3	FOXN2
MIR9-1	MIR9-3	RSF1
MIR9-1	MIR9-3	RRM1
MIR9-1	MIR9-3	RP2
MIR9-1	MIR9-3	GTF3A
MIR9-1	MIR9-3	HIST1H4H
MIR9-1	MIR9-3	TRIM24
MIR9-1	MIR9-3	LARP1
MIR9-1	MIR9-3	AGFG1
MIR9-1	MIR9-3	SCAF11
MIR9-1	MIR9-3	PHC3
MIR9-1	MIR9-3	NUMB
MIR9-1	MIR9-3	MICAL2
MIR9-1	MIR9-3	ERN1
MIR9-1	MIR9-3	HSPD1
MIR9-1	MIR9-3	TRIM2
MIR9-1	MIR9-3	YTHDF3
MIR9-1	MIR9-3	CELF1
MIR9-1	MIR9-3	EVI5
MIR9-1	MIR9-3	NUFIP2
MIR9-1	MIR9-3	SIPA1L1
MIR9-1	MIR9-3	RELT
MIR9-1	MIR9-3	PARG
MIR9-1	MIR9-3	PPARA
MIR9-1	MIR9-3	BTG2
MIR9-1	MIR9-3	RSL1D1
MIR9-1	MIR9-3	FOXG1
MIR9-1	MIR9-3	MYOM1
MIR9-1	MIR9-3	FAM76A
MIR9-1	MIR9-3	PRH1
MIR9-1	MIR9-3	ZNF292
MIR9-1	MIR9-3	MOB1A
MIR9-1	MIR9-3	KLHL42
MIR9-1	MIR9-3	COL4A2
MIR9-1	MIR9-3	SPECC1L
MIR9-1	MIR9-3	FSD1L
MIR9-1	MIR9-3	CCNT2
MIR9-1	MIR9-3	SPPL2A
MIR9-1	MIR9-3	IRF1
MIR9-1	MIR9-3	NCOA4
MIR9-1	MIR9-3	TOB1
MIR9-1	MIR9-3	GCH1
MIR9-1	MIR9-3	HPS5
MIR9-1	MIR9-3	TCF20
MIR9-1	MIR9-3	ZKSCAN1
MIR9-1	MIR9-3	MYO19
MIR9-1	MIR9-3	HIST1H1C
MIR9-1	MIR9-3	PANK3
MIR9-1	MIR9-3	ZDHHC7
MIR9-1	MIR9-3	CERS2
MIR9-1	MIR9-3	CTNNAL1
MIR9-1	MIR9-3	PCBP2
MIR9-1	MIR9-3	HECTD1
MIR9-1	MIR9-3	RPL6
MIR9-1	MIR9-3	CCNI
MIR9-1	MIR9-3	CNOT11
MIR9-1	MIR9-3	ZC3H12C
MIR9-1	MIR9-3	PPP2R1B
MIR9-1	MIR9-3	ZNF780A
MIR9-1	MIR9-3	SHC1
MIR9-1	MIR9-3	AK4
MIR9-1	MIR9-3	SOCS4
MIR9-1	MIR9-3	ITFG3
MIR9-1	MIR9-3	PPP1R12A
MIR9-1	MIR9-3	TIMP2
MIR9-1	MIR9-3	NUP43
MIR9-1	MIR9-3	RCOR1
MIR9-1	MIR9-3	RETSAT
MIR9-1	MIR9-3	SSH1
MIR9-1	MIR9-3	UAP1
MIR9-1	MIR9-3	COX11
MIR9-1	MIR9-3	DDI2
MIR9-1	MIR9-3	DYNC1H1
MIR9-1	MIR9-3	RIOK3
MIR9-1	MIR9-3	CSNK1G3
MIR9-1	MIR9-3	CFLAR
MIR9-1	MIR9-3	CRIM1
MIR9-1	MIR9-3	LGALS8
MIR9-1	MIR9-3	ZFP91
MIR9-1	MIR9-3	OAS2
MIR9-1	MIR9-3	DDHD2
MIR9-1	MIR9-3	B2M
MIR9-1	MIR9-3	ARL4C
MIR9-1	MIR9-3	FAM126B
MIR9-1	MIR9-3	TACC1
MIR9-1	MIR9-3	BATF
MIR9-1	MIR9-3	CHD7
MIR9-1	MIR9-3	GNS
MIR9-1	MIR9-3	XIAP
MIR9-1	MIR9-3	FRS2
MIR9-1	MIR9-3	LBR
MIR9-1	MIR9-3	TMEM41A
MIR9-1	MIR9-3	PEX13
MIR9-1	MIR9-3	TTC37
MIR9-1	MIR9-3	DIP2B
MIR9-1	MIR9-3	SEPT6
MIR9-1	MIR9-3	GOLT1B
MIR9-1	MIR9-3	CEP95
MIR9-1	MIR9-3	DNAJA2
MIR9-1	MIR9-3	ZCCHC14
MIR9-1	MIR9-3	TAX1BP1
MIR9-1	MIR9-3	ADIPOR1
MIR9-1	MIR9-3	KDELR2
MIR9-1	MIR9-3	TRIM44
MIR9-1	MIR9-3	PHGDH
MIR9-1	MIR9-3	STC1
MIR9-1	MIR9-3	EPS15
MIR9-1	MIR9-3	BAG4
MIR9-1	MIR9-3	PABPC1
MIR9-1	MIR9-3	SLCO5A1
MIR9-1	MIR9-3	TNRC6A
MIR9-1	MIR9-3	NFAT5
MIR9-1	MIR9-3	PTBP3
MIR9-1	MIR9-3	MKL2
MIR9-1	MIR9-3	HOMER2
MIR9-1	MIR9-3	ENPP1
MIR9-1	MIR9-3	PHTF2
MIR9-1	MIR9-3	SHANK2
MIR9-1	MIR9-3	PLEKHA3
MIR9-1	MIR9-3	WWTR1
MIR9-1	MIR9-3	DICER1
MIR9-1	MIR9-3	ZNF90
MIR9-1	MIR9-3	MDM2
MIR9-1	MIR9-3	HS6ST1
MIR9-1	MIR9-3	PELI2
MIR9-1	MIR9-3	TCEA1
MIR9-1	MIR9-3	PAPD5
MIR9-1	MIR9-3	CAMSAP1
MIR9-1	MIR9-3	FNBP4
MIR9-1	MIR9-3	ZNF24
MIR9-1	MIR9-3	ATAD1
MIR9-1	MIR9-3	KIAA1468
MIR9-1	MIR9-3	GLCCI1
MIR9-1	MIR9-3	MEF2D
MIR9-1	MIR9-3	SYPL1
MIR9-1	MIR9-3	AKAP13
MIR9-1	MIR9-3	CNN2
MIR9-1	MIR9-3	RBM26
MIR9-2	MIR9-3	TMEM245
MIR9-2	MIR9-3	NUDT19
MIR9-2	MIR9-3	FAM118A
MIR9-2	MIR9-3	EPAS1
MIR9-2	MIR9-3	TMEM106B
MIR9-2	MIR9-3	RBM5
MIR9-2	MIR9-3	MKNK2
MIR9-2	MIR9-3	ZFHX2
MIR9-2	MIR9-3	PAK2
MIR9-2	MIR9-3	ZZZ3
MIR9-2	MIR9-3	TJP2
MIR9-2	MIR9-3	SC5D
MIR9-2	MIR9-3	CLCN3
MIR9-2	MIR9-3	KDELR1
MIR9-2	MIR9-3	MYO5A
MIR9-2	MIR9-3	GPI
MIR9-2	MIR9-3	ADAM9
MIR9-2	MIR9-3	CHAMP1
MIR9-2	MIR9-3	HMGA2
MIR9-2	MIR9-3	ZC3H11A
MIR9-2	MIR9-3	ACIN1
MIR9-2	MIR9-3	MMP2
MIR9-2	MIR9-3	P4HB
MIR9-2	MIR9-3	PRKDC
MIR9-2	MIR9-3	DDHD1
MIR9-2	MIR9-3	FYCO1
MIR9-2	MIR9-3	XPO1
MIR9-2	MIR9-3	TPD52
MIR9-2	MIR9-3	STARD13
MIR9-2	MIR9-3	SFT2D2
MIR9-2	MIR9-3	THAP2
MIR9-2	MIR9-3	LPPR4
MIR9-2	MIR9-3	UBL3
MIR9-2	MIR9-3	EIF3E
MIR9-2	MIR9-3	GYG1
MIR9-2	MIR9-3	CEACAM6
MIR9-2	MIR9-3	KIAA1147
MIR9-2	MIR9-3	SESN1
MIR9-2	MIR9-3	ZBTB6
MIR9-2	MIR9-3	IFRD1
MIR9-2	MIR9-3	TUBA1C
MIR9-2	MIR9-3	TIPARP
MIR9-2	MIR9-3	SENP6
MIR9-2	MIR9-3	FNDC3B
MIR9-2	MIR9-3	MESDC1
MIR9-2	MIR9-3	ITSN2
MIR9-2	MIR9-3	SERPINH1
MIR9-2	MIR9-3	FRMD3
MIR9-2	MIR9-3	KDM6B
MIR9-2	MIR9-3	CMTR2
MIR9-2	MIR9-3	MSI2
MIR9-2	MIR9-3	MTDH
MIR9-2	MIR9-3	KIF5C
MIR9-2	MIR9-3	PDE3B
MIR9-2	MIR9-3	RFK
MIR9-2	MIR9-3	MAP1B
MIR9-2	MIR9-3	SLC25A37
MIR9-2	MIR9-3	ADAR
MIR9-2	MIR9-3	SACS
MIR9-2	MIR9-3	HDAC3
MIR9-2	MIR9-3	USP3
MIR9-2	MIR9-3	TOP2B
MIR9-2	MIR9-3	TSHZ1
MIR9-2	MIR9-3	COL15A1
MIR9-2	MIR9-3	PPP6C
MIR9-2	MIR9-3	BRAF
MIR9-2	MIR9-3	UPF1
MIR9-2	MIR9-3	SHOC2
MIR9-2	MIR9-3	SYT14
MIR9-2	MIR9-3	PALM2-AKAP2
MIR9-2	MIR9-3	TMEM33
MIR9-2	MIR9-3	PSAP
MIR9-2	MIR9-3	EPC2
MIR9-2	MIR9-3	ZNF229
MIR9-2	MIR9-3	GPR65
MIR9-2	MIR9-3	SMC2
MIR9-2	MIR9-3	CHAC1
MIR9-2	MIR9-3	FBXW11
MIR9-2	MIR9-3	TSC22D4
MIR9-2	MIR9-3	RPL8
MIR9-2	MIR9-3	COL1A1
MIR9-2	MIR9-3	MSANTD4
MIR9-2	MIR9-3	PPP1R10
MIR9-2	MIR9-3	ARFIP1
MIR9-2	MIR9-3	HINT3
MIR9-2	MIR9-3	COG3
MIR9-2	MIR9-3	MLLT3
MIR9-2	MIR9-3	POLR1B
MIR9-2	MIR9-3	AP2M1
MIR9-2	MIR9-3	GPALPP1
MIR9-2	MIR9-3	RCAN3
MIR9-2	MIR9-3	C5orf30
MIR9-2	MIR9-3	CRY2
MIR9-2	MIR9-3	TNRC6C
MIR9-2	MIR9-3	POU2F2
MIR9-2	MIR9-3	VEZF1
MIR9-2	MIR9-3	HIST1H2BG
MIR9-2	MIR9-3	POLR2B
MIR9-2	MIR9-3	AKAP9
MIR9-2	MIR9-3	ANP32A
MIR9-2	MIR9-3	SLC38A6
MIR9-2	MIR9-3	TMED4
MIR9-2	MIR9-3	ZCCHC6
MIR9-2	MIR9-3	ZNF148
MIR9-2	MIR9-3	PIP5K1B
MIR9-2	MIR9-3	ATL3
MIR9-2	MIR9-3	GTF2A1
MIR9-2	MIR9-3	WSB1
MIR9-2	MIR9-3	INO80D
MIR9-2	MIR9-3	SFT2D1
MIR9-2	MIR9-3	PCSK1
MIR9-2	MIR9-3	OSBPL3
MIR9-2	MIR9-3	AP1G1
MIR9-2	MIR9-3	RHOBTB3
MIR9-2	MIR9-3	ARHGAP5
MIR9-2	MIR9-3	CREBL2
MIR9-2	MIR9-3	SART3
MIR9-2	MIR9-3	FRMD6
MIR9-2	MIR9-3	TFPI2
MIR9-2	MIR9-3	PFDN2
MIR9-2	MIR9-3	STRAP
MIR9-2	MIR9-3	FBXL4
MIR9-2	MIR9-3	MTF2
MIR9-2	MIR9-3	TUFT1
MIR9-2	MIR9-3	NOLC1
MIR9-2	MIR9-3	DLAT
MIR9-2	MIR9-3	BAZ1B
MIR9-2	MIR9-3	PLAG1
MIR9-2	MIR9-3	NCL
MIR9-2	MIR9-3	HIF1A
MIR9-2	MIR9-3	RAB21
MIR9-2	MIR9-3	KREMEN1
MIR9-2	MIR9-3	SLFN5
MIR9-2	MIR9-3	TLN1
MIR9-2	MIR9-3	TMEM200A
MIR9-2	MIR9-3	NCAPD2
MIR9-2	MIR9-3	ZNF217
MIR9-2	MIR9-3	CHD9
MIR9-2	MIR9-3	PALLD
MIR9-2	MIR9-3	ZNF644
MIR9-2	MIR9-3	ANKRD28
MIR9-2	MIR9-3	UBC
MIR9-2	MIR9-3	RAB23
MIR9-2	MIR9-3	HGSNAT
MIR9-2	MIR9-3	GEMIN5
MIR9-2	MIR9-3	ZMYM6NB
MIR9-2	MIR9-3	PARD6B
MIR9-2	MIR9-3	UBR3
MIR9-2	MIR9-3	ZNF664
MIR9-2	MIR9-3	RAI14
MIR9-2	MIR9-3	ZNF746
MIR9-2	MIR9-3	ATG14
MIR9-2	MIR9-3	UBE2J1
MIR9-2	MIR9-3	CCDC168
MIR9-2	MIR9-3	DOT1L
MIR9-2	MIR9-3	FGF2
MIR9-2	MIR9-3	PRUNE
MIR9-2	MIR9-3	PBRM1
MIR9-2	MIR9-3	LIPA
MIR9-2	MIR9-3	FURIN
MIR9-2	MIR9-3	SZRD1
MIR9-2	MIR9-3	TAOK1
MIR9-2	MIR9-3	PELO
MIR9-2	MIR9-3	KANSL1L
MIR9-2	MIR9-3	MTHFD2
MIR9-2	MIR9-3	PPP1R18
MIR9-2	MIR9-3	MAP2K7
MIR9-2	MIR9-3	ZNF329
MIR9-2	MIR9-3	PARM1
MIR9-2	MIR9-3	ZFHX3
MIR9-2	MIR9-3	TMEM69
MIR9-2	MIR9-3	BCOR
MIR9-2	MIR9-3	PLEKHA2
MIR9-2	MIR9-3	SCARB2
MIR9-2	MIR9-3	AHNAK
MIR9-2	MIR9-3	FAT1
MIR9-2	MIR9-3	JMY
MIR9-2	MIR9-3	VGLL4
MIR9-2	MIR9-3	SETX
MIR9-2	MIR9-3	UBE2D3
MIR9-2	MIR9-3	ANXA6
MIR9-2	MIR9-3	RALBP1
MIR9-2	MIR9-3	TNFSF13B
MIR9-2	MIR9-3	MXRA7
MIR9-2	MIR9-3	GCSAM
MIR9-2	MIR9-3	PTPRC
MIR9-2	MIR9-3	HN1L
MIR9-2	MIR9-3	ANKRD52
MIR9-2	MIR9-3	ATP5F1
MIR9-2	MIR9-3	ATXN7L3B
MIR9-2	MIR9-3	PHACTR1
MIR9-2	MIR9-3	HNRNPU
MIR9-2	MIR9-3	RDX
MIR9-2	MIR9-3	CLIC4
MIR9-2	MIR9-3	PSME3
MIR9-2	MIR9-3	EDRF1
MIR9-2	MIR9-3	COIL
MIR9-2	MIR9-3	KBTBD4
MIR9-2	MIR9-3	DCP1A
MIR9-2	MIR9-3	NOD2
MIR9-2	MIR9-3	MACF1
MIR9-2	MIR9-3	STMN1
MIR9-2	MIR9-3	CCR1
MIR9-2	MIR9-3	CDCA7L
MIR9-2	MIR9-3	DFFA
MIR9-2	MIR9-3	CPEB3
MIR9-2	MIR9-3	DBNL
MIR9-2	MIR9-3	TXNL1
MIR9-2	MIR9-3	ULK1
MIR9-2	MIR9-3	CUL4A
MIR9-2	MIR9-3	GPCPD1
MIR9-2	MIR9-3	STAM
MIR9-2	MIR9-3	PTGS2
MIR9-2	MIR9-3	MAP4
MIR9-2	MIR9-3	KIF15
MIR9-2	MIR9-3	PEX1
MIR9-2	MIR9-3	CFAP36
MIR9-2	MIR9-3	ANKRD17
MIR9-2	MIR9-3	KIAA1244
MIR9-2	MIR9-3	TBC1D23
MIR9-2	MIR9-3	CERS6
MIR9-2	MIR9-3	ARFGEF2
MIR9-2	MIR9-3	FBN1
MIR9-2	MIR9-3	ANKRD12
MIR9-2	MIR9-3	ATL2
MIR9-2	MIR9-3	MYD88
MIR9-2	MIR9-3	PATL1
MIR9-2	MIR9-3	FMN1
MIR9-2	MIR9-3	PCMTD1
MIR9-2	MIR9-3	TTC3
MIR9-2	MIR9-3	ZRANB1
MIR9-2	MIR9-3	CD2AP
MIR9-2	MIR9-3	ZNF680
MIR9-2	MIR9-3	EIF4G2
MIR9-2	MIR9-3	OTUD4
MIR9-2	MIR9-3	PDE4B
MIR9-2	MIR9-3	FRMD5
MIR9-2	MIR9-3	XPOT
MIR9-2	MIR9-3	TRIM32
MIR9-2	MIR9-3	SGSM1
MIR9-2	MIR9-3	GIGYF2
MIR9-2	MIR9-3	MIB1
MIR9-2	MIR9-3	SLC16A7
MIR9-2	MIR9-3	BIRC3
MIR9-2	MIR9-3	RPRD1A
MIR9-2	MIR9-3	SIN3A
MIR9-2	MIR9-3	CASC4
MIR9-2	MIR9-3	SKA2
MIR9-2	MIR9-3	COL5A1
MIR9-2	MIR9-3	C5orf51
MIR9-2	MIR9-3	COMMD1
MIR9-2	MIR9-3	BPTF
MIR9-2	MIR9-3	CPSF7
MIR9-2	MIR9-3	NSD1
MIR9-2	MIR9-3	GABPB1
MIR9-2	MIR9-3	GIT2
MIR9-2	MIR9-3	PSPH
MIR9-2	MIR9-3	TAF5L
MIR9-2	MIR9-3	NHLRC2
MIR9-2	MIR9-3	NUP153
MIR9-2	MIR9-3	IMPDH2
MIR9-2	MIR9-3	CSDE1
MIR9-2	MIR9-3	TDG
MIR9-2	MIR9-3	CD80
MIR9-2	MIR9-3	MEGF9
MIR9-2	MIR9-3	CYP1B1
MIR9-2	MIR9-3	MBP
MIR9-2	MIR9-3	KDM6A
MIR9-2	MIR9-3	REXO2
MIR9-2	MIR9-3	SEC24A
MIR9-2	MIR9-3	KIAA1279
MIR9-2	MIR9-3	HERPUD1
MIR9-2	MIR9-3	GNPDA2
MIR9-2	MIR9-3	HEG1
MIR9-2	MIR9-3	THUMPD3
MIR9-2	MIR9-3	XRN1
MIR9-2	MIR9-3	CCNDBP1
MIR9-2	MIR9-3	ARNT
MIR9-2	MIR9-3	NOL4L
MIR9-2	MIR9-3	ZNF234
MIR9-2	MIR9-3	HNRNPUL1
MIR9-2	MIR9-3	DIP2C
MIR9-2	MIR9-3	NHSL1
MIR9-2	MIR9-3	ABL2
MIR9-2	MIR9-3	ACTN1
MIR9-2	MIR9-3	ABCG1
MIR9-2	MIR9-3	TBC1D8
MIR9-2	MIR9-3	PAM
MIR9-2	MIR9-3	EPB41
MIR9-2	MIR9-3	OCIAD1
MIR9-2	MIR9-3	TNFRSF10B
MIR9-2	MIR9-3	MTMR12
MIR9-2	MIR9-3	LARP4B
MIR9-2	MIR9-3	RFC1
MIR9-2	MIR9-3	CD109
MIR9-2	MIR9-3	SLC25A24
MIR9-2	MIR9-3	ZNF407
MIR9-2	MIR9-3	B3GNT2
MIR9-2	MIR9-3	KLF13
MIR9-2	MIR9-3	CCND1
MIR9-2	MIR9-3	APOL6
MIR9-2	MIR9-3	SMIM15
MIR9-2	MIR9-3	PDK1
MIR9-2	MIR9-3	PPM1A
MIR9-2	MIR9-3	USP9Y
MIR9-2	MIR9-3	SLC38A1
MIR9-2	MIR9-3	ARL5B
MIR9-2	MIR9-3	SST
MIR9-2	MIR9-3	TRIM71
MIR9-2	MIR9-3	UBQLN1
MIR9-2	MIR9-3	ITPRIPL2
MIR9-2	MIR9-3	QARS
MIR9-2	MIR9-3	ONECUT2
MIR9-2	MIR9-3	CNPPD1
MIR9-2	MIR9-3	ATP13A3
MIR9-2	MIR9-3	DCUN1D1
MIR9-2	MIR9-3	YME1L1
MIR9-2	MIR9-3	RSU1
MIR9-2	MIR9-3	PCDH18
MIR9-2	MIR9-3	FSTL1
MIR9-2	MIR9-3	PHF19
MIR9-2	MIR9-3	SH3PXD2A
MIR9-2	MIR9-3	GPX8
MIR9-2	MIR9-3	PDE4DIP
MIR9-2	MIR9-3	SRCAP
MIR9-2	MIR9-3	WASF2
MIR9-2	MIR9-3	HSP90B1
MIR9-2	MIR9-3	LMNA
MIR9-2	MIR9-3	LRRC57
MIR9-2	MIR9-3	RABGAP1L
MIR9-2	MIR9-3	DCP2
MIR9-2	MIR9-3	NFKB1
MIR9-2	MIR9-3	POU2F1
MIR9-2	MIR9-3	SPOPL
MIR9-2	MIR9-3	TBC1D5
MIR9-2	MIR9-3	KPNB1
MIR9-2	MIR9-3	SAR1B
MIR9-2	MIR9-3	CCP110
MIR9-2	MIR9-3	FMNL3
MIR9-2	MIR9-3	CEP85L
MIR9-2	MIR9-3	FGL1
MIR9-2	MIR9-3	KBTBD7
MIR9-2	MIR9-3	MRPL34
MIR9-2	MIR9-3	ATP1B1
MIR9-2	MIR9-3	FOXN2
MIR9-2	MIR9-3	RSF1
MIR9-2	MIR9-3	RRM1
MIR9-2	MIR9-3	RP2
MIR9-2	MIR9-3	GTF3A
MIR9-2	MIR9-3	HIST1H4H
MIR9-2	MIR9-3	TRIM24
MIR9-2	MIR9-3	LARP1
MIR9-2	MIR9-3	AGFG1
MIR9-2	MIR9-3	SCAF11
MIR9-2	MIR9-3	PHC3
MIR9-2	MIR9-3	NUMB
MIR9-2	MIR9-3	MICAL2
MIR9-2	MIR9-3	ERN1
MIR9-2	MIR9-3	HSPD1
MIR9-2	MIR9-3	TRIM2
MIR9-2	MIR9-3	YTHDF3
MIR9-2	MIR9-3	CELF1
MIR9-2	MIR9-3	EVI5
MIR9-2	MIR9-3	NUFIP2
MIR9-2	MIR9-3	SIPA1L1
MIR9-2	MIR9-3	RELT
MIR9-2	MIR9-3	PARG
MIR9-2	MIR9-3	PPARA
MIR9-2	MIR9-3	BTG2
MIR9-2	MIR9-3	RSL1D1
MIR9-2	MIR9-3	FOXG1
MIR9-2	MIR9-3	MYOM1
MIR9-2	MIR9-3	FAM76A
MIR9-2	MIR9-3	PRH1
MIR9-2	MIR9-3	ZNF292
MIR9-2	MIR9-3	MOB1A
MIR9-2	MIR9-3	KLHL42
MIR9-2	MIR9-3	COL4A2
MIR9-2	MIR9-3	SPECC1L
MIR9-2	MIR9-3	FSD1L
MIR9-2	MIR9-3	CCNT2
MIR9-2	MIR9-3	SPPL2A
MIR9-2	MIR9-3	IRF1
MIR9-2	MIR9-3	NCOA4
MIR9-2	MIR9-3	TOB1
MIR9-2	MIR9-3	GCH1
MIR9-2	MIR9-3	HPS5
MIR9-2	MIR9-3	TCF20
MIR9-2	MIR9-3	ZKSCAN1
MIR9-2	MIR9-3	MYO19
MIR9-2	MIR9-3	HIST1H1C
MIR9-2	MIR9-3	PANK3
MIR9-2	MIR9-3	ZDHHC7
MIR9-2	MIR9-3	CERS2
MIR9-2	MIR9-3	CTNNAL1
MIR9-2	MIR9-3	PCBP2
MIR9-2	MIR9-3	HECTD1
MIR9-2	MIR9-3	RPL6
MIR9-2	MIR9-3	CCNI
MIR9-2	MIR9-3	CNOT11
MIR9-2	MIR9-3	ZC3H12C
MIR9-2	MIR9-3	PPP2R1B
MIR9-2	MIR9-3	ZNF780A
MIR9-2	MIR9-3	SHC1
MIR9-2	MIR9-3	AK4
MIR9-2	MIR9-3	SOCS4
MIR9-2	MIR9-3	ITFG3
MIR9-2	MIR9-3	PPP1R12A
MIR9-2	MIR9-3	TIMP2
MIR9-2	MIR9-3	NUP43
MIR9-2	MIR9-3	RCOR1
MIR9-2	MIR9-3	RETSAT
MIR9-2	MIR9-3	SSH1
MIR9-2	MIR9-3	UAP1
MIR9-2	MIR9-3	COX11
MIR9-2	MIR9-3	DDI2
MIR9-2	MIR9-3	DYNC1H1
MIR9-2	MIR9-3	RIOK3
MIR9-2	MIR9-3	CSNK1G3
MIR9-2	MIR9-3	CFLAR
MIR9-2	MIR9-3	CRIM1
MIR9-2	MIR9-3	LGALS8
MIR9-2	MIR9-3	ZFP91
MIR9-2	MIR9-3	OAS2
MIR9-2	MIR9-3	DDHD2
MIR9-2	MIR9-3	B2M
MIR9-2	MIR9-3	ARL4C
MIR9-2	MIR9-3	FAM126B
MIR9-2	MIR9-3	TACC1
MIR9-2	MIR9-3	BATF
MIR9-2	MIR9-3	CHD7
MIR9-2	MIR9-3	GNS
MIR9-2	MIR9-3	XIAP
MIR9-2	MIR9-3	FRS2
MIR9-2	MIR9-3	LBR
MIR9-2	MIR9-3	TMEM41A
MIR9-2	MIR9-3	PEX13
MIR9-2	MIR9-3	TTC37
MIR9-2	MIR9-3	DIP2B
MIR9-2	MIR9-3	SEPT6
MIR9-2	MIR9-3	GOLT1B
MIR9-2	MIR9-3	CEP95
MIR9-2	MIR9-3	DNAJA2
MIR9-2	MIR9-3	ZCCHC14
MIR9-2	MIR9-3	TAX1BP1
MIR9-2	MIR9-3	ADIPOR1
MIR9-2	MIR9-3	KDELR2
MIR9-2	MIR9-3	TRIM44
MIR9-2	MIR9-3	PHGDH
MIR9-2	MIR9-3	STC1
MIR9-2	MIR9-3	EPS15
MIR9-2	MIR9-3	BAG4
MIR9-2	MIR9-3	PABPC1
MIR9-2	MIR9-3	SLCO5A1
MIR9-2	MIR9-3	TNRC6A
MIR9-2	MIR9-3	NFAT5
MIR9-2	MIR9-3	PTBP3
MIR9-2	MIR9-3	MKL2
MIR9-2	MIR9-3	HOMER2
MIR9-2	MIR9-3	ENPP1
MIR9-2	MIR9-3	PHTF2
MIR9-2	MIR9-3	SHANK2
MIR9-2	MIR9-3	PLEKHA3
MIR9-2	MIR9-3	WWTR1
MIR9-2	MIR9-3	DICER1
MIR9-2	MIR9-3	ZNF90
MIR9-2	MIR9-3	MDM2
MIR9-2	MIR9-3	HS6ST1
MIR9-2	MIR9-3	PELI2
MIR9-2	MIR9-3	TCEA1
MIR9-2	MIR9-3	PAPD5
MIR9-2	MIR9-3	CAMSAP1
MIR9-2	MIR9-3	FNBP4
MIR9-2	MIR9-3	ZNF24
MIR9-2	MIR9-3	ATAD1
MIR9-2	MIR9-3	KIAA1468
MIR9-2	MIR9-3	GLCCI1
MIR9-2	MIR9-3	MEF2D
MIR9-2	MIR9-3	SYPL1
MIR9-2	MIR9-3	AKAP13
MIR9-2	MIR9-3	CNN2
MIR9-2	MIR9-3	RBM26
MIR100	MIR99A	GOLGA3
MIR100	MIR99A	MKL2
MIR100	MIR99A	TNRC6B
MIR100	MIR99A	IGF1R
MIR100	MIR99A	RCBTB1
MIR100	MIR99A	GMDS
MIR100	MIR99A	BMS1
MIR100	MIR99A	PSMD1
MIR100	MIR99A	DCAF10
MIR100	MIR99A	UBB
MIR100	MIR99A	LRRC8B
MIR100	MIR99A	RAB2A
MIR100	MIR99A	BAZ2A
MIR100	MIR99A	DPM1
MIR100	MIR99A	ATP5G3
MIR100	MIR99A	CFLAR
MIR100	MIR99A	VLDLR
MIR100	MIR99A	AP1AR
MIR100	MIR99A	CASP3
MIR100	MIR99A	DNAJC5
MIR100	MIR99A	ZNF217
MIR100	MIR99A	HNRNPL
MIR100	MIR99B	GOLGA3
MIR100	MIR99B	ENPP2
MIR100	MIR99B	MKL2
MIR100	MIR99B	TNRC6B
MIR100	MIR99B	WDR26
MIR100	MIR99B	IGF1R
MIR100	MIR99B	TNFAIP3
MIR100	MIR99B	RCBTB1
MIR100	MIR99B	GMDS
MIR100	MIR99B	RAB18
MIR100	MIR99B	CLDN11
MIR100	MIR99B	LRRC8B
MIR100	MIR99B	BAZ2A
MIR100	MIR99B	DPM1
MIR100	MIR99B	ATP5G3
MIR100	MIR99B	CFLAR
MIR100	MIR99B	AP1AR
MIR100	MIR99B	ITSN2
MIR100	MIR99B	ZNF217
MIR99A	MIR99B	CYLD
MIR99A	MIR99B	GOLGA3
MIR99A	MIR99B	MKL2
MIR99A	MIR99B	TNRC6B
MIR99A	MIR99B	CPEB3
MIR99A	MIR99B	MPC2
MIR99A	MIR99B	IGF1R
MIR99A	MIR99B	FOCAD
MIR99A	MIR99B	ABLIM1
MIR99A	MIR99B	RCBTB1
MIR99A	MIR99B	GMDS
MIR99A	MIR99B	EEF1A2
MIR99A	MIR99B	CLTC
MIR99A	MIR99B	SNX29
MIR99A	MIR99B	XRCC6
MIR99A	MIR99B	NUDT3
MIR99A	MIR99B	LRRC8B
MIR99A	MIR99B	PPL
MIR99A	MIR99B	KCNK6
MIR99A	MIR99B	BAZ2A
MIR99A	MIR99B	DPM1
MIR99A	MIR99B	ATP5G3
MIR99A	MIR99B	CFLAR
MIR99A	MIR99B	AP1AR
MIR99A	MIR99B	MON2
MIR99A	MIR99B	ZNF217
MIRLET7A1	MIRLET7A3	PLCB4
MIRLET7A1	MIRLET7A3	NAV1
MIRLET7A1	MIRLET7A3	RNF44
MIRLET7A1	MIRLET7A3	H1FX
MIRLET7A1	MIRLET7A3	PIEZO1
MIRLET7A1	MIRLET7A3	LRP1
MIRLET7A1	MIRLET7A3	GLG1
MIRLET7A1	MIRLET7A3	RNFT1
MIRLET7A1	MIRLET7A3	SOX18
MIRLET7A1	MIRLET7A3	RANBP2
MIRLET7A1	MIRLET7A3	FOXP1
MIRLET7A1	MIRLET7A3	NR4A1
MIRLET7A1	MIRLET7A3	FAM160B1
MIRLET7A1	MIRLET7A3	RAB3GAP2
MIRLET7A1	MIRLET7A3	ABT1
MIRLET7A1	MIRLET7A3	CTSZ
MIRLET7A1	MIRLET7A3	KIF1C
MIRLET7A1	MIRLET7A3	ABL1
MIRLET7A1	MIRLET7A3	SLC41A2
MIRLET7A1	MIRLET7A3	TTC17
MIRLET7A1	MIRLET7A3	URM1
MIRLET7A1	MIRLET7A3	ZFHX2
MIRLET7A1	MIRLET7A3	SET
MIRLET7A1	MIRLET7A3	MAML3
MIRLET7A1	MIRLET7A3	ZBED6
MIRLET7A1	MIRLET7A3	PRDM2
MIRLET7A1	MIRLET7A3	RPS6KA2
MIRLET7A1	MIRLET7A3	BRMS1L
MIRLET7A1	MIRLET7A3	STK4
MIRLET7A1	MIRLET7A3	KDELR1
MIRLET7A1	MIRLET7A3	TFPI
MIRLET7A1	MIRLET7A3	MYO5A
MIRLET7A1	MIRLET7A3	ADAM9
MIRLET7A1	MIRLET7A3	DHTKD1
MIRLET7A1	MIRLET7A3	PKN3
MIRLET7A1	MIRLET7A3	TMEM194A
MIRLET7A1	MIRLET7A3	APP
MIRLET7A1	MIRLET7A3	HMGA2
MIRLET7A1	MIRLET7A3	POLR3D
MIRLET7A1	MIRLET7A3	RPUSD3
MIRLET7A1	MIRLET7A3	NRAS
MIRLET7A1	MIRLET7A3	SLC35D2
MIRLET7A1	MIRLET7A3	VPS4A
MIRLET7A1	MIRLET7A3	FUT10
MIRLET7A1	MIRLET7A3	RBMS1
MIRLET7A1	MIRLET7A3	CAPRIN2
MIRLET7A1	MIRLET7A3	TMEM189-UBE2V1
MIRLET7A1	MIRLET7A3	NNT
MIRLET7A1	MIRLET7A3	PDHX
MIRLET7A1	MIRLET7A3	TEK
MIRLET7A1	MIRLET7A3	H3F3B
MIRLET7A1	MIRLET7A3	ATP2A2
MIRLET7A1	MIRLET7A3	BLVRB
MIRLET7A1	MIRLET7A3	PRKDC
MIRLET7A1	MIRLET7A3	HIST1H4D
MIRLET7A1	MIRLET7A3	MED11
MIRLET7A1	MIRLET7A3	PCYT2
MIRLET7A1	MIRLET7A3	PTP4A2
MIRLET7A1	MIRLET7A3	CCNG1
MIRLET7A1	MIRLET7A3	DDHD1
MIRLET7A1	MIRLET7A3	LIFR
MIRLET7A1	MIRLET7A3	TEX261
MIRLET7A1	MIRLET7A3	CXXC5
MIRLET7A1	MIRLET7A3	SPTLC2
MIRLET7A1	MIRLET7A3	REV3L
MIRLET7A1	MIRLET7A3	FKBP1A
MIRLET7A1	MIRLET7A3	SSR1
MIRLET7A1	MIRLET7A3	MAP3K1
MIRLET7A1	MIRLET7A3	SLC4A5
MIRLET7A1	MIRLET7A3	SENP5
MIRLET7A1	MIRLET7A3	GLOD4
MIRLET7A1	MIRLET7A3	VPS53
MIRLET7A1	MIRLET7A3	NDST2
MIRLET7A1	MIRLET7A3	ZBTB5
MIRLET7A1	MIRLET7A3	XPO1
MIRLET7A1	MIRLET7A3	B4GALT5
MIRLET7A1	MIRLET7A3	ZNF521
MIRLET7A1	MIRLET7A3	STARD13
MIRLET7A1	MIRLET7A3	MYL12B
MIRLET7A1	MIRLET7A3	TRIM27
MIRLET7A1	MIRLET7A3	PM20D2
MIRLET7A1	MIRLET7A3	ZFP36L2
MIRLET7A1	MIRLET7A3	NIPA1
MIRLET7A1	MIRLET7A3	FARSA
MIRLET7A1	MIRLET7A3	DENND6A
MIRLET7A1	MIRLET7A3	SLC43A3
MIRLET7A1	MIRLET7A3	HMGCS1
MIRLET7A1	MIRLET7A3	FIGN
MIRLET7A1	MIRLET7A3	ARHGEF15
MIRLET7A1	MIRLET7A3	SRGN
MIRLET7A1	MIRLET7A3	TSPAN14
MIRLET7A1	MIRLET7A3	SRP72
MIRLET7A1	MIRLET7A3	CYC1
MIRLET7A1	MIRLET7A3	ARHGEF7
MIRLET7A1	MIRLET7A3	MED12
MIRLET7A1	MIRLET7A3	PRMT1
MIRLET7A1	MIRLET7A3	ZNF142
MIRLET7A1	MIRLET7A3	RNF217
MIRLET7A1	MIRLET7A3	ZNF598
MIRLET7A1	MIRLET7A3	EIF4EBP1
MIRLET7A1	MIRLET7A3	MGAT1
MIRLET7A1	MIRLET7A3	MOB3A
MIRLET7A1	MIRLET7A3	PRDM5
MIRLET7A1	MIRLET7A3	EIF3C
MIRLET7A1	MIRLET7A3	SPCS3
MIRLET7A1	MIRLET7A3	OXSR1
MIRLET7A1	MIRLET7A3	PCNXL3
MIRLET7A1	MIRLET7A3	EPG5
MIRLET7A1	MIRLET7A3	PGPEP1
MIRLET7A1	MIRLET7A3	MESDC1
MIRLET7A1	MIRLET7A3	NPR1
MIRLET7A1	MIRLET7A3	XPR1
MIRLET7A1	MIRLET7A3	CDC42SE1
MIRLET7A1	MIRLET7A3	ELL2
MIRLET7A1	MIRLET7A3	ITSN2
MIRLET7A1	MIRLET7A3	PPP2R2A
MIRLET7A1	MIRLET7A3	EIF3D
MIRLET7A1	MIRLET7A3	SERPINH1
MIRLET7A1	MIRLET7A3	ZNF736
MIRLET7A1	MIRLET7A3	SLC12A9
MIRLET7A1	MIRLET7A3	KDM6B
MIRLET7A1	MIRLET7A3	ALAS1
MIRLET7A1	MIRLET7A3	PDPR
MIRLET7A1	MIRLET7A3	NHLRC3
MIRLET7A1	MIRLET7A3	RNF213
MIRLET7A1	MIRLET7A3	DHX16
MIRLET7A1	MIRLET7A3	GSTO1
MIRLET7A1	MIRLET7A3	CDKN1A
MIRLET7A1	MIRLET7A3	KIF5C
MIRLET7A1	MIRLET7A3	SCRN1
MIRLET7A1	MIRLET7A3	CNOT1
MIRLET7A1	MIRLET7A3	LSM8
MIRLET7A1	MIRLET7A3	LRRC47
MIRLET7A1	MIRLET7A3	ZFR2
MIRLET7A1	MIRLET7A3	PYGB
MIRLET7A1	MIRLET7A3	CACUL1
MIRLET7A1	MIRLET7A3	HDLBP
MIRLET7A1	MIRLET7A3	BRD2
MIRLET7A1	MIRLET7A3	ATP6V1C1
MIRLET7A1	MIRLET7A3	RPS6KA3
MIRLET7A1	MIRLET7A3	ACE
MIRLET7A1	MIRLET7A3	MAP1B
MIRLET7A1	MIRLET7A3	MMADHC
MIRLET7A1	MIRLET7A3	MT-ATP8
MIRLET7A1	MIRLET7A3	TGOLN2
MIRLET7A1	MIRLET7A3	GGA2
MIRLET7A1	MIRLET7A3	RB1CC1
MIRLET7A1	MIRLET7A3	RBMS2
MIRLET7A1	MIRLET7A3	PCDH7
MIRLET7A1	MIRLET7A3	NMT1
MIRLET7A1	MIRLET7A3	ACOX1
MIRLET7A1	MIRLET7A3	OSGEPL1
MIRLET7A1	MIRLET7A3	F2R
MIRLET7A1	MIRLET7A3	HDAC3
MIRLET7A1	MIRLET7A3	LFNG
MIRLET7A1	MIRLET7A3	UBR2
MIRLET7A1	MIRLET7A3	CLPTM1
MIRLET7A1	MIRLET7A3	YAP1
MIRLET7A1	MIRLET7A3	CHPF2
MIRLET7A1	MIRLET7A3	YTHDC2
MIRLET7A1	MIRLET7A3	SCARA3
MIRLET7A1	MIRLET7A3	FCHO2
MIRLET7A1	MIRLET7A3	PXT1
MIRLET7A1	MIRLET7A3	SH3RF3
MIRLET7A1	MIRLET7A3	VAPA
MIRLET7A1	MIRLET7A3	EDN1
MIRLET7A1	MIRLET7A3	SLC7A1
MIRLET7A1	MIRLET7A3	COL15A1
MIRLET7A1	MIRLET7A3	YWHAB
MIRLET7A1	MIRLET7A3	SOX5
MIRLET7A1	MIRLET7A3	BRAF
MIRLET7A1	MIRLET7A3	JUNB
MIRLET7A1	MIRLET7A3	NINJ1
MIRLET7A1	MIRLET7A3	MED6
MIRLET7A1	MIRLET7A3	ZNF443
MIRLET7A1	MIRLET7A3	LRIG3
MIRLET7A1	MIRLET7A3	NAGA
MIRLET7A1	MIRLET7A3	SPRYD3
MIRLET7A1	MIRLET7A3	ECE1
MIRLET7A1	MIRLET7A3	MFI2
MIRLET7A1	MIRLET7A3	RBM4B
MIRLET7A1	MIRLET7A3	SRSF1
MIRLET7A1	MIRLET7A3	MLLT10
MIRLET7A1	MIRLET7A3	CDC34
MIRLET7A1	MIRLET7A3	PIEZO2
MIRLET7A1	MIRLET7A3	TOR1AIP2
MIRLET7A1	MIRLET7A3	ACVR1C
MIRLET7A1	MIRLET7A3	LDLRAD3
MIRLET7A1	MIRLET7A3	ZCCHC9
MIRLET7A1	MIRLET7A3	TGFBR2
MIRLET7A1	MIRLET7A3	PVR
MIRLET7A1	MIRLET7A3	SERPINA3
MIRLET7A1	MIRLET7A3	DACH1
MIRLET7A1	MIRLET7A3	EPM2AIP1
MIRLET7A1	MIRLET7A3	DPH3
MIRLET7A1	MIRLET7A3	INO80
MIRLET7A1	MIRLET7A3	MAGI2
MIRLET7A1	MIRLET7A3	PSMD14
MIRLET7A1	MIRLET7A3	PSMA5
MIRLET7A1	MIRLET7A3	MGEA5
MIRLET7A1	MIRLET7A3	ITGAV
MIRLET7A1	MIRLET7A3	CEP290
MIRLET7A1	MIRLET7A3	B4GALT1
MIRLET7A1	MIRLET7A3	COL1A1
MIRLET7A1	MIRLET7A3	KIAA1191
MIRLET7A1	MIRLET7A3	MRPS2
MIRLET7A1	MIRLET7A3	TJP1
MIRLET7A1	MIRLET7A3	PCM1
MIRLET7A1	MIRLET7A3	FBXL5
MIRLET7A1	MIRLET7A3	KMT2B
MIRLET7A1	MIRLET7A3	MMP14
MIRLET7A1	MIRLET7A3	SIK1
MIRLET7A1	MIRLET7A3	TOM1L2
MIRLET7A1	MIRLET7A3	CALM2
MIRLET7A1	MIRLET7A3	CHD3
MIRLET7A1	MIRLET7A3	AP3M1
MIRLET7A1	MIRLET7A3	MT-ND5
MIRLET7A1	MIRLET7A3	USP10
MIRLET7A1	MIRLET7A3	FLCN
MIRLET7A1	MIRLET7A3	CAD
MIRLET7A1	MIRLET7A3	CRY2
MIRLET7A1	MIRLET7A3	CCL7
MIRLET7A1	MIRLET7A3	ZNF543
MIRLET7A1	MIRLET7A3	KBTBD8
MIRLET7A1	MIRLET7A3	ZC3H7B
MIRLET7A1	MIRLET7A3	CERK
MIRLET7A1	MIRLET7A3	CDC27
MIRLET7A1	MIRLET7A3	CDK16
MIRLET7A1	MIRLET7A3	DLGAP4
MIRLET7A1	MIRLET7A3	MYCBP2
MIRLET7A1	MIRLET7A3	ERF
MIRLET7A1	MIRLET7A3	XKR7
MIRLET7A1	MIRLET7A3	GLB1
MIRLET7A1	MIRLET7A3	ANP32A
MIRLET7A1	MIRLET7A3	ACBD5
MIRLET7A1	MIRLET7A3	TRAK2
MIRLET7A1	MIRLET7A3	EIF2AK1
MIRLET7A1	MIRLET7A3	KRBOX4
MIRLET7A1	MIRLET7A3	RC3H2
MIRLET7A1	MIRLET7A3	COPB2
MIRLET7A1	MIRLET7A3	THOC2
MIRLET7A1	MIRLET7A3	WIPI2
MIRLET7A1	MIRLET7A3	UBAP2
MIRLET7A1	MIRLET7A3	VWA9
MIRLET7A1	MIRLET7A3	PFKFB3
MIRLET7A1	MIRLET7A3	ARRDC1-AS1
MIRLET7A1	MIRLET7A3	FNIP2
MIRLET7A1	MIRLET7A3	GBF1
MIRLET7A1	MIRLET7A3	RBM19
MIRLET7A1	MIRLET7A3	WSB1
MIRLET7A1	MIRLET7A3	ARRB1
MIRLET7A1	MIRLET7A3	LEPRE1
MIRLET7A1	MIRLET7A3	YOD1
MIRLET7A1	MIRLET7A3	SHE
MIRLET7A1	MIRLET7A3	ANKRD13B
MIRLET7A1	MIRLET7A3	FAM98A
MIRLET7A1	MIRLET7A3	SEMA4C
MIRLET7A1	MIRLET7A3	TCERG1
MIRLET7A1	MIRLET7A3	FBXL14
MIRLET7A1	MIRLET7A3	MTMR9
MIRLET7A1	MIRLET7A3	CHST3
MIRLET7A1	MIRLET7A3	DEGS1
MIRLET7A1	MIRLET7A3	RHOBTB3
MIRLET7A1	MIRLET7A3	ATG7
MIRLET7A1	MIRLET7A3	LEPROTL1
MIRLET7A1	MIRLET7A3	PBX3
MIRLET7A1	MIRLET7A3	TAB3
MIRLET7A1	MIRLET7A3	DNAJC6
MIRLET7A1	MIRLET7A3	MYO9B
MIRLET7A1	MIRLET7A3	NEK9
MIRLET7A1	MIRLET7A3	POLL
MIRLET7A1	MIRLET7A3	SEPT11
MIRLET7A1	MIRLET7A3	SYT16
MIRLET7A1	MIRLET7A3	TMED10
MIRLET7A1	MIRLET7A3	ZNF367
MIRLET7A1	MIRLET7A3	FAM222B
MIRLET7A1	MIRLET7A3	CTD-2368P22.1
MIRLET7A1	MIRLET7A3	CCNJL
MIRLET7A1	MIRLET7A3	HHIP
MIRLET7A1	MIRLET7A3	TRAM2
MIRLET7A1	MIRLET7A3	SRF
MIRLET7A1	MIRLET7A3	RTKN
MIRLET7A1	MIRLET7A3	SYNJ2
MIRLET7A1	MIRLET7A3	GPD2
MIRLET7A1	MIRLET7A3	TSPAN3
MIRLET7A1	MIRLET7A3	MLEC
MIRLET7A1	MIRLET7A3	RNF11
MIRLET7A1	MIRLET7A3	SELT
MIRLET7A1	MIRLET7A3	WDR48
MIRLET7A1	MIRLET7A3	COPS3
MIRLET7A1	MIRLET7A3	GLRX5
MIRLET7A1	MIRLET7A3	CLUH
MIRLET7A1	MIRLET7A3	TP53INP1
MIRLET7A1	MIRLET7A3	RAB35
MIRLET7A1	MIRLET7A3	BAZ2A
MIRLET7A1	MIRLET7A3	RGS17
MIRLET7A1	MIRLET7A3	STK25
MIRLET7A1	MIRLET7A3	ZNF121
MIRLET7A1	MIRLET7A3	SP1
MIRLET7A1	MIRLET7A3	ATXN2L
MIRLET7A1	MIRLET7A3	ZNF107
MIRLET7A1	MIRLET7A3	NF2
MIRLET7A1	MIRLET7A3	RUNX1
MIRLET7A1	MIRLET7A3	SLFN5
MIRLET7A1	MIRLET7A3	MYBL2
MIRLET7A1	MIRLET7A3	IL6R
MIRLET7A1	MIRLET7A3	EIF4EBP2
MIRLET7A1	MIRLET7A3	LRGUK
MIRLET7A1	MIRLET7A3	SSR3
MIRLET7A1	MIRLET7A3	ZNF217
MIRLET7A1	MIRLET7A3	MCM3AP
MIRLET7A1	MIRLET7A3	FAM35A
MIRLET7A1	MIRLET7A3	MOB1B
MIRLET7A1	MIRLET7A3	PHF2
MIRLET7A1	MIRLET7A3	SMC1A
MIRLET7A1	MIRLET7A3	ZNF644
MIRLET7A1	MIRLET7A3	ATP6V1F
MIRLET7A1	MIRLET7A3	ALG3
MIRLET7A1	MIRLET7A3	CD59
MIRLET7A1	MIRLET7A3	PSMB2
MIRLET7A1	MIRLET7A3	THBS1
MIRLET7A1	MIRLET7A3	CSK
MIRLET7A1	MIRLET7A3	WBP1L
MIRLET7A1	MIRLET7A3	DUSP10
MIRLET7A1	MIRLET7A3	NCKAP5L
MIRLET7A1	MIRLET7A3	NXF1
MIRLET7A1	MIRLET7A3	MKI67
MIRLET7A1	MIRLET7A3	UBR3
MIRLET7A1	MIRLET7A3	GRB10
MIRLET7A1	MIRLET7A3	BMP5
MIRLET7A1	MIRLET7A3	POU3F2
MIRLET7A1	MIRLET7A3	TIE1
MIRLET7A1	MIRLET7A3	HIF3A
MIRLET7A1	MIRLET7A3	UBE2J1
MIRLET7A1	MIRLET7A3	RNF41
MIRLET7A1	MIRLET7A3	DOT1L
MIRLET7A1	MIRLET7A3	CYP2R1
MIRLET7A1	MIRLET7A3	KCTD12
MIRLET7A1	MIRLET7A3	OSBP2
MIRLET7A1	MIRLET7A3	MSN
MIRLET7A1	MIRLET7A3	PBRM1
MIRLET7A1	MIRLET7A3	RAP1GDS1
MIRLET7A1	MIRLET7A3	FBXO11
MIRLET7A1	MIRLET7A3	CORO1C
MIRLET7A1	MIRLET7A3	SZRD1
MIRLET7A1	MIRLET7A3	NOP10
MIRLET7A1	MIRLET7A3	EIF2AK4
MIRLET7A1	MIRLET7A3	PPP1CA
MIRLET7A1	MIRLET7A3	WIPI1
MIRLET7A1	MIRLET7A3	RUFY3
MIRLET7A1	MIRLET7A3	P4HA2
MIRLET7A1	MIRLET7A3	PPP2CA
MIRLET7A1	MIRLET7A3	MTHFD2
MIRLET7A1	MIRLET7A3	ABCF1
MIRLET7A1	MIRLET7A3	AXIN1
MIRLET7A1	MIRLET7A3	PPP1R18
MIRLET7A1	MIRLET7A3	SNRNP40
MIRLET7A1	MIRLET7A3	ZNF792
MIRLET7A1	MIRLET7A3	PLXNA2
MIRLET7A1	MIRLET7A3	C7orf55-LUC7L2
MIRLET7A1	MIRLET7A3	ARHGAP27
MIRLET7A1	MIRLET7A3	ZFHX3
MIRLET7A1	MIRLET7A3	DDX47
MIRLET7A1	MIRLET7A3	MAVS
MIRLET7A1	MIRLET7A3	AEN
MIRLET7A1	MIRLET7A3	ZNF852
MIRLET7A1	MIRLET7A3	MARS2
MIRLET7A1	MIRLET7A3	MEF2BNB
MIRLET7A1	MIRLET7A3	CPEB4
MIRLET7A1	MIRLET7A3	BCOR
MIRLET7A1	MIRLET7A3	ILVBL
MIRLET7A1	MIRLET7A3	PXN
MIRLET7A1	MIRLET7A3	WDR13
MIRLET7A1	MIRLET7A3	AP2A1
MIRLET7A1	MIRLET7A3	BMP4
MIRLET7A1	MIRLET7A3	LYPLA2
MIRLET7A1	MIRLET7A3	LRBA
MIRLET7A1	MIRLET7A3	PCIF1
MIRLET7A1	MIRLET7A3	FMNL2
MIRLET7A1	MIRLET7A3	ARID5B
MIRLET7A1	MIRLET7A3	TRA2B
MIRLET7A1	MIRLET7A3	ARRDC3
MIRLET7A1	MIRLET7A3	NAV2
MIRLET7A1	MIRLET7A3	VGLL4
MIRLET7A1	MIRLET7A3	PEX11B
MIRLET7A1	MIRLET7A3	SMARCA4
MIRLET7A1	MIRLET7A3	PAPOLA
MIRLET7A1	MIRLET7A3	NUDT16
MIRLET7A1	MIRLET7A3	PI4KB
MIRLET7A1	MIRLET7A3	CDK9
MIRLET7A1	MIRLET7A3	AKR1A1
MIRLET7A1	MIRLET7A3	ATP6V1G1
MIRLET7A1	MIRLET7A3	CDIP1
MIRLET7A1	MIRLET7A3	ASF1B
MIRLET7A1	MIRLET7A3	CNTRL
MIRLET7A1	MIRLET7A3	FLII
MIRLET7A1	MIRLET7A3	IMP4
MIRLET7A1	MIRLET7A3	MT-CO1
MIRLET7A1	MIRLET7A3	IRAK2
MIRLET7A1	MIRLET7A3	SERINC3
MIRLET7A1	MIRLET7A3	SLC30A7
MIRLET7A1	MIRLET7A3	UBE2D3
MIRLET7A1	MIRLET7A3	MTMR14
MIRLET7A1	MIRLET7A3	EMP1
MIRLET7A1	MIRLET7A3	JMJD1C
MIRLET7A1	MIRLET7A3	TMPRSS2
MIRLET7A1	MIRLET7A3	TTLL11
MIRLET7A1	MIRLET7A3	IFT57
MIRLET7A1	MIRLET7A3	ACLY
MIRLET7A1	MIRLET7A3	SF3B1
MIRLET7A1	MIRLET7A3	USP47
MIRLET7A1	MIRLET7A3	ERO1L
MIRLET7A1	MIRLET7A3	DDX6
MIRLET7A1	MIRLET7A3	GARS
MIRLET7A1	MIRLET7A3	PTPRB
MIRLET7A1	MIRLET7A3	JUP
MIRLET7A1	MIRLET7A3	PNKD
MIRLET7A1	MIRLET7A3	NPEPPS
MIRLET7A1	MIRLET7A3	TTC33
MIRLET7A1	MIRLET7A3	ACAD9
MIRLET7A1	MIRLET7A3	GIT1
MIRLET7A1	MIRLET7A3	FAM129B
MIRLET7A1	MIRLET7A3	CBX2
MIRLET7A1	MIRLET7A3	ANKRD52
MIRLET7A1	MIRLET7A3	CLSTN1
MIRLET7A1	MIRLET7A3	KBTBD6
MIRLET7A1	MIRLET7A3	GEMIN4
MIRLET7A1	MIRLET7A3	HNRNPU
MIRLET7A1	MIRLET7A3	NT5C2
MIRLET7A1	MIRLET7A3	PTPN14
MIRLET7A1	MIRLET7A3	RDX
MIRLET7A1	MIRLET7A3	TEAD4
MIRLET7A1	MIRLET7A3	CDC42EP2
MIRLET7A1	MIRLET7A3	PRKAR1B
MIRLET7A1	MIRLET7A3	RAB11A
MIRLET7A1	MIRLET7A3	UBE4B
MIRLET7A1	MIRLET7A3	FAM3C
MIRLET7A1	MIRLET7A3	TAF6
MIRLET7A1	MIRLET7A3	ETS2
MIRLET7A1	MIRLET7A3	TSC22D1
MIRLET7A1	MIRLET7A3	GDI1
MIRLET7A1	MIRLET7A3	BCAT1
MIRLET7A1	MIRLET7A3	COIL
MIRLET7A1	MIRLET7A3	BBX
MIRLET7A1	MIRLET7A3	MIEF1
MIRLET7A1	MIRLET7A3	CNKSR3
MIRLET7A1	MIRLET7A3	KPNA2
MIRLET7A1	MIRLET7A3	APLN
MIRLET7A1	MIRLET7A3	LAMC3
MIRLET7A1	MIRLET7A3	MAP3K2
MIRLET7A1	MIRLET7A3	ZSWIM6
MIRLET7A1	MIRLET7A3	ASAP2
MIRLET7A1	MIRLET7A3	C16orf72
MIRLET7A1	MIRLET7A3	ABCA2
MIRLET7A1	MIRLET7A3	MACF1
MIRLET7A1	MIRLET7A3	SEH1L
MIRLET7A1	MIRLET7A3	FAM49B
MIRLET7A1	MIRLET7A3	COL27A1
MIRLET7A1	MIRLET7A3	TNFSF10
MIRLET7A1	MIRLET7A3	STMN1
MIRLET7A1	MIRLET7A3	DHX30
MIRLET7A1	MIRLET7A3	INSR
MIRLET7A1	MIRLET7A3	ZDHHC6
MIRLET7A1	MIRLET7A3	COPS6
MIRLET7A1	MIRLET7A3	CDCA7L
MIRLET7A1	MIRLET7A3	USP14
MIRLET7A1	MIRLET7A3	CCND2
MIRLET7A1	MIRLET7A3	ERGIC1
MIRLET7A1	MIRLET7A3	KDM2A
MIRLET7A1	MIRLET7A3	MYCBP
MIRLET7A1	MIRLET7A3	NUPL1
MIRLET7A1	MIRLET7A3	ADNP
MIRLET7A1	MIRLET7A3	FBXO6
MIRLET7A1	MIRLET7A3	PLCB3
MIRLET7A1	MIRLET7A3	PLXND1
MIRLET7A1	MIRLET7A3	CDK13
MIRLET7A1	MIRLET7A3	FZD2
MIRLET7A1	MIRLET7A3	SEC14L1
MIRLET7A1	MIRLET7A3	CS
MIRLET7A1	MIRLET7A3	RTF1
MIRLET7A1	MIRLET7A3	ULK1
MIRLET7A1	MIRLET7A3	WDR37
MIRLET7A1	MIRLET7A3	RAB40C
MIRLET7A1	MIRLET7A3	LIMD1
MIRLET7A1	MIRLET7A3	MED19
MIRLET7A1	MIRLET7A3	USP5
MIRLET7A1	MIRLET7A3	DUSP18
MIRLET7A1	MIRLET7A3	ZNF562
MIRLET7A1	MIRLET7A3	STX3
MIRLET7A1	MIRLET7A3	PARP1
MIRLET7A1	MIRLET7A3	CCNY
MIRLET7A1	MIRLET7A3	WDR81
MIRLET7A1	MIRLET7A3	SLC37A4
MIRLET7A1	MIRLET7A3	ARL2BP
MIRLET7A1	MIRLET7A3	TSC22D2
MIRLET7A1	MIRLET7A3	ERCC6
MIRLET7A1	MIRLET7A3	PTGS2
MIRLET7A1	MIRLET7A3	MAP4
MIRLET7A1	MIRLET7A3	ABCC1
MIRLET7A1	MIRLET7A3	RALGAPA2
MIRLET7A1	MIRLET7A3	SLC9A1
MIRLET7A1	MIRLET7A3	PITPNB
MIRLET7A1	MIRLET7A3	DDB1
MIRLET7A1	MIRLET7A3	PTPN23
MIRLET7A1	MIRLET7A3	PDHA1
MIRLET7A1	MIRLET7A3	HOXA9
MIRLET7A1	MIRLET7A3	RAB11FIP2
MIRLET7A1	MIRLET7A3	SMARCC1
MIRLET7A1	MIRLET7A3	PIM3
MIRLET7A1	MIRLET7A3	ZNF710
MIRLET7A1	MIRLET7A3	PARVB
MIRLET7A1	MIRLET7A3	NOD1
MIRLET7A1	MIRLET7A3	LDB2
MIRLET7A1	MIRLET7A3	KMT2D
MIRLET7A1	MIRLET7A3	H2AFV
MIRLET7A1	MIRLET7A3	FAM13A
MIRLET7A1	MIRLET7A3	SH2D3C
MIRLET7A1	MIRLET7A3	MMRN1
MIRLET7A1	MIRLET7A3	ENSG00000255103
MIRLET7A1	MIRLET7A3	PKD1
MIRLET7A1	MIRLET7A3	AMFR
MIRLET7A1	MIRLET7A3	ARFGEF2
MIRLET7A1	MIRLET7A3	KLF10
MIRLET7A1	MIRLET7A3	FBN1
MIRLET7A1	MIRLET7A3	YWHAG
MIRLET7A1	MIRLET7A3	ACTR3
MIRLET7A1	MIRLET7A3	USP11
MIRLET7A1	MIRLET7A3	PATL1
MIRLET7A1	MIRLET7A3	PIGT
MIRLET7A1	MIRLET7A3	OSTC
MIRLET7A1	MIRLET7A3	HERC1
MIRLET7A1	MIRLET7A3	MBD6
MIRLET7A1	MIRLET7A3	AGAP3
MIRLET7A1	MIRLET7A3	OTUD4
MIRLET7A1	MIRLET7A3	SKIL
MIRLET7A1	MIRLET7A3	DHPS
MIRLET7A1	MIRLET7A3	SH3TC1
MIRLET7A1	MIRLET7A3	HMGXB3
MIRLET7A1	MIRLET7A3	XPOT
MIRLET7A1	MIRLET7A3	ZNF384
MIRLET7A1	MIRLET7A3	CPD
MIRLET7A1	MIRLET7A3	C9orf64
MIRLET7A1	MIRLET7A3	GPN1
MIRLET7A1	MIRLET7A3	PPP2R5D
MIRLET7A1	MIRLET7A3	TRIM32
MIRLET7A1	MIRLET7A3	IGF1R
MIRLET7A1	MIRLET7A3	AGO2
MIRLET7A1	MIRLET7A3	MIB1
MIRLET7A1	MIRLET7A3	NCKAP1
MIRLET7A1	MIRLET7A3	SRSF9
MIRLET7A1	MIRLET7A3	GPHN
MIRLET7A1	MIRLET7A3	GSN
MIRLET7A1	MIRLET7A3	PDS5A
MIRLET7A1	MIRLET7A3	ALOX5
MIRLET7A1	MIRLET7A3	FSCN1
MIRLET7A1	MIRLET7A3	PLD3
MIRLET7A1	MIRLET7A3	SHKBP1
MIRLET7A1	MIRLET7A3	BIRC3
MIRLET7A1	MIRLET7A3	COQ10B
MIRLET7A1	MIRLET7A3	CREBBP
MIRLET7A1	MIRLET7A3	KHSRP
MIRLET7A1	MIRLET7A3	SIN3A
MIRLET7A1	MIRLET7A3	CASC4
MIRLET7A1	MIRLET7A3	JAK1
MIRLET7A1	MIRLET7A3	SPHK2
MIRLET7A1	MIRLET7A3	H2AFY
MIRLET7A1	MIRLET7A3	FADD
MIRLET7A1	MIRLET7A3	C5orf51
MIRLET7A1	MIRLET7A3	POM121C
MIRLET7A1	MIRLET7A3	HCFC1
MIRLET7A1	MIRLET7A3	KIF2A
MIRLET7A1	MIRLET7A3	BPTF
MIRLET7A1	MIRLET7A3	RBPMS
MIRLET7A1	MIRLET7A3	TSC22D3
MIRLET7A1	MIRLET7A3	NUMA1
MIRLET7A1	MIRLET7A3	NDUFS2
MIRLET7A1	MIRLET7A3	KIAA0355
MIRLET7A1	MIRLET7A3	MBTPS2
MIRLET7A1	MIRLET7A3	RHOBTB2
MIRLET7A1	MIRLET7A3	TRAPPC1
MIRLET7A1	MIRLET7A3	GIT2
MIRLET7A1	MIRLET7A3	H2AFX
MIRLET7A1	MIRLET7A3	PAPD4
MIRLET7A1	MIRLET7A3	CHP1
MIRLET7A1	MIRLET7A3	NLGN2
MIRLET7A1	MIRLET7A3	GTF3C1
MIRLET7A1	MIRLET7A3	TAF5L
MIRLET7A1	MIRLET7A3	CASP8AP2
MIRLET7A1	MIRLET7A3	NUP153
MIRLET7A1	MIRLET7A3	CDC42EP4
MIRLET7A1	MIRLET7A3	FOSL1
MIRLET7A1	MIRLET7A3	MAPK6
MIRLET7A1	MIRLET7A3	ZFP36L1
MIRLET7A1	MIRLET7A3	ITM2C
MIRLET7A1	MIRLET7A3	ABI1
MIRLET7A1	MIRLET7A3	CD80
MIRLET7A1	MIRLET7A3	HIVEP2
MIRLET7A1	MIRLET7A3	SAMD8
MIRLET7A1	MIRLET7A3	ALDH7A1
MIRLET7A1	MIRLET7A3	CREB3L2
MIRLET7A1	MIRLET7A3	GNA11
MIRLET7A1	MIRLET7A3	IKZF2
MIRLET7A1	MIRLET7A3	STAT3
MIRLET7A1	MIRLET7A3	RICTOR
MIRLET7A1	MIRLET7A3	KDM6A
MIRLET7A1	MIRLET7A3	COL18A1
MIRLET7A1	MIRLET7A3	PA2G4
MIRLET7A1	MIRLET7A3	LPGAT1
MIRLET7A1	MIRLET7A3	IDH1
MIRLET7A1	MIRLET7A3	LEPROT
MIRLET7A1	MIRLET7A3	MSH6
MIRLET7A1	MIRLET7A3	CCDC71L
MIRLET7A1	MIRLET7A3	CPSF1
MIRLET7A1	MIRLET7A3	LAMC1
MIRLET7A1	MIRLET7A3	CTNNA1
MIRLET7A1	MIRLET7A3	XRN1
MIRLET7A1	MIRLET7A3	NOL4L
MIRLET7A1	MIRLET7A3	ATP8B3
MIRLET7A1	MIRLET7A3	ZNF207
MIRLET7A1	MIRLET7A3	GDAP2
MIRLET7A1	MIRLET7A3	INTS1
MIRLET7A1	MIRLET7A3	RGL2
MIRLET7A1	MIRLET7A3	RBPJ
MIRLET7A1	MIRLET7A3	APBA2
MIRLET7A1	MIRLET7A3	GPR161
MIRLET7A1	MIRLET7A3	FZD3
MIRLET7A1	MIRLET7A3	NAA30
MIRLET7A1	MIRLET7A3	PCGF3
MIRLET7A1	MIRLET7A3	AFAP1L1
MIRLET7A1	MIRLET7A3	PDCD4
MIRLET7A1	MIRLET7A3	FBXO17
MIRLET7A1	MIRLET7A3	NLK
MIRLET7A1	MIRLET7A3	RPRD1B
MIRLET7A1	MIRLET7A3	S100PBP
MIRLET7A1	MIRLET7A3	CSNK1A1
MIRLET7A1	MIRLET7A3	SLC35A4
MIRLET7A1	MIRLET7A3	TNFRSF10B
MIRLET7A1	MIRLET7A3	ID1
MIRLET7A1	MIRLET7A3	MUC16
MIRLET7A1	MIRLET7A3	NCOR1
MIRLET7A1	MIRLET7A3	ZFR
MIRLET7A1	MIRLET7A3	RNASE1
MIRLET7A1	MIRLET7A3	MTMR12
MIRLET7A1	MIRLET7A3	TM4SF1
MIRLET7A1	MIRLET7A3	NOTCH4
MIRLET7A1	MIRLET7A3	RPL9
MIRLET7A1	MIRLET7A3	TPR
MIRLET7A1	MIRLET7A3	CDK6
MIRLET7A1	MIRLET7A3	RNF167
MIRLET7A1	MIRLET7A3	MAX
MIRLET7A1	MIRLET7A3	DNAJC5
MIRLET7A1	MIRLET7A3	KLHDC3
MIRLET7A1	MIRLET7A3	PSMB7
MIRLET7A1	MIRLET7A3	ASCC3
MIRLET7A1	MIRLET7A3	ZNF473
MIRLET7A1	MIRLET7A3	CMIP
MIRLET7A1	MIRLET7A3	LARP4B
MIRLET7A1	MIRLET7A3	PHB2
MIRLET7A1	MIRLET7A3	SPTBN2
MIRLET7A1	MIRLET7A3	ZFYVE26
MIRLET7A1	MIRLET7A3	PSMC6
MIRLET7A1	MIRLET7A3	PCDH1
MIRLET7A1	MIRLET7A3	DNAJB11
MIRLET7A1	MIRLET7A3	CAV1
MIRLET7A1	MIRLET7A3	CBX5
MIRLET7A1	MIRLET7A3	PNRC1
MIRLET7A1	MIRLET7A3	SLC16A3
MIRLET7A1	MIRLET7A3	ZNF511
MIRLET7A1	MIRLET7A3	SOCS7
MIRLET7A1	MIRLET7A3	DOCK4
MIRLET7A1	MIRLET7A3	GPR85
MIRLET7A1	MIRLET7A3	IGDCC4
MIRLET7A1	MIRLET7A3	DST
MIRLET7A1	MIRLET7A3	MED13L
MIRLET7A1	MIRLET7A3	SECISBP2L
MIRLET7A1	MIRLET7A3	ZNF548
MIRLET7A1	MIRLET7A3	DAG1
MIRLET7A1	MIRLET7A3	IGF2BP1
MIRLET7A1	MIRLET7A3	CCND1
MIRLET7A1	MIRLET7A3	CTSB
MIRLET7A1	MIRLET7A3	CCT3
MIRLET7A1	MIRLET7A3	HNRNPDL
MIRLET7A1	MIRLET7A3	RHOG
MIRLET7A1	MIRLET7A3	GNG5
MIRLET7A1	MIRLET7A3	WWP2
MIRLET7A1	MIRLET7A3	C14orf2
MIRLET7A1	MIRLET7A3	ABCC10
MIRLET7A1	MIRLET7A3	IFI44L
MIRLET7A1	MIRLET7A3	PHACTR2
MIRLET7A1	MIRLET7A3	SEMA6B
MIRLET7A1	MIRLET7A3	FADS3
MIRLET7A1	MIRLET7A3	AIP
MIRLET7A1	MIRLET7A3	PIGM
MIRLET7A1	MIRLET7A3	RRM2
MIRLET7A1	MIRLET7A3	CKAP4
MIRLET7A1	MIRLET7A3	FKBP3
MIRLET7A1	MIRLET7A3	FRMD4A
MIRLET7A1	MIRLET7A3	RHOB
MIRLET7A1	MIRLET7A3	IRS2
MIRLET7A1	MIRLET7A3	JAM3
MIRLET7A1	MIRLET7A3	SRC
MIRLET7A1	MIRLET7A3	PDZD8
MIRLET7A1	MIRLET7A3	EXTL3
MIRLET7A1	MIRLET7A3	COL5A2
MIRLET7A1	MIRLET7A3	LLGL1
MIRLET7A1	MIRLET7A3	NR2C2
MIRLET7A1	MIRLET7A3	IGF2BP2
MIRLET7A1	MIRLET7A3	TTC22
MIRLET7A1	MIRLET7A3	TRIM3
MIRLET7A1	MIRLET7A3	FNDC3A
MIRLET7A1	MIRLET7A3	RPSA
MIRLET7A1	MIRLET7A3	CDV3
MIRLET7A1	MIRLET7A3	CALM3
MIRLET7A1	MIRLET7A3	PRDM4
MIRLET7A1	MIRLET7A3	C14orf166
MIRLET7A1	MIRLET7A3	QARS
MIRLET7A1	MIRLET7A3	OSTF1
MIRLET7A1	MIRLET7A3	THRA
MIRLET7A1	MIRLET7A3	TNFAIP1
MIRLET7A1	MIRLET7A3	MAML1
MIRLET7A1	MIRLET7A3	GPATCH8
MIRLET7A1	MIRLET7A3	INPP5F
MIRLET7A1	MIRLET7A3	RMND5A
MIRLET7A1	MIRLET7A3	NRP1
MIRLET7A1	MIRLET7A3	VEZT
MIRLET7A1	MIRLET7A3	SLC41A3
MIRLET7A1	MIRLET7A3	ZFHX4
MIRLET7A1	MIRLET7A3	DPF2
MIRLET7A1	MIRLET7A3	PLEKHA8
MIRLET7A1	MIRLET7A3	TMEM8A
MIRLET7A1	MIRLET7A3	ATP13A3
MIRLET7A1	MIRLET7A3	SNX19
MIRLET7A1	MIRLET7A3	TRRAP
MIRLET7A1	MIRLET7A3	SPOCK1
MIRLET7A1	MIRLET7A3	C1orf43
MIRLET7A1	MIRLET7A3	ARID1A
MIRLET7A1	MIRLET7A3	FSTL1
MIRLET7A1	MIRLET7A3	TMEM132B
MIRLET7A1	MIRLET7A3	PALD1
MIRLET7A1	MIRLET7A3	GPR63
MIRLET7A1	MIRLET7A3	CALU
MIRLET7A1	MIRLET7A3	HNRNPD
MIRLET7A1	MIRLET7A3	CNOT7
MIRLET7A1	MIRLET7A3	PHF19
MIRLET7A1	MIRLET7A3	CUL2
MIRLET7A1	MIRLET7A3	GBE1
MIRLET7A1	MIRLET7A3	RBM3
MIRLET7A1	MIRLET7A3	RPS15A
MIRLET7A1	MIRLET7A3	SEC31A
MIRLET7A1	MIRLET7A3	PDE4DIP
MIRLET7A1	MIRLET7A3	RBM27
MIRLET7A1	MIRLET7A3	OST4
MIRLET7A1	MIRLET7A3	DUSP3
MIRLET7A1	MIRLET7A3	CRYBG3
MIRLET7A1	MIRLET7A3	WASF2
MIRLET7A1	MIRLET7A3	ZNF451
MIRLET7A1	MIRLET7A3	TBC1D9
MIRLET7A1	MIRLET7A3	HIPK2
MIRLET7A1	MIRLET7A3	TRIO
MIRLET7A1	MIRLET7A3	ARHGAP28
MIRLET7A1	MIRLET7A3	GATM
MIRLET7A1	MIRLET7A3	KIRREL
MIRLET7A1	MIRLET7A3	SURF4
MIRLET7A1	MIRLET7A3	TPP2
MIRLET7A1	MIRLET7A3	DROSHA
MIRLET7A1	MIRLET7A3	TIA1
MIRLET7A1	MIRLET7A3	VCL
MIRLET7A1	MIRLET7A3	API5
MIRLET7A1	MIRLET7A3	HSP90B1
MIRLET7A1	MIRLET7A3	DPYSL3
MIRLET7A1	MIRLET7A3	PLEC
MIRLET7A1	MIRLET7A3	RUNX1T1
MIRLET7A1	MIRLET7A3	TNFRSF11A
MIRLET7A1	MIRLET7A3	SEC16A
MIRLET7A1	MIRLET7A3	DGCR2
MIRLET7A1	MIRLET7A3	DCP2
MIRLET7A1	MIRLET7A3	FAM43A
MIRLET7A1	MIRLET7A3	ARF3
MIRLET7A1	MIRLET7A3	CARM1
MIRLET7A1	MIRLET7A3	FUCA1
MIRLET7A1	MIRLET7A3	POU2F1
MIRLET7A1	MIRLET7A3	PRRC2A
MIRLET7A1	MIRLET7A3	HIF1AN
MIRLET7A1	MIRLET7A3	TMEM30A
MIRLET7A1	MIRLET7A3	SAR1B
MIRLET7A1	MIRLET7A3	KDELC2
MIRLET7A1	MIRLET7A3	KLF7
MIRLET7A1	MIRLET7A3	EIF1
MIRLET7A1	MIRLET7A3	FMNL3
MIRLET7A1	MIRLET7A3	HUWE1
MIRLET7A1	MIRLET7A3	PREX1
MIRLET7A1	MIRLET7A3	DUSP5
MIRLET7A1	MIRLET7A3	B3GNT1
MIRLET7A1	MIRLET7A3	MDM4
MIRLET7A1	MIRLET7A3	PPP4C
MIRLET7A1	MIRLET7A3	TUBB
MIRLET7A1	MIRLET7A3	MBTPS1
MIRLET7A1	MIRLET7A3	FOXN2
MIRLET7A1	MIRLET7A3	FARP2
MIRLET7A1	MIRLET7A3	CD81
MIRLET7A1	MIRLET7A3	GSPT1
MIRLET7A1	MIRLET7A3	PHLDB2
MIRLET7A1	MIRLET7A3	PRPF8
MIRLET7A1	MIRLET7A3	MTUS2
MIRLET7A1	MIRLET7A3	H6PD
MIRLET7A1	MIRLET7A3	FOXK2
MIRLET7A1	MIRLET7A3	TRANK1
MIRLET7A1	MIRLET7A3	BAHD1
MIRLET7A1	MIRLET7A3	MACC1
MIRLET7A1	MIRLET7A3	YEATS2
MIRLET7A1	MIRLET7A3	CUEDC2
MIRLET7A1	MIRLET7A3	FAR1
MIRLET7A1	MIRLET7A3	TPP1
MIRLET7A1	MIRLET7A3	KLF6
MIRLET7A1	MIRLET7A3	LARP1
MIRLET7A1	MIRLET7A3	SLC31A1
MIRLET7A1	MIRLET7A3	ARID1B
MIRLET7A1	MIRLET7A3	SYNCRIP
MIRLET7A1	MIRLET7A3	FGFR1
MIRLET7A1	MIRLET7A3	TNFSF9
MIRLET7A1	MIRLET7A3	NBEAL2
MIRLET7A1	MIRLET7A3	MICAL2
MIRLET7A1	MIRLET7A3	NR2F2
MIRLET7A1	MIRLET7A3	EHD1
MIRLET7A1	MIRLET7A3	SCD
MIRLET7A1	MIRLET7A3	HSPA13
MIRLET7A1	MIRLET7A3	ATG16L1
MIRLET7A1	MIRLET7A3	ANGPTL2
MIRLET7A1	MIRLET7A3	FLRT2
MIRLET7A1	MIRLET7A3	ELAVL1
MIRLET7A1	MIRLET7A3	CAB39
MIRLET7A1	MIRLET7A3	HSPD1
MIRLET7A1	MIRLET7A3	LRCH4
MIRLET7A1	MIRLET7A3	NRARP
MIRLET7A1	MIRLET7A3	PRKRIR
MIRLET7A1	MIRLET7A3	VPS13C
MIRLET7A1	MIRLET7A3	TGM2
MIRLET7A1	MIRLET7A3	DSCR3
MIRLET7A1	MIRLET7A3	KAT6A
MIRLET7A1	MIRLET7A3	PHC2
MIRLET7A1	MIRLET7A3	PARG
MIRLET7A1	MIRLET7A3	SLC5A6
MIRLET7A1	MIRLET7A3	BTG2
MIRLET7A1	MIRLET7A3	TLDC1
MIRLET7A1	MIRLET7A3	ZNF555
MIRLET7A1	MIRLET7A3	ZNF768
MIRLET7A1	MIRLET7A3	TLR4
MIRLET7A1	MIRLET7A3	LDB1
MIRLET7A1	MIRLET7A3	RHBDF2
MIRLET7A1	MIRLET7A3	YWHAZ
MIRLET7A1	MIRLET7A3	BRWD1
MIRLET7A1	MIRLET7A3	CEP170B
MIRLET7A1	MIRLET7A3	LRRC59
MIRLET7A1	MIRLET7A3	MOB1A
MIRLET7A1	MIRLET7A3	KLHL42
MIRLET7A1	MIRLET7A3	COL4A2
MIRLET7A1	MIRLET7A3	ANP32E
MIRLET7A1	MIRLET7A3	RALY
MIRLET7A1	MIRLET7A3	RIMKLA
MIRLET7A1	MIRLET7A3	ERGIC3
MIRLET7A1	MIRLET7A3	HMOX2
MIRLET7A1	MIRLET7A3	STAMBP
MIRLET7A1	MIRLET7A3	FBXL7
MIRLET7A1	MIRLET7A3	MFHAS1
MIRLET7A1	MIRLET7A3	ZFP36
MIRLET7A1	MIRLET7A3	ALDOA
MIRLET7A1	MIRLET7A3	ANPEP
MIRLET7A1	MIRLET7A3	C15orf39
MIRLET7A1	MIRLET7A3	EDEM3
MIRLET7A1	MIRLET7A3	GGA3
MIRLET7A1	MIRLET7A3	GPR176
MIRLET7A1	MIRLET7A3	PTPN6
MIRLET7A1	MIRLET7A3	ETF1
MIRLET7A1	MIRLET7A3	RBFOX2
MIRLET7A1	MIRLET7A3	SLC39A9
MIRLET7A1	MIRLET7A3	ABCF2
MIRLET7A1	MIRLET7A3	DNMT1
MIRLET7A1	MIRLET7A3	TRAK1
MIRLET7A1	MIRLET7A3	LILRB4
MIRLET7A1	MIRLET7A3	NARF
MIRLET7A1	MIRLET7A3	COTL1
MIRLET7A1	MIRLET7A3	AREL1
MIRLET7A1	MIRLET7A3	FYN
MIRLET7A1	MIRLET7A3	PHF1
MIRLET7A1	MIRLET7A3	CELSR3
MIRLET7A1	MIRLET7A3	MED14
MIRLET7A1	MIRLET7A3	CTSA
MIRLET7A1	MIRLET7A3	IRGQ
MIRLET7A1	MIRLET7A3	ELK4
MIRLET7A1	MIRLET7A3	TSPYL1
MIRLET7A1	MIRLET7A3	MYH9
MIRLET7A1	MIRLET7A3	ZNF691
MIRLET7A1	MIRLET7A3	ARHGEF17
MIRLET7A1	MIRLET7A3	SLC4A2
MIRLET7A1	MIRLET7A3	ZNF589
MIRLET7A1	MIRLET7A3	HECTD1
MIRLET7A1	MIRLET7A3	C7orf73
MIRLET7A1	MIRLET7A3	ITPR3
MIRLET7A1	MIRLET7A3	SF3B5
MIRLET7A1	MIRLET7A3	IFITM10
MIRLET7A1	MIRLET7A3	PSMA2
MIRLET7A1	MIRLET7A3	SLC38A2
MIRLET7A1	MIRLET7A3	TSC1
MIRLET7A1	MIRLET7A3	UBE2G2
MIRLET7A1	MIRLET7A3	ZC3H12C
MIRLET7A1	MIRLET7A3	SHC1
MIRLET7A1	MIRLET7A3	BMP6
MIRLET7A1	MIRLET7A3	HN1
MIRLET7A1	MIRLET7A3	NUP160
MIRLET7A1	MIRLET7A3	PARD3
MIRLET7A1	MIRLET7A3	RQCD1
MIRLET7A1	MIRLET7A3	NCOR2
MIRLET7A1	MIRLET7A3	MAPKBP1
MIRLET7A1	MIRLET7A3	ZNF629
MIRLET7A1	MIRLET7A3	PPP1R12A
MIRLET7A1	MIRLET7A3	GRAMD1A
MIRLET7A1	MIRLET7A3	PCDHAC2
MIRLET7A1	MIRLET7A3	TMPO
MIRLET7A1	MIRLET7A3	UAP1
MIRLET7A1	MIRLET7A3	VAV2
MIRLET7A1	MIRLET7A3	IFI16
MIRLET7A1	MIRLET7A3	CLDN12
MIRLET7A1	MIRLET7A3	EIF4E2
MIRLET7A1	MIRLET7A3	SOBP
MIRLET7A1	MIRLET7A3	AMMECR1L
MIRLET7A1	MIRLET7A3	DYNC1H1
MIRLET7A1	MIRLET7A3	DAXX
MIRLET7A1	MIRLET7A3	SLC29A1
MIRLET7A1	MIRLET7A3	CSNK1G3
MIRLET7A1	MIRLET7A3	CDH5
MIRLET7A1	MIRLET7A3	TRIM25
MIRLET7A1	MIRLET7A3	RNF111
MIRLET7A1	MIRLET7A3	CRIM1
MIRLET7A1	MIRLET7A3	MGST1
MIRLET7A1	MIRLET7A3	APLP2
MIRLET7A1	MIRLET7A3	ATG9A
MIRLET7A1	MIRLET7A3	PRKAA1
MIRLET7A1	MIRLET7A3	SPHK1
MIRLET7A1	MIRLET7A3	NAT6
MIRLET7A1	MIRLET7A3	PMPCB
MIRLET7A1	MIRLET7A3	SFSWAP
MIRLET7A1	MIRLET7A3	BLOC1S1
MIRLET7A1	MIRLET7A3	CTPS2
MIRLET7A1	MIRLET7A3	NIPA2
MIRLET7A1	MIRLET7A3	NFIA
MIRLET7A1	MIRLET7A3	ZNF516
MIRLET7A1	MIRLET7A3	OXA1L
MIRLET7A1	MIRLET7A3	DUSP4
MIRLET7A1	MIRLET7A3	BACH1
MIRLET7A1	MIRLET7A3	DCUN1D4
MIRLET7A1	MIRLET7A3	SETD1B
MIRLET7A1	MIRLET7A3	NAP1L1
MIRLET7A1	MIRLET7A3	CMKLR1
MIRLET7A1	MIRLET7A3	GNS
MIRLET7A1	MIRLET7A3	AP5M1
MIRLET7A1	MIRLET7A3	DCTN1
MIRLET7A1	MIRLET7A3	EHMT1
MIRLET7A1	MIRLET7A3	LYSMD2
MIRLET7A1	MIRLET7A3	SSH2
MIRLET7A1	MIRLET7A3	STK40
MIRLET7A1	MIRLET7A3	TET3
MIRLET7A1	MIRLET7A3	SLC19A2
MIRLET7A1	MIRLET7A3	FRS2
MIRLET7A1	MIRLET7A3	TUSC2
MIRLET7A1	MIRLET7A3	ZBTB32
MIRLET7A1	MIRLET7A3	TRAPPC10
MIRLET7A1	MIRLET7A3	NDUFV3
MIRLET7A1	MIRLET7A3	TP53BP1
MIRLET7A1	MIRLET7A3	TTI1
MIRLET7A1	MIRLET7A3	DUSP2
MIRLET7A1	MIRLET7A3	TRIM35
MIRLET7A1	MIRLET7A3	HTT
MIRLET7A1	MIRLET7A3	VASH1
MIRLET7A1	MIRLET7A3	VPS54
MIRLET7A1	MIRLET7A3	CABIN1
MIRLET7A1	MIRLET7A3	DIP2B
MIRLET7A1	MIRLET7A3	NPAT
MIRLET7A1	MIRLET7A3	UBE2K
MIRLET7A1	MIRLET7A3	GOLT1B
MIRLET7A1	MIRLET7A3	RFTN1
MIRLET7A1	MIRLET7A3	NANS
MIRLET7A1	MIRLET7A3	CCNJ
MIRLET7A1	MIRLET7A3	PLK2
MIRLET7A1	MIRLET7A3	ANAPC5
MIRLET7A1	MIRLET7A3	MARCH7
MIRLET7A1	MIRLET7A3	PRKAB2
MIRLET7A1	MIRLET7A3	SMTN
MIRLET7A1	MIRLET7A3	KLHL24
MIRLET7A1	MIRLET7A3	CTDP1
MIRLET7A1	MIRLET7A3	MBNL2
MIRLET7A1	MIRLET7A3	MAP3K3
MIRLET7A1	MIRLET7A3	GGNBP2
MIRLET7A1	MIRLET7A3	SKI
MIRLET7A1	MIRLET7A3	GPR137C
MIRLET7A1	MIRLET7A3	TGFBR3
MIRLET7A1	MIRLET7A3	EFNA1
MIRLET7A1	MIRLET7A3	SERTAD2
MIRLET7A1	MIRLET7A3	ROBO4
MIRLET7A1	MIRLET7A3	RUVBL1
MIRLET7A1	MIRLET7A3	UBE2H
MIRLET7A1	MIRLET7A3	YWHAH
MIRLET7A1	MIRLET7A3	RNF40
MIRLET7A1	MIRLET7A3	PNP
MIRLET7A1	MIRLET7A3	RNF26
MIRLET7A1	MIRLET7A3	NUCKS1
MIRLET7A1	MIRLET7A3	GLS
MIRLET7A1	MIRLET7A3	MAP2K4
MIRLET7A1	MIRLET7A3	MYO1E
MIRLET7A1	MIRLET7A3	VDAC2
MIRLET7A1	MIRLET7A3	FANCM
MIRLET7A1	MIRLET7A3	RPAP1
MIRLET7A1	MIRLET7A3	PTER
MIRLET7A1	MIRLET7A3	TRIB1
MIRLET7A1	MIRLET7A3	SLCO5A1
MIRLET7A1	MIRLET7A3	TNRC6A
MIRLET7A1	MIRLET7A3	ABCC8
MIRLET7A1	MIRLET7A3	ARID3A
MIRLET7A1	MIRLET7A3	NFAT5
MIRLET7A1	MIRLET7A3	ZSWIM4
MIRLET7A1	MIRLET7A3	CABLES1
MIRLET7A1	MIRLET7A3	KMT2A
MIRLET7A1	MIRLET7A3	HOMER2
MIRLET7A1	MIRLET7A3	DDOST
MIRLET7A1	MIRLET7A3	MSL2
MIRLET7A1	MIRLET7A3	TTYH3
MIRLET7A1	MIRLET7A3	OSGEP
MIRLET7A1	MIRLET7A3	UBASH3B
MIRLET7A1	MIRLET7A3	CLINT1
MIRLET7A1	MIRLET7A3	PCNA
MIRLET7A1	MIRLET7A3	LCOR
MIRLET7A1	MIRLET7A3	TAB2
MIRLET7A1	MIRLET7A3	DICER1
MIRLET7A1	MIRLET7A3	LANCL1
MIRLET7A1	MIRLET7A3	CBL
MIRLET7A1	MIRLET7A3	COL4A1
MIRLET7A1	MIRLET7A3	HIC1
MIRLET7A1	MIRLET7A3	PEX14
MIRLET7A1	MIRLET7A3	GMFB
MIRLET7A1	MIRLET7A3	ARF4
MIRLET7A1	MIRLET7A3	TP53
MIRLET7A1	MIRLET7A3	SNRNP200
MIRLET7A1	MIRLET7A3	MTUS1
MIRLET7A1	MIRLET7A3	SLC44A2
MIRLET7A1	MIRLET7A3	SERPINB9
MIRLET7A1	MIRLET7A3	VGLL3
MIRLET7A1	MIRLET7A3	CCNB2
MIRLET7A1	MIRLET7A3	ZNF24
MIRLET7A1	MIRLET7A3	EPHA2
MIRLET7A1	MIRLET7A3	BRD4
MIRLET7A1	MIRLET7A3	DEDD
MIRLET7A1	MIRLET7A3	BHLHE40
MIRLET7A1	MIRLET7A3	DNASE1
MIRLET7A1	MIRLET7A3	OLFM4
MIRLET7A1	MIRLET7A3	PLAGL1
MIRLET7A1	MIRLET7A3	PSME4
MIRLET7A1	MIRLET7A3	RAB8A
MIRLET7A1	MIRLET7A3	MARS
MIRLET7A1	MIRLET7A3	SYPL1
MIRLET7A1	MIRLET7A3	GP5
MIRLET7A1	MIRLET7A3	MELK
MIRLET7A1	MIRLET7A3	KPNA6
MIRLET7A1	MIRLET7A3	TALDO1
MIRLET7A1	MIRLET7A3	C20orf24
MIRLET7A1	MIRLET7A3	HOOK1
MIRLET7A1	MIRLET7A3	AGO1
MIRLET7A1	MIRLET7A3	PPP1R15B
MIRLET7A1	MIRLET7A3	EXOC4
MIRLET7A1	MIRLET7F2	PLCB4
MIRLET7A1	MIRLET7F2	NAV1
MIRLET7A1	MIRLET7F2	RNF44
MIRLET7A1	MIRLET7F2	H1FX
MIRLET7A1	MIRLET7F2	LRP1
MIRLET7A1	MIRLET7F2	RNFT1
MIRLET7A1	MIRLET7F2	RANBP2
MIRLET7A1	MIRLET7F2	FOXP1
MIRLET7A1	MIRLET7F2	NR4A1
MIRLET7A1	MIRLET7F2	FAM160B1
MIRLET7A1	MIRLET7F2	RAB3GAP2
MIRLET7A1	MIRLET7F2	ABT1
MIRLET7A1	MIRLET7F2	TTC17
MIRLET7A1	MIRLET7F2	ZFHX2
MIRLET7A1	MIRLET7F2	SLC41A2
MIRLET7A1	MIRLET7F2	MAML3
MIRLET7A1	MIRLET7F2	PRDM2
MIRLET7A1	MIRLET7F2	BRMS1L
MIRLET7A1	MIRLET7F2	STK4
MIRLET7A1	MIRLET7F2	MYO5A
MIRLET7A1	MIRLET7F2	ADAM9
MIRLET7A1	MIRLET7F2	DHTKD1
MIRLET7A1	MIRLET7F2	TMEM194A
MIRLET7A1	MIRLET7F2	HMGA2
MIRLET7A1	MIRLET7F2	POLR3D
MIRLET7A1	MIRLET7F2	RPUSD3
MIRLET7A1	MIRLET7F2	SLC35D2
MIRLET7A1	MIRLET7F2	TMEM189-UBE2V1
MIRLET7A1	MIRLET7F2	RBMS1
MIRLET7A1	MIRLET7F2	NNT
MIRLET7A1	MIRLET7F2	ATP2A2
MIRLET7A1	MIRLET7F2	PDHX
MIRLET7A1	MIRLET7F2	DDHD1
MIRLET7A1	MIRLET7F2	CXXC5
MIRLET7A1	MIRLET7F2	REV3L
MIRLET7A1	MIRLET7F2	MAP3K1
MIRLET7A1	MIRLET7F2	SLC4A5
MIRLET7A1	MIRLET7F2	SENP5
MIRLET7A1	MIRLET7F2	ZBTB5
MIRLET7A1	MIRLET7F2	XPO1
MIRLET7A1	MIRLET7F2	B4GALT5
MIRLET7A1	MIRLET7F2	STARD13
MIRLET7A1	MIRLET7F2	NIPA1
MIRLET7A1	MIRLET7F2	SLC43A3
MIRLET7A1	MIRLET7F2	HMGCS1
MIRLET7A1	MIRLET7F2	FIGN
MIRLET7A1	MIRLET7F2	SRGN
MIRLET7A1	MIRLET7F2	TSPAN14
MIRLET7A1	MIRLET7F2	CYC1
MIRLET7A1	MIRLET7F2	ARHGEF7
MIRLET7A1	MIRLET7F2	MED12
MIRLET7A1	MIRLET7F2	RNF217
MIRLET7A1	MIRLET7F2	PRDM5
MIRLET7A1	MIRLET7F2	OXSR1
MIRLET7A1	MIRLET7F2	EPG5
MIRLET7A1	MIRLET7F2	XPR1
MIRLET7A1	MIRLET7F2	ELL2
MIRLET7A1	MIRLET7F2	ITSN2
MIRLET7A1	MIRLET7F2	EIF3D
MIRLET7A1	MIRLET7F2	SERPINH1
MIRLET7A1	MIRLET7F2	KDM6B
MIRLET7A1	MIRLET7F2	PDPR
MIRLET7A1	MIRLET7F2	NHLRC3
MIRLET7A1	MIRLET7F2	CDKN1A
MIRLET7A1	MIRLET7F2	KIF5C
MIRLET7A1	MIRLET7F2	CNOT1
MIRLET7A1	MIRLET7F2	ATP6V1C1
MIRLET7A1	MIRLET7F2	TGOLN2
MIRLET7A1	MIRLET7F2	GGA2
MIRLET7A1	MIRLET7F2	RB1CC1
MIRLET7A1	MIRLET7F2	RBMS2
MIRLET7A1	MIRLET7F2	UBR2
MIRLET7A1	MIRLET7F2	YAP1
MIRLET7A1	MIRLET7F2	YTHDC2
MIRLET7A1	MIRLET7F2	FCHO2
MIRLET7A1	MIRLET7F2	PXT1
MIRLET7A1	MIRLET7F2	SOX5
MIRLET7A1	MIRLET7F2	BRAF
MIRLET7A1	MIRLET7F2	MED6
MIRLET7A1	MIRLET7F2	LRIG3
MIRLET7A1	MIRLET7F2	MFI2
MIRLET7A1	MIRLET7F2	MLLT10
MIRLET7A1	MIRLET7F2	PIEZO2
MIRLET7A1	MIRLET7F2	ACVR1C
MIRLET7A1	MIRLET7F2	SERPINA3
MIRLET7A1	MIRLET7F2	EPM2AIP1
MIRLET7A1	MIRLET7F2	DPH3
MIRLET7A1	MIRLET7F2	MAGI2
MIRLET7A1	MIRLET7F2	ITGAV
MIRLET7A1	MIRLET7F2	CEP290
MIRLET7A1	MIRLET7F2	COL1A1
MIRLET7A1	MIRLET7F2	PCM1
MIRLET7A1	MIRLET7F2	FBXL5
MIRLET7A1	MIRLET7F2	KMT2B
MIRLET7A1	MIRLET7F2	SIK1
MIRLET7A1	MIRLET7F2	USP10
MIRLET7A1	MIRLET7F2	AP3M1
MIRLET7A1	MIRLET7F2	MT-ND5
MIRLET7A1	MIRLET7F2	CRY2
MIRLET7A1	MIRLET7F2	CCL7
MIRLET7A1	MIRLET7F2	DLGAP4
MIRLET7A1	MIRLET7F2	MYCBP2
MIRLET7A1	MIRLET7F2	XKR7
MIRLET7A1	MIRLET7F2	GLB1
MIRLET7A1	MIRLET7F2	ACBD5
MIRLET7A1	MIRLET7F2	EIF2AK1
MIRLET7A1	MIRLET7F2	RC3H2
MIRLET7A1	MIRLET7F2	COPB2
MIRLET7A1	MIRLET7F2	UBAP2
MIRLET7A1	MIRLET7F2	PFKFB3
MIRLET7A1	MIRLET7F2	GBF1
MIRLET7A1	MIRLET7F2	FNIP2
MIRLET7A1	MIRLET7F2	RBM19
MIRLET7A1	MIRLET7F2	WSB1
MIRLET7A1	MIRLET7F2	YOD1
MIRLET7A1	MIRLET7F2	SEMA4C
MIRLET7A1	MIRLET7F2	FBXL14
MIRLET7A1	MIRLET7F2	MTMR9
MIRLET7A1	MIRLET7F2	CHST3
MIRLET7A1	MIRLET7F2	RHOBTB3
MIRLET7A1	MIRLET7F2	LEPROTL1
MIRLET7A1	MIRLET7F2	PBX3
MIRLET7A1	MIRLET7F2	TAB3
MIRLET7A1	MIRLET7F2	NEK9
MIRLET7A1	MIRLET7F2	SYT16
MIRLET7A1	MIRLET7F2	FAM222B
MIRLET7A1	MIRLET7F2	CTD-2368P22.1
MIRLET7A1	MIRLET7F2	RTKN
MIRLET7A1	MIRLET7F2	SYNJ2
MIRLET7A1	MIRLET7F2	GPD2
MIRLET7A1	MIRLET7F2	TSPAN3
MIRLET7A1	MIRLET7F2	WDR48
MIRLET7A1	MIRLET7F2	GLRX5
MIRLET7A1	MIRLET7F2	CLUH
MIRLET7A1	MIRLET7F2	RGS17
MIRLET7A1	MIRLET7F2	ZNF121
MIRLET7A1	MIRLET7F2	SP1
MIRLET7A1	MIRLET7F2	ZNF107
MIRLET7A1	MIRLET7F2	IL6R
MIRLET7A1	MIRLET7F2	EIF4EBP2
MIRLET7A1	MIRLET7F2	LRGUK
MIRLET7A1	MIRLET7F2	ZNF217
MIRLET7A1	MIRLET7F2	MCM3AP
MIRLET7A1	MIRLET7F2	FAM35A
MIRLET7A1	MIRLET7F2	MOB1B
MIRLET7A1	MIRLET7F2	SMC1A
MIRLET7A1	MIRLET7F2	ZNF644
MIRLET7A1	MIRLET7F2	ATP6V1F
MIRLET7A1	MIRLET7F2	PSMB2
MIRLET7A1	MIRLET7F2	THBS1
MIRLET7A1	MIRLET7F2	DUSP10
MIRLET7A1	MIRLET7F2	NCKAP5L
MIRLET7A1	MIRLET7F2	NXF1
MIRLET7A1	MIRLET7F2	BMP5
MIRLET7A1	MIRLET7F2	DOT1L
MIRLET7A1	MIRLET7F2	RAP1GDS1
MIRLET7A1	MIRLET7F2	FBXO11
MIRLET7A1	MIRLET7F2	EIF2AK4
MIRLET7A1	MIRLET7F2	PPP1CA
MIRLET7A1	MIRLET7F2	WIPI1
MIRLET7A1	MIRLET7F2	RUFY3
MIRLET7A1	MIRLET7F2	P4HA2
MIRLET7A1	MIRLET7F2	PPP2CA
MIRLET7A1	MIRLET7F2	ABCF1
MIRLET7A1	MIRLET7F2	ZNF792
MIRLET7A1	MIRLET7F2	ZFHX3
MIRLET7A1	MIRLET7F2	MAVS
MIRLET7A1	MIRLET7F2	AEN
MIRLET7A1	MIRLET7F2	ZNF852
MIRLET7A1	MIRLET7F2	MARS2
MIRLET7A1	MIRLET7F2	CPEB4
MIRLET7A1	MIRLET7F2	LRBA
MIRLET7A1	MIRLET7F2	PEX11B
MIRLET7A1	MIRLET7F2	PAPOLA
MIRLET7A1	MIRLET7F2	MUC16
MIRLET7A1	MIRLET7F2	AKR1A1
MIRLET7A1	MIRLET7F2	ATP6V1G1
MIRLET7A1	MIRLET7F2	UBE2D3
MIRLET7A1	MIRLET7F2	CNTRL
MIRLET7A1	MIRLET7F2	FLII
MIRLET7A1	MIRLET7F2	SERINC3
MIRLET7A1	MIRLET7F2	SLC30A7
MIRLET7A1	MIRLET7F2	MTMR14
MIRLET7A1	MIRLET7F2	JMJD1C
MIRLET7A1	MIRLET7F2	TMPRSS2
MIRLET7A1	MIRLET7F2	TTLL11
MIRLET7A1	MIRLET7F2	USP47
MIRLET7A1	MIRLET7F2	SF3B1
MIRLET7A1	MIRLET7F2	GARS
MIRLET7A1	MIRLET7F2	DDX6
MIRLET7A1	MIRLET7F2	PNKD
MIRLET7A1	MIRLET7F2	KBTBD6
MIRLET7A1	MIRLET7F2	ANKRD52
MIRLET7A1	MIRLET7F2	NT5C2
MIRLET7A1	MIRLET7F2	RDX
MIRLET7A1	MIRLET7F2	GEMIN4
MIRLET7A1	MIRLET7F2	PTPN14
MIRLET7A1	MIRLET7F2	MIEF1
MIRLET7A1	MIRLET7F2	COIL
MIRLET7A1	MIRLET7F2	BBX
MIRLET7A1	MIRLET7F2	CNKSR3
MIRLET7A1	MIRLET7F2	KPNA2
MIRLET7A1	MIRLET7F2	LAMC3
MIRLET7A1	MIRLET7F2	MAP3K2
MIRLET7A1	MIRLET7F2	ZSWIM6
MIRLET7A1	MIRLET7F2	C16orf72
MIRLET7A1	MIRLET7F2	ABCA2
MIRLET7A1	MIRLET7F2	TNFSF10
MIRLET7A1	MIRLET7F2	ZDHHC6
MIRLET7A1	MIRLET7F2	INSR
MIRLET7A1	MIRLET7F2	CCND2
MIRLET7A1	MIRLET7F2	MYCBP
MIRLET7A1	MIRLET7F2	NUPL1
MIRLET7A1	MIRLET7F2	FBXO6
MIRLET7A1	MIRLET7F2	CDK13
MIRLET7A1	MIRLET7F2	FZD2
MIRLET7A1	MIRLET7F2	WDR37
MIRLET7A1	MIRLET7F2	MED19
MIRLET7A1	MIRLET7F2	STX3
MIRLET7A1	MIRLET7F2	PARP1
MIRLET7A1	MIRLET7F2	WDR81
MIRLET7A1	MIRLET7F2	SLC37A4
MIRLET7A1	MIRLET7F2	TSC22D2
MIRLET7A1	MIRLET7F2	ERCC6
MIRLET7A1	MIRLET7F2	PTGS2
MIRLET7A1	MIRLET7F2	RAB11FIP2
MIRLET7A1	MIRLET7F2	HOXA9
MIRLET7A1	MIRLET7F2	SMARCC1
MIRLET7A1	MIRLET7F2	LDB2
MIRLET7A1	MIRLET7F2	KMT2D
MIRLET7A1	MIRLET7F2	H2AFV
MIRLET7A1	MIRLET7F2	FAM13A
MIRLET7A1	MIRLET7F2	ENSG00000255103
MIRLET7A1	MIRLET7F2	PKD1
MIRLET7A1	MIRLET7F2	KLF10
MIRLET7A1	MIRLET7F2	FBN1
MIRLET7A1	MIRLET7F2	ACTR3
MIRLET7A1	MIRLET7F2	PATL1
MIRLET7A1	MIRLET7F2	SKIL
MIRLET7A1	MIRLET7F2	SH3TC1
MIRLET7A1	MIRLET7F2	CPD
MIRLET7A1	MIRLET7F2	C9orf64
MIRLET7A1	MIRLET7F2	PPP2R5D
MIRLET7A1	MIRLET7F2	TRIM32
MIRLET7A1	MIRLET7F2	IGF1R
MIRLET7A1	MIRLET7F2	MIB1
MIRLET7A1	MIRLET7F2	GPHN
MIRLET7A1	MIRLET7F2	PDS5A
MIRLET7A1	MIRLET7F2	ALOX5
MIRLET7A1	MIRLET7F2	PLD3
MIRLET7A1	MIRLET7F2	BIRC3
MIRLET7A1	MIRLET7F2	COQ10B
MIRLET7A1	MIRLET7F2	KHSRP
MIRLET7A1	MIRLET7F2	JAK1
MIRLET7A1	MIRLET7F2	C5orf51
MIRLET7A1	MIRLET7F2	KIF2A
MIRLET7A1	MIRLET7F2	BPTF
MIRLET7A1	MIRLET7F2	RBPMS
MIRLET7A1	MIRLET7F2	TSC22D3
MIRLET7A1	MIRLET7F2	MBTPS2
MIRLET7A1	MIRLET7F2	TRAPPC1
MIRLET7A1	MIRLET7F2	PAPD4
MIRLET7A1	MIRLET7F2	TAF5L
MIRLET7A1	MIRLET7F2	NUP153
MIRLET7A1	MIRLET7F2	MAPK6
MIRLET7A1	MIRLET7F2	CD80
MIRLET7A1	MIRLET7F2	HIVEP2
MIRLET7A1	MIRLET7F2	SAMD8
MIRLET7A1	MIRLET7F2	CREB3L2
MIRLET7A1	MIRLET7F2	IKZF2
MIRLET7A1	MIRLET7F2	STAT3
MIRLET7A1	MIRLET7F2	RICTOR
MIRLET7A1	MIRLET7F2	KDM6A
MIRLET7A1	MIRLET7F2	LEPROT
MIRLET7A1	MIRLET7F2	MSH6
MIRLET7A1	MIRLET7F2	CCDC71L
MIRLET7A1	MIRLET7F2	ATP8B3
MIRLET7A1	MIRLET7F2	GDAP2
MIRLET7A1	MIRLET7F2	RBPJ
MIRLET7A1	MIRLET7F2	FZD3
MIRLET7A1	MIRLET7F2	NAA30
MIRLET7A1	MIRLET7F2	PCGF3
MIRLET7A1	MIRLET7F2	PDCD4
MIRLET7A1	MIRLET7F2	NLK
MIRLET7A1	MIRLET7F2	S100PBP
MIRLET7A1	MIRLET7F2	NCOR1
MIRLET7A1	MIRLET7F2	ZFR
MIRLET7A1	MIRLET7F2	TPR
MIRLET7A1	MIRLET7F2	MTMR12
MIRLET7A1	MIRLET7F2	RNF167
MIRLET7A1	MIRLET7F2	MAX
MIRLET7A1	MIRLET7F2	ZFYVE26
MIRLET7A1	MIRLET7F2	CBX5
MIRLET7A1	MIRLET7F2	SLC16A3
MIRLET7A1	MIRLET7F2	SOCS7
MIRLET7A1	MIRLET7F2	GPR85
MIRLET7A1	MIRLET7F2	IGDCC4
MIRLET7A1	MIRLET7F2	MED13L
MIRLET7A1	MIRLET7F2	DST
MIRLET7A1	MIRLET7F2	IGF2BP1
MIRLET7A1	MIRLET7F2	CCND1
MIRLET7A1	MIRLET7F2	GNG5
MIRLET7A1	MIRLET7F2	IFI44L
MIRLET7A1	MIRLET7F2	FADS3
MIRLET7A1	MIRLET7F2	PIGM
MIRLET7A1	MIRLET7F2	RRM2
MIRLET7A1	MIRLET7F2	CKAP4
MIRLET7A1	MIRLET7F2	IRS2
MIRLET7A1	MIRLET7F2	IGF2BP2
MIRLET7A1	MIRLET7F2	FNDC3A
MIRLET7A1	MIRLET7F2	CDV3
MIRLET7A1	MIRLET7F2	PRDM4
MIRLET7A1	MIRLET7F2	QARS
MIRLET7A1	MIRLET7F2	C14orf166
MIRLET7A1	MIRLET7F2	TNFAIP1
MIRLET7A1	MIRLET7F2	GPATCH8
MIRLET7A1	MIRLET7F2	INPP5F
MIRLET7A1	MIRLET7F2	ZFHX4
MIRLET7A1	MIRLET7F2	VEZT
MIRLET7A1	MIRLET7F2	PLEKHA8
MIRLET7A1	MIRLET7F2	ATP13A3
MIRLET7A1	MIRLET7F2	TRRAP
MIRLET7A1	MIRLET7F2	FSTL1
MIRLET7A1	MIRLET7F2	PHF19
MIRLET7A1	MIRLET7F2	GPR63
MIRLET7A1	MIRLET7F2	CALU
MIRLET7A1	MIRLET7F2	TMEM132B
MIRLET7A1	MIRLET7F2	CNOT7
MIRLET7A1	MIRLET7F2	CUL2
MIRLET7A1	MIRLET7F2	PDE4DIP
MIRLET7A1	MIRLET7F2	WASF2
MIRLET7A1	MIRLET7F2	CRYBG3
MIRLET7A1	MIRLET7F2	ZNF451
MIRLET7A1	MIRLET7F2	TBC1D9
MIRLET7A1	MIRLET7F2	HIPK2
MIRLET7A1	MIRLET7F2	ARHGAP28
MIRLET7A1	MIRLET7F2	GATM
MIRLET7A1	MIRLET7F2	TPP2
MIRLET7A1	MIRLET7F2	DROSHA
MIRLET7A1	MIRLET7F2	TIA1
MIRLET7A1	MIRLET7F2	API5
MIRLET7A1	MIRLET7F2	HSP90B1
MIRLET7A1	MIRLET7F2	PLEC
MIRLET7A1	MIRLET7F2	TNFRSF11A
MIRLET7A1	MIRLET7F2	SEC16A
MIRLET7A1	MIRLET7F2	DCP2
MIRLET7A1	MIRLET7F2	FAM43A
MIRLET7A1	MIRLET7F2	FUCA1
MIRLET7A1	MIRLET7F2	HIF1AN
MIRLET7A1	MIRLET7F2	HUWE1
MIRLET7A1	MIRLET7F2	PREX1
MIRLET7A1	MIRLET7F2	DUSP5
MIRLET7A1	MIRLET7F2	B3GNT1
MIRLET7A1	MIRLET7F2	MDM4
MIRLET7A1	MIRLET7F2	PPP4C
MIRLET7A1	MIRLET7F2	FOXN2
MIRLET7A1	MIRLET7F2	FARP2
MIRLET7A1	MIRLET7F2	PHLDB2
MIRLET7A1	MIRLET7F2	MTUS2
MIRLET7A1	MIRLET7F2	FAR1
MIRLET7A1	MIRLET7F2	LARP1
MIRLET7A1	MIRLET7F2	SLC31A1
MIRLET7A1	MIRLET7F2	TNFSF9
MIRLET7A1	MIRLET7F2	ARID1B
MIRLET7A1	MIRLET7F2	SYNCRIP
MIRLET7A1	MIRLET7F2	NBEAL2
MIRLET7A1	MIRLET7F2	ATG16L1
MIRLET7A1	MIRLET7F2	VPS13C
MIRLET7A1	MIRLET7F2	SLC5A6
MIRLET7A1	MIRLET7F2	TLDC1
MIRLET7A1	MIRLET7F2	BRWD1
MIRLET7A1	MIRLET7F2	MOB1A
MIRLET7A1	MIRLET7F2	RALY
MIRLET7A1	MIRLET7F2	RIMKLA
MIRLET7A1	MIRLET7F2	KLHL42
MIRLET7A1	MIRLET7F2	COL4A2
MIRLET7A1	MIRLET7F2	ANP32E
MIRLET7A1	MIRLET7F2	STAMBP
MIRLET7A1	MIRLET7F2	ALDOA
MIRLET7A1	MIRLET7F2	C15orf39
MIRLET7A1	MIRLET7F2	EDEM3
MIRLET7A1	MIRLET7F2	GGA3
MIRLET7A1	MIRLET7F2	PTPN6
MIRLET7A1	MIRLET7F2	TRAK1
MIRLET7A1	MIRLET7F2	NARF
MIRLET7A1	MIRLET7F2	CELSR3
MIRLET7A1	MIRLET7F2	CTSA
MIRLET7A1	MIRLET7F2	IRGQ
MIRLET7A1	MIRLET7F2	ELK4
MIRLET7A1	MIRLET7F2	TSPYL1
MIRLET7A1	MIRLET7F2	ZNF691
MIRLET7A1	MIRLET7F2	TSC1
MIRLET7A1	MIRLET7F2	ZNF589
MIRLET7A1	MIRLET7F2	UBE2G2
MIRLET7A1	MIRLET7F2	IFITM10
MIRLET7A1	MIRLET7F2	PARD3
MIRLET7A1	MIRLET7F2	NCOR2
MIRLET7A1	MIRLET7F2	PCDHAC2
MIRLET7A1	MIRLET7F2	UAP1
MIRLET7A1	MIRLET7F2	TMPO
MIRLET7A1	MIRLET7F2	CLDN12
MIRLET7A1	MIRLET7F2	EIF4E2
MIRLET7A1	MIRLET7F2	SOBP
MIRLET7A1	MIRLET7F2	DYNC1H1
MIRLET7A1	MIRLET7F2	SLC29A1
MIRLET7A1	MIRLET7F2	TRIM25
MIRLET7A1	MIRLET7F2	RNF111
MIRLET7A1	MIRLET7F2	ATG9A
MIRLET7A1	MIRLET7F2	PRKAA1
MIRLET7A1	MIRLET7F2	ZNF516
MIRLET7A1	MIRLET7F2	SFSWAP
MIRLET7A1	MIRLET7F2	CTPS2
MIRLET7A1	MIRLET7F2	OXA1L
MIRLET7A1	MIRLET7F2	DUSP4
MIRLET7A1	MIRLET7F2	BACH1
MIRLET7A1	MIRLET7F2	NAP1L1
MIRLET7A1	MIRLET7F2	CMKLR1
MIRLET7A1	MIRLET7F2	GNS
MIRLET7A1	MIRLET7F2	STK40
MIRLET7A1	MIRLET7F2	EHMT1
MIRLET7A1	MIRLET7F2	TET3
MIRLET7A1	MIRLET7F2	SLC19A2
MIRLET7A1	MIRLET7F2	ZBTB32
MIRLET7A1	MIRLET7F2	NDUFV3
MIRLET7A1	MIRLET7F2	TTI1
MIRLET7A1	MIRLET7F2	DUSP2
MIRLET7A1	MIRLET7F2	HTT
MIRLET7A1	MIRLET7F2	VPS54
MIRLET7A1	MIRLET7F2	DIP2B
MIRLET7A1	MIRLET7F2	UBE2K
MIRLET7A1	MIRLET7F2	GOLT1B
MIRLET7A1	MIRLET7F2	RFTN1
MIRLET7A1	MIRLET7F2	CCNJ
MIRLET7A1	MIRLET7F2	PRKAB2
MIRLET7A1	MIRLET7F2	KLHL24
MIRLET7A1	MIRLET7F2	GPR137C
MIRLET7A1	MIRLET7F2	TGFBR3
MIRLET7A1	MIRLET7F2	SERTAD2
MIRLET7A1	MIRLET7F2	MYO1E
MIRLET7A1	MIRLET7F2	GLS
MIRLET7A1	MIRLET7F2	MAP2K4
MIRLET7A1	MIRLET7F2	FANCM
MIRLET7A1	MIRLET7F2	RPAP1
MIRLET7A1	MIRLET7F2	SLCO5A1
MIRLET7A1	MIRLET7F2	TNRC6A
MIRLET7A1	MIRLET7F2	ABCC8
MIRLET7A1	MIRLET7F2	ARID3A
MIRLET7A1	MIRLET7F2	NFAT5
MIRLET7A1	MIRLET7F2	HOMER2
MIRLET7A1	MIRLET7F2	UBASH3B
MIRLET7A1	MIRLET7F2	LCOR
MIRLET7A1	MIRLET7F2	TAB2
MIRLET7A1	MIRLET7F2	DICER1
MIRLET7A1	MIRLET7F2	CBL
MIRLET7A1	MIRLET7F2	GMFB
MIRLET7A1	MIRLET7F2	SNRNP200
MIRLET7A1	MIRLET7F2	VGLL3
MIRLET7A1	MIRLET7F2	DNASE1
MIRLET7A1	MIRLET7F2	PLAGL1
MIRLET7A1	MIRLET7F2	TALDO1
MIRLET7A1	MIRLET7F2	HOOK1
MIRLET7A1	MIRLET7F2	PPP1R15B
MIRLET7A3	MIRLET7F2	PLCB4
MIRLET7A3	MIRLET7F2	NAV1
MIRLET7A3	MIRLET7F2	RNF44
MIRLET7A3	MIRLET7F2	H1FX
MIRLET7A3	MIRLET7F2	LRP1
MIRLET7A3	MIRLET7F2	RNFT1
MIRLET7A3	MIRLET7F2	RANBP2
MIRLET7A3	MIRLET7F2	FOXP1
MIRLET7A3	MIRLET7F2	NR4A1
MIRLET7A3	MIRLET7F2	FAM160B1
MIRLET7A3	MIRLET7F2	RAB3GAP2
MIRLET7A3	MIRLET7F2	ABT1
MIRLET7A3	MIRLET7F2	TTC17
MIRLET7A3	MIRLET7F2	ZFHX2
MIRLET7A3	MIRLET7F2	SLC41A2
MIRLET7A3	MIRLET7F2	MAML3
MIRLET7A3	MIRLET7F2	PRDM2
MIRLET7A3	MIRLET7F2	BRMS1L
MIRLET7A3	MIRLET7F2	STK4
MIRLET7A3	MIRLET7F2	MYO5A
MIRLET7A3	MIRLET7F2	ADAM9
MIRLET7A3	MIRLET7F2	DHTKD1
MIRLET7A3	MIRLET7F2	TMEM194A
MIRLET7A3	MIRLET7F2	HMGA2
MIRLET7A3	MIRLET7F2	POLR3D
MIRLET7A3	MIRLET7F2	RPUSD3
MIRLET7A3	MIRLET7F2	SLC35D2
MIRLET7A3	MIRLET7F2	TMEM189-UBE2V1
MIRLET7A3	MIRLET7F2	RBMS1
MIRLET7A3	MIRLET7F2	NNT
MIRLET7A3	MIRLET7F2	ATP2A2
MIRLET7A3	MIRLET7F2	PDHX
MIRLET7A3	MIRLET7F2	DDHD1
MIRLET7A3	MIRLET7F2	CXXC5
MIRLET7A3	MIRLET7F2	REV3L
MIRLET7A3	MIRLET7F2	MAP3K1
MIRLET7A3	MIRLET7F2	SLC4A5
MIRLET7A3	MIRLET7F2	SENP5
MIRLET7A3	MIRLET7F2	ZBTB5
MIRLET7A3	MIRLET7F2	XPO1
MIRLET7A3	MIRLET7F2	B4GALT5
MIRLET7A3	MIRLET7F2	STARD13
MIRLET7A3	MIRLET7F2	NIPA1
MIRLET7A3	MIRLET7F2	SLC43A3
MIRLET7A3	MIRLET7F2	HMGCS1
MIRLET7A3	MIRLET7F2	FIGN
MIRLET7A3	MIRLET7F2	SRGN
MIRLET7A3	MIRLET7F2	TSPAN14
MIRLET7A3	MIRLET7F2	CYC1
MIRLET7A3	MIRLET7F2	ARHGEF7
MIRLET7A3	MIRLET7F2	MED12
MIRLET7A3	MIRLET7F2	RNF217
MIRLET7A3	MIRLET7F2	PRDM5
MIRLET7A3	MIRLET7F2	OXSR1
MIRLET7A3	MIRLET7F2	EPG5
MIRLET7A3	MIRLET7F2	XPR1
MIRLET7A3	MIRLET7F2	ELL2
MIRLET7A3	MIRLET7F2	ITSN2
MIRLET7A3	MIRLET7F2	EIF3D
MIRLET7A3	MIRLET7F2	SERPINH1
MIRLET7A3	MIRLET7F2	KDM6B
MIRLET7A3	MIRLET7F2	PDPR
MIRLET7A3	MIRLET7F2	NHLRC3
MIRLET7A3	MIRLET7F2	CDKN1A
MIRLET7A3	MIRLET7F2	KIF5C
MIRLET7A3	MIRLET7F2	CNOT1
MIRLET7A3	MIRLET7F2	ATP6V1C1
MIRLET7A3	MIRLET7F2	TGOLN2
MIRLET7A3	MIRLET7F2	GGA2
MIRLET7A3	MIRLET7F2	RB1CC1
MIRLET7A3	MIRLET7F2	RBMS2
MIRLET7A3	MIRLET7F2	UBR2
MIRLET7A3	MIRLET7F2	YAP1
MIRLET7A3	MIRLET7F2	YTHDC2
MIRLET7A3	MIRLET7F2	FCHO2
MIRLET7A3	MIRLET7F2	PXT1
MIRLET7A3	MIRLET7F2	SOX5
MIRLET7A3	MIRLET7F2	BRAF
MIRLET7A3	MIRLET7F2	MED6
MIRLET7A3	MIRLET7F2	LRIG3
MIRLET7A3	MIRLET7F2	MFI2
MIRLET7A3	MIRLET7F2	MLLT10
MIRLET7A3	MIRLET7F2	PIEZO2
MIRLET7A3	MIRLET7F2	ACVR1C
MIRLET7A3	MIRLET7F2	SERPINA3
MIRLET7A3	MIRLET7F2	EPM2AIP1
MIRLET7A3	MIRLET7F2	DPH3
MIRLET7A3	MIRLET7F2	MAGI2
MIRLET7A3	MIRLET7F2	ITGAV
MIRLET7A3	MIRLET7F2	CEP290
MIRLET7A3	MIRLET7F2	COL1A1
MIRLET7A3	MIRLET7F2	PCM1
MIRLET7A3	MIRLET7F2	FBXL5
MIRLET7A3	MIRLET7F2	KMT2B
MIRLET7A3	MIRLET7F2	SIK1
MIRLET7A3	MIRLET7F2	USP10
MIRLET7A3	MIRLET7F2	AP3M1
MIRLET7A3	MIRLET7F2	MT-ND5
MIRLET7A3	MIRLET7F2	CRY2
MIRLET7A3	MIRLET7F2	CCL7
MIRLET7A3	MIRLET7F2	DLGAP4
MIRLET7A3	MIRLET7F2	MYCBP2
MIRLET7A3	MIRLET7F2	XKR7
MIRLET7A3	MIRLET7F2	GLB1
MIRLET7A3	MIRLET7F2	ACBD5
MIRLET7A3	MIRLET7F2	EIF2AK1
MIRLET7A3	MIRLET7F2	RC3H2
MIRLET7A3	MIRLET7F2	COPB2
MIRLET7A3	MIRLET7F2	UBAP2
MIRLET7A3	MIRLET7F2	PFKFB3
MIRLET7A3	MIRLET7F2	GBF1
MIRLET7A3	MIRLET7F2	FNIP2
MIRLET7A3	MIRLET7F2	RBM19
MIRLET7A3	MIRLET7F2	WSB1
MIRLET7A3	MIRLET7F2	YOD1
MIRLET7A3	MIRLET7F2	SEMA4C
MIRLET7A3	MIRLET7F2	FBXL14
MIRLET7A3	MIRLET7F2	MTMR9
MIRLET7A3	MIRLET7F2	CHST3
MIRLET7A3	MIRLET7F2	RHOBTB3
MIRLET7A3	MIRLET7F2	LEPROTL1
MIRLET7A3	MIRLET7F2	PBX3
MIRLET7A3	MIRLET7F2	TAB3
MIRLET7A3	MIRLET7F2	NEK9
MIRLET7A3	MIRLET7F2	SYT16
MIRLET7A3	MIRLET7F2	FAM222B
MIRLET7A3	MIRLET7F2	CTD-2368P22.1
MIRLET7A3	MIRLET7F2	RTKN
MIRLET7A3	MIRLET7F2	SYNJ2
MIRLET7A3	MIRLET7F2	GPD2
MIRLET7A3	MIRLET7F2	TSPAN3
MIRLET7A3	MIRLET7F2	WDR48
MIRLET7A3	MIRLET7F2	GLRX5
MIRLET7A3	MIRLET7F2	CLUH
MIRLET7A3	MIRLET7F2	RGS17
MIRLET7A3	MIRLET7F2	ZNF121
MIRLET7A3	MIRLET7F2	SP1
MIRLET7A3	MIRLET7F2	ZNF107
MIRLET7A3	MIRLET7F2	IL6R
MIRLET7A3	MIRLET7F2	EIF4EBP2
MIRLET7A3	MIRLET7F2	LRGUK
MIRLET7A3	MIRLET7F2	ZNF217
MIRLET7A3	MIRLET7F2	MCM3AP
MIRLET7A3	MIRLET7F2	FAM35A
MIRLET7A3	MIRLET7F2	MOB1B
MIRLET7A3	MIRLET7F2	SMC1A
MIRLET7A3	MIRLET7F2	ZNF644
MIRLET7A3	MIRLET7F2	ATP6V1F
MIRLET7A3	MIRLET7F2	PSMB2
MIRLET7A3	MIRLET7F2	THBS1
MIRLET7A3	MIRLET7F2	DUSP10
MIRLET7A3	MIRLET7F2	NCKAP5L
MIRLET7A3	MIRLET7F2	NXF1
MIRLET7A3	MIRLET7F2	BMP5
MIRLET7A3	MIRLET7F2	DOT1L
MIRLET7A3	MIRLET7F2	RAP1GDS1
MIRLET7A3	MIRLET7F2	FBXO11
MIRLET7A3	MIRLET7F2	EIF2AK4
MIRLET7A3	MIRLET7F2	PPP1CA
MIRLET7A3	MIRLET7F2	WIPI1
MIRLET7A3	MIRLET7F2	RUFY3
MIRLET7A3	MIRLET7F2	P4HA2
MIRLET7A3	MIRLET7F2	PPP2CA
MIRLET7A3	MIRLET7F2	ABCF1
MIRLET7A3	MIRLET7F2	ZNF792
MIRLET7A3	MIRLET7F2	ZFHX3
MIRLET7A3	MIRLET7F2	MAVS
MIRLET7A3	MIRLET7F2	AEN
MIRLET7A3	MIRLET7F2	ZNF852
MIRLET7A3	MIRLET7F2	MARS2
MIRLET7A3	MIRLET7F2	CPEB4
MIRLET7A3	MIRLET7F2	LRBA
MIRLET7A3	MIRLET7F2	PEX11B
MIRLET7A3	MIRLET7F2	PAPOLA
MIRLET7A3	MIRLET7F2	MUC16
MIRLET7A3	MIRLET7F2	AKR1A1
MIRLET7A3	MIRLET7F2	ATP6V1G1
MIRLET7A3	MIRLET7F2	UBE2D3
MIRLET7A3	MIRLET7F2	CNTRL
MIRLET7A3	MIRLET7F2	FLII
MIRLET7A3	MIRLET7F2	SERINC3
MIRLET7A3	MIRLET7F2	SLC30A7
MIRLET7A3	MIRLET7F2	MTMR14
MIRLET7A3	MIRLET7F2	JMJD1C
MIRLET7A3	MIRLET7F2	TMPRSS2
MIRLET7A3	MIRLET7F2	TTLL11
MIRLET7A3	MIRLET7F2	USP47
MIRLET7A3	MIRLET7F2	SF3B1
MIRLET7A3	MIRLET7F2	GARS
MIRLET7A3	MIRLET7F2	DDX6
MIRLET7A3	MIRLET7F2	PNKD
MIRLET7A3	MIRLET7F2	KBTBD6
MIRLET7A3	MIRLET7F2	ANKRD52
MIRLET7A3	MIRLET7F2	NT5C2
MIRLET7A3	MIRLET7F2	RDX
MIRLET7A3	MIRLET7F2	GEMIN4
MIRLET7A3	MIRLET7F2	PTPN14
MIRLET7A3	MIRLET7F2	MIEF1
MIRLET7A3	MIRLET7F2	COIL
MIRLET7A3	MIRLET7F2	BBX
MIRLET7A3	MIRLET7F2	CNKSR3
MIRLET7A3	MIRLET7F2	KPNA2
MIRLET7A3	MIRLET7F2	LAMC3
MIRLET7A3	MIRLET7F2	MAP3K2
MIRLET7A3	MIRLET7F2	ZSWIM6
MIRLET7A3	MIRLET7F2	C16orf72
MIRLET7A3	MIRLET7F2	ABCA2
MIRLET7A3	MIRLET7F2	TNFSF10
MIRLET7A3	MIRLET7F2	ZDHHC6
MIRLET7A3	MIRLET7F2	INSR
MIRLET7A3	MIRLET7F2	CCND2
MIRLET7A3	MIRLET7F2	MYCBP
MIRLET7A3	MIRLET7F2	NUPL1
MIRLET7A3	MIRLET7F2	FBXO6
MIRLET7A3	MIRLET7F2	CDK13
MIRLET7A3	MIRLET7F2	FZD2
MIRLET7A3	MIRLET7F2	WDR37
MIRLET7A3	MIRLET7F2	MED19
MIRLET7A3	MIRLET7F2	STX3
MIRLET7A3	MIRLET7F2	PARP1
MIRLET7A3	MIRLET7F2	WDR81
MIRLET7A3	MIRLET7F2	SLC37A4
MIRLET7A3	MIRLET7F2	TSC22D2
MIRLET7A3	MIRLET7F2	ERCC6
MIRLET7A3	MIRLET7F2	PTGS2
MIRLET7A3	MIRLET7F2	RAB11FIP2
MIRLET7A3	MIRLET7F2	HOXA9
MIRLET7A3	MIRLET7F2	SMARCC1
MIRLET7A3	MIRLET7F2	LDB2
MIRLET7A3	MIRLET7F2	KMT2D
MIRLET7A3	MIRLET7F2	H2AFV
MIRLET7A3	MIRLET7F2	FAM13A
MIRLET7A3	MIRLET7F2	ENSG00000255103
MIRLET7A3	MIRLET7F2	PKD1
MIRLET7A3	MIRLET7F2	KLF10
MIRLET7A3	MIRLET7F2	FBN1
MIRLET7A3	MIRLET7F2	ACTR3
MIRLET7A3	MIRLET7F2	PATL1
MIRLET7A3	MIRLET7F2	SKIL
MIRLET7A3	MIRLET7F2	SH3TC1
MIRLET7A3	MIRLET7F2	CPD
MIRLET7A3	MIRLET7F2	C9orf64
MIRLET7A3	MIRLET7F2	PPP2R5D
MIRLET7A3	MIRLET7F2	TRIM32
MIRLET7A3	MIRLET7F2	IGF1R
MIRLET7A3	MIRLET7F2	MIB1
MIRLET7A3	MIRLET7F2	GPHN
MIRLET7A3	MIRLET7F2	PDS5A
MIRLET7A3	MIRLET7F2	ALOX5
MIRLET7A3	MIRLET7F2	PLD3
MIRLET7A3	MIRLET7F2	BIRC3
MIRLET7A3	MIRLET7F2	COQ10B
MIRLET7A3	MIRLET7F2	KHSRP
MIRLET7A3	MIRLET7F2	JAK1
MIRLET7A3	MIRLET7F2	C5orf51
MIRLET7A3	MIRLET7F2	KIF2A
MIRLET7A3	MIRLET7F2	BPTF
MIRLET7A3	MIRLET7F2	RBPMS
MIRLET7A3	MIRLET7F2	TSC22D3
MIRLET7A3	MIRLET7F2	MBTPS2
MIRLET7A3	MIRLET7F2	TRAPPC1
MIRLET7A3	MIRLET7F2	PAPD4
MIRLET7A3	MIRLET7F2	TAF5L
MIRLET7A3	MIRLET7F2	NUP153
MIRLET7A3	MIRLET7F2	MAPK6
MIRLET7A3	MIRLET7F2	CD80
MIRLET7A3	MIRLET7F2	HIVEP2
MIRLET7A3	MIRLET7F2	SAMD8
MIRLET7A3	MIRLET7F2	CREB3L2
MIRLET7A3	MIRLET7F2	IKZF2
MIRLET7A3	MIRLET7F2	STAT3
MIRLET7A3	MIRLET7F2	RICTOR
MIRLET7A3	MIRLET7F2	KDM6A
MIRLET7A3	MIRLET7F2	LEPROT
MIRLET7A3	MIRLET7F2	MSH6
MIRLET7A3	MIRLET7F2	CCDC71L
MIRLET7A3	MIRLET7F2	ATP8B3
MIRLET7A3	MIRLET7F2	GDAP2
MIRLET7A3	MIRLET7F2	RBPJ
MIRLET7A3	MIRLET7F2	FZD3
MIRLET7A3	MIRLET7F2	NAA30
MIRLET7A3	MIRLET7F2	PCGF3
MIRLET7A3	MIRLET7F2	PDCD4
MIRLET7A3	MIRLET7F2	NLK
MIRLET7A3	MIRLET7F2	S100PBP
MIRLET7A3	MIRLET7F2	NCOR1
MIRLET7A3	MIRLET7F2	ZFR
MIRLET7A3	MIRLET7F2	TPR
MIRLET7A3	MIRLET7F2	MTMR12
MIRLET7A3	MIRLET7F2	RNF167
MIRLET7A3	MIRLET7F2	MAX
MIRLET7A3	MIRLET7F2	ZFYVE26
MIRLET7A3	MIRLET7F2	CBX5
MIRLET7A3	MIRLET7F2	SLC16A3
MIRLET7A3	MIRLET7F2	SOCS7
MIRLET7A3	MIRLET7F2	GPR85
MIRLET7A3	MIRLET7F2	IGDCC4
MIRLET7A3	MIRLET7F2	MED13L
MIRLET7A3	MIRLET7F2	DST
MIRLET7A3	MIRLET7F2	IGF2BP1
MIRLET7A3	MIRLET7F2	CCND1
MIRLET7A3	MIRLET7F2	GNG5
MIRLET7A3	MIRLET7F2	IFI44L
MIRLET7A3	MIRLET7F2	FADS3
MIRLET7A3	MIRLET7F2	PIGM
MIRLET7A3	MIRLET7F2	RRM2
MIRLET7A3	MIRLET7F2	CKAP4
MIRLET7A3	MIRLET7F2	IRS2
MIRLET7A3	MIRLET7F2	IGF2BP2
MIRLET7A3	MIRLET7F2	FNDC3A
MIRLET7A3	MIRLET7F2	CDV3
MIRLET7A3	MIRLET7F2	PRDM4
MIRLET7A3	MIRLET7F2	QARS
MIRLET7A3	MIRLET7F2	C14orf166
MIRLET7A3	MIRLET7F2	TNFAIP1
MIRLET7A3	MIRLET7F2	GPATCH8
MIRLET7A3	MIRLET7F2	INPP5F
MIRLET7A3	MIRLET7F2	ZFHX4
MIRLET7A3	MIRLET7F2	VEZT
MIRLET7A3	MIRLET7F2	PLEKHA8
MIRLET7A3	MIRLET7F2	ATP13A3
MIRLET7A3	MIRLET7F2	TRRAP
MIRLET7A3	MIRLET7F2	FSTL1
MIRLET7A3	MIRLET7F2	PHF19
MIRLET7A3	MIRLET7F2	GPR63
MIRLET7A3	MIRLET7F2	CALU
MIRLET7A3	MIRLET7F2	TMEM132B
MIRLET7A3	MIRLET7F2	CNOT7
MIRLET7A3	MIRLET7F2	CUL2
MIRLET7A3	MIRLET7F2	PDE4DIP
MIRLET7A3	MIRLET7F2	WASF2
MIRLET7A3	MIRLET7F2	CRYBG3
MIRLET7A3	MIRLET7F2	ZNF451
MIRLET7A3	MIRLET7F2	TBC1D9
MIRLET7A3	MIRLET7F2	HIPK2
MIRLET7A3	MIRLET7F2	ARHGAP28
MIRLET7A3	MIRLET7F2	GATM
MIRLET7A3	MIRLET7F2	TPP2
MIRLET7A3	MIRLET7F2	DROSHA
MIRLET7A3	MIRLET7F2	TIA1
MIRLET7A3	MIRLET7F2	API5
MIRLET7A3	MIRLET7F2	HSP90B1
MIRLET7A3	MIRLET7F2	PLEC
MIRLET7A3	MIRLET7F2	TNFRSF11A
MIRLET7A3	MIRLET7F2	SEC16A
MIRLET7A3	MIRLET7F2	DCP2
MIRLET7A3	MIRLET7F2	FAM43A
MIRLET7A3	MIRLET7F2	FUCA1
MIRLET7A3	MIRLET7F2	HIF1AN
MIRLET7A3	MIRLET7F2	HUWE1
MIRLET7A3	MIRLET7F2	PREX1
MIRLET7A3	MIRLET7F2	DUSP5
MIRLET7A3	MIRLET7F2	B3GNT1
MIRLET7A3	MIRLET7F2	MDM4
MIRLET7A3	MIRLET7F2	PPP4C
MIRLET7A3	MIRLET7F2	FOXN2
MIRLET7A3	MIRLET7F2	FARP2
MIRLET7A3	MIRLET7F2	PHLDB2
MIRLET7A3	MIRLET7F2	MTUS2
MIRLET7A3	MIRLET7F2	FAR1
MIRLET7A3	MIRLET7F2	LARP1
MIRLET7A3	MIRLET7F2	SLC31A1
MIRLET7A3	MIRLET7F2	TNFSF9
MIRLET7A3	MIRLET7F2	ARID1B
MIRLET7A3	MIRLET7F2	SYNCRIP
MIRLET7A3	MIRLET7F2	NBEAL2
MIRLET7A3	MIRLET7F2	ATG16L1
MIRLET7A3	MIRLET7F2	VPS13C
MIRLET7A3	MIRLET7F2	SLC5A6
MIRLET7A3	MIRLET7F2	TLDC1
MIRLET7A3	MIRLET7F2	BRWD1
MIRLET7A3	MIRLET7F2	MOB1A
MIRLET7A3	MIRLET7F2	RALY
MIRLET7A3	MIRLET7F2	RIMKLA
MIRLET7A3	MIRLET7F2	KLHL42
MIRLET7A3	MIRLET7F2	COL4A2
MIRLET7A3	MIRLET7F2	ANP32E
MIRLET7A3	MIRLET7F2	STAMBP
MIRLET7A3	MIRLET7F2	ALDOA
MIRLET7A3	MIRLET7F2	C15orf39
MIRLET7A3	MIRLET7F2	EDEM3
MIRLET7A3	MIRLET7F2	GGA3
MIRLET7A3	MIRLET7F2	PTPN6
MIRLET7A3	MIRLET7F2	TRAK1
MIRLET7A3	MIRLET7F2	NARF
MIRLET7A3	MIRLET7F2	CELSR3
MIRLET7A3	MIRLET7F2	CTSA
MIRLET7A3	MIRLET7F2	IRGQ
MIRLET7A3	MIRLET7F2	ELK4
MIRLET7A3	MIRLET7F2	TSPYL1
MIRLET7A3	MIRLET7F2	ZNF691
MIRLET7A3	MIRLET7F2	TSC1
MIRLET7A3	MIRLET7F2	ZNF589
MIRLET7A3	MIRLET7F2	UBE2G2
MIRLET7A3	MIRLET7F2	IFITM10
MIRLET7A3	MIRLET7F2	PARD3
MIRLET7A3	MIRLET7F2	NCOR2
MIRLET7A3	MIRLET7F2	PCDHAC2
MIRLET7A3	MIRLET7F2	UAP1
MIRLET7A3	MIRLET7F2	TMPO
MIRLET7A3	MIRLET7F2	CLDN12
MIRLET7A3	MIRLET7F2	EIF4E2
MIRLET7A3	MIRLET7F2	SOBP
MIRLET7A3	MIRLET7F2	DYNC1H1
MIRLET7A3	MIRLET7F2	SLC29A1
MIRLET7A3	MIRLET7F2	TRIM25
MIRLET7A3	MIRLET7F2	RNF111
MIRLET7A3	MIRLET7F2	ATG9A
MIRLET7A3	MIRLET7F2	PRKAA1
MIRLET7A3	MIRLET7F2	ZNF516
MIRLET7A3	MIRLET7F2	SFSWAP
MIRLET7A3	MIRLET7F2	CTPS2
MIRLET7A3	MIRLET7F2	OXA1L
MIRLET7A3	MIRLET7F2	DUSP4
MIRLET7A3	MIRLET7F2	BACH1
MIRLET7A3	MIRLET7F2	NAP1L1
MIRLET7A3	MIRLET7F2	CMKLR1
MIRLET7A3	MIRLET7F2	GNS
MIRLET7A3	MIRLET7F2	STK40
MIRLET7A3	MIRLET7F2	EHMT1
MIRLET7A3	MIRLET7F2	TET3
MIRLET7A3	MIRLET7F2	SLC19A2
MIRLET7A3	MIRLET7F2	ZBTB32
MIRLET7A3	MIRLET7F2	NDUFV3
MIRLET7A3	MIRLET7F2	TTI1
MIRLET7A3	MIRLET7F2	DUSP2
MIRLET7A3	MIRLET7F2	HTT
MIRLET7A3	MIRLET7F2	VPS54
MIRLET7A3	MIRLET7F2	DIP2B
MIRLET7A3	MIRLET7F2	UBE2K
MIRLET7A3	MIRLET7F2	GOLT1B
MIRLET7A3	MIRLET7F2	RFTN1
MIRLET7A3	MIRLET7F2	CCNJ
MIRLET7A3	MIRLET7F2	PRKAB2
MIRLET7A3	MIRLET7F2	KLHL24
MIRLET7A3	MIRLET7F2	GPR137C
MIRLET7A3	MIRLET7F2	TGFBR3
MIRLET7A3	MIRLET7F2	SERTAD2
MIRLET7A3	MIRLET7F2	MYO1E
MIRLET7A3	MIRLET7F2	GLS
MIRLET7A3	MIRLET7F2	MAP2K4
MIRLET7A3	MIRLET7F2	FANCM
MIRLET7A3	MIRLET7F2	RPAP1
MIRLET7A3	MIRLET7F2	SLCO5A1
MIRLET7A3	MIRLET7F2	TNRC6A
MIRLET7A3	MIRLET7F2	ABCC8
MIRLET7A3	MIRLET7F2	ARID3A
MIRLET7A3	MIRLET7F2	NFAT5
MIRLET7A3	MIRLET7F2	HOMER2
MIRLET7A3	MIRLET7F2	UBASH3B
MIRLET7A3	MIRLET7F2	LCOR
MIRLET7A3	MIRLET7F2	TAB2
MIRLET7A3	MIRLET7F2	DICER1
MIRLET7A3	MIRLET7F2	CBL
MIRLET7A3	MIRLET7F2	GMFB
MIRLET7A3	MIRLET7F2	SNRNP200
MIRLET7A3	MIRLET7F2	VGLL3
MIRLET7A3	MIRLET7F2	DNASE1
MIRLET7A3	MIRLET7F2	PLAGL1
MIRLET7A3	MIRLET7F2	TALDO1
MIRLET7A3	MIRLET7F2	HOOK1
MIRLET7A3	MIRLET7F2	PPP1R15B
MIR98	MIRLET7B	PLCB4
MIR98	MIRLET7B	RNF44
MIR98	MIRLET7B	H1FX
MIR98	MIRLET7B	LRP1
MIR98	MIRLET7B	RNFT1
MIR98	MIRLET7B	RANBP2
MIR98	MIRLET7B	FOXP1
MIR98	MIRLET7B	NR4A1
MIR98	MIRLET7B	FAM160B1
MIR98	MIRLET7B	RAB3GAP2
MIR98	MIRLET7B	ABT1
MIR98	MIRLET7B	TTC17
MIR98	MIRLET7B	ZFHX2
MIR98	MIRLET7B	SLC41A2
MIR98	MIRLET7B	MAML3
MIR98	MIRLET7B	PRDM2
MIR98	MIRLET7B	BRMS1L
MIR98	MIRLET7B	STK4
MIR98	MIRLET7B	ADAM9
MIR98	MIRLET7B	DHTKD1
MIR98	MIRLET7B	TMEM194A
MIR98	MIRLET7B	HMGA2
MIR98	MIRLET7B	POLR3D
MIR98	MIRLET7B	RPUSD3
MIR98	MIRLET7B	SLC35D2
MIR98	MIRLET7B	TMEM189-UBE2V1
MIR98	MIRLET7B	RBMS1
MIR98	MIRLET7B	NNT
MIR98	MIRLET7B	ATP2A2
MIR98	MIRLET7B	DDHD1
MIR98	MIRLET7B	CXXC5
MIR98	MIRLET7B	REV3L
MIR98	MIRLET7B	MAP3K1
MIR98	MIRLET7B	SLC4A5
MIR98	MIRLET7B	SENP5
MIR98	MIRLET7B	ZBTB5
MIR98	MIRLET7B	XPO1
MIR98	MIRLET7B	STARD13
MIR98	MIRLET7B	NIPA1
MIR98	MIRLET7B	SLC43A3
MIR98	MIRLET7B	HMGCS1
MIR98	MIRLET7B	FIGN
MIR98	MIRLET7B	SRGN
MIR98	MIRLET7B	ARHGEF7
MIR98	MIRLET7B	MED12
MIR98	MIRLET7B	RNF217
MIR98	MIRLET7B	PRDM5
MIR98	MIRLET7B	OXSR1
MIR98	MIRLET7B	EPG5
MIR98	MIRLET7B	XPR1
MIR98	MIRLET7B	ELL2
MIR98	MIRLET7B	ITSN2
MIR98	MIRLET7B	EIF3D
MIR98	MIRLET7B	SERPINH1
MIR98	MIRLET7B	KDM6B
MIR98	MIRLET7B	PDPR
MIR98	MIRLET7B	NHLRC3
MIR98	MIRLET7B	CDKN1A
MIR98	MIRLET7B	KIF5C
MIR98	MIRLET7B	CNOT1
MIR98	MIRLET7B	EYA3
MIR98	MIRLET7B	ATP6V1C1
MIR98	MIRLET7B	TGOLN2
MIR98	MIRLET7B	RBMS2
MIR98	MIRLET7B	OSGEPL1
MIR98	MIRLET7B	UBR2
MIR98	MIRLET7B	YAP1
MIR98	MIRLET7B	YTHDC2
MIR98	MIRLET7B	FCHO2
MIR98	MIRLET7B	PXT1
MIR98	MIRLET7B	SOX5
MIR98	MIRLET7B	BRAF
MIR98	MIRLET7B	MED6
MIR98	MIRLET7B	LRIG3
MIR98	MIRLET7B	MFI2
MIR98	MIRLET7B	PIEZO2
MIR98	MIRLET7B	MLLT10
MIR98	MIRLET7B	ACVR1C
MIR98	MIRLET7B	SERPINA3
MIR98	MIRLET7B	DPH3
MIR98	MIRLET7B	MAGI2
MIR98	MIRLET7B	ITGAV
MIR98	MIRLET7B	CEP290
MIR98	MIRLET7B	COL1A1
MIR98	MIRLET7B	PCM1
MIR98	MIRLET7B	KMT2B
MIR98	MIRLET7B	SIK1
MIR98	MIRLET7B	USP10
MIR98	MIRLET7B	AP3M1
MIR98	MIRLET7B	CRY2
MIR98	MIRLET7B	CCL7
MIR98	MIRLET7B	DLGAP4
MIR98	MIRLET7B	MYCBP2
MIR98	MIRLET7B	XKR7
MIR98	MIRLET7B	GLB1
MIR98	MIRLET7B	ACBD5
MIR98	MIRLET7B	EIF2AK1
MIR98	MIRLET7B	RC3H2
MIR98	MIRLET7B	COPB2
MIR98	MIRLET7B	PFKFB3
MIR98	MIRLET7B	FNIP2
MIR98	MIRLET7B	RBM19
MIR98	MIRLET7B	WSB1
MIR98	MIRLET7B	YOD1
MIR98	MIRLET7B	SEMA4C
MIR98	MIRLET7B	MTMR9
MIR98	MIRLET7B	CHST3
MIR98	MIRLET7B	RHOBTB3
MIR98	MIRLET7B	LEPROTL1
MIR98	MIRLET7B	PBX3
MIR98	MIRLET7B	SYT16
MIR98	MIRLET7B	FAM222B
MIR98	MIRLET7B	CTD-2368P22.1
MIR98	MIRLET7B	SYNJ2
MIR98	MIRLET7B	GPD2
MIR98	MIRLET7B	WDR48
MIR98	MIRLET7B	GLRX5
MIR98	MIRLET7B	CLUH
MIR98	MIRLET7B	RGS17
MIR98	MIRLET7B	ZNF121
MIR98	MIRLET7B	SP1
MIR98	MIRLET7B	IL6R
MIR98	MIRLET7B	EIF4EBP2
MIR98	MIRLET7B	LRGUK
MIR98	MIRLET7B	ZNF217
MIR98	MIRLET7B	MCM3AP
MIR98	MIRLET7B	FAM35A
MIR98	MIRLET7B	MOB1B
MIR98	MIRLET7B	SMC1A
MIR98	MIRLET7B	ZNF644
MIR98	MIRLET7B	PSMB2
MIR98	MIRLET7B	THBS1
MIR98	MIRLET7B	NCKAP5L
MIR98	MIRLET7B	NXF1
MIR98	MIRLET7B	BMP5
MIR98	MIRLET7B	RAP1GDS1
MIR98	MIRLET7B	FBXO11
MIR98	MIRLET7B	EIF2AK4
MIR98	MIRLET7B	PPP1CA
MIR98	MIRLET7B	WIPI1
MIR98	MIRLET7B	RUFY3
MIR98	MIRLET7B	P4HA2
MIR98	MIRLET7B	PPP2CA
MIR98	MIRLET7B	ABCF1
MIR98	MIRLET7B	ZNF792
MIR98	MIRLET7B	MAVS
MIR98	MIRLET7B	AEN
MIR98	MIRLET7B	ZNF852
MIR98	MIRLET7B	MARS2
MIR98	MIRLET7B	CPEB4
MIR98	MIRLET7B	LRBA
MIR98	MIRLET7B	PEX11B
MIR98	MIRLET7B	MUC16
MIR98	MIRLET7B	AKR1A1
MIR98	MIRLET7B	ATP6V1G1
MIR98	MIRLET7B	UBE2D3
MIR98	MIRLET7B	CNTRL
MIR98	MIRLET7B	SERINC3
MIR98	MIRLET7B	SLC30A7
MIR98	MIRLET7B	MTMR14
MIR98	MIRLET7B	TMPRSS2
MIR98	MIRLET7B	TTLL11
MIR98	MIRLET7B	USP47
MIR98	MIRLET7B	SF3B1
MIR98	MIRLET7B	GARS
MIR98	MIRLET7B	DDX6
MIR98	MIRLET7B	PNKD
MIR98	MIRLET7B	NT5C2
MIR98	MIRLET7B	ANKRD52
MIR98	MIRLET7B	RDX
MIR98	MIRLET7B	GEMIN4
MIR98	MIRLET7B	MIEF1
MIR98	MIRLET7B	COIL
MIR98	MIRLET7B	BBX
MIR98	MIRLET7B	CNKSR3
MIR98	MIRLET7B	KPNA2
MIR98	MIRLET7B	MAP3K2
MIR98	MIRLET7B	ZSWIM6
MIR98	MIRLET7B	C16orf72
MIR98	MIRLET7B	ABCA2
MIR98	MIRLET7B	TNFSF10
MIR98	MIRLET7B	ZDHHC6
MIR98	MIRLET7B	INSR
MIR98	MIRLET7B	CCND2
MIR98	MIRLET7B	MYCBP
MIR98	MIRLET7B	NUPL1
MIR98	MIRLET7B	FBXO6
MIR98	MIRLET7B	CDK13
MIR98	MIRLET7B	FZD2
MIR98	MIRLET7B	WDR37
MIR98	MIRLET7B	MED19
MIR98	MIRLET7B	STX3
MIR98	MIRLET7B	PARP1
MIR98	MIRLET7B	WDR81
MIR98	MIRLET7B	SLC37A4
MIR98	MIRLET7B	TSC22D2
MIR98	MIRLET7B	ERCC6
MIR98	MIRLET7B	PTGS2
MIR98	MIRLET7B	RAB11FIP2
MIR98	MIRLET7B	HOXA9
MIR98	MIRLET7B	SMARCC1
MIR98	MIRLET7B	LDB2
MIR98	MIRLET7B	KMT2D
MIR98	MIRLET7B	H2AFV
MIR98	MIRLET7B	FAM13A
MIR98	MIRLET7B	ENSG00000255103
MIR98	MIRLET7B	PKD1
MIR98	MIRLET7B	KLF10
MIR98	MIRLET7B	FBN1
MIR98	MIRLET7B	ACTR3
MIR98	MIRLET7B	PATL1
MIR98	MIRLET7B	CYTH3
MIR98	MIRLET7B	SKIL
MIR98	MIRLET7B	SH3TC1
MIR98	MIRLET7B	CPD
MIR98	MIRLET7B	PPP2R5D
MIR98	MIRLET7B	TRIM32
MIR98	MIRLET7B	IGF1R
MIR98	MIRLET7B	MIB1
MIR98	MIRLET7B	GPHN
MIR98	MIRLET7B	PDS5A
MIR98	MIRLET7B	ALOX5
MIR98	MIRLET7B	PLD3
MIR98	MIRLET7B	BIRC3
MIR98	MIRLET7B	COQ10B
MIR98	MIRLET7B	KHSRP
MIR98	MIRLET7B	JAK1
MIR98	MIRLET7B	C5orf51
MIR98	MIRLET7B	KIF2A
MIR98	MIRLET7B	BPTF
MIR98	MIRLET7B	RBPMS
MIR98	MIRLET7B	TSC22D3
MIR98	MIRLET7B	TRAPPC1
MIR98	MIRLET7B	PAPD4
MIR98	MIRLET7B	TAF5L
MIR98	MIRLET7B	CASP8AP2
MIR98	MIRLET7B	NUP153
MIR98	MIRLET7B	MAPK6
MIR98	MIRLET7B	CD80
MIR98	MIRLET7B	HIVEP2
MIR98	MIRLET7B	CREB3L2
MIR98	MIRLET7B	IKZF2
MIR98	MIRLET7B	KDM6A
MIR98	MIRLET7B	LPGAT1
MIR98	MIRLET7B	MSH6
MIR98	MIRLET7B	CCDC71L
MIR98	MIRLET7B	ATP8B3
MIR98	MIRLET7B	RBPJ
MIR98	MIRLET7B	FZD3
MIR98	MIRLET7B	PCGF3
MIR98	MIRLET7B	PDCD4
MIR98	MIRLET7B	NLK
MIR98	MIRLET7B	S100PBP
MIR98	MIRLET7B	NCOR1
MIR98	MIRLET7B	TPR
MIR98	MIRLET7B	MTMR12
MIR98	MIRLET7B	ZFR
MIR98	MIRLET7B	RNF167
MIR98	MIRLET7B	ZNF473
MIR98	MIRLET7B	ZFYVE26
MIR98	MIRLET7B	CBX5
MIR98	MIRLET7B	SLC16A3
MIR98	MIRLET7B	IGDCC4
MIR98	MIRLET7B	MED13L
MIR98	MIRLET7B	DST
MIR98	MIRLET7B	IGF2BP1
MIR98	MIRLET7B	CCND1
MIR98	MIRLET7B	GNG5
MIR98	MIRLET7B	IFI44L
MIR98	MIRLET7B	FADS3
MIR98	MIRLET7B	PIGM
MIR98	MIRLET7B	RRM2
MIR98	MIRLET7B	CKAP4
MIR98	MIRLET7B	IRS2
MIR98	MIRLET7B	JAM3
MIR98	MIRLET7B	IGF2BP2
MIR98	MIRLET7B	FNDC3A
MIR98	MIRLET7B	CDV3
MIR98	MIRLET7B	PRDM4
MIR98	MIRLET7B	QARS
MIR98	MIRLET7B	TNFAIP1
MIR98	MIRLET7B	GPATCH8
MIR98	MIRLET7B	INPP5F
MIR98	MIRLET7B	ZFHX4
MIR98	MIRLET7B	VEZT
MIR98	MIRLET7B	DPF2
MIR98	MIRLET7B	PLEKHA8
MIR98	MIRLET7B	ATP13A3
MIR98	MIRLET7B	TRRAP
MIR98	MIRLET7B	FSTL1
MIR98	MIRLET7B	PHF19
MIR98	MIRLET7B	GPR63
MIR98	MIRLET7B	CALU
MIR98	MIRLET7B	CNOT7
MIR98	MIRLET7B	CUL2
MIR98	MIRLET7B	WASF2
MIR98	MIRLET7B	CRYBG3
MIR98	MIRLET7B	ZNF451
MIR98	MIRLET7B	TBC1D9
MIR98	MIRLET7B	HIPK2
MIR98	MIRLET7B	ARHGAP28
MIR98	MIRLET7B	GATM
MIR98	MIRLET7B	TPP2
MIR98	MIRLET7B	DROSHA
MIR98	MIRLET7B	TIA1
MIR98	MIRLET7B	HSP90B1
MIR98	MIRLET7B	PLEC
MIR98	MIRLET7B	TNFRSF11A
MIR98	MIRLET7B	SEC16A
MIR98	MIRLET7B	DCP2
MIR98	MIRLET7B	FAM43A
MIR98	MIRLET7B	FUCA1
MIR98	MIRLET7B	HIF1AN
MIR98	MIRLET7B	HUWE1
MIR98	MIRLET7B	DUSP5
MIR98	MIRLET7B	B3GNT1
MIR98	MIRLET7B	MDM4
MIR98	MIRLET7B	PPP4C
MIR98	MIRLET7B	FARP2
MIR98	MIRLET7B	PHLDB2
MIR98	MIRLET7B	MTUS2
MIR98	MIRLET7B	FAR1
MIR98	MIRLET7B	LARP1
MIR98	MIRLET7B	TNFSF9
MIR98	MIRLET7B	ARID1B
MIR98	MIRLET7B	SYNCRIP
MIR98	MIRLET7B	NBEAL2
MIR98	MIRLET7B	ATG16L1
MIR98	MIRLET7B	VPS13C
MIR98	MIRLET7B	SLC5A6
MIR98	MIRLET7B	TLDC1
MIR98	MIRLET7B	BRWD1
MIR98	MIRLET7B	MOB1A
MIR98	MIRLET7B	RALY
MIR98	MIRLET7B	RIMKLA
MIR98	MIRLET7B	KLHL42
MIR98	MIRLET7B	COL4A2
MIR98	MIRLET7B	ANP32E
MIR98	MIRLET7B	STAMBP
MIR98	MIRLET7B	ALDOA
MIR98	MIRLET7B	C15orf39
MIR98	MIRLET7B	EDEM3
MIR98	MIRLET7B	GGA3
MIR98	MIRLET7B	PTPN6
MIR98	MIRLET7B	NARF
MIR98	MIRLET7B	CELSR3
MIR98	MIRLET7B	CTSA
MIR98	MIRLET7B	IRGQ
MIR98	MIRLET7B	ELK4
MIR98	MIRLET7B	TSPYL1
MIR98	MIRLET7B	ZNF691
MIR98	MIRLET7B	TSC1
MIR98	MIRLET7B	UBE2G2
MIR98	MIRLET7B	CNOT11
MIR98	MIRLET7B	IFITM10
MIR98	MIRLET7B	PARD3
MIR98	MIRLET7B	NCOR2
MIR98	MIRLET7B	EML1
MIR98	MIRLET7B	PCDHAC2
MIR98	MIRLET7B	UAP1
MIR98	MIRLET7B	CLDN12
MIR98	MIRLET7B	EIF4E2
MIR98	MIRLET7B	SOBP
MIR98	MIRLET7B	DYNC1H1
MIR98	MIRLET7B	DAXX
MIR98	MIRLET7B	SLC29A1
MIR98	MIRLET7B	TRIM25
MIR98	MIRLET7B	RNF111
MIR98	MIRLET7B	PRKAA1
MIR98	MIRLET7B	ZNF516
MIR98	MIRLET7B	SFSWAP
MIR98	MIRLET7B	CTPS2
MIR98	MIRLET7B	OXA1L
MIR98	MIRLET7B	DUSP4
MIR98	MIRLET7B	BACH1
MIR98	MIRLET7B	NAP1L1
MIR98	MIRLET7B	GNS
MIR98	MIRLET7B	STK40
MIR98	MIRLET7B	EHMT1
MIR98	MIRLET7B	TET3
MIR98	MIRLET7B	SLC19A2
MIR98	MIRLET7B	ZBTB32
MIR98	MIRLET7B	NDUFV3
MIR98	MIRLET7B	TTI1
MIR98	MIRLET7B	DUSP2
MIR98	MIRLET7B	HTT
MIR98	MIRLET7B	VPS54
MIR98	MIRLET7B	DIP2B
MIR98	MIRLET7B	UBE2K
MIR98	MIRLET7B	GOLT1B
MIR98	MIRLET7B	RFTN1
MIR98	MIRLET7B	CCNJ
MIR98	MIRLET7B	PRKAB2
MIR98	MIRLET7B	GPR137C
MIR98	MIRLET7B	TGFBR3
MIR98	MIRLET7B	SERTAD2
MIR98	MIRLET7B	MAP2K4
MIR98	MIRLET7B	MYO1E
MIR98	MIRLET7B	FANCM
MIR98	MIRLET7B	RPAP1
MIR98	MIRLET7B	TRIB1
MIR98	MIRLET7B	SLCO5A1
MIR98	MIRLET7B	ABCC8
MIR98	MIRLET7B	ARID3A
MIR98	MIRLET7B	NFAT5
MIR98	MIRLET7B	HOMER2
MIR98	MIRLET7B	UBASH3B
MIR98	MIRLET7B	LCOR
MIR98	MIRLET7B	TAB2
MIR98	MIRLET7B	DICER1
MIR98	MIRLET7B	CBL
MIR98	MIRLET7B	GMFB
MIR98	MIRLET7B	SNRNP200
MIR98	MIRLET7B	PLAGL1
MIR98	MIRLET7B	C6orf106
MIR98	MIRLET7B	TALDO1
MIR98	MIRLET7B	HOOK1
MIR98	MIRLET7F1	PLCB4
MIR98	MIRLET7F1	RNF44
MIR98	MIRLET7F1	H1FX
MIR98	MIRLET7F1	LRP1
MIR98	MIRLET7F1	RNFT1
MIR98	MIRLET7F1	RANBP2
MIR98	MIRLET7F1	FOXP1
MIR98	MIRLET7F1	NR4A1
MIR98	MIRLET7F1	FAM160B1
MIR98	MIRLET7F1	RAB3GAP2
MIR98	MIRLET7F1	ABT1
MIR98	MIRLET7F1	TTC17
MIR98	MIRLET7F1	ZFHX2
MIR98	MIRLET7F1	SLC41A2
MIR98	MIRLET7F1	MAML3
MIR98	MIRLET7F1	PRDM2
MIR98	MIRLET7F1	BRMS1L
MIR98	MIRLET7F1	STK4
MIR98	MIRLET7F1	MYO5A
MIR98	MIRLET7F1	ADAM9
MIR98	MIRLET7F1	DHTKD1
MIR98	MIRLET7F1	TMEM194A
MIR98	MIRLET7F1	HMGA2
MIR98	MIRLET7F1	POLR3D
MIR98	MIRLET7F1	RPUSD3
MIR98	MIRLET7F1	SLC35D2
MIR98	MIRLET7F1	TMEM189-UBE2V1
MIR98	MIRLET7F1	RBMS1
MIR98	MIRLET7F1	NNT
MIR98	MIRLET7F1	ATP2A2
MIR98	MIRLET7F1	DDHD1
MIR98	MIRLET7F1	CXXC5
MIR98	MIRLET7F1	REV3L
MIR98	MIRLET7F1	MAP3K1
MIR98	MIRLET7F1	SLC4A5
MIR98	MIRLET7F1	SENP5
MIR98	MIRLET7F1	ZBTB5
MIR98	MIRLET7F1	XPO1
MIR98	MIRLET7F1	B4GALT5
MIR98	MIRLET7F1	STARD13
MIR98	MIRLET7F1	NIPA1
MIR98	MIRLET7F1	SLC43A3
MIR98	MIRLET7F1	HMGCS1
MIR98	MIRLET7F1	FIGN
MIR98	MIRLET7F1	SRGN
MIR98	MIRLET7F1	TSPAN14
MIR98	MIRLET7F1	CYC1
MIR98	MIRLET7F1	ARHGEF7
MIR98	MIRLET7F1	MED12
MIR98	MIRLET7F1	RNF217
MIR98	MIRLET7F1	PRDM5
MIR98	MIRLET7F1	OXSR1
MIR98	MIRLET7F1	EPG5
MIR98	MIRLET7F1	XPR1
MIR98	MIRLET7F1	ELL2
MIR98	MIRLET7F1	ITSN2
MIR98	MIRLET7F1	EIF3D
MIR98	MIRLET7F1	SERPINH1
MIR98	MIRLET7F1	KDM6B
MIR98	MIRLET7F1	PDPR
MIR98	MIRLET7F1	NHLRC3
MIR98	MIRLET7F1	CDKN1A
MIR98	MIRLET7F1	KIF5C
MIR98	MIRLET7F1	CNOT1
MIR98	MIRLET7F1	EYA3
MIR98	MIRLET7F1	ATP6V1C1
MIR98	MIRLET7F1	TGOLN2
MIR98	MIRLET7F1	GGA2
MIR98	MIRLET7F1	RBMS2
MIR98	MIRLET7F1	UBR2
MIR98	MIRLET7F1	YAP1
MIR98	MIRLET7F1	YTHDC2
MIR98	MIRLET7F1	FCHO2
MIR98	MIRLET7F1	PXT1
MIR98	MIRLET7F1	SOX5
MIR98	MIRLET7F1	BRAF
MIR98	MIRLET7F1	MED6
MIR98	MIRLET7F1	LRIG3
MIR98	MIRLET7F1	MFI2
MIR98	MIRLET7F1	MLLT10
MIR98	MIRLET7F1	PIEZO2
MIR98	MIRLET7F1	ACVR1C
MIR98	MIRLET7F1	ERRFI1
MIR98	MIRLET7F1	SERPINA3
MIR98	MIRLET7F1	DPH3
MIR98	MIRLET7F1	MAGI2
MIR98	MIRLET7F1	ITGAV
MIR98	MIRLET7F1	CEP290
MIR98	MIRLET7F1	COL1A1
MIR98	MIRLET7F1	PCM1
MIR98	MIRLET7F1	KMT2B
MIR98	MIRLET7F1	SIK1
MIR98	MIRLET7F1	USP10
MIR98	MIRLET7F1	AP3M1
MIR98	MIRLET7F1	CRY2
MIR98	MIRLET7F1	CCL7
MIR98	MIRLET7F1	DLGAP4
MIR98	MIRLET7F1	MYCBP2
MIR98	MIRLET7F1	XKR7
MIR98	MIRLET7F1	GLB1
MIR98	MIRLET7F1	TGIF1
MIR98	MIRLET7F1	ACBD5
MIR98	MIRLET7F1	EIF2AK1
MIR98	MIRLET7F1	RC3H2
MIR98	MIRLET7F1	COPB2
MIR98	MIRLET7F1	PFKFB3
MIR98	MIRLET7F1	FNIP2
MIR98	MIRLET7F1	RBM19
MIR98	MIRLET7F1	WSB1
MIR98	MIRLET7F1	YOD1
MIR98	MIRLET7F1	SEMA4C
MIR98	MIRLET7F1	FBXL14
MIR98	MIRLET7F1	MTMR9
MIR98	MIRLET7F1	CHST3
MIR98	MIRLET7F1	RHOBTB3
MIR98	MIRLET7F1	LEPROTL1
MIR98	MIRLET7F1	PBX3
MIR98	MIRLET7F1	TAB3
MIR98	MIRLET7F1	SYT16
MIR98	MIRLET7F1	FAM222B
MIR98	MIRLET7F1	CTD-2368P22.1
MIR98	MIRLET7F1	RTKN
MIR98	MIRLET7F1	SYNJ2
MIR98	MIRLET7F1	GPD2
MIR98	MIRLET7F1	WDR48
MIR98	MIRLET7F1	GLRX5
MIR98	MIRLET7F1	CLUH
MIR98	MIRLET7F1	RGS17
MIR98	MIRLET7F1	ZNF121
MIR98	MIRLET7F1	SP1
MIR98	MIRLET7F1	IL6R
MIR98	MIRLET7F1	EIF4EBP2
MIR98	MIRLET7F1	LRGUK
MIR98	MIRLET7F1	ZNF217
MIR98	MIRLET7F1	MCM3AP
MIR98	MIRLET7F1	CHD9
MIR98	MIRLET7F1	FAM35A
MIR98	MIRLET7F1	MOB1B
MIR98	MIRLET7F1	SMC1A
MIR98	MIRLET7F1	ZNF644
MIR98	MIRLET7F1	PSMB2
MIR98	MIRLET7F1	THBS1
MIR98	MIRLET7F1	DUSP10
MIR98	MIRLET7F1	NCKAP5L
MIR98	MIRLET7F1	NXF1
MIR98	MIRLET7F1	BMP5
MIR98	MIRLET7F1	DOT1L
MIR98	MIRLET7F1	RAP1GDS1
MIR98	MIRLET7F1	FBXO11
MIR98	MIRLET7F1	EIF2AK4
MIR98	MIRLET7F1	PPP1CA
MIR98	MIRLET7F1	WIPI1
MIR98	MIRLET7F1	RUFY3
MIR98	MIRLET7F1	P4HA2
MIR98	MIRLET7F1	PPP2CA
MIR98	MIRLET7F1	ABCF1
MIR98	MIRLET7F1	ZNF792
MIR98	MIRLET7F1	ZFHX3
MIR98	MIRLET7F1	MAVS
MIR98	MIRLET7F1	AEN
MIR98	MIRLET7F1	ZNF852
MIR98	MIRLET7F1	MARS2
MIR98	MIRLET7F1	CPEB4
MIR98	MIRLET7F1	LRBA
MIR98	MIRLET7F1	PEX11B
MIR98	MIRLET7F1	MUC16
MIR98	MIRLET7F1	AKR1A1
MIR98	MIRLET7F1	ATP6V1G1
MIR98	MIRLET7F1	UBE2D3
MIR98	MIRLET7F1	CNTRL
MIR98	MIRLET7F1	FLII
MIR98	MIRLET7F1	SERINC3
MIR98	MIRLET7F1	SLC30A7
MIR98	MIRLET7F1	MTMR14
MIR98	MIRLET7F1	TMPRSS2
MIR98	MIRLET7F1	TTLL11
MIR98	MIRLET7F1	USP47
MIR98	MIRLET7F1	SF3B1
MIR98	MIRLET7F1	GARS
MIR98	MIRLET7F1	DDX6
MIR98	MIRLET7F1	PNKD
MIR98	MIRLET7F1	NT5C2
MIR98	MIRLET7F1	ANKRD52
MIR98	MIRLET7F1	RDX
MIR98	MIRLET7F1	GEMIN4
MIR98	MIRLET7F1	PTPN14
MIR98	MIRLET7F1	SPATA2
MIR98	MIRLET7F1	MIEF1
MIR98	MIRLET7F1	COIL
MIR98	MIRLET7F1	BBX
MIR98	MIRLET7F1	CNKSR3
MIR98	MIRLET7F1	KPNA2
MIR98	MIRLET7F1	LAMC3
MIR98	MIRLET7F1	MAP3K2
MIR98	MIRLET7F1	ZSWIM6
MIR98	MIRLET7F1	C16orf72
MIR98	MIRLET7F1	ABCA2
MIR98	MIRLET7F1	TNFSF10
MIR98	MIRLET7F1	ZDHHC6
MIR98	MIRLET7F1	INSR
MIR98	MIRLET7F1	CCND2
MIR98	MIRLET7F1	MYCBP
MIR98	MIRLET7F1	NUPL1
MIR98	MIRLET7F1	FBXO6
MIR98	MIRLET7F1	CDK13
MIR98	MIRLET7F1	FZD2
MIR98	MIRLET7F1	WDR37
MIR98	MIRLET7F1	MED19
MIR98	MIRLET7F1	STX3
MIR98	MIRLET7F1	PARP1
MIR98	MIRLET7F1	WDR81
MIR98	MIRLET7F1	SLC37A4
MIR98	MIRLET7F1	TSC22D2
MIR98	MIRLET7F1	ERCC6
MIR98	MIRLET7F1	PTGS2
MIR98	MIRLET7F1	RAB11FIP2
MIR98	MIRLET7F1	HOXA9
MIR98	MIRLET7F1	SMARCC1
MIR98	MIRLET7F1	LDB2
MIR98	MIRLET7F1	KMT2D
MIR98	MIRLET7F1	H2AFV
MIR98	MIRLET7F1	FAM13A
MIR98	MIRLET7F1	ENSG00000255103
MIR98	MIRLET7F1	PKD1
MIR98	MIRLET7F1	KLF10
MIR98	MIRLET7F1	FBN1
MIR98	MIRLET7F1	ACTR3
MIR98	MIRLET7F1	PATL1
MIR98	MIRLET7F1	SKIL
MIR98	MIRLET7F1	SH3TC1
MIR98	MIRLET7F1	CPD
MIR98	MIRLET7F1	PPP2R5D
MIR98	MIRLET7F1	TRIM32
MIR98	MIRLET7F1	IGF1R
MIR98	MIRLET7F1	MIB1
MIR98	MIRLET7F1	GPHN
MIR98	MIRLET7F1	PDS5A
MIR98	MIRLET7F1	ALOX5
MIR98	MIRLET7F1	PLD3
MIR98	MIRLET7F1	BIRC3
MIR98	MIRLET7F1	COQ10B
MIR98	MIRLET7F1	KHSRP
MIR98	MIRLET7F1	JAK1
MIR98	MIRLET7F1	C5orf51
MIR98	MIRLET7F1	KIF2A
MIR98	MIRLET7F1	BPTF
MIR98	MIRLET7F1	RBPMS
MIR98	MIRLET7F1	TSC22D3
MIR98	MIRLET7F1	MBTPS2
MIR98	MIRLET7F1	TRAPPC1
MIR98	MIRLET7F1	PAPD4
MIR98	MIRLET7F1	TAF5L
MIR98	MIRLET7F1	NUP153
MIR98	MIRLET7F1	MAPK6
MIR98	MIRLET7F1	CD80
MIR98	MIRLET7F1	HIVEP2
MIR98	MIRLET7F1	CREB3L2
MIR98	MIRLET7F1	IKZF2
MIR98	MIRLET7F1	STAT3
MIR98	MIRLET7F1	RICTOR
MIR98	MIRLET7F1	KDM6A
MIR98	MIRLET7F1	MSH6
MIR98	MIRLET7F1	CCDC71L
MIR98	MIRLET7F1	ATP8B3
MIR98	MIRLET7F1	RBPJ
MIR98	MIRLET7F1	FZD3
MIR98	MIRLET7F1	PCGF3
MIR98	MIRLET7F1	PDCD4
MIR98	MIRLET7F1	NLK
MIR98	MIRLET7F1	S100PBP
MIR98	MIRLET7F1	NCOR1
MIR98	MIRLET7F1	ZFR
MIR98	MIRLET7F1	TPR
MIR98	MIRLET7F1	MTMR12
MIR98	MIRLET7F1	RNF167
MIR98	MIRLET7F1	ZFYVE26
MIR98	MIRLET7F1	CBX5
MIR98	MIRLET7F1	SLC16A3
MIR98	MIRLET7F1	SOCS7
MIR98	MIRLET7F1	GPR85
MIR98	MIRLET7F1	IGDCC4
MIR98	MIRLET7F1	MED13L
MIR98	MIRLET7F1	DST
MIR98	MIRLET7F1	IGF2BP1
MIR98	MIRLET7F1	CCND1
MIR98	MIRLET7F1	GNG5
MIR98	MIRLET7F1	IFI44L
MIR98	MIRLET7F1	FADS3
MIR98	MIRLET7F1	PIGM
MIR98	MIRLET7F1	RRM2
MIR98	MIRLET7F1	CKAP4
MIR98	MIRLET7F1	IRS2
MIR98	MIRLET7F1	IGF2BP2
MIR98	MIRLET7F1	FNDC3A
MIR98	MIRLET7F1	CDV3
MIR98	MIRLET7F1	PRDM4
MIR98	MIRLET7F1	QARS
MIR98	MIRLET7F1	C14orf166
MIR98	MIRLET7F1	TNFAIP1
MIR98	MIRLET7F1	GPATCH8
MIR98	MIRLET7F1	INPP5F
MIR98	MIRLET7F1	ZFHX4
MIR98	MIRLET7F1	VEZT
MIR98	MIRLET7F1	PLEKHA8
MIR98	MIRLET7F1	ATP13A3
MIR98	MIRLET7F1	TRRAP
MIR98	MIRLET7F1	FSTL1
MIR98	MIRLET7F1	PHF19
MIR98	MIRLET7F1	GPR63
MIR98	MIRLET7F1	CALU
MIR98	MIRLET7F1	TMEM132B
MIR98	MIRLET7F1	CNOT7
MIR98	MIRLET7F1	CUL2
MIR98	MIRLET7F1	PDE4DIP
MIR98	MIRLET7F1	WASF2
MIR98	MIRLET7F1	CRYBG3
MIR98	MIRLET7F1	ZNF451
MIR98	MIRLET7F1	TBC1D9
MIR98	MIRLET7F1	HIPK2
MIR98	MIRLET7F1	ARHGAP28
MIR98	MIRLET7F1	GATM
MIR98	MIRLET7F1	TPP2
MIR98	MIRLET7F1	DROSHA
MIR98	MIRLET7F1	TIA1
MIR98	MIRLET7F1	API5
MIR98	MIRLET7F1	HSP90B1
MIR98	MIRLET7F1	PLEC
MIR98	MIRLET7F1	TNFRSF11A
MIR98	MIRLET7F1	SEC16A
MIR98	MIRLET7F1	DCP2
MIR98	MIRLET7F1	FAM43A
MIR98	MIRLET7F1	FUCA1
MIR98	MIRLET7F1	HIF1AN
MIR98	MIRLET7F1	HUWE1
MIR98	MIRLET7F1	DUSP5
MIR98	MIRLET7F1	B3GNT1
MIR98	MIRLET7F1	MDM4
MIR98	MIRLET7F1	PPP4C
MIR98	MIRLET7F1	FARP2
MIR98	MIRLET7F1	PHLDB2
MIR98	MIRLET7F1	MTUS2
MIR98	MIRLET7F1	FAR1
MIR98	MIRLET7F1	LARP1
MIR98	MIRLET7F1	SLC31A1
MIR98	MIRLET7F1	TNFSF9
MIR98	MIRLET7F1	ARID1B
MIR98	MIRLET7F1	CLASP1
MIR98	MIRLET7F1	SYNCRIP
MIR98	MIRLET7F1	NBEAL2
MIR98	MIRLET7F1	ATG16L1
MIR98	MIRLET7F1	VPS13C
MIR98	MIRLET7F1	SLC5A6
MIR98	MIRLET7F1	TLDC1
MIR98	MIRLET7F1	BRWD1
MIR98	MIRLET7F1	MOB1A
MIR98	MIRLET7F1	RALY
MIR98	MIRLET7F1	RIMKLA
MIR98	MIRLET7F1	KLHL42
MIR98	MIRLET7F1	COL4A2
MIR98	MIRLET7F1	ANP32E
MIR98	MIRLET7F1	STAMBP
MIR98	MIRLET7F1	ALDOA
MIR98	MIRLET7F1	C15orf39
MIR98	MIRLET7F1	EDEM3
MIR98	MIRLET7F1	GGA3
MIR98	MIRLET7F1	PTPN6
MIR98	MIRLET7F1	NARF
MIR98	MIRLET7F1	CELSR3
MIR98	MIRLET7F1	CTSA
MIR98	MIRLET7F1	IRGQ
MIR98	MIRLET7F1	ELK4
MIR98	MIRLET7F1	TSPYL1
MIR98	MIRLET7F1	ZNF691
MIR98	MIRLET7F1	TSC1
MIR98	MIRLET7F1	ZNF589
MIR98	MIRLET7F1	UBE2G2
MIR98	MIRLET7F1	IFITM10
MIR98	MIRLET7F1	PARD3
MIR98	MIRLET7F1	NCOR2
MIR98	MIRLET7F1	EML1
MIR98	MIRLET7F1	PCDHAC2
MIR98	MIRLET7F1	UAP1
MIR98	MIRLET7F1	TMPO
MIR98	MIRLET7F1	CLDN12
MIR98	MIRLET7F1	EIF4E2
MIR98	MIRLET7F1	SOBP
MIR98	MIRLET7F1	DYNC1H1
MIR98	MIRLET7F1	SLC29A1
MIR98	MIRLET7F1	BLNK
MIR98	MIRLET7F1	TRIM25
MIR98	MIRLET7F1	RNF111
MIR98	MIRLET7F1	ATG9A
MIR98	MIRLET7F1	PRKAA1
MIR98	MIRLET7F1	ZNF516
MIR98	MIRLET7F1	SFSWAP
MIR98	MIRLET7F1	CTPS2
MIR98	MIRLET7F1	OXA1L
MIR98	MIRLET7F1	DUSP4
MIR98	MIRLET7F1	BACH1
MIR98	MIRLET7F1	C6orf62
MIR98	MIRLET7F1	NAP1L1
MIR98	MIRLET7F1	GNS
MIR98	MIRLET7F1	STK40
MIR98	MIRLET7F1	EHMT1
MIR98	MIRLET7F1	TET3
MIR98	MIRLET7F1	SLC19A2
MIR98	MIRLET7F1	ZBTB32
MIR98	MIRLET7F1	NDUFV3
MIR98	MIRLET7F1	TTI1
MIR98	MIRLET7F1	DUSP2
MIR98	MIRLET7F1	HTT
MIR98	MIRLET7F1	VPS54
MIR98	MIRLET7F1	DIP2B
MIR98	MIRLET7F1	UBE2K
MIR98	MIRLET7F1	GOLT1B
MIR98	MIRLET7F1	RFTN1
MIR98	MIRLET7F1	CCNJ
MIR98	MIRLET7F1	PRKAB2
MIR98	MIRLET7F1	KLHL24
MIR98	MIRLET7F1	GPR137C
MIR98	MIRLET7F1	TGFBR3
MIR98	MIRLET7F1	SERTAD2
MIR98	MIRLET7F1	MAP2K4
MIR98	MIRLET7F1	MYO1E
MIR98	MIRLET7F1	NCOA6
MIR98	MIRLET7F1	FANCM
MIR98	MIRLET7F1	RPAP1
MIR98	MIRLET7F1	SLCO5A1
MIR98	MIRLET7F1	ABCC8
MIR98	MIRLET7F1	ARID3A
MIR98	MIRLET7F1	NFAT5
MIR98	MIRLET7F1	HOMER2
MIR98	MIRLET7F1	UBASH3B
MIR98	MIRLET7F1	LCOR
MIR98	MIRLET7F1	GXYLT1
MIR98	MIRLET7F1	DICER1
MIR98	MIRLET7F1	TAB2
MIR98	MIRLET7F1	CBL
MIR98	MIRLET7F1	GMFB
MIR98	MIRLET7F1	SNRNP200
MIR98	MIRLET7F1	DNASE1
MIR98	MIRLET7F1	PLAGL1
MIR98	MIRLET7F1	C6orf106
MIR98	MIRLET7F1	TALDO1
MIR98	MIRLET7F1	TBX3
MIR98	MIRLET7F1	HOOK1
MIRLET7B	MIRLET7F1	PLCB4
MIRLET7B	MIRLET7F1	RNF44
MIRLET7B	MIRLET7F1	H1FX
MIRLET7B	MIRLET7F1	LRP1
MIRLET7B	MIRLET7F1	RNFT1
MIRLET7B	MIRLET7F1	RANBP2
MIRLET7B	MIRLET7F1	FOXP1
MIRLET7B	MIRLET7F1	NR4A1
MIRLET7B	MIRLET7F1	FAM160B1
MIRLET7B	MIRLET7F1	RAB3GAP2
MIRLET7B	MIRLET7F1	ABT1
MIRLET7B	MIRLET7F1	TTC17
MIRLET7B	MIRLET7F1	ZFHX2
MIRLET7B	MIRLET7F1	SLC41A2
MIRLET7B	MIRLET7F1	MAML3
MIRLET7B	MIRLET7F1	PRDM2
MIRLET7B	MIRLET7F1	BRMS1L
MIRLET7B	MIRLET7F1	STK4
MIRLET7B	MIRLET7F1	ADAM9
MIRLET7B	MIRLET7F1	DHTKD1
MIRLET7B	MIRLET7F1	TMEM194A
MIRLET7B	MIRLET7F1	HMGA2
MIRLET7B	MIRLET7F1	POLR3D
MIRLET7B	MIRLET7F1	RPUSD3
MIRLET7B	MIRLET7F1	SLC35D2
MIRLET7B	MIRLET7F1	TMEM189-UBE2V1
MIRLET7B	MIRLET7F1	RBMS1
MIRLET7B	MIRLET7F1	NNT
MIRLET7B	MIRLET7F1	ATP2A2
MIRLET7B	MIRLET7F1	PDHX
MIRLET7B	MIRLET7F1	DDHD1
MIRLET7B	MIRLET7F1	CXXC5
MIRLET7B	MIRLET7F1	REV3L
MIRLET7B	MIRLET7F1	MAP3K1
MIRLET7B	MIRLET7F1	SLC4A5
MIRLET7B	MIRLET7F1	SENP5
MIRLET7B	MIRLET7F1	ZBTB5
MIRLET7B	MIRLET7F1	XPO1
MIRLET7B	MIRLET7F1	STARD13
MIRLET7B	MIRLET7F1	NIPA1
MIRLET7B	MIRLET7F1	SLC43A3
MIRLET7B	MIRLET7F1	HMGCS1
MIRLET7B	MIRLET7F1	FIGN
MIRLET7B	MIRLET7F1	SRGN
MIRLET7B	MIRLET7F1	ARHGEF7
MIRLET7B	MIRLET7F1	MED12
MIRLET7B	MIRLET7F1	RNF217
MIRLET7B	MIRLET7F1	PRDM5
MIRLET7B	MIRLET7F1	OXSR1
MIRLET7B	MIRLET7F1	EPG5
MIRLET7B	MIRLET7F1	XPR1
MIRLET7B	MIRLET7F1	ELL2
MIRLET7B	MIRLET7F1	ITSN2
MIRLET7B	MIRLET7F1	EIF3D
MIRLET7B	MIRLET7F1	SERPINH1
MIRLET7B	MIRLET7F1	ZNF736
MIRLET7B	MIRLET7F1	KDM6B
MIRLET7B	MIRLET7F1	PDPR
MIRLET7B	MIRLET7F1	NHLRC3
MIRLET7B	MIRLET7F1	CDKN1A
MIRLET7B	MIRLET7F1	KIF5C
MIRLET7B	MIRLET7F1	CNOT1
MIRLET7B	MIRLET7F1	EYA3
MIRLET7B	MIRLET7F1	ATP6V1C1
MIRLET7B	MIRLET7F1	TGOLN2
MIRLET7B	MIRLET7F1	RB1CC1
MIRLET7B	MIRLET7F1	RBMS2
MIRLET7B	MIRLET7F1	UBR2
MIRLET7B	MIRLET7F1	YAP1
MIRLET7B	MIRLET7F1	YTHDC2
MIRLET7B	MIRLET7F1	FCHO2
MIRLET7B	MIRLET7F1	PXT1
MIRLET7B	MIRLET7F1	SOX5
MIRLET7B	MIRLET7F1	BRAF
MIRLET7B	MIRLET7F1	MED6
MIRLET7B	MIRLET7F1	LRIG3
MIRLET7B	MIRLET7F1	MFI2
MIRLET7B	MIRLET7F1	MLLT10
MIRLET7B	MIRLET7F1	PIEZO2
MIRLET7B	MIRLET7F1	ACVR1C
MIRLET7B	MIRLET7F1	SERPINA3
MIRLET7B	MIRLET7F1	EPM2AIP1
MIRLET7B	MIRLET7F1	DPH3
MIRLET7B	MIRLET7F1	MAGI2
MIRLET7B	MIRLET7F1	MGEA5
MIRLET7B	MIRLET7F1	ITGAV
MIRLET7B	MIRLET7F1	CEP290
MIRLET7B	MIRLET7F1	COL1A1
MIRLET7B	MIRLET7F1	PCM1
MIRLET7B	MIRLET7F1	FBXL5
MIRLET7B	MIRLET7F1	KMT2B
MIRLET7B	MIRLET7F1	SIK1
MIRLET7B	MIRLET7F1	USP10
MIRLET7B	MIRLET7F1	AP3M1
MIRLET7B	MIRLET7F1	MT-ND5
MIRLET7B	MIRLET7F1	CRY2
MIRLET7B	MIRLET7F1	CCL7
MIRLET7B	MIRLET7F1	KBTBD8
MIRLET7B	MIRLET7F1	DLGAP4
MIRLET7B	MIRLET7F1	MYCBP2
MIRLET7B	MIRLET7F1	XKR7
MIRLET7B	MIRLET7F1	GLB1
MIRLET7B	MIRLET7F1	ACBD5
MIRLET7B	MIRLET7F1	EIF2AK1
MIRLET7B	MIRLET7F1	RC3H2
MIRLET7B	MIRLET7F1	COPB2
MIRLET7B	MIRLET7F1	PFKFB3
MIRLET7B	MIRLET7F1	GBF1
MIRLET7B	MIRLET7F1	FNIP2
MIRLET7B	MIRLET7F1	RBM19
MIRLET7B	MIRLET7F1	WSB1
MIRLET7B	MIRLET7F1	YOD1
MIRLET7B	MIRLET7F1	SEMA4C
MIRLET7B	MIRLET7F1	MTMR9
MIRLET7B	MIRLET7F1	CHST3
MIRLET7B	MIRLET7F1	RHOBTB3
MIRLET7B	MIRLET7F1	LEPROTL1
MIRLET7B	MIRLET7F1	PBX3
MIRLET7B	MIRLET7F1	NEK9
MIRLET7B	MIRLET7F1	SYT16
MIRLET7B	MIRLET7F1	ZNF367
MIRLET7B	MIRLET7F1	FAM222B
MIRLET7B	MIRLET7F1	CTD-2368P22.1
MIRLET7B	MIRLET7F1	SYNJ2
MIRLET7B	MIRLET7F1	GPD2
MIRLET7B	MIRLET7F1	TSPAN3
MIRLET7B	MIRLET7F1	WDR48
MIRLET7B	MIRLET7F1	GLRX5
MIRLET7B	MIRLET7F1	CLUH
MIRLET7B	MIRLET7F1	RGS17
MIRLET7B	MIRLET7F1	ZNF121
MIRLET7B	MIRLET7F1	SP1
MIRLET7B	MIRLET7F1	ZNF107
MIRLET7B	MIRLET7F1	RAB21
MIRLET7B	MIRLET7F1	SLFN5
MIRLET7B	MIRLET7F1	IL6R
MIRLET7B	MIRLET7F1	EIF4EBP2
MIRLET7B	MIRLET7F1	LRGUK
MIRLET7B	MIRLET7F1	ZNF217
MIRLET7B	MIRLET7F1	MCM3AP
MIRLET7B	MIRLET7F1	FAM35A
MIRLET7B	MIRLET7F1	MOB1B
MIRLET7B	MIRLET7F1	SMC1A
MIRLET7B	MIRLET7F1	ZNF644
MIRLET7B	MIRLET7F1	ATP6V1F
MIRLET7B	MIRLET7F1	PSMB2
MIRLET7B	MIRLET7F1	THBS1
MIRLET7B	MIRLET7F1	PSD3
MIRLET7B	MIRLET7F1	NCKAP5L
MIRLET7B	MIRLET7F1	NXF1
MIRLET7B	MIRLET7F1	BMP5
MIRLET7B	MIRLET7F1	RAP1GDS1
MIRLET7B	MIRLET7F1	FBXO11
MIRLET7B	MIRLET7F1	EIF2AK4
MIRLET7B	MIRLET7F1	PPP1CA
MIRLET7B	MIRLET7F1	WIPI1
MIRLET7B	MIRLET7F1	RUFY3
MIRLET7B	MIRLET7F1	P4HA2
MIRLET7B	MIRLET7F1	PPP2CA
MIRLET7B	MIRLET7F1	ABCF1
MIRLET7B	MIRLET7F1	ZNF792
MIRLET7B	MIRLET7F1	MAVS
MIRLET7B	MIRLET7F1	AEN
MIRLET7B	MIRLET7F1	ZNF852
MIRLET7B	MIRLET7F1	MARS2
MIRLET7B	MIRLET7F1	CPEB4
MIRLET7B	MIRLET7F1	LRBA
MIRLET7B	MIRLET7F1	ARID5B
MIRLET7B	MIRLET7F1	PEX11B
MIRLET7B	MIRLET7F1	PAPOLA
MIRLET7B	MIRLET7F1	MUC16
MIRLET7B	MIRLET7F1	AKR1A1
MIRLET7B	MIRLET7F1	ATP6V1G1
MIRLET7B	MIRLET7F1	UBE2D3
MIRLET7B	MIRLET7F1	CNTRL
MIRLET7B	MIRLET7F1	SERINC3
MIRLET7B	MIRLET7F1	SLC30A7
MIRLET7B	MIRLET7F1	MTMR14
MIRLET7B	MIRLET7F1	TMPRSS2
MIRLET7B	MIRLET7F1	TTLL11
MIRLET7B	MIRLET7F1	USP47
MIRLET7B	MIRLET7F1	SF3B1
MIRLET7B	MIRLET7F1	GARS
MIRLET7B	MIRLET7F1	DDX6
MIRLET7B	MIRLET7F1	TTC33
MIRLET7B	MIRLET7F1	PNKD
MIRLET7B	MIRLET7F1	NT5C2
MIRLET7B	MIRLET7F1	ANKRD52
MIRLET7B	MIRLET7F1	RDX
MIRLET7B	MIRLET7F1	GEMIN4
MIRLET7B	MIRLET7F1	FAM3C
MIRLET7B	MIRLET7F1	MIEF1
MIRLET7B	MIRLET7F1	COIL
MIRLET7B	MIRLET7F1	BBX
MIRLET7B	MIRLET7F1	CNKSR3
MIRLET7B	MIRLET7F1	KPNA2
MIRLET7B	MIRLET7F1	MAP3K2
MIRLET7B	MIRLET7F1	ZSWIM6
MIRLET7B	MIRLET7F1	C16orf72
MIRLET7B	MIRLET7F1	ABCA2
MIRLET7B	MIRLET7F1	TNFSF10
MIRLET7B	MIRLET7F1	ZDHHC6
MIRLET7B	MIRLET7F1	INSR
MIRLET7B	MIRLET7F1	CCND2
MIRLET7B	MIRLET7F1	MYCBP
MIRLET7B	MIRLET7F1	NUPL1
MIRLET7B	MIRLET7F1	ADNP
MIRLET7B	MIRLET7F1	FBXO6
MIRLET7B	MIRLET7F1	CDK13
MIRLET7B	MIRLET7F1	FZD2
MIRLET7B	MIRLET7F1	RTF1
MIRLET7B	MIRLET7F1	WDR37
MIRLET7B	MIRLET7F1	MED19
MIRLET7B	MIRLET7F1	STX3
MIRLET7B	MIRLET7F1	PARP1
MIRLET7B	MIRLET7F1	WDR81
MIRLET7B	MIRLET7F1	SLC37A4
MIRLET7B	MIRLET7F1	TSC22D2
MIRLET7B	MIRLET7F1	ERCC6
MIRLET7B	MIRLET7F1	PTGS2
MIRLET7B	MIRLET7F1	RAB11FIP2
MIRLET7B	MIRLET7F1	HOXA9
MIRLET7B	MIRLET7F1	SMARCC1
MIRLET7B	MIRLET7F1	LDB2
MIRLET7B	MIRLET7F1	KMT2D
MIRLET7B	MIRLET7F1	H2AFV
MIRLET7B	MIRLET7F1	FAM13A
MIRLET7B	MIRLET7F1	ENSG00000255103
MIRLET7B	MIRLET7F1	PKD1
MIRLET7B	MIRLET7F1	KLF10
MIRLET7B	MIRLET7F1	ARFGEF2
MIRLET7B	MIRLET7F1	FBN1
MIRLET7B	MIRLET7F1	ACTR3
MIRLET7B	MIRLET7F1	PATL1
MIRLET7B	MIRLET7F1	OTUD4
MIRLET7B	MIRLET7F1	SKIL
MIRLET7B	MIRLET7F1	SH3TC1
MIRLET7B	MIRLET7F1	CPD
MIRLET7B	MIRLET7F1	C9orf64
MIRLET7B	MIRLET7F1	PPP2R5D
MIRLET7B	MIRLET7F1	TRIM32
MIRLET7B	MIRLET7F1	IGF1R
MIRLET7B	MIRLET7F1	MIB1
MIRLET7B	MIRLET7F1	NCKAP1
MIRLET7B	MIRLET7F1	GPHN
MIRLET7B	MIRLET7F1	PDS5A
MIRLET7B	MIRLET7F1	ALOX5
MIRLET7B	MIRLET7F1	FSCN1
MIRLET7B	MIRLET7F1	PLD3
MIRLET7B	MIRLET7F1	BIRC3
MIRLET7B	MIRLET7F1	COQ10B
MIRLET7B	MIRLET7F1	KHSRP
MIRLET7B	MIRLET7F1	JAK1
MIRLET7B	MIRLET7F1	C5orf51
MIRLET7B	MIRLET7F1	KIF2A
MIRLET7B	MIRLET7F1	BPTF
MIRLET7B	MIRLET7F1	RBPMS
MIRLET7B	MIRLET7F1	TSC22D3
MIRLET7B	MIRLET7F1	TRAPPC1
MIRLET7B	MIRLET7F1	PAPD4
MIRLET7B	MIRLET7F1	TAF5L
MIRLET7B	MIRLET7F1	NUP153
MIRLET7B	MIRLET7F1	MAPK6
MIRLET7B	MIRLET7F1	CD80
MIRLET7B	MIRLET7F1	HIVEP2
MIRLET7B	MIRLET7F1	CREB3L2
MIRLET7B	MIRLET7F1	IKZF2
MIRLET7B	MIRLET7F1	KDM6A
MIRLET7B	MIRLET7F1	LEPROT
MIRLET7B	MIRLET7F1	MSH6
MIRLET7B	MIRLET7F1	CCDC71L
MIRLET7B	MIRLET7F1	ATP8B3
MIRLET7B	MIRLET7F1	RBPJ
MIRLET7B	MIRLET7F1	FZD3
MIRLET7B	MIRLET7F1	NAA30
MIRLET7B	MIRLET7F1	PCGF3
MIRLET7B	MIRLET7F1	PDCD4
MIRLET7B	MIRLET7F1	NLK
MIRLET7B	MIRLET7F1	S100PBP
MIRLET7B	MIRLET7F1	CSNK1A1
MIRLET7B	MIRLET7F1	NCOR1
MIRLET7B	MIRLET7F1	ZFR
MIRLET7B	MIRLET7F1	TPR
MIRLET7B	MIRLET7F1	MTMR12
MIRLET7B	MIRLET7F1	RNF167
MIRLET7B	MIRLET7F1	LARP4B
MIRLET7B	MIRLET7F1	ZFYVE26
MIRLET7B	MIRLET7F1	CBX5
MIRLET7B	MIRLET7F1	SLC16A3
MIRLET7B	MIRLET7F1	IGDCC4
MIRLET7B	MIRLET7F1	MED13L
MIRLET7B	MIRLET7F1	DST
MIRLET7B	MIRLET7F1	IGF2BP1
MIRLET7B	MIRLET7F1	CCND1
MIRLET7B	MIRLET7F1	GNG5
MIRLET7B	MIRLET7F1	IFI44L
MIRLET7B	MIRLET7F1	FADS3
MIRLET7B	MIRLET7F1	PIGM
MIRLET7B	MIRLET7F1	RRM2
MIRLET7B	MIRLET7F1	CKAP4
MIRLET7B	MIRLET7F1	MAPKAP1
MIRLET7B	MIRLET7F1	IRS2
MIRLET7B	MIRLET7F1	IGF2BP2
MIRLET7B	MIRLET7F1	FNDC3A
MIRLET7B	MIRLET7F1	CDV3
MIRLET7B	MIRLET7F1	PRDM4
MIRLET7B	MIRLET7F1	QARS
MIRLET7B	MIRLET7F1	TNFAIP1
MIRLET7B	MIRLET7F1	GPATCH8
MIRLET7B	MIRLET7F1	INPP5F
MIRLET7B	MIRLET7F1	ZFHX4
MIRLET7B	MIRLET7F1	VEZT
MIRLET7B	MIRLET7F1	PLEKHA8
MIRLET7B	MIRLET7F1	ATP13A3
MIRLET7B	MIRLET7F1	TRRAP
MIRLET7B	MIRLET7F1	FSTL1
MIRLET7B	MIRLET7F1	PHF19
MIRLET7B	MIRLET7F1	GPR63
MIRLET7B	MIRLET7F1	CALU
MIRLET7B	MIRLET7F1	CNOT7
MIRLET7B	MIRLET7F1	CUL2
MIRLET7B	MIRLET7F1	WASF2
MIRLET7B	MIRLET7F1	CRYBG3
MIRLET7B	MIRLET7F1	ZNF451
MIRLET7B	MIRLET7F1	TBC1D9
MIRLET7B	MIRLET7F1	HIPK2
MIRLET7B	MIRLET7F1	ARHGAP28
MIRLET7B	MIRLET7F1	GATM
MIRLET7B	MIRLET7F1	TPP2
MIRLET7B	MIRLET7F1	DROSHA
MIRLET7B	MIRLET7F1	TIA1
MIRLET7B	MIRLET7F1	HSP90B1
MIRLET7B	MIRLET7F1	PLEC
MIRLET7B	MIRLET7F1	TNFRSF11A
MIRLET7B	MIRLET7F1	SEC16A
MIRLET7B	MIRLET7F1	DCP2
MIRLET7B	MIRLET7F1	FAM43A
MIRLET7B	MIRLET7F1	ARF3
MIRLET7B	MIRLET7F1	FUCA1
MIRLET7B	MIRLET7F1	POU2F1
MIRLET7B	MIRLET7F1	HIF1AN
MIRLET7B	MIRLET7F1	HUWE1
MIRLET7B	MIRLET7F1	PREX1
MIRLET7B	MIRLET7F1	DUSP5
MIRLET7B	MIRLET7F1	B3GNT1
MIRLET7B	MIRLET7F1	MDM4
MIRLET7B	MIRLET7F1	PPP4C
MIRLET7B	MIRLET7F1	FOXN2
MIRLET7B	MIRLET7F1	FARP2
MIRLET7B	MIRLET7F1	PHLDB2
MIRLET7B	MIRLET7F1	MTUS2
MIRLET7B	MIRLET7F1	FAR1
MIRLET7B	MIRLET7F1	KLF6
MIRLET7B	MIRLET7F1	LARP1
MIRLET7B	MIRLET7F1	TNFSF9
MIRLET7B	MIRLET7F1	ARID1B
MIRLET7B	MIRLET7F1	SYNCRIP
MIRLET7B	MIRLET7F1	PHC3
MIRLET7B	MIRLET7F1	NBEAL2
MIRLET7B	MIRLET7F1	ATG16L1
MIRLET7B	MIRLET7F1	VPS13C
MIRLET7B	MIRLET7F1	SLC5A6
MIRLET7B	MIRLET7F1	TLDC1
MIRLET7B	MIRLET7F1	BRWD1
MIRLET7B	MIRLET7F1	MOB1A
MIRLET7B	MIRLET7F1	RALY
MIRLET7B	MIRLET7F1	RIMKLA
MIRLET7B	MIRLET7F1	KLHL42
MIRLET7B	MIRLET7F1	COL4A2
MIRLET7B	MIRLET7F1	ANP32E
MIRLET7B	MIRLET7F1	STAMBP
MIRLET7B	MIRLET7F1	ALDOA
MIRLET7B	MIRLET7F1	C15orf39
MIRLET7B	MIRLET7F1	EDEM3
MIRLET7B	MIRLET7F1	GGA3
MIRLET7B	MIRLET7F1	GPR176
MIRLET7B	MIRLET7F1	PTPN6
MIRLET7B	MIRLET7F1	TRAK1
MIRLET7B	MIRLET7F1	NARF
MIRLET7B	MIRLET7F1	CELSR3
MIRLET7B	MIRLET7F1	CTSA
MIRLET7B	MIRLET7F1	IRGQ
MIRLET7B	MIRLET7F1	ELK4
MIRLET7B	MIRLET7F1	TSPYL1
MIRLET7B	MIRLET7F1	ZNF691
MIRLET7B	MIRLET7F1	TSC1
MIRLET7B	MIRLET7F1	UBE2G2
MIRLET7B	MIRLET7F1	ZC3H12C
MIRLET7B	MIRLET7F1	IFITM10
MIRLET7B	MIRLET7F1	PARD3
MIRLET7B	MIRLET7F1	NCOR2
MIRLET7B	MIRLET7F1	EML1
MIRLET7B	MIRLET7F1	PCDHAC2
MIRLET7B	MIRLET7F1	UAP1
MIRLET7B	MIRLET7F1	CLDN12
MIRLET7B	MIRLET7F1	EIF4E2
MIRLET7B	MIRLET7F1	SOBP
MIRLET7B	MIRLET7F1	DYNC1H1
MIRLET7B	MIRLET7F1	SLC29A1
MIRLET7B	MIRLET7F1	TRIM25
MIRLET7B	MIRLET7F1	RNF111
MIRLET7B	MIRLET7F1	PRKAA1
MIRLET7B	MIRLET7F1	ZNF516
MIRLET7B	MIRLET7F1	SFSWAP
MIRLET7B	MIRLET7F1	CTPS2
MIRLET7B	MIRLET7F1	OXA1L
MIRLET7B	MIRLET7F1	DUSP4
MIRLET7B	MIRLET7F1	BACH1
MIRLET7B	MIRLET7F1	DCUN1D4
MIRLET7B	MIRLET7F1	NAP1L1
MIRLET7B	MIRLET7F1	GNS
MIRLET7B	MIRLET7F1	STK40
MIRLET7B	MIRLET7F1	EHMT1
MIRLET7B	MIRLET7F1	TET3
MIRLET7B	MIRLET7F1	SLC19A2
MIRLET7B	MIRLET7F1	ZBTB32
MIRLET7B	MIRLET7F1	NDUFV3
MIRLET7B	MIRLET7F1	TTI1
MIRLET7B	MIRLET7F1	DUSP2
MIRLET7B	MIRLET7F1	HTT
MIRLET7B	MIRLET7F1	VPS54
MIRLET7B	MIRLET7F1	DIP2B
MIRLET7B	MIRLET7F1	UBE2K
MIRLET7B	MIRLET7F1	GOLT1B
MIRLET7B	MIRLET7F1	RFTN1
MIRLET7B	MIRLET7F1	CCNJ
MIRLET7B	MIRLET7F1	PRKAB2
MIRLET7B	MIRLET7F1	GPR137C
MIRLET7B	MIRLET7F1	TGFBR3
MIRLET7B	MIRLET7F1	SERTAD2
MIRLET7B	MIRLET7F1	MYO1E
MIRLET7B	MIRLET7F1	GLS
MIRLET7B	MIRLET7F1	MAP2K4
MIRLET7B	MIRLET7F1	FANCM
MIRLET7B	MIRLET7F1	RPAP1
MIRLET7B	MIRLET7F1	PTER
MIRLET7B	MIRLET7F1	SLCO5A1
MIRLET7B	MIRLET7F1	TNRC6A
MIRLET7B	MIRLET7F1	ABCC8
MIRLET7B	MIRLET7F1	ARID3A
MIRLET7B	MIRLET7F1	NFAT5
MIRLET7B	MIRLET7F1	HOMER2
MIRLET7B	MIRLET7F1	UBASH3B
MIRLET7B	MIRLET7F1	LCOR
MIRLET7B	MIRLET7F1	TAB2
MIRLET7B	MIRLET7F1	DICER1
MIRLET7B	MIRLET7F1	CBL
MIRLET7B	MIRLET7F1	GMFB
MIRLET7B	MIRLET7F1	SNRNP200
MIRLET7B	MIRLET7F1	KPNA5
MIRLET7B	MIRLET7F1	VGLL3
MIRLET7B	MIRLET7F1	PLAGL1
MIRLET7B	MIRLET7F1	C6orf106
MIRLET7B	MIRLET7F1	TALDO1
MIRLET7B	MIRLET7F1	HOOK1
MIRLET7B	MIRLET7F1	PPP1R15B
MIRLET7A2	MIRLET7C	ACTR3
MIRLET7A2	MIRLET7C	PATL1
MIRLET7A2	MIRLET7C	GBF1
MIRLET7A2	MIRLET7C	PIGT
MIRLET7A2	MIRLET7C	RBM19
MIRLET7A2	MIRLET7C	MACC1
MIRLET7A2	MIRLET7C	WSB1
MIRLET7A2	MIRLET7C	FAR1
MIRLET7A2	MIRLET7C	RNF44
MIRLET7A2	MIRLET7C	LARP1
MIRLET7A2	MIRLET7C	LRP1
MIRLET7A2	MIRLET7C	SKIL
MIRLET7A2	MIRLET7C	YOD1
MIRLET7A2	MIRLET7C	SH3TC1
MIRLET7A2	MIRLET7C	SEMA4C
MIRLET7A2	MIRLET7C	TNFSF9
MIRLET7A2	MIRLET7C	SYNCRIP
MIRLET7A2	MIRLET7C	RANBP2
MIRLET7A2	MIRLET7C	MTMR9
MIRLET7A2	MIRLET7C	C9orf64
MIRLET7A2	MIRLET7C	TRIM32
MIRLET7A2	MIRLET7C	RHOBTB3
MIRLET7A2	MIRLET7C	NBEAL2
MIRLET7A2	MIRLET7C	IGF1R
MIRLET7A2	MIRLET7C	ATG16L1
MIRLET7A2	MIRLET7C	NR4A1
MIRLET7A2	MIRLET7C	RAB3GAP2
MIRLET7A2	MIRLET7C	FAM160B1
MIRLET7A2	MIRLET7C	TTC17
MIRLET7A2	MIRLET7C	ABT1
MIRLET7A2	MIRLET7C	ZFHX2
MIRLET7A2	MIRLET7C	PBX3
MIRLET7A2	MIRLET7C	MIB1
MIRLET7A2	MIRLET7C	GPHN
MIRLET7A2	MIRLET7C	NEK9
MIRLET7A2	MIRLET7C	BIRC3
MIRLET7A2	MIRLET7C	COQ10B
MIRLET7A2	MIRLET7C	PRDM2
MIRLET7A2	MIRLET7C	JAK1
MIRLET7A2	MIRLET7C	SLC5A6
MIRLET7A2	MIRLET7C	TLDC1
MIRLET7A2	MIRLET7C	FAM222B
MIRLET7A2	MIRLET7C	BRMS1L
MIRLET7A2	MIRLET7C	STK4
MIRLET7A2	MIRLET7C	C5orf51
MIRLET7A2	MIRLET7C	KIF2A
MIRLET7A2	MIRLET7C	MOB1A
MIRLET7A2	MIRLET7C	SYNJ2
MIRLET7A2	MIRLET7C	GPD2
MIRLET7A2	MIRLET7C	RIMKLA
MIRLET7A2	MIRLET7C	COL4A2
MIRLET7A2	MIRLET7C	WDR48
MIRLET7A2	MIRLET7C	BPTF
MIRLET7A2	MIRLET7C	ADAM9
MIRLET7A2	MIRLET7C	DHTKD1
MIRLET7A2	MIRLET7C	TMEM194A
MIRLET7A2	MIRLET7C	GLRX5
MIRLET7A2	MIRLET7C	CLUH
MIRLET7A2	MIRLET7C	TSC22D3
MIRLET7A2	MIRLET7C	HMGA2
MIRLET7A2	MIRLET7C	MBTPS2
MIRLET7A2	MIRLET7C	POLR3D
MIRLET7A2	MIRLET7C	ALDOA
MIRLET7A2	MIRLET7C	GGA3
MIRLET7A2	MIRLET7C	ZNF121
MIRLET7A2	MIRLET7C	SP1
MIRLET7A2	MIRLET7C	TRAPPC1
MIRLET7A2	MIRLET7C	PTPN6
MIRLET7A2	MIRLET7C	PAPD4
MIRLET7A2	MIRLET7C	TMEM189-UBE2V1
MIRLET7A2	MIRLET7C	TAF5L
MIRLET7A2	MIRLET7C	CASP8AP2
MIRLET7A2	MIRLET7C	TRAK1
MIRLET7A2	MIRLET7C	NNT
MIRLET7A2	MIRLET7C	NARF
MIRLET7A2	MIRLET7C	PRKDC
MIRLET7A2	MIRLET7C	MAPK6
MIRLET7A2	MIRLET7C	SMC1A
MIRLET7A2	MIRLET7C	ZNF644
MIRLET7A2	MIRLET7C	ATP6V1F
MIRLET7A2	MIRLET7C	CELSR3
MIRLET7A2	MIRLET7C	CD80
MIRLET7A2	MIRLET7C	HIVEP2
MIRLET7A2	MIRLET7C	FARP2
MIRLET7A2	MIRLET7C	PSMB2
MIRLET7A2	MIRLET7C	CREB3L2
MIRLET7A2	MIRLET7C	IKZF2
MIRLET7A2	MIRLET7C	CTSA
MIRLET7A2	MIRLET7C	TSPYL1
MIRLET7A2	MIRLET7C	THBS1
MIRLET7A2	MIRLET7C	RICTOR
MIRLET7A2	MIRLET7C	KDM6A
MIRLET7A2	MIRLET7C	ZNF691
MIRLET7A2	MIRLET7C	REV3L
MIRLET7A2	MIRLET7C	NCKAP5L
MIRLET7A2	MIRLET7C	NXF1
MIRLET7A2	MIRLET7C	SENP5
MIRLET7A2	MIRLET7C	ZBTB5
MIRLET7A2	MIRLET7C	TSC1
MIRLET7A2	MIRLET7C	MSH6
MIRLET7A2	MIRLET7C	UBE2G2
MIRLET7A2	MIRLET7C	CCDC71L
MIRLET7A2	MIRLET7C	STARD13
MIRLET7A2	MIRLET7C	XRN1
MIRLET7A2	MIRLET7C	NIPA1
MIRLET7A2	MIRLET7C	UAP1
MIRLET7A2	MIRLET7C	SLC43A3
MIRLET7A2	MIRLET7C	HMGCS1
MIRLET7A2	MIRLET7C	SRGN
MIRLET7A2	MIRLET7C	CLDN12
MIRLET7A2	MIRLET7C	RAP1GDS1
MIRLET7A2	MIRLET7C	DYNC1H1
MIRLET7A2	MIRLET7C	PPP1CA
MIRLET7A2	MIRLET7C	ARHGEF7
MIRLET7A2	MIRLET7C	MED12
MIRLET7A2	MIRLET7C	DAXX
MIRLET7A2	MIRLET7C	P4HA2
MIRLET7A2	MIRLET7C	PPP2CA
MIRLET7A2	MIRLET7C	NAA30
MIRLET7A2	MIRLET7C	ABCF1
MIRLET7A2	MIRLET7C	OXSR1
MIRLET7A2	MIRLET7C	TRIM25
MIRLET7A2	MIRLET7C	RNF111
MIRLET7A2	MIRLET7C	PDCD4
MIRLET7A2	MIRLET7C	EPG5
MIRLET7A2	MIRLET7C	S100PBP
MIRLET7A2	MIRLET7C	ITSN2
MIRLET7A2	MIRLET7C	NCOR1
MIRLET7A2	MIRLET7C	TPR
MIRLET7A2	MIRLET7C	MTMR12
MIRLET7A2	MIRLET7C	EIF3D
MIRLET7A2	MIRLET7C	SERPINH1
MIRLET7A2	MIRLET7C	ZFR
MIRLET7A2	MIRLET7C	RNF167
MIRLET7A2	MIRLET7C	ATG9A
MIRLET7A2	MIRLET7C	ZNF852
MIRLET7A2	MIRLET7C	PRKAA1
MIRLET7A2	MIRLET7C	MARS2
MIRLET7A2	MIRLET7C	MEF2BNB
MIRLET7A2	MIRLET7C	CPEB4
MIRLET7A2	MIRLET7C	OXA1L
MIRLET7A2	MIRLET7C	DUSP4
MIRLET7A2	MIRLET7C	BACH1
MIRLET7A2	MIRLET7C	PDPR
MIRLET7A2	MIRLET7C	NHLRC3
MIRLET7A2	MIRLET7C	NAP1L1
MIRLET7A2	MIRLET7C	LRBA
MIRLET7A2	MIRLET7C	GNS
MIRLET7A2	MIRLET7C	CBX5
MIRLET7A2	MIRLET7C	STK40
MIRLET7A2	MIRLET7C	SLC16A3
MIRLET7A2	MIRLET7C	EHMT1
MIRLET7A2	MIRLET7C	TET3
MIRLET7A2	MIRLET7C	PEX11B
MIRLET7A2	MIRLET7C	CNOT1
MIRLET7A2	MIRLET7C	ZBTB32
MIRLET7A2	MIRLET7C	GPR85
MIRLET7A2	MIRLET7C	IGDCC4
MIRLET7A2	MIRLET7C	MED13L
MIRLET7A2	MIRLET7C	DST
MIRLET7A2	MIRLET7C	MT-CO1
MIRLET7A2	MIRLET7C	NDUFV3
MIRLET7A2	MIRLET7C	ATP6V1G1
MIRLET7A2	MIRLET7C	UBE2D3
MIRLET7A2	MIRLET7C	ATP6V1C1
MIRLET7A2	MIRLET7C	CNTRL
MIRLET7A2	MIRLET7C	SERINC3
MIRLET7A2	MIRLET7C	DUSP2
MIRLET7A2	MIRLET7C	SLC30A7
MIRLET7A2	MIRLET7C	MTMR14
MIRLET7A2	MIRLET7C	IGF2BP1
MIRLET7A2	MIRLET7C	CCND1
MIRLET7A2	MIRLET7C	TGOLN2
MIRLET7A2	MIRLET7C	TTLL11
MIRLET7A2	MIRLET7C	RB1CC1
MIRLET7A2	MIRLET7C	RBMS2
MIRLET7A2	MIRLET7C	SF3B1
MIRLET7A2	MIRLET7C	HTT
MIRLET7A2	MIRLET7C	DIP2B
MIRLET7A2	MIRLET7C	GNG5
MIRLET7A2	MIRLET7C	UBE2K
MIRLET7A2	MIRLET7C	OSGEPL1
MIRLET7A2	MIRLET7C	ERO1L
MIRLET7A2	MIRLET7C	DDX6
MIRLET7A2	MIRLET7C	GARS
MIRLET7A2	MIRLET7C	PNKD
MIRLET7A2	MIRLET7C	RFTN1
MIRLET7A2	MIRLET7C	TTI1
MIRLET7A2	MIRLET7C	IFI44L
MIRLET7A2	MIRLET7C	UBR2
MIRLET7A2	MIRLET7C	YAP1
MIRLET7A2	MIRLET7C	YTHDC2
MIRLET7A2	MIRLET7C	NT5C2
MIRLET7A2	MIRLET7C	RDX
MIRLET7A2	MIRLET7C	FADS3
MIRLET7A2	MIRLET7C	GEMIN4
MIRLET7A2	MIRLET7C	PRKAB2
MIRLET7A2	MIRLET7C	KLHL24
MIRLET7A2	MIRLET7C	PTPN14
MIRLET7A2	MIRLET7C	FCHO2
MIRLET7A2	MIRLET7C	RRM2
MIRLET7A2	MIRLET7C	PXT1
MIRLET7A2	MIRLET7C	CKAP4
MIRLET7A2	MIRLET7C	FKBP3
MIRLET7A2	MIRLET7C	RHOB
MIRLET7A2	MIRLET7C	TGFBR3
MIRLET7A2	MIRLET7C	SERTAD2
MIRLET7A2	MIRLET7C	IRS2
MIRLET7A2	MIRLET7C	MED6
MIRLET7A2	MIRLET7C	MIEF1
MIRLET7A2	MIRLET7C	IGF2BP2
MIRLET7A2	MIRLET7C	LRIG3
MIRLET7A2	MIRLET7C	KPNA2
MIRLET7A2	MIRLET7C	MAP3K2
MIRLET7A2	MIRLET7C	ZSWIM6
MIRLET7A2	MIRLET7C	FNDC3A
MIRLET7A2	MIRLET7C	ZNF516
MIRLET7A2	MIRLET7C	C14orf166
MIRLET7A2	MIRLET7C	MFI2
MIRLET7A2	MIRLET7C	C16orf72
MIRLET7A2	MIRLET7C	MAP2K4
MIRLET7A2	MIRLET7C	MYO1E
MIRLET7A2	MIRLET7C	MLLT10
MIRLET7A2	MIRLET7C	PIEZO2
MIRLET7A2	MIRLET7C	GPATCH8
MIRLET7A2	MIRLET7C	ZDHHC6
MIRLET7A2	MIRLET7C	ZFHX4
MIRLET7A2	MIRLET7C	FANCM
MIRLET7A2	MIRLET7C	VEZT
MIRLET7A2	MIRLET7C	RPAP1
MIRLET7A2	MIRLET7C	TRIB1
MIRLET7A2	MIRLET7C	SLCO5A1
MIRLET7A2	MIRLET7C	TNRC6A
MIRLET7A2	MIRLET7C	PLEKHA8
MIRLET7A2	MIRLET7C	ATP13A3
MIRLET7A2	MIRLET7C	TRRAP
MIRLET7A2	MIRLET7C	ARID3A
MIRLET7A2	MIRLET7C	NFAT5
MIRLET7A2	MIRLET7C	CCND2
MIRLET7A2	MIRLET7C	NUPL1
MIRLET7A2	MIRLET7C	FBXO6
MIRLET7A2	MIRLET7C	PHF19
MIRLET7A2	MIRLET7C	CDK13
MIRLET7A2	MIRLET7C	GPR63
MIRLET7A2	MIRLET7C	CALU
MIRLET7A2	MIRLET7C	FZD2
MIRLET7A2	MIRLET7C	CUL2
MIRLET7A2	MIRLET7C	CEP290
MIRLET7A2	MIRLET7C	WASF2
MIRLET7A2	MIRLET7C	COL1A1
MIRLET7A2	MIRLET7C	ZNF451
MIRLET7A2	MIRLET7C	UBASH3B
MIRLET7A2	MIRLET7C	LCOR
MIRLET7A2	MIRLET7C	TAB2
MIRLET7A2	MIRLET7C	HIPK2
MIRLET7A2	MIRLET7C	MED19
MIRLET7A2	MIRLET7C	FBXL5
MIRLET7A2	MIRLET7C	DICER1
MIRLET7A2	MIRLET7C	GATM
MIRLET7A2	MIRLET7C	SIK1
MIRLET7A2	MIRLET7C	CBL
MIRLET7A2	MIRLET7C	STX3
MIRLET7A2	MIRLET7C	PARP1
MIRLET7A2	MIRLET7C	TPP2
MIRLET7A2	MIRLET7C	AP3M1
MIRLET7A2	MIRLET7C	TSC22D2
MIRLET7A2	MIRLET7C	HSP90B1
MIRLET7A2	MIRLET7C	PLEC
MIRLET7A2	MIRLET7C	TNFRSF11A
MIRLET7A2	MIRLET7C	GMFB
MIRLET7A2	MIRLET7C	ERCC6
MIRLET7A2	MIRLET7C	PTGS2
MIRLET7A2	MIRLET7C	DCP2
MIRLET7A2	MIRLET7C	FAM43A
MIRLET7A2	MIRLET7C	FUCA1
MIRLET7A2	MIRLET7C	SERPINB9
MIRLET7A2	MIRLET7C	VGLL3
MIRLET7A2	MIRLET7C	CCNB2
MIRLET7A2	MIRLET7C	CRY2
MIRLET7A2	MIRLET7C	CCL7
MIRLET7A2	MIRLET7C	HIF1AN
MIRLET7A2	MIRLET7C	RAB11FIP2
MIRLET7A2	MIRLET7C	HOXA9
MIRLET7A2	MIRLET7C	SMARCC1
MIRLET7A2	MIRLET7C	DNASE1
MIRLET7A2	MIRLET7C	HUWE1
MIRLET7A2	MIRLET7C	GLB1
MIRLET7A2	MIRLET7C	KMT2D
MIRLET7A2	MIRLET7C	ACBD5
MIRLET7A2	MIRLET7C	H2AFV
MIRLET7A2	MIRLET7C	PREX1
MIRLET7A2	MIRLET7C	DUSP5
MIRLET7A2	MIRLET7C	EIF2AK1
MIRLET7A2	MIRLET7C	PPP4C
MIRLET7A2	MIRLET7C	MDM4
MIRLET7A2	MIRLET7C	RC3H2
MIRLET7A2	MIRLET7C	COPB2
MIRLET7A2	MIRLET7C	PKD1
MIRLET7A2	MIRLET7C	KLF10
MIRLET7A2	MIRLET7C	AGO1
MIRLET7A2	MIRLET7C	FBN1
MIRLET7A2	MIRLET7C	PPP1R15B
MIRLET7A2	MIRLET7C	PFKFB3
MIRLET7A2	MIRLET7E	ACTR3
MIRLET7A2	MIRLET7E	PATL1
MIRLET7A2	MIRLET7E	RBM19
MIRLET7A2	MIRLET7E	MACC1
MIRLET7A2	MIRLET7E	WSB1
MIRLET7A2	MIRLET7E	MBD6
MIRLET7A2	MIRLET7E	FAR1
MIRLET7A2	MIRLET7E	RNF44
MIRLET7A2	MIRLET7E	LRP1
MIRLET7A2	MIRLET7E	SKIL
MIRLET7A2	MIRLET7E	YOD1
MIRLET7A2	MIRLET7E	SH3TC1
MIRLET7A2	MIRLET7E	SEMA4C
MIRLET7A2	MIRLET7E	TNFSF9
MIRLET7A2	MIRLET7E	RANBP2
MIRLET7A2	MIRLET7E	MTMR9
MIRLET7A2	MIRLET7E	PPP2R5D
MIRLET7A2	MIRLET7E	C9orf64
MIRLET7A2	MIRLET7E	RHOBTB3
MIRLET7A2	MIRLET7E	NBEAL2
MIRLET7A2	MIRLET7E	IGF1R
MIRLET7A2	MIRLET7E	NR4A1
MIRLET7A2	MIRLET7E	RAB3GAP2
MIRLET7A2	MIRLET7E	TTC17
MIRLET7A2	MIRLET7E	PBX3
MIRLET7A2	MIRLET7E	ABT1
MIRLET7A2	MIRLET7E	ZFHX2
MIRLET7A2	MIRLET7E	MIB1
MIRLET7A2	MIRLET7E	GPHN
MIRLET7A2	MIRLET7E	NEK9
MIRLET7A2	MIRLET7E	COQ10B
MIRLET7A2	MIRLET7E	PRDM2
MIRLET7A2	MIRLET7E	TLDC1
MIRLET7A2	MIRLET7E	FAM222B
MIRLET7A2	MIRLET7E	BRMS1L
MIRLET7A2	MIRLET7E	STK4
MIRLET7A2	MIRLET7E	C5orf51
MIRLET7A2	MIRLET7E	KIF2A
MIRLET7A2	MIRLET7E	MOB1A
MIRLET7A2	MIRLET7E	RIMKLA
MIRLET7A2	MIRLET7E	GPD2
MIRLET7A2	MIRLET7E	COL4A2
MIRLET7A2	MIRLET7E	WDR48
MIRLET7A2	MIRLET7E	ADAM9
MIRLET7A2	MIRLET7E	DHTKD1
MIRLET7A2	MIRLET7E	TMEM194A
MIRLET7A2	MIRLET7E	GLRX5
MIRLET7A2	MIRLET7E	CLUH
MIRLET7A2	MIRLET7E	HMGA2
MIRLET7A2	MIRLET7E	ZFP36
MIRLET7A2	MIRLET7E	POLR3D
MIRLET7A2	MIRLET7E	ALDOA
MIRLET7A2	MIRLET7E	ZNF121
MIRLET7A2	MIRLET7E	SP1
MIRLET7A2	MIRLET7E	PAPD4
MIRLET7A2	MIRLET7E	RBFOX2
MIRLET7A2	MIRLET7E	TAF5L
MIRLET7A2	MIRLET7E	CASP8AP2
MIRLET7A2	MIRLET7E	TRAK1
MIRLET7A2	MIRLET7E	NNT
MIRLET7A2	MIRLET7E	NARF
MIRLET7A2	MIRLET7E	MAPK6
MIRLET7A2	MIRLET7E	SMC1A
MIRLET7A2	MIRLET7E	ZNF644
MIRLET7A2	MIRLET7E	ALG3
MIRLET7A2	MIRLET7E	CD80
MIRLET7A2	MIRLET7E	HIVEP2
MIRLET7A2	MIRLET7E	PSMB2
MIRLET7A2	MIRLET7E	CREB3L2
MIRLET7A2	MIRLET7E	IKZF2
MIRLET7A2	MIRLET7E	CTSA
MIRLET7A2	MIRLET7E	TSPYL1
MIRLET7A2	MIRLET7E	THBS1
MIRLET7A2	MIRLET7E	KDM6A
MIRLET7A2	MIRLET7E	ZNF691
MIRLET7A2	MIRLET7E	REV3L
MIRLET7A2	MIRLET7E	NCKAP5L
MIRLET7A2	MIRLET7E	NXF1
MIRLET7A2	MIRLET7E	SENP5
MIRLET7A2	MIRLET7E	ZBTB5
MIRLET7A2	MIRLET7E	TSC1
MIRLET7A2	MIRLET7E	MSH6
MIRLET7A2	MIRLET7E	CCDC71L
MIRLET7A2	MIRLET7E	STARD13
MIRLET7A2	MIRLET7E	XRN1
MIRLET7A2	MIRLET7E	NIPA1
MIRLET7A2	MIRLET7E	UAP1
MIRLET7A2	MIRLET7E	TMPO
MIRLET7A2	MIRLET7E	HMGCS1
MIRLET7A2	MIRLET7E	SRGN
MIRLET7A2	MIRLET7E	CLDN12
MIRLET7A2	MIRLET7E	EIF4E2
MIRLET7A2	MIRLET7E	DYNC1H1
MIRLET7A2	MIRLET7E	PPP1CA
MIRLET7A2	MIRLET7E	ARHGEF7
MIRLET7A2	MIRLET7E	SLC29A1
MIRLET7A2	MIRLET7E	NAA30
MIRLET7A2	MIRLET7E	ABCF1
MIRLET7A2	MIRLET7E	OXSR1
MIRLET7A2	MIRLET7E	TRIM25
MIRLET7A2	MIRLET7E	RNF111
MIRLET7A2	MIRLET7E	PDCD4
MIRLET7A2	MIRLET7E	EPG5
MIRLET7A2	MIRLET7E	S100PBP
MIRLET7A2	MIRLET7E	ITSN2
MIRLET7A2	MIRLET7E	NCOR1
MIRLET7A2	MIRLET7E	MTMR12
MIRLET7A2	MIRLET7E	PRKAA1
MIRLET7A2	MIRLET7E	EIF3D
MIRLET7A2	MIRLET7E	SERPINH1
MIRLET7A2	MIRLET7E	RNF167
MIRLET7A2	MIRLET7E	ZNF852
MIRLET7A2	MIRLET7E	CPEB4
MIRLET7A2	MIRLET7E	DUSP4
MIRLET7A2	MIRLET7E	BACH1
MIRLET7A2	MIRLET7E	PDPR
MIRLET7A2	MIRLET7E	NHLRC3
MIRLET7A2	MIRLET7E	NAP1L1
MIRLET7A2	MIRLET7E	LRBA
MIRLET7A2	MIRLET7E	CMKLR1
MIRLET7A2	MIRLET7E	CBX5
MIRLET7A2	MIRLET7E	GNS
MIRLET7A2	MIRLET7E	SLC16A3
MIRLET7A2	MIRLET7E	STK40
MIRLET7A2	MIRLET7E	EHMT1
MIRLET7A2	MIRLET7E	TET3
MIRLET7A2	MIRLET7E	VGLL4
MIRLET7A2	MIRLET7E	PEX11B
MIRLET7A2	MIRLET7E	CNOT1
MIRLET7A2	MIRLET7E	ZBTB32
MIRLET7A2	MIRLET7E	GPR85
MIRLET7A2	MIRLET7E	IGDCC4
MIRLET7A2	MIRLET7E	MED13L
MIRLET7A2	MIRLET7E	DST
MIRLET7A2	MIRLET7E	NDUFV3
MIRLET7A2	MIRLET7E	TTI1
MIRLET7A2	MIRLET7E	ATP6V1G1
MIRLET7A2	MIRLET7E	UBE2D3
MIRLET7A2	MIRLET7E	ATP6V1C1
MIRLET7A2	MIRLET7E	CNTRL
MIRLET7A2	MIRLET7E	SERINC3
MIRLET7A2	MIRLET7E	DUSP2
MIRLET7A2	MIRLET7E	SLC30A7
MIRLET7A2	MIRLET7E	MT-ATP8
MIRLET7A2	MIRLET7E	MTMR14
MIRLET7A2	MIRLET7E	IGF2BP1
MIRLET7A2	MIRLET7E	TGOLN2
MIRLET7A2	MIRLET7E	TTLL11
MIRLET7A2	MIRLET7E	RB1CC1
MIRLET7A2	MIRLET7E	RBMS2
MIRLET7A2	MIRLET7E	CCND1
MIRLET7A2	MIRLET7E	HTT
MIRLET7A2	MIRLET7E	DIP2B
MIRLET7A2	MIRLET7E	GNG5
MIRLET7A2	MIRLET7E	UBE2K
MIRLET7A2	MIRLET7E	OSGEPL1
MIRLET7A2	MIRLET7E	ERO1L
MIRLET7A2	MIRLET7E	DDX6
MIRLET7A2	MIRLET7E	GARS
MIRLET7A2	MIRLET7E	PNKD
MIRLET7A2	MIRLET7E	RFTN1
MIRLET7A2	MIRLET7E	IFI44L
MIRLET7A2	MIRLET7E	UBR2
MIRLET7A2	MIRLET7E	YAP1
MIRLET7A2	MIRLET7E	NT5C2
MIRLET7A2	MIRLET7E	ANKRD52
MIRLET7A2	MIRLET7E	RDX
MIRLET7A2	MIRLET7E	FADS3
MIRLET7A2	MIRLET7E	GEMIN4
MIRLET7A2	MIRLET7E	TEAD4
MIRLET7A2	MIRLET7E	PRKAB2
MIRLET7A2	MIRLET7E	KLHL24
MIRLET7A2	MIRLET7E	FCHO2
MIRLET7A2	MIRLET7E	RRM2
MIRLET7A2	MIRLET7E	PXT1
MIRLET7A2	MIRLET7E	CKAP4
MIRLET7A2	MIRLET7E	FKBP3
MIRLET7A2	MIRLET7E	TGFBR3
MIRLET7A2	MIRLET7E	IRS2
MIRLET7A2	MIRLET7E	MIEF1
MIRLET7A2	MIRLET7E	IGF2BP2
MIRLET7A2	MIRLET7E	LRIG3
MIRLET7A2	MIRLET7E	MAP3K2
MIRLET7A2	MIRLET7E	ZSWIM6
MIRLET7A2	MIRLET7E	FNDC3A
MIRLET7A2	MIRLET7E	PNP
MIRLET7A2	MIRLET7E	MFI2
MIRLET7A2	MIRLET7E	GLS
MIRLET7A2	MIRLET7E	MAP2K4
MIRLET7A2	MIRLET7E	MYO1E
MIRLET7A2	MIRLET7E	PIEZO2
MIRLET7A2	MIRLET7E	MLLT10
MIRLET7A2	MIRLET7E	ZFHX4
MIRLET7A2	MIRLET7E	ZDHHC6
MIRLET7A2	MIRLET7E	FANCM
MIRLET7A2	MIRLET7E	VEZT
MIRLET7A2	MIRLET7E	TRIB1
MIRLET7A2	MIRLET7E	SLCO5A1
MIRLET7A2	MIRLET7E	PLEKHA8
MIRLET7A2	MIRLET7E	ATP13A3
MIRLET7A2	MIRLET7E	TRRAP
MIRLET7A2	MIRLET7E	ARID3A
MIRLET7A2	MIRLET7E	NFAT5
MIRLET7A2	MIRLET7E	CCND2
MIRLET7A2	MIRLET7E	NUPL1
MIRLET7A2	MIRLET7E	FBXO6
MIRLET7A2	MIRLET7E	CDK13
MIRLET7A2	MIRLET7E	GPR63
MIRLET7A2	MIRLET7E	CALU
MIRLET7A2	MIRLET7E	FZD2
MIRLET7A2	MIRLET7E	SEC31A
MIRLET7A2	MIRLET7E	CUL2
MIRLET7A2	MIRLET7E	PDE4DIP
MIRLET7A2	MIRLET7E	CEP290
MIRLET7A2	MIRLET7E	ZNF451
MIRLET7A2	MIRLET7E	UBASH3B
MIRLET7A2	MIRLET7E	LCOR
MIRLET7A2	MIRLET7E	TAB2
MIRLET7A2	MIRLET7E	HIPK2
MIRLET7A2	MIRLET7E	MED19
MIRLET7A2	MIRLET7E	FBXL5
MIRLET7A2	MIRLET7E	DICER1
MIRLET7A2	MIRLET7E	GATM
MIRLET7A2	MIRLET7E	SIK1
MIRLET7A2	MIRLET7E	CBL
MIRLET7A2	MIRLET7E	STX3
MIRLET7A2	MIRLET7E	PARP1
MIRLET7A2	MIRLET7E	TPP2
MIRLET7A2	MIRLET7E	AP3M1
MIRLET7A2	MIRLET7E	MT-ND5
MIRLET7A2	MIRLET7E	TSC22D2
MIRLET7A2	MIRLET7E	HSP90B1
MIRLET7A2	MIRLET7E	PLEC
MIRLET7A2	MIRLET7E	GMFB
MIRLET7A2	MIRLET7E	ERCC6
MIRLET7A2	MIRLET7E	PTGS2
MIRLET7A2	MIRLET7E	DCP2
MIRLET7A2	MIRLET7E	FAM43A
MIRLET7A2	MIRLET7E	FUCA1
MIRLET7A2	MIRLET7E	VGLL3
MIRLET7A2	MIRLET7E	CRY2
MIRLET7A2	MIRLET7E	CCL7
MIRLET7A2	MIRLET7E	HIF1AN
MIRLET7A2	MIRLET7E	RAB11FIP2
MIRLET7A2	MIRLET7E	HOXA9
MIRLET7A2	MIRLET7E	SMARCC1
MIRLET7A2	MIRLET7E	MYCBP2
MIRLET7A2	MIRLET7E	DNASE1
MIRLET7A2	MIRLET7E	GLB1
MIRLET7A2	MIRLET7E	KMT2D
MIRLET7A2	MIRLET7E	ACBD5
MIRLET7A2	MIRLET7E	H2AFV
MIRLET7A2	MIRLET7E	PREX1
MIRLET7A2	MIRLET7E	DUSP5
MIRLET7A2	MIRLET7E	MDM4
MIRLET7A2	MIRLET7E	TUBB
MIRLET7A2	MIRLET7E	RC3H2
MIRLET7A2	MIRLET7E	WIPI2
MIRLET7A2	MIRLET7E	KLF10
MIRLET7A2	MIRLET7E	AGO1
MIRLET7A2	MIRLET7E	FBN1
MIRLET7A2	MIRLET7E	PFKFB3
MIRLET7C	MIRLET7E	ACTR3
MIRLET7C	MIRLET7E	PATL1
MIRLET7C	MIRLET7E	RBM19
MIRLET7C	MIRLET7E	MACC1
MIRLET7C	MIRLET7E	WSB1
MIRLET7C	MIRLET7E	FAR1
MIRLET7C	MIRLET7E	RNF44
MIRLET7C	MIRLET7E	LRP1
MIRLET7C	MIRLET7E	SKIL
MIRLET7C	MIRLET7E	YOD1
MIRLET7C	MIRLET7E	SH3TC1
MIRLET7C	MIRLET7E	SEMA4C
MIRLET7C	MIRLET7E	TNFSF9
MIRLET7C	MIRLET7E	RANBP2
MIRLET7C	MIRLET7E	MTMR9
MIRLET7C	MIRLET7E	C9orf64
MIRLET7C	MIRLET7E	NBEAL2
MIRLET7C	MIRLET7E	RHOBTB3
MIRLET7C	MIRLET7E	IGF1R
MIRLET7C	MIRLET7E	NR4A1
MIRLET7C	MIRLET7E	RAB3GAP2
MIRLET7C	MIRLET7E	TTC17
MIRLET7C	MIRLET7E	PBX3
MIRLET7C	MIRLET7E	ABT1
MIRLET7C	MIRLET7E	ZFHX2
MIRLET7C	MIRLET7E	MIB1
MIRLET7C	MIRLET7E	GPHN
MIRLET7C	MIRLET7E	NEK9
MIRLET7C	MIRLET7E	COQ10B
MIRLET7C	MIRLET7E	PRDM2
MIRLET7C	MIRLET7E	TLDC1
MIRLET7C	MIRLET7E	FAM222B
MIRLET7C	MIRLET7E	BRMS1L
MIRLET7C	MIRLET7E	STK4
MIRLET7C	MIRLET7E	C5orf51
MIRLET7C	MIRLET7E	KIF2A
MIRLET7C	MIRLET7E	MOB1A
MIRLET7C	MIRLET7E	RIMKLA
MIRLET7C	MIRLET7E	GPD2
MIRLET7C	MIRLET7E	COL4A2
MIRLET7C	MIRLET7E	WDR48
MIRLET7C	MIRLET7E	ADAM9
MIRLET7C	MIRLET7E	DHTKD1
MIRLET7C	MIRLET7E	TMEM194A
MIRLET7C	MIRLET7E	GLRX5
MIRLET7C	MIRLET7E	CLUH
MIRLET7C	MIRLET7E	HMGA2
MIRLET7C	MIRLET7E	POLR3D
MIRLET7C	MIRLET7E	ALDOA
MIRLET7C	MIRLET7E	ZNF121
MIRLET7C	MIRLET7E	SP1
MIRLET7C	MIRLET7E	PAPD4
MIRLET7C	MIRLET7E	TAF5L
MIRLET7C	MIRLET7E	CASP8AP2
MIRLET7C	MIRLET7E	TRAK1
MIRLET7C	MIRLET7E	NNT
MIRLET7C	MIRLET7E	NARF
MIRLET7C	MIRLET7E	MAPK6
MIRLET7C	MIRLET7E	SMC1A
MIRLET7C	MIRLET7E	ZNF644
MIRLET7C	MIRLET7E	CD80
MIRLET7C	MIRLET7E	HIVEP2
MIRLET7C	MIRLET7E	CTSA
MIRLET7C	MIRLET7E	PSMB2
MIRLET7C	MIRLET7E	CREB3L2
MIRLET7C	MIRLET7E	IKZF2
MIRLET7C	MIRLET7E	TSPYL1
MIRLET7C	MIRLET7E	THBS1
MIRLET7C	MIRLET7E	KDM6A
MIRLET7C	MIRLET7E	ZNF691
MIRLET7C	MIRLET7E	REV3L
MIRLET7C	MIRLET7E	NCKAP5L
MIRLET7C	MIRLET7E	NXF1
MIRLET7C	MIRLET7E	SENP5
MIRLET7C	MIRLET7E	ZBTB5
MIRLET7C	MIRLET7E	TSC1
MIRLET7C	MIRLET7E	MSH6
MIRLET7C	MIRLET7E	CCDC71L
MIRLET7C	MIRLET7E	STARD13
MIRLET7C	MIRLET7E	XRN1
MIRLET7C	MIRLET7E	NIPA1
MIRLET7C	MIRLET7E	UAP1
MIRLET7C	MIRLET7E	HMGCS1
MIRLET7C	MIRLET7E	SRGN
MIRLET7C	MIRLET7E	CLDN12
MIRLET7C	MIRLET7E	DYNC1H1
MIRLET7C	MIRLET7E	PPP1CA
MIRLET7C	MIRLET7E	ARHGEF7
MIRLET7C	MIRLET7E	NAA30
MIRLET7C	MIRLET7E	ABCF1
MIRLET7C	MIRLET7E	OXSR1
MIRLET7C	MIRLET7E	TRIM25
MIRLET7C	MIRLET7E	RNF111
MIRLET7C	MIRLET7E	PDCD4
MIRLET7C	MIRLET7E	EPG5
MIRLET7C	MIRLET7E	S100PBP
MIRLET7C	MIRLET7E	ITSN2
MIRLET7C	MIRLET7E	NCOR1
MIRLET7C	MIRLET7E	MTMR12
MIRLET7C	MIRLET7E	PRKAA1
MIRLET7C	MIRLET7E	EIF3D
MIRLET7C	MIRLET7E	SERPINH1
MIRLET7C	MIRLET7E	RNF167
MIRLET7C	MIRLET7E	ZNF852
MIRLET7C	MIRLET7E	CPEB4
MIRLET7C	MIRLET7E	DUSP4
MIRLET7C	MIRLET7E	BACH1
MIRLET7C	MIRLET7E	PDPR
MIRLET7C	MIRLET7E	NHLRC3
MIRLET7C	MIRLET7E	NAP1L1
MIRLET7C	MIRLET7E	LRBA
MIRLET7C	MIRLET7E	GNS
MIRLET7C	MIRLET7E	CBX5
MIRLET7C	MIRLET7E	STK40
MIRLET7C	MIRLET7E	SLC16A3
MIRLET7C	MIRLET7E	EHMT1
MIRLET7C	MIRLET7E	TET3
MIRLET7C	MIRLET7E	PEX11B
MIRLET7C	MIRLET7E	CNOT1
MIRLET7C	MIRLET7E	ZBTB32
MIRLET7C	MIRLET7E	GPR85
MIRLET7C	MIRLET7E	IGDCC4
MIRLET7C	MIRLET7E	MED13L
MIRLET7C	MIRLET7E	DST
MIRLET7C	MIRLET7E	EYA3
MIRLET7C	MIRLET7E	NDUFV3
MIRLET7C	MIRLET7E	ATP6V1G1
MIRLET7C	MIRLET7E	UBE2D3
MIRLET7C	MIRLET7E	ATP6V1C1
MIRLET7C	MIRLET7E	CNTRL
MIRLET7C	MIRLET7E	SERINC3
MIRLET7C	MIRLET7E	DUSP2
MIRLET7C	MIRLET7E	SLC30A7
MIRLET7C	MIRLET7E	MTMR14
MIRLET7C	MIRLET7E	IGF2BP1
MIRLET7C	MIRLET7E	CCND1
MIRLET7C	MIRLET7E	TGOLN2
MIRLET7C	MIRLET7E	TTLL11
MIRLET7C	MIRLET7E	RB1CC1
MIRLET7C	MIRLET7E	RBMS2
MIRLET7C	MIRLET7E	HTT
MIRLET7C	MIRLET7E	DIP2B
MIRLET7C	MIRLET7E	GNG5
MIRLET7C	MIRLET7E	UBE2K
MIRLET7C	MIRLET7E	OSGEPL1
MIRLET7C	MIRLET7E	ERO1L
MIRLET7C	MIRLET7E	DDX6
MIRLET7C	MIRLET7E	GARS
MIRLET7C	MIRLET7E	PNKD
MIRLET7C	MIRLET7E	RFTN1
MIRLET7C	MIRLET7E	TTI1
MIRLET7C	MIRLET7E	IFI44L
MIRLET7C	MIRLET7E	UBR2
MIRLET7C	MIRLET7E	YAP1
MIRLET7C	MIRLET7E	NT5C2
MIRLET7C	MIRLET7E	RDX
MIRLET7C	MIRLET7E	FADS3
MIRLET7C	MIRLET7E	PRKAB2
MIRLET7C	MIRLET7E	GEMIN4
MIRLET7C	MIRLET7E	KLHL24
MIRLET7C	MIRLET7E	FCHO2
MIRLET7C	MIRLET7E	RRM2
MIRLET7C	MIRLET7E	PXT1
MIRLET7C	MIRLET7E	CKAP4
MIRLET7C	MIRLET7E	FKBP3
MIRLET7C	MIRLET7E	TGFBR3
MIRLET7C	MIRLET7E	IRS2
MIRLET7C	MIRLET7E	MIEF1
MIRLET7C	MIRLET7E	IGF2BP2
MIRLET7C	MIRLET7E	LRIG3
MIRLET7C	MIRLET7E	MAP3K2
MIRLET7C	MIRLET7E	ZSWIM6
MIRLET7C	MIRLET7E	FNDC3A
MIRLET7C	MIRLET7E	MFI2
MIRLET7C	MIRLET7E	MAP2K4
MIRLET7C	MIRLET7E	MYO1E
MIRLET7C	MIRLET7E	PIEZO2
MIRLET7C	MIRLET7E	MLLT10
MIRLET7C	MIRLET7E	ZFHX4
MIRLET7C	MIRLET7E	ZDHHC6
MIRLET7C	MIRLET7E	FANCM
MIRLET7C	MIRLET7E	VEZT
MIRLET7C	MIRLET7E	TRIB1
MIRLET7C	MIRLET7E	SLCO5A1
MIRLET7C	MIRLET7E	PLEKHA8
MIRLET7C	MIRLET7E	ATP13A3
MIRLET7C	MIRLET7E	TRRAP
MIRLET7C	MIRLET7E	ARID3A
MIRLET7C	MIRLET7E	NFAT5
MIRLET7C	MIRLET7E	CCND2
MIRLET7C	MIRLET7E	NUPL1
MIRLET7C	MIRLET7E	FBXO6
MIRLET7C	MIRLET7E	CDK13
MIRLET7C	MIRLET7E	GPR63
MIRLET7C	MIRLET7E	CALU
MIRLET7C	MIRLET7E	FZD2
MIRLET7C	MIRLET7E	CUL2
MIRLET7C	MIRLET7E	MT-ND1
MIRLET7C	MIRLET7E	CEP290
MIRLET7C	MIRLET7E	ZNF451
MIRLET7C	MIRLET7E	UBASH3B
MIRLET7C	MIRLET7E	LCOR
MIRLET7C	MIRLET7E	TAB2
MIRLET7C	MIRLET7E	HIPK2
MIRLET7C	MIRLET7E	MED19
MIRLET7C	MIRLET7E	FBXL5
MIRLET7C	MIRLET7E	DICER1
MIRLET7C	MIRLET7E	MT-ATP6
MIRLET7C	MIRLET7E	SIK1
MIRLET7C	MIRLET7E	GATM
MIRLET7C	MIRLET7E	LY6K
MIRLET7C	MIRLET7E	STX3
MIRLET7C	MIRLET7E	PARP1
MIRLET7C	MIRLET7E	TPP2
MIRLET7C	MIRLET7E	CBL
MIRLET7C	MIRLET7E	NUP155
MIRLET7C	MIRLET7E	AP3M1
MIRLET7C	MIRLET7E	TSC22D2
MIRLET7C	MIRLET7E	HSP90B1
MIRLET7C	MIRLET7E	PLEC
MIRLET7C	MIRLET7E	GMFB
MIRLET7C	MIRLET7E	ERCC6
MIRLET7C	MIRLET7E	PTGS2
MIRLET7C	MIRLET7E	DCP2
MIRLET7C	MIRLET7E	FAM43A
MIRLET7C	MIRLET7E	FUCA1
MIRLET7C	MIRLET7E	KPNA5
MIRLET7C	MIRLET7E	VGLL3
MIRLET7C	MIRLET7E	CRY2
MIRLET7C	MIRLET7E	CCL7
MIRLET7C	MIRLET7E	HIF1AN
MIRLET7C	MIRLET7E	RAB11FIP2
MIRLET7C	MIRLET7E	HOXA9
MIRLET7C	MIRLET7E	SMARCC1
MIRLET7C	MIRLET7E	DNASE1
MIRLET7C	MIRLET7E	GLB1
MIRLET7C	MIRLET7E	KMT2D
MIRLET7C	MIRLET7E	ACBD5
MIRLET7C	MIRLET7E	H2AFV
MIRLET7C	MIRLET7E	PREX1
MIRLET7C	MIRLET7E	DUSP5
MIRLET7C	MIRLET7E	MDM4
MIRLET7C	MIRLET7E	RC3H2
MIRLET7C	MIRLET7E	KLF10
MIRLET7C	MIRLET7E	AGO1
MIRLET7C	MIRLET7E	FBN1
MIRLET7C	MIRLET7E	PFKFB3
MIRLET7D	MIRLET7G	PATL1
MIRLET7D	MIRLET7G	FNIP2
MIRLET7D	MIRLET7G	FAR1
MIRLET7D	MIRLET7G	RNFT1
MIRLET7D	MIRLET7G	SKIL
MIRLET7D	MIRLET7G	YOD1
MIRLET7D	MIRLET7G	SH3TC1
MIRLET7D	MIRLET7G	TNFSF9
MIRLET7D	MIRLET7G	ARID1B
MIRLET7D	MIRLET7G	RANBP2
MIRLET7D	MIRLET7G	CPD
MIRLET7D	MIRLET7G	TRIM32
MIRLET7D	MIRLET7G	NBEAL2
MIRLET7D	MIRLET7G	RHOBTB3
MIRLET7D	MIRLET7G	SLC2A3
MIRLET7D	MIRLET7G	IGF1R
MIRLET7D	MIRLET7G	FOXP1
MIRLET7D	MIRLET7G	RAB3GAP2
MIRLET7D	MIRLET7G	NR4A1
MIRLET7D	MIRLET7G	TTC17
MIRLET7D	MIRLET7G	ZFHX2
MIRLET7D	MIRLET7G	PBX3
MIRLET7D	MIRLET7G	MIB1
MIRLET7D	MIRLET7G	GPHN
MIRLET7D	MIRLET7G	SLC41A2
MIRLET7D	MIRLET7G	PDS5A
MIRLET7D	MIRLET7G	ALOX5
MIRLET7D	MIRLET7G	MAML3
MIRLET7D	MIRLET7G	BIRC3
MIRLET7D	MIRLET7G	PRDM2
MIRLET7D	MIRLET7G	KHSRP
MIRLET7D	MIRLET7G	JAK1
MIRLET7D	MIRLET7G	SLC5A6
MIRLET7D	MIRLET7G	FAM222B
MIRLET7D	MIRLET7G	C5orf51
MIRLET7D	MIRLET7G	BRWD1
MIRLET7D	MIRLET7G	RIMKLA
MIRLET7D	MIRLET7G	WDR48
MIRLET7D	MIRLET7G	BPTF
MIRLET7D	MIRLET7G	TMEM194A
MIRLET7D	MIRLET7G	TSC22D3
MIRLET7D	MIRLET7G	TP53INP1
MIRLET7D	MIRLET7G	HMGA2
MIRLET7D	MIRLET7G	ZFP36
MIRLET7D	MIRLET7G	RGS17
MIRLET7D	MIRLET7G	GGA3
MIRLET7D	MIRLET7G	EDEM3
MIRLET7D	MIRLET7G	PTPN6
MIRLET7D	MIRLET7G	PAPD4
MIRLET7D	MIRLET7G	SLC35D2
MIRLET7D	MIRLET7G	RBMS1
MIRLET7D	MIRLET7G	TAF5L
MIRLET7D	MIRLET7G	NUP153
MIRLET7D	MIRLET7G	TRAK1
MIRLET7D	MIRLET7G	NNT
MIRLET7D	MIRLET7G	PRKDC
MIRLET7D	MIRLET7G	MAPK6
MIRLET7D	MIRLET7G	MCL1
MIRLET7D	MIRLET7G	ZNF644
MIRLET7D	MIRLET7G	ATP6V1F
MIRLET7D	MIRLET7G	CELSR3
MIRLET7D	MIRLET7G	CD80
MIRLET7D	MIRLET7G	FARP2
MIRLET7D	MIRLET7G	ELK4
MIRLET7D	MIRLET7G	FYCO1
MIRLET7D	MIRLET7G	REV3L
MIRLET7D	MIRLET7G	MAP3K1
MIRLET7D	MIRLET7G	SLC4A5
MIRLET7D	MIRLET7G	LEPROT
MIRLET7D	MIRLET7G	ZBTB5
MIRLET7D	MIRLET7G	ZNF589
MIRLET7D	MIRLET7G	CCDC71L
MIRLET7D	MIRLET7G	NCOR2
MIRLET7D	MIRLET7G	NIPA1
MIRLET7D	MIRLET7G	ATP8B3
MIRLET7D	MIRLET7G	DOT1L
MIRLET7D	MIRLET7G	SLC43A3
MIRLET7D	MIRLET7G	TSPAN14
MIRLET7D	MIRLET7G	FIGN
MIRLET7D	MIRLET7G	SRGN
MIRLET7D	MIRLET7G	RBPJ
MIRLET7D	MIRLET7G	CLDN12
MIRLET7D	MIRLET7G	EIF4E2
MIRLET7D	MIRLET7G	CORO1C
MIRLET7D	MIRLET7G	DYNC1H1
MIRLET7D	MIRLET7G	WIPI1
MIRLET7D	MIRLET7G	RUFY3
MIRLET7D	MIRLET7G	PPP2CA
MIRLET7D	MIRLET7G	PRDM5
MIRLET7D	MIRLET7G	NAA30
MIRLET7D	MIRLET7G	PCGF3
MIRLET7D	MIRLET7G	BLNK
MIRLET7D	MIRLET7G	OXSR1
MIRLET7D	MIRLET7G	RNF111
MIRLET7D	MIRLET7G	NLK
MIRLET7D	MIRLET7G	ZNF792
MIRLET7D	MIRLET7G	XPR1
MIRLET7D	MIRLET7G	ITSN2
MIRLET7D	MIRLET7G	ZFR
MIRLET7D	MIRLET7G	ZNF516
MIRLET7D	MIRLET7G	SFSWAP
MIRLET7D	MIRLET7G	CTPS2
MIRLET7D	MIRLET7G	AEN
MIRLET7D	MIRLET7G	MARS2
MIRLET7D	MIRLET7G	BACH1
MIRLET7D	MIRLET7G	BIRC6
MIRLET7D	MIRLET7G	ZFYVE26
MIRLET7D	MIRLET7G	PDPR
MIRLET7D	MIRLET7G	NHLRC3
MIRLET7D	MIRLET7G	NAP1L1
MIRLET7D	MIRLET7G	LRBA
MIRLET7D	MIRLET7G	STK40
MIRLET7D	MIRLET7G	CBX5
MIRLET7D	MIRLET7G	EHMT1
MIRLET7D	MIRLET7G	SLC16A3
MIRLET7D	MIRLET7G	SOCS7
MIRLET7D	MIRLET7G	SLC19A2
MIRLET7D	MIRLET7G	PAPOLA
MIRLET7D	MIRLET7G	IGDCC4
MIRLET7D	MIRLET7G	MED13L
MIRLET7D	MIRLET7G	DST
MIRLET7D	MIRLET7G	AKR1A1
MIRLET7D	MIRLET7G	DUSP2
MIRLET7D	MIRLET7G	SLC30A7
MIRLET7D	MIRLET7G	JMJD1C
MIRLET7D	MIRLET7G	IGF2BP1
MIRLET7D	MIRLET7G	CCND1
MIRLET7D	MIRLET7G	VPS54
MIRLET7D	MIRLET7G	RB1CC1
MIRLET7D	MIRLET7G	GNG5
MIRLET7D	MIRLET7G	GOLT1B
MIRLET7D	MIRLET7G	ERO1L
MIRLET7D	MIRLET7G	DDX6
MIRLET7D	MIRLET7G	GARS
MIRLET7D	MIRLET7G	RFTN1
MIRLET7D	MIRLET7G	CCNJ
MIRLET7D	MIRLET7G	IFI44L
MIRLET7D	MIRLET7G	FADS3
MIRLET7D	MIRLET7G	RDX
MIRLET7D	MIRLET7G	FCHO2
MIRLET7D	MIRLET7G	PXT1
MIRLET7D	MIRLET7G	TGFBR3
MIRLET7D	MIRLET7G	SERTAD2
MIRLET7D	MIRLET7G	IRS2
MIRLET7D	MIRLET7G	BRAF
MIRLET7D	MIRLET7G	JUNB
MIRLET7D	MIRLET7G	MIEF1
MIRLET7D	MIRLET7G	COIL
MIRLET7D	MIRLET7G	LRIG3
MIRLET7D	MIRLET7G	FBXO22
MIRLET7D	MIRLET7G	MAP3K2
MIRLET7D	MIRLET7G	ZSWIM6
MIRLET7D	MIRLET7G	FNDC3A
MIRLET7D	MIRLET7G	CDV3
MIRLET7D	MIRLET7G	MFI2
MIRLET7D	MIRLET7G	GLS
MIRLET7D	MIRLET7G	MAP2K4
MIRLET7D	MIRLET7G	GPATCH8
MIRLET7D	MIRLET7G	INSR
MIRLET7D	MIRLET7G	RPAP1
MIRLET7D	MIRLET7G	VEZT
MIRLET7D	MIRLET7G	DPF2
MIRLET7D	MIRLET7G	SLCO5A1
MIRLET7D	MIRLET7G	TGFBR2
MIRLET7D	MIRLET7G	PLEKHA8
MIRLET7D	MIRLET7G	ATP13A3
MIRLET7D	MIRLET7G	ARID3A
MIRLET7D	MIRLET7G	NFAT5
MIRLET7D	MIRLET7G	HOMER2
MIRLET7D	MIRLET7G	NUPL1
MIRLET7D	MIRLET7G	PHF19
MIRLET7D	MIRLET7G	GPR63
MIRLET7D	MIRLET7G	MAGI2
MIRLET7D	MIRLET7G	TMEM132B
MIRLET7D	MIRLET7G	ITGAV
MIRLET7D	MIRLET7G	CEP290
MIRLET7D	MIRLET7G	RBM27
MIRLET7D	MIRLET7G	CADM1
MIRLET7D	MIRLET7G	COL1A1
MIRLET7D	MIRLET7G	CRYBG3
MIRLET7D	MIRLET7G	ZNF451
MIRLET7D	MIRLET7G	TAB2
MIRLET7D	MIRLET7G	TJP1
MIRLET7D	MIRLET7G	DICER1
MIRLET7D	MIRLET7G	STARD7
MIRLET7D	MIRLET7G	ARHGAP28
MIRLET7D	MIRLET7G	GATM
MIRLET7D	MIRLET7G	STX3
MIRLET7D	MIRLET7G	WDR81
MIRLET7D	MIRLET7G	TPP2
MIRLET7D	MIRLET7G	USP10
MIRLET7D	MIRLET7G	AP3M1
MIRLET7D	MIRLET7G	TNFRSF11A
MIRLET7D	MIRLET7G	ERCC6
MIRLET7D	MIRLET7G	SNRNP200
MIRLET7D	MIRLET7G	KPNA5
MIRLET7D	MIRLET7G	FUCA1
MIRLET7D	MIRLET7G	CRY2
MIRLET7D	MIRLET7G	HIF1AN
MIRLET7D	MIRLET7G	SMARCC1
MIRLET7D	MIRLET7G	DLGAP4
MIRLET7D	MIRLET7G	MYCBP2
MIRLET7D	MIRLET7G	PSME4
MIRLET7D	MIRLET7G	LDB2
MIRLET7D	MIRLET7G	HUWE1
MIRLET7D	MIRLET7G	XKR7
MIRLET7D	MIRLET7G	KMT2D
MIRLET7D	MIRLET7G	PREX1
MIRLET7D	MIRLET7G	PPP4C
MIRLET7D	MIRLET7G	MDM4
MIRLET7D	MIRLET7G	KLF10
MIRLET7D	MIRLET7G	HOOK1
MIRLET7D	MIRLET7G	FBN1
MIRLET7D	MIRLET7G	PPP1R15B
MIRLET7D	MIRLET7G	MTUS2
MIRLET7D	MIRLET7I	PATL1
MIRLET7D	MIRLET7I	FNIP2
MIRLET7D	MIRLET7I	FAR1
MIRLET7D	MIRLET7I	RNFT1
MIRLET7D	MIRLET7I	SKIL
MIRLET7D	MIRLET7I	YOD1
MIRLET7D	MIRLET7I	SH3TC1
MIRLET7D	MIRLET7I	TNFSF9
MIRLET7D	MIRLET7I	ARID1B
MIRLET7D	MIRLET7I	RANBP2
MIRLET7D	MIRLET7I	CPD
MIRLET7D	MIRLET7I	TRIM32
MIRLET7D	MIRLET7I	NBEAL2
MIRLET7D	MIRLET7I	RHOBTB3
MIRLET7D	MIRLET7I	IGF1R
MIRLET7D	MIRLET7I	FOXP1
MIRLET7D	MIRLET7I	RAB3GAP2
MIRLET7D	MIRLET7I	NR4A1
MIRLET7D	MIRLET7I	TTC17
MIRLET7D	MIRLET7I	ZFHX2
MIRLET7D	MIRLET7I	PBX3
MIRLET7D	MIRLET7I	MIB1
MIRLET7D	MIRLET7I	GPHN
MIRLET7D	MIRLET7I	SLC41A2
MIRLET7D	MIRLET7I	PDS5A
MIRLET7D	MIRLET7I	ALOX5
MIRLET7D	MIRLET7I	MAML3
MIRLET7D	MIRLET7I	BIRC3
MIRLET7D	MIRLET7I	PRDM2
MIRLET7D	MIRLET7I	KHSRP
MIRLET7D	MIRLET7I	JAK1
MIRLET7D	MIRLET7I	SLC5A6
MIRLET7D	MIRLET7I	FAM222B
MIRLET7D	MIRLET7I	C5orf51
MIRLET7D	MIRLET7I	MYO5A
MIRLET7D	MIRLET7I	BRWD1
MIRLET7D	MIRLET7I	RIMKLA
MIRLET7D	MIRLET7I	WDR48
MIRLET7D	MIRLET7I	BPTF
MIRLET7D	MIRLET7I	TMEM194A
MIRLET7D	MIRLET7I	TSC22D3
MIRLET7D	MIRLET7I	HMGA2
MIRLET7D	MIRLET7I	ZFP36
MIRLET7D	MIRLET7I	RGS17
MIRLET7D	MIRLET7I	EDEM3
MIRLET7D	MIRLET7I	GGA3
MIRLET7D	MIRLET7I	PLAGL2
MIRLET7D	MIRLET7I	PTPN6
MIRLET7D	MIRLET7I	PAPD4
MIRLET7D	MIRLET7I	SLC35D2
MIRLET7D	MIRLET7I	RBMS1
MIRLET7D	MIRLET7I	TAF5L
MIRLET7D	MIRLET7I	NUP153
MIRLET7D	MIRLET7I	TRAK1
MIRLET7D	MIRLET7I	NNT
MIRLET7D	MIRLET7I	MAPK6
MIRLET7D	MIRLET7I	ZNF644
MIRLET7D	MIRLET7I	CELSR3
MIRLET7D	MIRLET7I	CD80
MIRLET7D	MIRLET7I	FARP2
MIRLET7D	MIRLET7I	ELK4
MIRLET7D	MIRLET7I	REV3L
MIRLET7D	MIRLET7I	MAP3K1
MIRLET7D	MIRLET7I	SLC4A5
MIRLET7D	MIRLET7I	LEPROT
MIRLET7D	MIRLET7I	ZBTB5
MIRLET7D	MIRLET7I	ZNF589
MIRLET7D	MIRLET7I	CCDC71L
MIRLET7D	MIRLET7I	NCOR2
MIRLET7D	MIRLET7I	NIPA1
MIRLET7D	MIRLET7I	ATP8B3
MIRLET7D	MIRLET7I	SLC43A3
MIRLET7D	MIRLET7I	TSPAN14
MIRLET7D	MIRLET7I	FIGN
MIRLET7D	MIRLET7I	SRGN
MIRLET7D	MIRLET7I	RBPJ
MIRLET7D	MIRLET7I	CLDN12
MIRLET7D	MIRLET7I	EIF4E2
MIRLET7D	MIRLET7I	DYNC1H1
MIRLET7D	MIRLET7I	WIPI1
MIRLET7D	MIRLET7I	RUFY3
MIRLET7D	MIRLET7I	PPP2CA
MIRLET7D	MIRLET7I	PRDM5
MIRLET7D	MIRLET7I	NAA30
MIRLET7D	MIRLET7I	PCGF3
MIRLET7D	MIRLET7I	OXSR1
MIRLET7D	MIRLET7I	RNF111
MIRLET7D	MIRLET7I	NLK
MIRLET7D	MIRLET7I	ZNF792
MIRLET7D	MIRLET7I	XPR1
MIRLET7D	MIRLET7I	ITSN2
MIRLET7D	MIRLET7I	ZFR
MIRLET7D	MIRLET7I	ZNF516
MIRLET7D	MIRLET7I	SFSWAP
MIRLET7D	MIRLET7I	CTPS2
MIRLET7D	MIRLET7I	AEN
MIRLET7D	MIRLET7I	MARS2
MIRLET7D	MIRLET7I	ETS1
MIRLET7D	MIRLET7I	BACH1
MIRLET7D	MIRLET7I	PPP2CB
MIRLET7D	MIRLET7I	ZFYVE26
MIRLET7D	MIRLET7I	PDPR
MIRLET7D	MIRLET7I	NHLRC3
MIRLET7D	MIRLET7I	NAP1L1
MIRLET7D	MIRLET7I	LRBA
MIRLET7D	MIRLET7I	STK40
MIRLET7D	MIRLET7I	CBX5
MIRLET7D	MIRLET7I	EHMT1
MIRLET7D	MIRLET7I	SLC16A3
MIRLET7D	MIRLET7I	SOCS7
MIRLET7D	MIRLET7I	SLC19A2
MIRLET7D	MIRLET7I	PAPOLA
MIRLET7D	MIRLET7I	IGDCC4
MIRLET7D	MIRLET7I	MED13L
MIRLET7D	MIRLET7I	DST
MIRLET7D	MIRLET7I	AKR1A1
MIRLET7D	MIRLET7I	DUSP2
MIRLET7D	MIRLET7I	SLC30A7
MIRLET7D	MIRLET7I	IGF2BP1
MIRLET7D	MIRLET7I	CCND1
MIRLET7D	MIRLET7I	VPS54
MIRLET7D	MIRLET7I	GNG5
MIRLET7D	MIRLET7I	GOLT1B
MIRLET7D	MIRLET7I	GARS
MIRLET7D	MIRLET7I	DDX6
MIRLET7D	MIRLET7I	RFTN1
MIRLET7D	MIRLET7I	CCNJ
MIRLET7D	MIRLET7I	IFI44L
MIRLET7D	MIRLET7I	RDX
MIRLET7D	MIRLET7I	FCHO2
MIRLET7D	MIRLET7I	PXT1
MIRLET7D	MIRLET7I	RHOB
MIRLET7D	MIRLET7I	TGFBR3
MIRLET7D	MIRLET7I	SERTAD2
MIRLET7D	MIRLET7I	IRS2
MIRLET7D	MIRLET7I	BRAF
MIRLET7D	MIRLET7I	MIEF1
MIRLET7D	MIRLET7I	COIL
MIRLET7D	MIRLET7I	LRIG3
MIRLET7D	MIRLET7I	FBXO22
MIRLET7D	MIRLET7I	MAP3K2
MIRLET7D	MIRLET7I	ZSWIM6
MIRLET7D	MIRLET7I	FNDC3A
MIRLET7D	MIRLET7I	MLXIP
MIRLET7D	MIRLET7I	CDV3
MIRLET7D	MIRLET7I	MFI2
MIRLET7D	MIRLET7I	GLS
MIRLET7D	MIRLET7I	MAP2K4
MIRLET7D	MIRLET7I	GPATCH8
MIRLET7D	MIRLET7I	INSR
MIRLET7D	MIRLET7I	RPAP1
MIRLET7D	MIRLET7I	KDM5B
MIRLET7D	MIRLET7I	VEZT
MIRLET7D	MIRLET7I	DPF2
MIRLET7D	MIRLET7I	SLCO5A1
MIRLET7D	MIRLET7I	PLEKHA8
MIRLET7D	MIRLET7I	ATP13A3
MIRLET7D	MIRLET7I	ARID3A
MIRLET7D	MIRLET7I	NFAT5
MIRLET7D	MIRLET7I	HOMER2
MIRLET7D	MIRLET7I	NUPL1
MIRLET7D	MIRLET7I	PHF19
MIRLET7D	MIRLET7I	GPR63
MIRLET7D	MIRLET7I	MAGI2
MIRLET7D	MIRLET7I	TMEM132B
MIRLET7D	MIRLET7I	ITGAV
MIRLET7D	MIRLET7I	CEP290
MIRLET7D	MIRLET7I	ZNF451
MIRLET7D	MIRLET7I	COL1A1
MIRLET7D	MIRLET7I	CRYBG3
MIRLET7D	MIRLET7I	TAB2
MIRLET7D	MIRLET7I	LIMD1
MIRLET7D	MIRLET7I	DICER1
MIRLET7D	MIRLET7I	ARHGAP28
MIRLET7D	MIRLET7I	GATM
MIRLET7D	MIRLET7I	STX3
MIRLET7D	MIRLET7I	WDR81
MIRLET7D	MIRLET7I	TPP2
MIRLET7D	MIRLET7I	USP10
MIRLET7D	MIRLET7I	AP3M1
MIRLET7D	MIRLET7I	TNFRSF11A
MIRLET7D	MIRLET7I	ERCC6
MIRLET7D	MIRLET7I	SNRNP200
MIRLET7D	MIRLET7I	KPNA5
MIRLET7D	MIRLET7I	FUCA1
MIRLET7D	MIRLET7I	CRY2
MIRLET7D	MIRLET7I	HIF1AN
MIRLET7D	MIRLET7I	SMARCC1
MIRLET7D	MIRLET7I	DLGAP4
MIRLET7D	MIRLET7I	MYCBP2
MIRLET7D	MIRLET7I	LDB2
MIRLET7D	MIRLET7I	HUWE1
MIRLET7D	MIRLET7I	XKR7
MIRLET7D	MIRLET7I	KMT2D
MIRLET7D	MIRLET7I	PREX1
MIRLET7D	MIRLET7I	PPP4C
MIRLET7D	MIRLET7I	MDM4
MIRLET7D	MIRLET7I	KLF10
MIRLET7D	MIRLET7I	HOOK1
MIRLET7D	MIRLET7I	FBN1
MIRLET7D	MIRLET7I	PPP1R15B
MIRLET7D	MIRLET7I	MTUS2
MIRLET7G	MIRLET7I	PLCB4
MIRLET7G	MIRLET7I	RNF44
MIRLET7G	MIRLET7I	H1FX
MIRLET7G	MIRLET7I	LRP1
MIRLET7G	MIRLET7I	RNFT1
MIRLET7G	MIRLET7I	RANBP2
MIRLET7G	MIRLET7I	FOXP1
MIRLET7G	MIRLET7I	NR4A1
MIRLET7G	MIRLET7I	RAB3GAP2
MIRLET7G	MIRLET7I	TTC17
MIRLET7G	MIRLET7I	ABT1
MIRLET7G	MIRLET7I	ZFHX2
MIRLET7G	MIRLET7I	SLC41A2
MIRLET7G	MIRLET7I	MAML3
MIRLET7G	MIRLET7I	PRDM2
MIRLET7G	MIRLET7I	BRMS1L
MIRLET7G	MIRLET7I	STK4
MIRLET7G	MIRLET7I	ADAM9
MIRLET7G	MIRLET7I	DHTKD1
MIRLET7G	MIRLET7I	TMEM194A
MIRLET7G	MIRLET7I	HMGA2
MIRLET7G	MIRLET7I	POLR3D
MIRLET7G	MIRLET7I	RPUSD3
MIRLET7G	MIRLET7I	SLC35D2
MIRLET7G	MIRLET7I	TMEM189-UBE2V1
MIRLET7G	MIRLET7I	RBMS1
MIRLET7G	MIRLET7I	NNT
MIRLET7G	MIRLET7I	ATP2A2
MIRLET7G	MIRLET7I	DDHD1
MIRLET7G	MIRLET7I	CXXC5
MIRLET7G	MIRLET7I	REV3L
MIRLET7G	MIRLET7I	MAP3K1
MIRLET7G	MIRLET7I	SLC4A5
MIRLET7G	MIRLET7I	ROGDI
MIRLET7G	MIRLET7I	SENP5
MIRLET7G	MIRLET7I	ZBTB5
MIRLET7G	MIRLET7I	XPO1
MIRLET7G	MIRLET7I	STARD13
MIRLET7G	MIRLET7I	NIPA1
MIRLET7G	MIRLET7I	SLC43A3
MIRLET7G	MIRLET7I	HMGCS1
MIRLET7G	MIRLET7I	FIGN
MIRLET7G	MIRLET7I	SRGN
MIRLET7G	MIRLET7I	TSPAN14
MIRLET7G	MIRLET7I	ARHGEF7
MIRLET7G	MIRLET7I	MED12
MIRLET7G	MIRLET7I	RNF217
MIRLET7G	MIRLET7I	PRDM5
MIRLET7G	MIRLET7I	OXSR1
MIRLET7G	MIRLET7I	XPR1
MIRLET7G	MIRLET7I	ITSN2
MIRLET7G	MIRLET7I	EIF3D
MIRLET7G	MIRLET7I	SERPINH1
MIRLET7G	MIRLET7I	KDM6B
MIRLET7G	MIRLET7I	PDPR
MIRLET7G	MIRLET7I	NHLRC3
MIRLET7G	MIRLET7I	CDKN1A
MIRLET7G	MIRLET7I	KIF5C
MIRLET7G	MIRLET7I	CNOT1
MIRLET7G	MIRLET7I	ATP6V1C1
MIRLET7G	MIRLET7I	TGOLN2
MIRLET7G	MIRLET7I	RBMS2
MIRLET7G	MIRLET7I	OSGEPL1
MIRLET7G	MIRLET7I	UBR2
MIRLET7G	MIRLET7I	YAP1
MIRLET7G	MIRLET7I	YTHDC2
MIRLET7G	MIRLET7I	FCHO2
MIRLET7G	MIRLET7I	PXT1
MIRLET7G	MIRLET7I	SOX5
MIRLET7G	MIRLET7I	BRAF
MIRLET7G	MIRLET7I	MED6
MIRLET7G	MIRLET7I	LRIG3
MIRLET7G	MIRLET7I	MFI2
MIRLET7G	MIRLET7I	MLLT10
MIRLET7G	MIRLET7I	PIEZO2
MIRLET7G	MIRLET7I	ACVR1C
MIRLET7G	MIRLET7I	SERPINA3
MIRLET7G	MIRLET7I	DPH3
MIRLET7G	MIRLET7I	MAGI2
MIRLET7G	MIRLET7I	ITGAV
MIRLET7G	MIRLET7I	CEP290
MIRLET7G	MIRLET7I	COL1A1
MIRLET7G	MIRLET7I	PCM1
MIRLET7G	MIRLET7I	KMT2B
MIRLET7G	MIRLET7I	SIK1
MIRLET7G	MIRLET7I	USP10
MIRLET7G	MIRLET7I	AP3M1
MIRLET7G	MIRLET7I	FLCN
MIRLET7G	MIRLET7I	CRY2
MIRLET7G	MIRLET7I	CCL7
MIRLET7G	MIRLET7I	DLGAP4
MIRLET7G	MIRLET7I	MYCBP2
MIRLET7G	MIRLET7I	XKR7
MIRLET7G	MIRLET7I	GLB1
MIRLET7G	MIRLET7I	TGIF1
MIRLET7G	MIRLET7I	ACBD5
MIRLET7G	MIRLET7I	EIF2AK1
MIRLET7G	MIRLET7I	RC3H2
MIRLET7G	MIRLET7I	COPB2
MIRLET7G	MIRLET7I	PFKFB3
MIRLET7G	MIRLET7I	FNIP2
MIRLET7G	MIRLET7I	RBM19
MIRLET7G	MIRLET7I	WSB1
MIRLET7G	MIRLET7I	YOD1
MIRLET7G	MIRLET7I	SEMA4C
MIRLET7G	MIRLET7I	FBXL14
MIRLET7G	MIRLET7I	MTMR9
MIRLET7G	MIRLET7I	CHST3
MIRLET7G	MIRLET7I	RHOBTB3
MIRLET7G	MIRLET7I	LEPROTL1
MIRLET7G	MIRLET7I	PBX3
MIRLET7G	MIRLET7I	TAB3
MIRLET7G	MIRLET7I	NEK9
MIRLET7G	MIRLET7I	SYT16
MIRLET7G	MIRLET7I	FAM222B
MIRLET7G	MIRLET7I	RTKN
MIRLET7G	MIRLET7I	SYNJ2
MIRLET7G	MIRLET7I	GPD2
MIRLET7G	MIRLET7I	WDR48
MIRLET7G	MIRLET7I	GLRX5
MIRLET7G	MIRLET7I	CLUH
MIRLET7G	MIRLET7I	RGS17
MIRLET7G	MIRLET7I	ZNF121
MIRLET7G	MIRLET7I	SP1
MIRLET7G	MIRLET7I	IL6R
MIRLET7G	MIRLET7I	EIF4EBP2
MIRLET7G	MIRLET7I	LRGUK
MIRLET7G	MIRLET7I	ZNF217
MIRLET7G	MIRLET7I	MCM3AP
MIRLET7G	MIRLET7I	CHD9
MIRLET7G	MIRLET7I	FAM35A
MIRLET7G	MIRLET7I	SMC1A
MIRLET7G	MIRLET7I	ZNF644
MIRLET7G	MIRLET7I	THBS1
MIRLET7G	MIRLET7I	NCKAP5L
MIRLET7G	MIRLET7I	NXF1
MIRLET7G	MIRLET7I	BMP5
MIRLET7G	MIRLET7I	RAP1GDS1
MIRLET7G	MIRLET7I	FBXO11
MIRLET7G	MIRLET7I	EIF2AK4
MIRLET7G	MIRLET7I	PPP1CA
MIRLET7G	MIRLET7I	WIPI1
MIRLET7G	MIRLET7I	RUFY3
MIRLET7G	MIRLET7I	P4HA2
MIRLET7G	MIRLET7I	PPP2CA
MIRLET7G	MIRLET7I	ABCF1
MIRLET7G	MIRLET7I	ZNF792
MIRLET7G	MIRLET7I	ZFHX3
MIRLET7G	MIRLET7I	MAVS
MIRLET7G	MIRLET7I	AEN
MIRLET7G	MIRLET7I	ZNF852
MIRLET7G	MIRLET7I	MARS2
MIRLET7G	MIRLET7I	CPEB4
MIRLET7G	MIRLET7I	LRBA
MIRLET7G	MIRLET7I	PEX11B
MIRLET7G	MIRLET7I	PAPOLA
MIRLET7G	MIRLET7I	MUC16
MIRLET7G	MIRLET7I	AKR1A1
MIRLET7G	MIRLET7I	ATP6V1G1
MIRLET7G	MIRLET7I	UBE2D3
MIRLET7G	MIRLET7I	CNTRL
MIRLET7G	MIRLET7I	FLII
MIRLET7G	MIRLET7I	SERINC3
MIRLET7G	MIRLET7I	SLC30A7
MIRLET7G	MIRLET7I	MTMR14
MIRLET7G	MIRLET7I	TMPRSS2
MIRLET7G	MIRLET7I	TTLL11
MIRLET7G	MIRLET7I	USP47
MIRLET7G	MIRLET7I	SF3B1
MIRLET7G	MIRLET7I	GARS
MIRLET7G	MIRLET7I	DDX6
MIRLET7G	MIRLET7I	PNKD
MIRLET7G	MIRLET7I	NT5C2
MIRLET7G	MIRLET7I	ANKRD52
MIRLET7G	MIRLET7I	RDX
MIRLET7G	MIRLET7I	GEMIN4
MIRLET7G	MIRLET7I	PTPN14
MIRLET7G	MIRLET7I	MIEF1
MIRLET7G	MIRLET7I	COIL
MIRLET7G	MIRLET7I	BBX
MIRLET7G	MIRLET7I	CNKSR3
MIRLET7G	MIRLET7I	FBXO22
MIRLET7G	MIRLET7I	KPNA2
MIRLET7G	MIRLET7I	MAP3K2
MIRLET7G	MIRLET7I	ZSWIM6
MIRLET7G	MIRLET7I	C16orf72
MIRLET7G	MIRLET7I	ABCA2
MIRLET7G	MIRLET7I	TNFSF10
MIRLET7G	MIRLET7I	ZDHHC6
MIRLET7G	MIRLET7I	INSR
MIRLET7G	MIRLET7I	CCND2
MIRLET7G	MIRLET7I	MYCBP
MIRLET7G	MIRLET7I	NUPL1
MIRLET7G	MIRLET7I	FBXO6
MIRLET7G	MIRLET7I	CDK13
MIRLET7G	MIRLET7I	FZD2
MIRLET7G	MIRLET7I	WDR37
MIRLET7G	MIRLET7I	MED19
MIRLET7G	MIRLET7I	STX3
MIRLET7G	MIRLET7I	PARP1
MIRLET7G	MIRLET7I	WDR81
MIRLET7G	MIRLET7I	SLC37A4
MIRLET7G	MIRLET7I	TSC22D2
MIRLET7G	MIRLET7I	ERCC6
MIRLET7G	MIRLET7I	PTGS2
MIRLET7G	MIRLET7I	RAB11FIP2
MIRLET7G	MIRLET7I	HOXA9
MIRLET7G	MIRLET7I	SMARCC1
MIRLET7G	MIRLET7I	LDB2
MIRLET7G	MIRLET7I	KMT2D
MIRLET7G	MIRLET7I	H2AFV
MIRLET7G	MIRLET7I	FAM13A
MIRLET7G	MIRLET7I	ENSG00000255103
MIRLET7G	MIRLET7I	PKD1
MIRLET7G	MIRLET7I	KLF10
MIRLET7G	MIRLET7I	FBN1
MIRLET7G	MIRLET7I	ACTR3
MIRLET7G	MIRLET7I	PATL1
MIRLET7G	MIRLET7I	SKIL
MIRLET7G	MIRLET7I	SH3TC1
MIRLET7G	MIRLET7I	CPD
MIRLET7G	MIRLET7I	PPP2R5D
MIRLET7G	MIRLET7I	TRIM32
MIRLET7G	MIRLET7I	IGF1R
MIRLET7G	MIRLET7I	MIB1
MIRLET7G	MIRLET7I	GPHN
MIRLET7G	MIRLET7I	PDS5A
MIRLET7G	MIRLET7I	ALOX5
MIRLET7G	MIRLET7I	PLD3
MIRLET7G	MIRLET7I	BIRC3
MIRLET7G	MIRLET7I	COQ10B
MIRLET7G	MIRLET7I	KHSRP
MIRLET7G	MIRLET7I	JAK1
MIRLET7G	MIRLET7I	C5orf51
MIRLET7G	MIRLET7I	KIF2A
MIRLET7G	MIRLET7I	BPTF
MIRLET7G	MIRLET7I	RBPMS
MIRLET7G	MIRLET7I	TSC22D3
MIRLET7G	MIRLET7I	MBTPS2
MIRLET7G	MIRLET7I	TRAPPC1
MIRLET7G	MIRLET7I	PAPD4
MIRLET7G	MIRLET7I	TAF5L
MIRLET7G	MIRLET7I	NUP153
MIRLET7G	MIRLET7I	MAPK6
MIRLET7G	MIRLET7I	CD80
MIRLET7G	MIRLET7I	HIVEP2
MIRLET7G	MIRLET7I	IKZF2
MIRLET7G	MIRLET7I	BCKDK
MIRLET7G	MIRLET7I	STAT3
MIRLET7G	MIRLET7I	RICTOR
MIRLET7G	MIRLET7I	KDM6A
MIRLET7G	MIRLET7I	LPGAT1
MIRLET7G	MIRLET7I	LEPROT
MIRLET7G	MIRLET7I	MSH6
MIRLET7G	MIRLET7I	CCDC71L
MIRLET7G	MIRLET7I	ATP8B3
MIRLET7G	MIRLET7I	RBPJ
MIRLET7G	MIRLET7I	FZD3
MIRLET7G	MIRLET7I	NAA30
MIRLET7G	MIRLET7I	PCGF3
MIRLET7G	MIRLET7I	PDCD4
MIRLET7G	MIRLET7I	NLK
MIRLET7G	MIRLET7I	S100PBP
MIRLET7G	MIRLET7I	NCOR1
MIRLET7G	MIRLET7I	TPR
MIRLET7G	MIRLET7I	MTMR12
MIRLET7G	MIRLET7I	ZFR
MIRLET7G	MIRLET7I	RNF167
MIRLET7G	MIRLET7I	ZFYVE26
MIRLET7G	MIRLET7I	EP400
MIRLET7G	MIRLET7I	CBX5
MIRLET7G	MIRLET7I	SLC16A3
MIRLET7G	MIRLET7I	SOCS7
MIRLET7G	MIRLET7I	GPR85
MIRLET7G	MIRLET7I	IGDCC4
MIRLET7G	MIRLET7I	MED13L
MIRLET7G	MIRLET7I	DST
MIRLET7G	MIRLET7I	IGF2BP1
MIRLET7G	MIRLET7I	CCND1
MIRLET7G	MIRLET7I	GNG5
MIRLET7G	MIRLET7I	IFI44L
MIRLET7G	MIRLET7I	PIGM
MIRLET7G	MIRLET7I	RRM2
MIRLET7G	MIRLET7I	CKAP4
MIRLET7G	MIRLET7I	IRS2
MIRLET7G	MIRLET7I	JAM3
MIRLET7G	MIRLET7I	IGF2BP2
MIRLET7G	MIRLET7I	FNDC3A
MIRLET7G	MIRLET7I	CDV3
MIRLET7G	MIRLET7I	PRDM4
MIRLET7G	MIRLET7I	QARS
MIRLET7G	MIRLET7I	C14orf166
MIRLET7G	MIRLET7I	TNFAIP1
MIRLET7G	MIRLET7I	GPATCH8
MIRLET7G	MIRLET7I	INPP5F
MIRLET7G	MIRLET7I	ZFHX4
MIRLET7G	MIRLET7I	VEZT
MIRLET7G	MIRLET7I	DPF2
MIRLET7G	MIRLET7I	PLEKHA8
MIRLET7G	MIRLET7I	ATP13A3
MIRLET7G	MIRLET7I	TRRAP
MIRLET7G	MIRLET7I	PHF19
MIRLET7G	MIRLET7I	GPR63
MIRLET7G	MIRLET7I	CALU
MIRLET7G	MIRLET7I	TMEM132B
MIRLET7G	MIRLET7I	CNOT7
MIRLET7G	MIRLET7I	CUL2
MIRLET7G	MIRLET7I	PDE4DIP
MIRLET7G	MIRLET7I	WASF2
MIRLET7G	MIRLET7I	CRYBG3
MIRLET7G	MIRLET7I	ZNF451
MIRLET7G	MIRLET7I	TBC1D9
MIRLET7G	MIRLET7I	HIPK2
MIRLET7G	MIRLET7I	ARHGAP28
MIRLET7G	MIRLET7I	GATM
MIRLET7G	MIRLET7I	TPP2
MIRLET7G	MIRLET7I	NUP155
MIRLET7G	MIRLET7I	DROSHA
MIRLET7G	MIRLET7I	TIA1
MIRLET7G	MIRLET7I	HSP90B1
MIRLET7G	MIRLET7I	PLEC
MIRLET7G	MIRLET7I	TNFRSF11A
MIRLET7G	MIRLET7I	SEC16A
MIRLET7G	MIRLET7I	DCP2
MIRLET7G	MIRLET7I	FAM43A
MIRLET7G	MIRLET7I	FUCA1
MIRLET7G	MIRLET7I	HIF1AN
MIRLET7G	MIRLET7I	HUWE1
MIRLET7G	MIRLET7I	PREX1
MIRLET7G	MIRLET7I	DUSP5
MIRLET7G	MIRLET7I	B3GNT1
MIRLET7G	MIRLET7I	MDM4
MIRLET7G	MIRLET7I	PPP4C
MIRLET7G	MIRLET7I	FARP2
MIRLET7G	MIRLET7I	PHLDB2
MIRLET7G	MIRLET7I	MTUS2
MIRLET7G	MIRLET7I	MACC1
MIRLET7G	MIRLET7I	FAR1
MIRLET7G	MIRLET7I	LARP1
MIRLET7G	MIRLET7I	SLC31A1
MIRLET7G	MIRLET7I	TNFSF9
MIRLET7G	MIRLET7I	ARID1B
MIRLET7G	MIRLET7I	CLASP1
MIRLET7G	MIRLET7I	SYNCRIP
MIRLET7G	MIRLET7I	NBEAL2
MIRLET7G	MIRLET7I	ATG16L1
MIRLET7G	MIRLET7I	VPS13C
MIRLET7G	MIRLET7I	SLC5A6
MIRLET7G	MIRLET7I	TLDC1
MIRLET7G	MIRLET7I	BRWD1
MIRLET7G	MIRLET7I	MOB1A
MIRLET7G	MIRLET7I	RALY
MIRLET7G	MIRLET7I	RIMKLA
MIRLET7G	MIRLET7I	KLHL42
MIRLET7G	MIRLET7I	ANP32E
MIRLET7G	MIRLET7I	STAMBP
MIRLET7G	MIRLET7I	ZFP36
MIRLET7G	MIRLET7I	ALDOA
MIRLET7G	MIRLET7I	C15orf39
MIRLET7G	MIRLET7I	EDEM3
MIRLET7G	MIRLET7I	GGA3
MIRLET7G	MIRLET7I	PTPN6
MIRLET7G	MIRLET7I	TRAK1
MIRLET7G	MIRLET7I	NARF
MIRLET7G	MIRLET7I	CELSR3
MIRLET7G	MIRLET7I	CTSA
MIRLET7G	MIRLET7I	IRGQ
MIRLET7G	MIRLET7I	ELK4
MIRLET7G	MIRLET7I	TSPYL1
MIRLET7G	MIRLET7I	ZNF691
MIRLET7G	MIRLET7I	TSC1
MIRLET7G	MIRLET7I	ZNF589
MIRLET7G	MIRLET7I	UBE2G2
MIRLET7G	MIRLET7I	CNOT11
MIRLET7G	MIRLET7I	IFITM10
MIRLET7G	MIRLET7I	PARD3
MIRLET7G	MIRLET7I	NCOR2
MIRLET7G	MIRLET7I	EML1
MIRLET7G	MIRLET7I	PCDHAC2
MIRLET7G	MIRLET7I	UAP1
MIRLET7G	MIRLET7I	TMPO
MIRLET7G	MIRLET7I	CLDN12
MIRLET7G	MIRLET7I	EIF4E2
MIRLET7G	MIRLET7I	SOBP
MIRLET7G	MIRLET7I	DYNC1H1
MIRLET7G	MIRLET7I	SLC29A1
MIRLET7G	MIRLET7I	TRIM25
MIRLET7G	MIRLET7I	RNF111
MIRLET7G	MIRLET7I	PRKAA1
MIRLET7G	MIRLET7I	ZNF516
MIRLET7G	MIRLET7I	SFSWAP
MIRLET7G	MIRLET7I	CTPS2
MIRLET7G	MIRLET7I	OXA1L
MIRLET7G	MIRLET7I	DUSP4
MIRLET7G	MIRLET7I	BACH1
MIRLET7G	MIRLET7I	NAP1L1
MIRLET7G	MIRLET7I	CMKLR1
MIRLET7G	MIRLET7I	GNS
MIRLET7G	MIRLET7I	STK40
MIRLET7G	MIRLET7I	EHMT1
MIRLET7G	MIRLET7I	TET3
MIRLET7G	MIRLET7I	SLC19A2
MIRLET7G	MIRLET7I	ZBTB32
MIRLET7G	MIRLET7I	NDUFV3
MIRLET7G	MIRLET7I	TTI1
MIRLET7G	MIRLET7I	DUSP2
MIRLET7G	MIRLET7I	VPS54
MIRLET7G	MIRLET7I	DIP2B
MIRLET7G	MIRLET7I	UBE2K
MIRLET7G	MIRLET7I	GOLT1B
MIRLET7G	MIRLET7I	RFTN1
MIRLET7G	MIRLET7I	CCNJ
MIRLET7G	MIRLET7I	PRKAB2
MIRLET7G	MIRLET7I	GPR137C
MIRLET7G	MIRLET7I	TGFBR3
MIRLET7G	MIRLET7I	SERTAD2
MIRLET7G	MIRLET7I	MYO1E
MIRLET7G	MIRLET7I	NCOA6
MIRLET7G	MIRLET7I	GLS
MIRLET7G	MIRLET7I	MAP2K4
MIRLET7G	MIRLET7I	FANCM
MIRLET7G	MIRLET7I	RPAP1
MIRLET7G	MIRLET7I	SLCO5A1
MIRLET7G	MIRLET7I	ABCC8
MIRLET7G	MIRLET7I	ARID3A
MIRLET7G	MIRLET7I	NFAT5
MIRLET7G	MIRLET7I	HOMER2
MIRLET7G	MIRLET7I	UBASH3B
MIRLET7G	MIRLET7I	LCOR
MIRLET7G	MIRLET7I	TAB2
MIRLET7G	MIRLET7I	DICER1
MIRLET7G	MIRLET7I	CBL
MIRLET7G	MIRLET7I	GMFB
MIRLET7G	MIRLET7I	SNRNP200
MIRLET7G	MIRLET7I	KPNA5
MIRLET7G	MIRLET7I	VGLL3
MIRLET7G	MIRLET7I	DNASE1
MIRLET7G	MIRLET7I	PLAGL1
MIRLET7G	MIRLET7I	TALDO1
MIRLET7G	MIRLET7I	HOOK1
MIRLET7G	MIRLET7I	PPP1R15B
