miRNA_1	miRNA_2	target
gene_name_1	gene_name_2	not_in_G
MIR101-1	MIR101-2	FZD4
MIR101-1	MIR101-2	TSHZ3
MIR101-1	MIR101-2	SLC1A1
MIR101-1	MIR101-2	MBNL1
MIR101-1	MIR101-2	TULP4
MIR101-1	MIR101-2	NDFIP1
MIR101-1	MIR101-2	ADAMTS17
MIR101-1	MIR101-2	STAG2
MIR101-1	MIR101-2	RAB5A
MIR101-1	MIR101-2	DDX3X
MIR101-1	MIR101-2	DCBLD2
MIR101-1	MIR101-2	MED13
MIR101-1	MIR101-2	EZH2
MIR101-1	MIR101-2	ZNF532
MIR101-1	MIR101-2	SUB1
MIR101-1	MIR101-2	ATP1B1
MIR101-1	MIR101-2	ERBIN
MIR101-1	MIR101-2	NEK7
MIR101-1	MIR101-2	MPPE1
MIR101-1	MIR101-2	KBTBD8
MIR101-1	MIR101-2	CREBRF
MIR101-1	MIR101-2	CILK1
MIR101-1	MIR101-2	FLRT3
MIR101-1	MIR101-2	ANKRD11
MIR101-1	MIR101-2	PRKCE
MIR101-1	MIR101-2	ASAP1
MIR101-1	MIR101-2	PBX3
MIR101-1	MIR101-2	ZEB2
MIR101-1	MIR101-2	PRPF4B
MIR101-1	MIR101-2	CDYL
MIR101-1	MIR101-2	PPFIA1
MIR101-1	MIR101-2	ADRB1
MIR101-1	MIR101-2	KIF2A
MIR101-1	MIR101-2	HAS2
MIR101-1	MIR101-2	TNRC6B
MIR101-1	MIR101-2	IKZF2
MIR101-1	MIR101-2	RORA
MIR101-1	MIR101-2	SGK1
MIR101-1	MIR101-2	FBN2
MIR101-1	MIR101-2	ZNF207
MIR101-1	MIR101-2	MOB4
MIR101-1	MIR101-2	ARID5B
MIR101-1	MIR101-2	ASPN
MIR101-1	MIR101-2	MAP3K2
MIR101-1	MIR101-2	TMEM65
MIR101-1	MIR101-2	CEP350
MIR101-1	MIR101-2	PRRC2C
MIR101-1	MIR101-2	RIN2
MIR101-1	MIR101-2	ZEB1
MIR101-1	MIR101-2	DIP2B
MIR101-1	MIR101-2	ZSWIM6
MIR101-1	MIR101-2	EXOC5
MIR101-1	MIR101-2	BICD2
MIR101-1	MIR101-2	TNPO1
MIR101-1	MIR101-2	TET2
MIR101-1	MIR101-2	SCN2A
MIR101-1	MIR101-2	APP
MIR101-1	MIR101-2	GLCCI1
MIR101-1	MIR101-2	EDEM3
MIR101-1	MIR101-2	SOCS5
MIR101-1	MIR101-2	EYA1
MIR101-1	MIR101-2	OTUD3
MIR101-1	MIR101-2	PURB
MIR101-1	MIR101-2	COL10A1
MIR101-1	MIR101-2	ZFP36L2
MIR101-1	MIR101-2	ZFAND3
MIR101-1	MIR101-2	ARID1A
MIR101-1	MIR101-2	ZNF746
MIR101-1	MIR101-2	MITF
MIR101-1	MIR101-2	NAA15
MIR101-1	MIR101-2	ZNF618
MIR101-1	MIR101-2	CDK8
MIR101-1	MIR101-2	SMARCA5
MIR101-1	MIR101-2	CLCN3
MIR101-1	MIR101-2	PHLDA1
MIR101-1	MIR101-2	DLG5
MIR101-1	MIR101-2	DIPK2A
MIR101-1	MIR101-2	CUL3
MIR101-1	MIR101-2	FEM1C
MIR101-1	MIR101-2	FBXW11
MIR101-1	MIR101-2	INO80D
MIR101-1	MIR101-2	HEG1
MIR101-1	MIR101-2	RANBP9
MIR101-1	MIR101-2	FOS
MIR101-1	MIR101-2	MYCN
MIR101-1	MIR101-2	TNKS2
MIR101-1	MIR101-2	SEL1L
MIR101-1	MIR101-2	MYRIP
MIR101-1	MIR101-2	TCF7L2
MIR101-1	MIR101-2	PDS5B
MIR101-1	MIR101-2	BCL9
MIR101-1	MIR101-2	STC1
MIR101-1	MIR101-2	CNKSR3
MIR101-1	MIR101-2	ABHD17C
MIR101-1	MIR101-2	ATXN1
MIR101-1	MIR101-2	RAP1B
MIR101-1	MIR101-2	ARHGEF3
MIR101-1	MIR101-2	AEBP2
MIR101-1	MIR101-2	MGAT4A
MIR101-1	MIR101-2	PDE4D
MIR101-1	MIR101-2	UBN2
MIR101-1	MIR101-2	SLC12A2
MIR101-1	MIR101-2	TGFBR1
MIR101-1	MIR101-2	CAMTA1
MIR101-1	MIR101-2	PTGS2
MIR101-1	MIR101-2	FAM214A
MIR101-1	MIR101-2	NSD1
MIR101-1	MIR101-2	LRCH2
MIR101-1	MIR101-2	ACVR2B
MIR101-1	MIR101-2	PAPOLG
MIR101-1	MIR101-2	EMP1
MIR101-1	MIR101-2	KLF3
MIR101-1	MIR101-2	ZBTB41
MIR101-1	MIR101-2	UBE2D2
MIR101-1	MIR101-2	CACNB2
MIR101-1	MIR101-2	AP1G1
MIR101-1	MIR101-2	ZBTB34
MIR101-1	MIR101-2	CERS2
MIR101-1	MIR101-2	GAB1
MIR101-1	MIR101-2	RAP2C
MIR101-1	MIR101-2	PTCH1
MIR101-1	MIR101-2	RAB1A
MIR101-1	MIR101-2	HNRNPF
MIR101-1	MIR101-2	CCNT2
MIR101-1	MIR101-2	PRKAA1
MIR101-1	MIR101-2	SLC39A10
MIR101-1	MIR101-2	G3BP2
MIR101-1	MIR101-2	HTRA3
MIR101-1	MIR101-2	BICRA
MIR101-1	MIR101-2	KIF3A
MIR101-1	MIR101-2	ASCC3
MIR101-1	MIR101-2	LCOR
MIR101-1	MIR101-2	PANK3
MIR101-1	MIR101-2	ZCCHC2
MIR101-1	MIR101-2	SLC30A7
MIR101-1	MIR101-2	DR1
MIR101-1	MIR101-2	TMEM170B
MIR101-1	MIR101-2	ABCC5
MIR101-1	MIR101-2	SMARCA1
MIR101-1	MIR101-2	CPEB2
MIR101-1	MIR101-2	ZFHX4
MIR101-1	MIR101-2	MARK1
MIR101-1	MIR101-2	MRTFB
MIR101-1	MIR101-2	SOX6
MIR101-1	MIR101-2	NLK
MIR101-1	MIR101-2	DUSP1
MIR101-1	MIR101-2	REV3L
MIR101-1	MIR101-2	AGFG1
MIR101-1	MIR101-2	SIX4
MIR101-1	MIR101-2	UBE2D1
MIR101-1	MIR101-2	MTMR2
MIR103A1	MIR103A2	BBX
MIR103A1	MIR103A2	USF3
MIR103A1	MIR103A2	MCL1
MIR103A1	MIR103A2	VAV3
MIR103A1	MIR103A2	BCLAF3
MIR103A1	MIR103A2	CPEB3
MIR103A1	MIR103A2	EOGT
MIR103A1	MIR103A2	RYBP
MIR103A1	MIR103A2	MTX3
MIR103A1	MIR103A2	TLE4
MIR103A1	MIR103A2	RSPO3
MIR103A1	MIR103A2	PPP4R3B
MIR103A1	MIR103A2	BCL2
MIR103A1	MIR103A2	AGO1
MIR103A1	MIR103A2	MED26
MIR103A1	MIR103A2	CAPZA2
MIR103A1	MIR103A2	CASK
MIR103A1	MIR103A2	DCBLD2
MIR103A1	MIR103A2	NEDD9
MIR103A1	MIR103A2	CDC42
MIR103A1	MIR103A2	IARS1
MIR103A1	MIR103A2	PPP2R3C
MIR103A1	MIR103A2	ZNF711
MIR103A1	MIR103A2	AQP11
MIR103A1	MIR103A2	UBR3
MIR103A1	MIR103A2	PAWR
MIR103A1	MIR103A2	WASHC4
MIR103A1	MIR103A2	PRKCE
MIR103A1	MIR103A2	ELOVL6
MIR103A1	MIR103A2	LARP4
MIR103A1	MIR103A2	MTMR4
MIR103A1	MIR103A2	CDK14
MIR103A1	MIR103A2	KIF23
MIR103A1	MIR103A2	EVA1A
MIR103A1	MIR103A2	FBXW7
MIR103A1	MIR103A2	BORCS7
MIR103A1	MIR103A2	TADA2B
MIR103A1	MIR103A2	IKZF2
MIR103A1	MIR103A2	RAB10
MIR103A1	MIR103A2	TNRC6B
MIR103A1	MIR103A2	DYRK2
MIR103A1	MIR103A2	TMEM47
MIR103A1	MIR103A2	DNAAF9
MIR103A1	MIR103A2	WDFY2
MIR103A1	MIR103A2	BCL6B
MIR103A1	MIR103A2	ANKIB1
MIR103A1	MIR103A2	GRIN2A
MIR103A1	MIR103A2	CEP85L
MIR103A1	MIR103A2	MYOCD
MIR103A1	MIR103A2	ANO3
MIR103A1	MIR103A2	SUN2
MIR103A1	MIR103A2	KDM7A
MIR103A1	MIR103A2	PNN
MIR103A1	MIR103A2	MKRN1
MIR103A1	MIR103A2	BTG2
MIR103A1	MIR103A2	AXIN2
MIR103A1	MIR103A2	KIF5A
MIR103A1	MIR103A2	PPP6C
MIR103A1	MIR103A2	CLCN5
MIR103A1	MIR103A2	STRIP1
MIR103A1	MIR103A2	NDEL1
MIR103A1	MIR103A2	TWF1
MIR103A1	MIR103A2	TRIAP1
MIR103A1	MIR103A2	DLL1
MIR103A1	MIR103A2	AGO4
MIR103A1	MIR103A2	TSPAN5
MIR103A1	MIR103A2	USP42
MIR103A1	MIR103A2	SNCG
MIR103A1	MIR103A2	ARNT
MIR103A1	MIR103A2	TNPO1
MIR103A1	MIR103A2	CHD6
MIR103A1	MIR103A2	DYRK1A
MIR103A1	MIR103A2	MAP3K4
MIR103A1	MIR103A2	FERMT2
MIR103A1	MIR103A2	SCN2A
MIR103A1	MIR103A2	VCAN
MIR103A1	MIR103A2	ZNRF2
MIR103A1	MIR103A2	GPATCH8
MIR103A1	MIR103A2	CDK6
MIR103A1	MIR103A2	PPIP5K2
MIR103A1	MIR103A2	TLK1
MIR103A1	MIR103A2	FRYL
MIR103A1	MIR103A2	TMEM132B
MIR103A1	MIR103A2	PAK2
MIR103A1	MIR103A2	PURB
MIR103A1	MIR103A2	ZNF236
MIR103A1	MIR103A2	GALNT7
MIR103A1	MIR103A2	ZFPM2
MIR103A1	MIR103A2	MYH9
MIR103A1	MIR103A2	NCOA1
MIR103A1	MIR103A2	CSNK1A1
MIR103A1	MIR103A2	NGEF
MIR103A1	MIR103A2	RAB11FIP2
MIR103A1	MIR103A2	MEF2D
MIR103A1	MIR103A2	NAA15
MIR103A1	MIR103A2	OTUD4
MIR103A1	MIR103A2	PDCD10
MIR103A1	MIR103A2	CDK8
MIR103A1	MIR103A2	BCL2L11
MIR103A1	MIR103A2	RASSF5
MIR103A1	MIR103A2	GPC6
MIR103A1	MIR103A2	SINHCAF
MIR103A1	MIR103A2	HERC2
MIR103A1	MIR103A2	TMEM245
MIR103A1	MIR103A2	SDCBP
MIR103A1	MIR103A2	DLG5
MIR103A1	MIR103A2	ZBTB10
MIR103A1	MIR103A2	NUDCD2
MIR103A1	MIR103A2	PDE8B
MIR103A1	MIR103A2	AFF4
MIR103A1	MIR103A2	GIT2
MIR103A1	MIR103A2	C2CD5
MIR103A1	MIR103A2	HELZ
MIR103A1	MIR103A2	FOXP1
MIR103A1	MIR103A2	TGFBR3
MIR103A1	MIR103A2	VPS4A
MIR103A1	MIR103A2	ATP13A3
MIR103A1	MIR103A2	PTPN4
MIR103A1	MIR103A2	SUSD6
MIR103A1	MIR103A2	MYB
MIR103A1	MIR103A2	FAF2
MIR103A1	MIR103A2	SCN1A
MIR103A1	MIR103A2	CHD1
MIR103A1	MIR103A2	ARMC8
MIR103A1	MIR103A2	SLC8A1
MIR103A1	MIR103A2	NRXN1
MIR103A1	MIR103A2	BTLA
MIR103A1	MIR103A2	LRP1B
MIR103A1	MIR103A2	SYNPO2
MIR103A1	MIR103A2	CCND2
MIR103A1	MIR103A2	ZBTB39
MIR103A1	MIR103A2	AMMECR1
MIR103A1	MIR103A2	G3BP1
MIR103A1	MIR103A2	ZNF449
MIR103A1	MIR103A2	RAI14
MIR103A1	MIR103A2	PLEKHF2
MIR103A1	MIR103A2	LATS2
MIR103A1	MIR103A2	SON
MIR103A1	MIR103A2	DCP1A
MIR103A1	MIR103A2	KMT2A
MIR103A1	MIR103A2	PRKCA
MIR103A1	MIR103A2	CCDC6
MIR103A1	MIR103A2	RBAK
MIR103A1	MIR103A2	RGL1
MIR103A1	MIR103A2	ARHGAP5
MIR103A1	MIR103A2	PHF20
MIR103A1	MIR103A2	TBKBP1
MIR103A1	MIR103A2	MAB21L2
MIR103A1	MIR103A2	CC2D1B
MIR103A1	MIR103A2	SALL4
MIR103A1	MIR103A2	PNISR
MIR103A1	MIR103A2	DICER1
MIR103A1	MIR103A2	RNF38
MIR103A1	MIR103A2	SGCD
MIR103A1	MIR103A2	NPAS2
MIR103A1	MIR103A2	SNX3
MIR103A1	MIR103A2	PHYHIPL
MIR103A1	MIR103A2	OXTR
MIR103A1	MIR103A2	ATL2
MIR103A1	MIR103A2	ASH1L
MIR103A1	MIR103A2	NFIA
MIR103A1	MIR103A2	YTHDC1
MIR103A1	MIR103A2	RCAN1
MIR103A1	MIR103A2	CALN1
MIR103A1	MIR103A2	SLC20A2
MIR103A1	MIR103A2	FGF2
MIR103A1	MIR103A2	N4BP1
MIR103A1	MIR103A2	ZHX1
MIR103A1	MIR103A2	CHIC1
MIR103A1	MIR103A2	EZH1
MIR103A1	MIR103A2	ACVR2B
MIR103A1	MIR103A2	PDE3B
MIR103A1	MIR103A2	CUL4A
MIR103A1	MIR103A2	PRRT2
MIR103A1	MIR103A2	YWHAH
MIR103A1	MIR103A2	FLOT2
MIR103A1	MIR103A2	HACD2
MIR103A1	MIR103A2	ZNF654
MIR103A1	MIR103A2	MFN2
MIR103A1	MIR103A2	MSRB3
MIR103A1	MIR103A2	CAB39
MIR103A1	MIR103A2	PDE3A
MIR103A1	MIR103A2	ESR1
MIR103A1	MIR103A2	ANK3
MIR103A1	MIR103A2	RUNX1T1
MIR103A1	MIR103A2	ONECUT2
MIR103A1	MIR103A2	FBXO10
MIR103A1	MIR103A2	NAV1
MIR103A1	MIR103A2	GPCPD1
MIR103A1	MIR103A2	PRKG1
MIR103A1	MIR103A2	MYBL1
MIR103A1	MIR103A2	RPS6KA3
MIR103A1	MIR103A2	PLEKHA1
MIR103A1	MIR103A2	RAP2C
MIR103A1	MIR103A2	GSKIP
MIR103A1	MIR103A2	CLOCK
MIR103A1	MIR103A2	SMAD2
MIR103A1	MIR103A2	KIF21A
MIR103A1	MIR103A2	NOVA1
MIR103A1	MIR103A2	CYLD
MIR103A1	MIR103A2	SNRK
MIR103A1	MIR103A2	CACNA2D1
MIR103A1	MIR103A2	TMEM260
MIR103A1	MIR103A2	NAA50
MIR103A1	MIR103A2	SLC35G1
MIR103A1	MIR103A2	PIK3R1
MIR103A1	MIR103A2	SPATS2L
MIR103A1	MIR103A2	CHD2
MIR103A1	MIR103A2	MAN2A1
MIR103A1	MIR103A2	NR4A3
MIR103A1	MIR103A2	UPF2
MIR103A1	MIR103A2	IGF2R
MIR103A1	MIR103A2	JAKMIP2
MIR103A1	MIR103A2	SATB2
MIR103A1	MIR103A2	LCOR
MIR103A1	MIR103A2	ZFP91
MIR103A1	MIR103A2	APOL6
MIR103A1	MIR103A2	NF1
MIR103A1	MIR103A2	BDNF
MIR103A1	MIR103A2	RBM24
MIR103A1	MIR103A2	ZCCHC2
MIR103A1	MIR103A2	NPAS3
MIR103A1	MIR103A2	MBNL2
MIR103A1	MIR103A2	EIF5
MIR103A1	MIR103A2	SCN8A
MIR103A1	MIR103A2	GABRG2
MIR103A1	MIR103A2	GPR26
MIR103A1	MIR103A2	PPP6R2
MIR103A1	MIR103A2	ARMC1
MIR103A1	MIR103A2	FXR1
MIR103A1	MIR103A2	ATXN7L1
MIR103A1	MIR103A2	DNAJB4
MIR103A1	MIR103A2	C5orf24
MIR103A1	MIR103A2	EPS8
MIR103A1	MIR103A2	AGFG1
MIR103A1	MIR103A2	SIX4
MIR103A1	MIR103A2	BACH2
MIR103A1	MIR103A2	ANK2
MIR103A1	MIR103A2	LONRF1
MIR103A1	MIR103A2	LGI2
MIR103A1	MIR103A2	MBNL1
MIR103A1	MIR103A2	SBNO1
MIR103A1	MIR103A2	XIAP
MIR103A1	MIR107	USF3
MIR103A1	MIR107	VAV3
MIR103A1	MIR107	BCLAF3
MIR103A1	MIR107	CPEB3
MIR103A1	MIR107	RSPO3
MIR103A1	MIR107	RYBP
MIR103A1	MIR107	PPP4R3B
MIR103A1	MIR107	TLE4
MIR103A1	MIR107	AGO1
MIR103A1	MIR107	MED26
MIR103A1	MIR107	CASK
MIR103A1	MIR107	DCBLD2
MIR103A1	MIR107	NEDD9
MIR103A1	MIR107	IARS1
MIR103A1	MIR107	PPP2R3C
MIR103A1	MIR107	ZNF711
MIR103A1	MIR107	AQP11
MIR103A1	MIR107	PAWR
MIR103A1	MIR107	WASHC4
MIR103A1	MIR107	PRKCE
MIR103A1	MIR107	MTMR4
MIR103A1	MIR107	RIMS3
MIR103A1	MIR107	CDK14
MIR103A1	MIR107	KIF23
MIR103A1	MIR107	EVA1A
MIR103A1	MIR107	FBXW7
MIR103A1	MIR107	RAB10
MIR103A1	MIR107	TMEM47
MIR103A1	MIR107	TNRC6B
MIR103A1	MIR107	DYRK2
MIR103A1	MIR107	ANKIB1
MIR103A1	MIR107	ANO3
MIR103A1	MIR107	SUN2
MIR103A1	MIR107	KDM7A
MIR103A1	MIR107	BTG2
MIR103A1	MIR107	AXIN2
MIR103A1	MIR107	KIF5A
MIR103A1	MIR107	CLCN5
MIR103A1	MIR107	NDEL1
MIR103A1	MIR107	PPP6C
MIR103A1	MIR107	TWF1
MIR103A1	MIR107	DLL1
MIR103A1	MIR107	TSPAN5
MIR103A1	MIR107	AGO4
MIR103A1	MIR107	USP42
MIR103A1	MIR107	SNCG
MIR103A1	MIR107	TNPO1
MIR103A1	MIR107	CHD6
MIR103A1	MIR107	FERMT2
MIR103A1	MIR107	SCN2A
MIR103A1	MIR107	VCAN
MIR103A1	MIR107	ZNRF2
MIR103A1	MIR107	GPATCH8
MIR103A1	MIR107	CDK6
MIR103A1	MIR107	PPIP5K2
MIR103A1	MIR107	TLK1
MIR103A1	MIR107	PURB
MIR103A1	MIR107	ZFPM2
MIR103A1	MIR107	GALNT7
MIR103A1	MIR107	MYH9
MIR103A1	MIR107	CSNK1A1
MIR103A1	MIR107	PDCD10
MIR103A1	MIR107	RAB11FIP2
MIR103A1	MIR107	MEF2D
MIR103A1	MIR107	NAA15
MIR103A1	MIR107	OTUD4
MIR103A1	MIR107	CDK8
MIR103A1	MIR107	RASSF5
MIR103A1	MIR107	GPC6
MIR103A1	MIR107	HERC2
MIR103A1	MIR107	SDCBP
MIR103A1	MIR107	NUDCD2
MIR103A1	MIR107	ZBTB10
MIR103A1	MIR107	AFF4
MIR103A1	MIR107	GIT2
MIR103A1	MIR107	C2CD5
MIR103A1	MIR107	FOXP1
MIR103A1	MIR107	HELZ
MIR103A1	MIR107	TGFBR3
MIR103A1	MIR107	VPS4A
MIR103A1	MIR107	ATP13A3
MIR103A1	MIR107	PTPN4
MIR103A1	MIR107	SUSD6
MIR103A1	MIR107	MYB
MIR103A1	MIR107	FAF2
MIR103A1	MIR107	SCN1A
MIR103A1	MIR107	CHD1
MIR103A1	MIR107	ARMC8
MIR103A1	MIR107	LRP1B
MIR103A1	MIR107	ZBTB39
MIR103A1	MIR107	AMMECR1
MIR103A1	MIR107	RAI14
MIR103A1	MIR107	PLEKHF2
MIR103A1	MIR107	LATS2
MIR103A1	MIR107	DCP1A
MIR103A1	MIR107	CCDC6
MIR103A1	MIR107	TBKBP1
MIR103A1	MIR107	ARHGAP5
MIR103A1	MIR107	PHF20
MIR103A1	MIR107	SALL4
MIR103A1	MIR107	PNISR
MIR103A1	MIR107	DICER1
MIR103A1	MIR107	RNF38
MIR103A1	MIR107	NPAS2
MIR103A1	MIR107	SNX3
MIR103A1	MIR107	PHYHIPL
MIR103A1	MIR107	RCAN1
MIR103A1	MIR107	ASH1L
MIR103A1	MIR107	ATL2
MIR103A1	MIR107	NFIA
MIR103A1	MIR107	SLC20A2
MIR103A1	MIR107	FGF2
MIR103A1	MIR107	N4BP1
MIR103A1	MIR107	CHIC1
MIR103A1	MIR107	ZHX1
MIR103A1	MIR107	ACVR2B
MIR103A1	MIR107	PDE3B
MIR103A1	MIR107	CUL4A
MIR103A1	MIR107	YWHAH
MIR103A1	MIR107	FLOT2
MIR103A1	MIR107	HACD2
MIR103A1	MIR107	ZNF654
MIR103A1	MIR107	MFN2
MIR103A1	MIR107	CAB39
MIR103A1	MIR107	RUNX1T1
MIR103A1	MIR107	GPCPD1
MIR103A1	MIR107	PRKG1
MIR103A1	MIR107	MYBL1
MIR103A1	MIR107	RPS6KA3
MIR103A1	MIR107	PLEKHA1
MIR103A1	MIR107	RAP2C
MIR103A1	MIR107	GSKIP
MIR103A1	MIR107	CLOCK
MIR103A1	MIR107	KIF21A
MIR103A1	MIR107	NOVA1
MIR103A1	MIR107	SNRK
MIR103A1	MIR107	CACNA2D1
MIR103A1	MIR107	TMEM260
MIR103A1	MIR107	SLC35G1
MIR103A1	MIR107	PIK3R1
MIR103A1	MIR107	SPATS2L
MIR103A1	MIR107	CHD2
MIR103A1	MIR107	UPF2
MIR103A1	MIR107	JAKMIP2
MIR103A1	MIR107	LCOR
MIR103A1	MIR107	NF1
MIR103A1	MIR107	SATB2
MIR103A1	MIR107	BDNF
MIR103A1	MIR107	NPAS3
MIR103A1	MIR107	RBM24
MIR103A1	MIR107	ZCCHC2
MIR103A1	MIR107	EIF5
MIR103A1	MIR107	SCN8A
MIR103A1	MIR107	GABRG2
MIR103A1	MIR107	PPP6R2
MIR103A1	MIR107	ARMC1
MIR103A1	MIR107	ATXN7L1
MIR103A1	MIR107	DNAJB4
MIR103A1	MIR107	AGFG1
MIR103A1	MIR107	SIX4
MIR103A1	MIR107	BACH2
MIR103A1	MIR107	FBXO10
MIR103A1	MIR107	CAPZA2
MIR103A1	MIR107	MBNL1
MIR103A2	MIR107	USF3
MIR103A2	MIR107	VAV3
MIR103A2	MIR107	BCLAF3
MIR103A2	MIR107	CPEB3
MIR103A2	MIR107	RSPO3
MIR103A2	MIR107	RYBP
MIR103A2	MIR107	PPP4R3B
MIR103A2	MIR107	TLE4
MIR103A2	MIR107	AGO1
MIR103A2	MIR107	MED26
MIR103A2	MIR107	CASK
MIR103A2	MIR107	DCBLD2
MIR103A2	MIR107	NEDD9
MIR103A2	MIR107	IARS1
MIR103A2	MIR107	PPP2R3C
MIR103A2	MIR107	ZNF711
MIR103A2	MIR107	AQP11
MIR103A2	MIR107	PAWR
MIR103A2	MIR107	WASHC4
MIR103A2	MIR107	PRKCE
MIR103A2	MIR107	MTMR4
MIR103A2	MIR107	CDK14
MIR103A2	MIR107	KIF23
MIR103A2	MIR107	EVA1A
MIR103A2	MIR107	FBXW7
MIR103A2	MIR107	RAB10
MIR103A2	MIR107	TMEM47
MIR103A2	MIR107	TNRC6B
MIR103A2	MIR107	DYRK2
MIR103A2	MIR107	ANKIB1
MIR103A2	MIR107	ANO3
MIR103A2	MIR107	SUN2
MIR103A2	MIR107	KDM7A
MIR103A2	MIR107	BTG2
MIR103A2	MIR107	AXIN2
MIR103A2	MIR107	KIF5A
MIR103A2	MIR107	CLCN5
MIR103A2	MIR107	NDEL1
MIR103A2	MIR107	PPP6C
MIR103A2	MIR107	TWF1
MIR103A2	MIR107	DLL1
MIR103A2	MIR107	TSPAN5
MIR103A2	MIR107	AGO4
MIR103A2	MIR107	USP42
MIR103A2	MIR107	SNCG
MIR103A2	MIR107	TNPO1
MIR103A2	MIR107	CHD6
MIR103A2	MIR107	FERMT2
MIR103A2	MIR107	SCN2A
MIR103A2	MIR107	VCAN
MIR103A2	MIR107	ZNRF2
MIR103A2	MIR107	GPATCH8
MIR103A2	MIR107	CDK6
MIR103A2	MIR107	PPIP5K2
MIR103A2	MIR107	TLK1
MIR103A2	MIR107	PURB
MIR103A2	MIR107	ZFPM2
MIR103A2	MIR107	GALNT7
MIR103A2	MIR107	MYH9
MIR103A2	MIR107	CSNK1A1
MIR103A2	MIR107	PDCD10
MIR103A2	MIR107	RAB11FIP2
MIR103A2	MIR107	MEF2D
MIR103A2	MIR107	NAA15
MIR103A2	MIR107	OTUD4
MIR103A2	MIR107	CDK8
MIR103A2	MIR107	RASSF5
MIR103A2	MIR107	GPC6
MIR103A2	MIR107	HERC2
MIR103A2	MIR107	HMGA2
MIR103A2	MIR107	SDCBP
MIR103A2	MIR107	NUDCD2
MIR103A2	MIR107	ZBTB10
MIR103A2	MIR107	AFF4
MIR103A2	MIR107	GIT2
MIR103A2	MIR107	C2CD5
MIR103A2	MIR107	FOXP1
MIR103A2	MIR107	HELZ
MIR103A2	MIR107	TGFBR3
MIR103A2	MIR107	VPS4A
MIR103A2	MIR107	ATP13A3
MIR103A2	MIR107	PTPN4
MIR103A2	MIR107	SUSD6
MIR103A2	MIR107	CNOT6L
MIR103A2	MIR107	MYB
MIR103A2	MIR107	FAF2
MIR103A2	MIR107	SCN1A
MIR103A2	MIR107	CHD1
MIR103A2	MIR107	ARMC8
MIR103A2	MIR107	LRP1B
MIR103A2	MIR107	ZBTB39
MIR103A2	MIR107	AMMECR1
MIR103A2	MIR107	RAI14
MIR103A2	MIR107	PLEKHF2
MIR103A2	MIR107	LATS2
MIR103A2	MIR107	DCP1A
MIR103A2	MIR107	CCDC6
MIR103A2	MIR107	TBKBP1
MIR103A2	MIR107	ARHGAP5
MIR103A2	MIR107	PHF20
MIR103A2	MIR107	SALL4
MIR103A2	MIR107	PNISR
MIR103A2	MIR107	DICER1
MIR103A2	MIR107	RNF38
MIR103A2	MIR107	NPAS2
MIR103A2	MIR107	SNX3
MIR103A2	MIR107	PHYHIPL
MIR103A2	MIR107	RCAN1
MIR103A2	MIR107	ASH1L
MIR103A2	MIR107	ATL2
MIR103A2	MIR107	NFIA
MIR103A2	MIR107	SLC20A2
MIR103A2	MIR107	FGF2
MIR103A2	MIR107	N4BP1
MIR103A2	MIR107	CHIC1
MIR103A2	MIR107	ZHX1
MIR103A2	MIR107	ACVR2B
MIR103A2	MIR107	PDE3B
MIR103A2	MIR107	CUL4A
MIR103A2	MIR107	YWHAH
MIR103A2	MIR107	FLOT2
MIR103A2	MIR107	HACD2
MIR103A2	MIR107	ZNF654
MIR103A2	MIR107	MFN2
MIR103A2	MIR107	CAB39
MIR103A2	MIR107	RUNX1T1
MIR103A2	MIR107	GPCPD1
MIR103A2	MIR107	PRKG1
MIR103A2	MIR107	MYBL1
MIR103A2	MIR107	RPS6KA3
MIR103A2	MIR107	PLEKHA1
MIR103A2	MIR107	RAP2C
MIR103A2	MIR107	GSKIP
MIR103A2	MIR107	CLOCK
MIR103A2	MIR107	KIF21A
MIR103A2	MIR107	NOVA1
MIR103A2	MIR107	SNRK
MIR103A2	MIR107	CACNA2D1
MIR103A2	MIR107	TMEM260
MIR103A2	MIR107	SLC35G1
MIR103A2	MIR107	PIK3R1
MIR103A2	MIR107	SPATS2L
MIR103A2	MIR107	CHD2
MIR103A2	MIR107	UPF2
MIR103A2	MIR107	JAKMIP2
MIR103A2	MIR107	LCOR
MIR103A2	MIR107	NF1
MIR103A2	MIR107	SATB2
MIR103A2	MIR107	BDNF
MIR103A2	MIR107	NPAS3
MIR103A2	MIR107	RBM24
MIR103A2	MIR107	ZCCHC2
MIR103A2	MIR107	EIF5
MIR103A2	MIR107	SCN8A
MIR103A2	MIR107	GABRG2
MIR103A2	MIR107	PPP6R2
MIR103A2	MIR107	ARMC1
MIR103A2	MIR107	ATXN7L1
MIR103A2	MIR107	DNAJB4
MIR103A2	MIR107	AGFG1
MIR103A2	MIR107	SIX4
MIR103A2	MIR107	BACH2
MIR103A2	MIR107	FBXO10
MIR103A2	MIR107	CAPZA2
MIR103A2	MIR107	MBNL1
MIR106A	MIR106B	ENPP5
MIR106A	MIR106B	ATAD2
MIR106A	MIR106B	BRMS1L
MIR106A	MIR106B	FCHO2
MIR106A	MIR106B	F3
MIR106A	MIR106B	ITPRIPL2
MIR106A	MIR106B	ETV1
MIR106A	MIR106B	CALD1
MIR106A	MIR106B	UBE2W
MIR106A	MIR106B	LAMA3
MIR106A	MIR106B	ZNFX1
MIR106A	MIR106B	MAP3K9
MIR106A	MIR106B	PLEKHA3
MIR106A	MIR106B	GUCY1A1
MIR106A	MIR106B	NBEA
MIR106A	MIR106B	NAA30
MIR106A	MIR106B	FJX1
MIR106A	MIR106B	NABP1
MIR106A	MIR106B	RSRP1
MIR106A	MIR106B	SAR1B
MIR106A	MIR106B	HBP1
MIR106A	MIR106B	CDC37L1
MIR106A	MIR106B	NR4A2
MIR106A	MIR106B	PBX3
MIR106A	MIR106B	RNF128
MIR106A	MIR106B	RHOC
MIR106A	MIR106B	TMEM64
MIR106A	MIR106B	KIF23
MIR106A	MIR106B	BAMBI
MIR106A	MIR106B	VASH2
MIR106A	MIR106B	PPP3R1
MIR106A	MIR106B	LHX6
MIR106A	MIR106B	USP3
MIR106A	MIR106B	ANKIB1
MIR106A	MIR106B	OXR1
MIR106A	MIR106B	CNOT7
MIR106A	MIR106B	GPR6
MIR106A	MIR106B	MAP3K2
MIR106A	MIR106B	NEDD4L
MIR106A	MIR106B	TRAPPC14
MIR106A	MIR106B	METAP1
MIR106A	MIR106B	MKRN1
MIR106A	MIR106B	PPP6C
MIR106A	MIR106B	TWF1
MIR106A	MIR106B	EPHA4
MIR106A	MIR106B	CD69
MIR106A	MIR106B	MASTL
MIR106A	MIR106B	GLIS3
MIR106A	MIR106B	MED12L
MIR106A	MIR106B	EMSY
MIR106A	MIR106B	ZNF704
MIR106A	MIR106B	ITGB8
MIR106A	MIR106B	STAT3
MIR106A	MIR106B	TBC1D20
MIR106A	MIR106B	ATG16L1
MIR106A	MIR106B	GPR137C
MIR106A	MIR106B	PFN2
MIR106A	MIR106B	CEP97
MIR106A	MIR106B	NUP35
MIR106A	MIR106B	MINK1
MIR106A	MIR106B	BTBD7
MIR106A	MIR106B	ANKRD52
MIR106A	MIR106B	NEO1
MIR106A	MIR106B	HIPK1
MIR106A	MIR106B	ARID4B
MIR106A	MIR106B	PKD2
MIR106A	MIR106B	SEMA6D
MIR106A	MIR106B	BCL11B
MIR106A	MIR106B	RGMB
MIR106A	MIR106B	DCUN1D3
MIR106A	MIR106B	RBL2
MIR106A	MIR106B	RSBN1
MIR106A	MIR106B	EGLN3
MIR106A	MIR106B	SACS
MIR106A	MIR106B	VSX1
MIR106A	MIR106B	CLIP4
MIR106A	MIR106B	PTPN4
MIR106A	MIR106B	BMT2
MIR106A	MIR106B	ZFYVE26
MIR106A	MIR106B	BTBD10
MIR106A	MIR106B	FNBP1L
MIR106A	MIR106B	PRRG1
MIR106A	MIR106B	EPHA7
MIR106A	MIR106B	CFL2
MIR106A	MIR106B	KLHL28
MIR106A	MIR106B	TNKS2
MIR106A	MIR106B	DENND5B
MIR106A	MIR106B	ZBTB4
MIR106A	MIR106B	TRIP10
MIR106A	MIR106B	BNIP2
MIR106A	MIR106B	PDCD1LG2
MIR106A	MIR106B	ZNF512B
MIR106A	MIR106B	DYNC1LI2
MIR106A	MIR106B	MYT1L
MIR106A	MIR106B	ARHGAP12
MIR106A	MIR106B	LIMA1
MIR106A	MIR106B	TSG101
MIR106A	MIR106B	BTG3
MIR106A	MIR106B	SLITRK3
MIR106A	MIR106B	EREG
MIR106A	MIR106B	E2F5
MIR106A	MIR106B	APCDD1
MIR106A	MIR106B	EFCAB14
MIR106A	MIR106B	DERL2
MIR106A	MIR106B	RGMA
MIR106A	MIR106B	CROT
MIR106A	MIR106B	SERP1
MIR106A	MIR106B	ZDHHC3
MIR106A	MIR106B	NTN4
MIR106A	MIR106B	TGFBR2
MIR106A	MIR106B	NPAS2
MIR106A	MIR106B	CAMTA1
MIR106A	MIR106B	RAB22A
MIR106A	MIR106B	ZNF367
MIR106A	MIR106B	EZH1
MIR106A	MIR106B	RPS6KA5
MIR106A	MIR106B	VLDLR
MIR106A	MIR106B	TNFRSF21
MIR106A	MIR106B	CAPRIN2
MIR106A	MIR106B	ARID4A
MIR106A	MIR106B	PTPDC1
MIR106A	MIR106B	CCNG2
MIR106A	MIR106B	SLC40A1
MIR106A	MIR106B	STK17B
MIR106A	MIR106B	RASL11B
MIR106A	MIR106B	ZBTB18
MIR106A	MIR106B	ZNF800
MIR106A	MIR106B	RUFY2
MIR106A	MIR106B	RAP2C
MIR106A	MIR106B	RAB5B
MIR106A	MIR106B	POLR3G
MIR106A	MIR106B	RRAGD
MIR106A	MIR106B	SPOPL
MIR106A	MIR106B	KLHL2
MIR106A	MIR106B	NR4A3
MIR106A	MIR106B	TMCC1
MIR106A	MIR106B	YPEL2
MIR106A	MIR106B	FGD4
MIR106A	MIR106B	TXNIP
MIR106A	MIR106B	ZBTB7A
MIR106A	MIR106B	DDHD1
MIR106A	MIR106B	PTHLH
MIR106A	MIR106B	FYCO1
MIR106A	MIR106B	PFKP
MIR106A	MIR106B	E2F1
MIR106A	MIR106B	FRMD6
MIR106A	MIR106B	FBXL5
MIR106A	MIR17	ENPP5
MIR106A	MIR17	ATAD2
MIR106A	MIR17	BRMS1L
MIR106A	MIR17	ANKFY1
MIR106A	MIR17	FCHO2
MIR106A	MIR17	F3
MIR106A	MIR17	ITPRIPL2
MIR106A	MIR17	ETV1
MIR106A	MIR17	ANKRD50
MIR106A	MIR17	DENND6A
MIR106A	MIR17	CALD1
MIR106A	MIR17	UBE2W
MIR106A	MIR17	LAMA3
MIR106A	MIR17	ZNFX1
MIR106A	MIR17	PLEKHA3
MIR106A	MIR17	LAPTM4A
MIR106A	MIR17	NBEA
MIR106A	MIR17	GTF2H1
MIR106A	MIR17	NAA30
MIR106A	MIR17	PEX5L
MIR106A	MIR17	DPYSL5
MIR106A	MIR17	FJX1
MIR106A	MIR17	NABP1
MIR106A	MIR17	RSRP1
MIR106A	MIR17	SAR1B
MIR106A	MIR17	HBP1
MIR106A	MIR17	CDC37L1
MIR106A	MIR17	NR4A2
MIR106A	MIR17	DDX6
MIR106A	MIR17	PBX3
MIR106A	MIR17	RNF128
MIR106A	MIR17	RHOC
MIR106A	MIR17	WDR37
MIR106A	MIR17	TMEM64
MIR106A	MIR17	CMPK1
MIR106A	MIR17	KIF23
MIR106A	MIR17	BAMBI
MIR106A	MIR17	VASH2
MIR106A	MIR17	PPP3R1
MIR106A	MIR17	LHX6
MIR106A	MIR17	USP3
MIR106A	MIR17	ANKIB1
MIR106A	MIR17	OXR1
MIR106A	MIR17	CNOT7
MIR106A	MIR17	GPR6
MIR106A	MIR17	MAP3K2
MIR106A	MIR17	NEDD4L
MIR106A	MIR17	TRAPPC14
MIR106A	MIR17	METAP1
MIR106A	MIR17	MKRN1
MIR106A	MIR17	PPP6C
MIR106A	MIR17	TWF1
MIR106A	MIR17	EPHA4
MIR106A	MIR17	CD69
MIR106A	MIR17	MASTL
MIR106A	MIR17	HIF1A
MIR106A	MIR17	GLIS3
MIR106A	MIR17	MED12L
MIR106A	MIR17	EMSY
MIR106A	MIR17	AZIN1
MIR106A	MIR17	GNS
MIR106A	MIR17	ZNF704
MIR106A	MIR17	ITGB8
MIR106A	MIR17	STAT3
MIR106A	MIR17	TBC1D20
MIR106A	MIR17	PPP1R21
MIR106A	MIR17	ATG16L1
MIR106A	MIR17	GPR137C
MIR106A	MIR17	PFN2
MIR106A	MIR17	CEP97
MIR106A	MIR17	NUP35
MIR106A	MIR17	MINK1
MIR106A	MIR17	BCL2L11
MIR106A	MIR17	BTBD7
MIR106A	MIR17	ANKRD52
MIR106A	MIR17	ARID4B
MIR106A	MIR17	PKD2
MIR106A	MIR17	BCL11B
MIR106A	MIR17	RGMB
MIR106A	MIR17	DCUN1D3
MIR106A	MIR17	RBL2
MIR106A	MIR17	RSBN1
MIR106A	MIR17	EGLN3
MIR106A	MIR17	SACS
MIR106A	MIR17	FAM126B
MIR106A	MIR17	CLIP4
MIR106A	MIR17	PTPN4
MIR106A	MIR17	BMT2
MIR106A	MIR17	LDLR
MIR106A	MIR17	ZFYVE26
MIR106A	MIR17	BTBD10
MIR106A	MIR17	FNBP1L
MIR106A	MIR17	REEP3
MIR106A	MIR17	PRRG1
MIR106A	MIR17	EPHA7
MIR106A	MIR17	CFL2
MIR106A	MIR17	KLHL28
MIR106A	MIR17	TNKS2
MIR106A	MIR17	HECTD2
MIR106A	MIR17	SLC17A7
MIR106A	MIR17	TRIP10
MIR106A	MIR17	BNIP2
MIR106A	MIR17	ZBTB4
MIR106A	MIR17	ZNF512B
MIR106A	MIR17	DYNC1LI2
MIR106A	MIR17	MYT1L
MIR106A	MIR17	ARHGAP12
MIR106A	MIR17	LIMA1
MIR106A	MIR17	TSG101
MIR106A	MIR17	DOCK4
MIR106A	MIR17	BTG3
MIR106A	MIR17	SLITRK3
MIR106A	MIR17	E2F5
MIR106A	MIR17	APCDD1
MIR106A	MIR17	EFCAB14
MIR106A	MIR17	DERL2
MIR106A	MIR17	RGMA
MIR106A	MIR17	CROT
MIR106A	MIR17	SERP1
MIR106A	MIR17	NTN4
MIR106A	MIR17	TGFBR2
MIR106A	MIR17	NPAS2
MIR106A	MIR17	RAB22A
MIR106A	MIR17	ZNF367
MIR106A	MIR17	EZH1
MIR106A	MIR17	RPS6KA5
MIR106A	MIR17	VLDLR
MIR106A	MIR17	TNFRSF21
MIR106A	MIR17	SOX11
MIR106A	MIR17	EIF5A2
MIR106A	MIR17	CAPRIN2
MIR106A	MIR17	ARID4A
MIR106A	MIR17	PTPDC1
MIR106A	MIR17	CCNG2
MIR106A	MIR17	SLC40A1
MIR106A	MIR17	STK17B
MIR106A	MIR17	RASL11B
MIR106A	MIR17	ZBTB18
MIR106A	MIR17	ZNF800
MIR106A	MIR17	KMT2B
MIR106A	MIR17	GAB1
MIR106A	MIR17	RUFY2
MIR106A	MIR17	RAP2C
MIR106A	MIR17	PPP2CA
MIR106A	MIR17	RAB5B
MIR106A	MIR17	POLR3G
MIR106A	MIR17	RRAGD
MIR106A	MIR17	SPOPL
MIR106A	MIR17	KLHL2
MIR106A	MIR17	NR4A3
MIR106A	MIR17	TMCC1
MIR106A	MIR17	YPEL2
MIR106A	MIR17	FGD4
MIR106A	MIR17	TXNIP
MIR106A	MIR17	ZBTB7A
MIR106A	MIR17	EPC2
MIR106A	MIR17	DDHD1
MIR106A	MIR17	PTHLH
MIR106A	MIR17	FYCO1
MIR106A	MIR17	PFKP
MIR106A	MIR17	E2F1
MIR106A	MIR17	FRMD6
MIR106A	MIR17	FBXL5
MIR106B	MIR17	ENPP5
MIR106B	MIR17	ATAD2
MIR106B	MIR17	BRMS1L
MIR106B	MIR17	FCHO2
MIR106B	MIR17	F3
MIR106B	MIR17	ITPRIPL2
MIR106B	MIR17	ETV1
MIR106B	MIR17	CALD1
MIR106B	MIR17	UBE2W
MIR106B	MIR17	LAMA3
MIR106B	MIR17	ZNFX1
MIR106B	MIR17	PLEKHA3
MIR106B	MIR17	NBEA
MIR106B	MIR17	NAA30
MIR106B	MIR17	FJX1
MIR106B	MIR17	NABP1
MIR106B	MIR17	RSRP1
MIR106B	MIR17	SAR1B
MIR106B	MIR17	HBP1
MIR106B	MIR17	CDC37L1
MIR106B	MIR17	NR4A2
MIR106B	MIR17	PBX3
MIR106B	MIR17	RNF128
MIR106B	MIR17	RHOC
MIR106B	MIR17	TMEM64
MIR106B	MIR17	CASP2
MIR106B	MIR17	KIF23
MIR106B	MIR17	BAMBI
MIR106B	MIR17	VASH2
MIR106B	MIR17	PPP3R1
MIR106B	MIR17	LHX6
MIR106B	MIR17	TANC1
MIR106B	MIR17	USP3
MIR106B	MIR17	ZFAND4
MIR106B	MIR17	ANKIB1
MIR106B	MIR17	OXR1
MIR106B	MIR17	CNOT7
MIR106B	MIR17	GPR6
MIR106B	MIR17	MAP3K2
MIR106B	MIR17	NEDD4L
MIR106B	MIR17	TRAPPC14
MIR106B	MIR17	METAP1
MIR106B	MIR17	FNDC3A
MIR106B	MIR17	MKRN1
MIR106B	MIR17	PPP6C
MIR106B	MIR17	TWF1
MIR106B	MIR17	EPHA4
MIR106B	MIR17	CD69
MIR106B	MIR17	MASTL
MIR106B	MIR17	GLIS3
MIR106B	MIR17	MED12L
MIR106B	MIR17	EMSY
MIR106B	MIR17	ZFR
MIR106B	MIR17	ZNF704
MIR106B	MIR17	ITGB8
MIR106B	MIR17	STAT3
MIR106B	MIR17	TBC1D20
MIR106B	MIR17	ATG16L1
MIR106B	MIR17	GPR137C
MIR106B	MIR17	PFN2
MIR106B	MIR17	NFIB
MIR106B	MIR17	CEP97
MIR106B	MIR17	NUP35
MIR106B	MIR17	MINK1
MIR106B	MIR17	BTBD7
MIR106B	MIR17	ANKRD52
MIR106B	MIR17	RBBP7
MIR106B	MIR17	POU2F1
MIR106B	MIR17	MON2
MIR106B	MIR17	ARID4B
MIR106B	MIR17	PKD2
MIR106B	MIR17	BCL11B
MIR106B	MIR17	RGMB
MIR106B	MIR17	DCUN1D3
MIR106B	MIR17	RBL2
MIR106B	MIR17	RSBN1
MIR106B	MIR17	EGLN3
MIR106B	MIR17	SACS
MIR106B	MIR17	CAMK2D
MIR106B	MIR17	CLIP4
MIR106B	MIR17	PTPN4
MIR106B	MIR17	BMT2
MIR106B	MIR17	ZFYVE26
MIR106B	MIR17	BTBD10
MIR106B	MIR17	FNBP1L
MIR106B	MIR17	PRRG1
MIR106B	MIR17	EPHA7
MIR106B	MIR17	TRAPPC10
MIR106B	MIR17	CFL2
MIR106B	MIR17	KLHL28
MIR106B	MIR17	TNKS2
MIR106B	MIR17	ZBTB4
MIR106B	MIR17	TRIP10
MIR106B	MIR17	BNIP2
MIR106B	MIR17	ZNF512B
MIR106B	MIR17	DYNC1LI2
MIR106B	MIR17	MYT1L
MIR106B	MIR17	ARHGAP12
MIR106B	MIR17	LIMA1
MIR106B	MIR17	TSG101
MIR106B	MIR17	BTG3
MIR106B	MIR17	SLITRK3
MIR106B	MIR17	E2F5
MIR106B	MIR17	APCDD1
MIR106B	MIR17	EFCAB14
MIR106B	MIR17	DERL2
MIR106B	MIR17	RGMA
MIR106B	MIR17	CROT
MIR106B	MIR17	SERP1
MIR106B	MIR17	NTN4
MIR106B	MIR17	TGFBR2
MIR106B	MIR17	NPAS2
MIR106B	MIR17	RAB22A
MIR106B	MIR17	ZNF367
MIR106B	MIR17	EZH1
MIR106B	MIR17	RPS6KA5
MIR106B	MIR17	VLDLR
MIR106B	MIR17	TNFRSF21
MIR106B	MIR17	CAPRIN2
MIR106B	MIR17	ARID4A
MIR106B	MIR17	PTPDC1
MIR106B	MIR17	CCNG2
MIR106B	MIR17	SLC40A1
MIR106B	MIR17	STK17B
MIR106B	MIR17	RASL11B
MIR106B	MIR17	ZBTB18
MIR106B	MIR17	ZNF800
MIR106B	MIR17	RUFY2
MIR106B	MIR17	RAP2C
MIR106B	MIR17	JPT1
MIR106B	MIR17	RAB5B
MIR106B	MIR17	LRPAP1
MIR106B	MIR17	NKIRAS1
MIR106B	MIR17	POLR3G
MIR106B	MIR17	RRAGD
MIR106B	MIR17	SPOPL
MIR106B	MIR17	KLHL2
MIR106B	MIR17	NR4A3
MIR106B	MIR17	TMCC1
MIR106B	MIR17	YPEL2
MIR106B	MIR17	FGD4
MIR106B	MIR17	TXNIP
MIR106B	MIR17	VGLL4
MIR106B	MIR17	ZBTB7A
MIR106B	MIR17	DDHD1
MIR106B	MIR17	PTHLH
MIR106B	MIR17	FYCO1
MIR106B	MIR17	PFKP
MIR106B	MIR17	E2F1
MIR106B	MIR17	FRMD6
MIR106B	MIR17	CDKN1A
MIR106B	MIR17	FBXL5
MIR10A	MIR10B	BBX
MIR10A	MIR10B	PDE7A
MIR10A	MIR10B	ANKFY1
MIR10A	MIR10B	PHF20L1
MIR10A	MIR10B	CLCC1
MIR10A	MIR10B	MIEF1
MIR10A	MIR10B	RB1CC1
MIR10A	MIR10B	FRS2
MIR10A	MIR10B	SH3D19
MIR10A	MIR10B	LRRC8B
MIR10A	MIR10B	ERI3
MIR10A	MIR10B	GTF2H1
MIR10A	MIR10B	UBR3
MIR10A	MIR10B	UBE2I
MIR10A	MIR10B	MDGA2
MIR10A	MIR10B	KLF11
MIR10A	MIR10B	SSX2IP
MIR10A	MIR10B	DAZAP1
MIR10A	MIR10B	HOXB3
MIR10A	MIR10B	XRN1
MIR10A	MIR10B	MTF2
MIR10A	MIR10B	TMEM167B
MIR10A	MIR10B	RPRD1A
MIR10A	MIR10B	NCOA6
MIR10A	MIR10B	SMTNL2
MIR10A	MIR10B	H3-3B
MIR10A	MIR10B	TIAM1
MIR10A	MIR10B	CBX5
MIR10A	MIR10B	CSMD1
MIR10A	MIR10B	GATA6
MIR10A	MIR10B	TNRC6B
MIR10A	MIR10B	TFAP2C
MIR10A	MIR10B	MTMR3
MIR10A	MIR10B	ATXN7
MIR10A	MIR10B	HNRNPK
MIR10A	MIR10B	SRSF1
MIR10A	MIR10B	IFFO2
MIR10A	MIR10B	RORA
MIR10A	MIR10B	ELOVL2
MIR10A	MIR10B	CADM2
MIR10A	MIR10B	PURG
MIR10A	MIR10B	TMEM183A
MIR10A	MIR10B	SOBP
MIR10A	MIR10B	NEDD4
MIR10A	MIR10B	GOLGA3
MIR10A	MIR10B	LCORL
MIR10A	MIR10B	FBXO30
MIR10A	MIR10B	EPHA4
MIR10A	MIR10B	EPHA5
MIR10A	MIR10B	FZD3
MIR10A	MIR10B	ZNF608
MIR10A	MIR10B	TBX5
MIR10A	MIR10B	ANK1
MIR10A	MIR10B	FLRT2
MIR10A	MIR10B	CYTH1
MIR10A	MIR10B	KLHDC10
MIR10A	MIR10B	NR2C2
MIR10A	MIR10B	SLC38A2
MIR10A	MIR10B	E2F3
MIR10A	MIR10B	CDK6
MIR10A	MIR10B	ITSN1
MIR10A	MIR10B	ITGB8
MIR10A	MIR10B	WDR26
MIR10A	MIR10B	RBM27
MIR10A	MIR10B	GALNT1
MIR10A	MIR10B	PRRT3
MIR10A	MIR10B	KLHL29
MIR10A	MIR10B	MAP3K7
MIR10A	MIR10B	E2F7
MIR10A	MIR10B	MTF1
MIR10A	MIR10B	PIK3CA
MIR10A	MIR10B	SMAP1
MIR10A	MIR10B	BCL2L11
MIR10A	MIR10B	NFAT5
MIR10A	MIR10B	PTEN
MIR10A	MIR10B	ARSJ
MIR10A	MIR10B	FIGN
MIR10A	MIR10B	IGSF1
MIR10A	MIR10B	AFF4
MIR10A	MIR10B	UNC5D
MIR10A	MIR10B	TENT4B
MIR10A	MIR10B	WNK3
MIR10A	MIR10B	TFRC
MIR10A	MIR10B	BAZ2B
MIR10A	MIR10B	PTPN4
MIR10A	MIR10B	INO80D
MIR10A	MIR10B	NCOR2
MIR10A	MIR10B	SUSD6
MIR10A	MIR10B	BCL6
MIR10A	MIR10B	FNBP1L
MIR10A	MIR10B	RNF165
MIR10A	MIR10B	EBF2
MIR10A	MIR10B	MYT1L
MIR10A	MIR10B	CAMK2B
MIR10A	MIR10B	HCN1
MIR10A	MIR10B	SON
MIR10A	MIR10B	SDC1
MIR10A	MIR10B	KCNA6
MIR10A	MIR10B	ZMYND11
MIR10A	MIR10B	ATRX
MIR10A	MIR10B	CTNNBIP1
MIR10A	MIR10B	L3MBTL3
MIR10A	MIR10B	SPAG9
MIR10A	MIR10B	ZNF367
MIR10A	MIR10B	HOXA1
MIR10A	MIR10B	CSRNP3
MIR10A	MIR10B	CRLF3
MIR10A	MIR10B	TPP2
MIR10A	MIR10B	BAZ1B
MIR10A	MIR10B	USP46
MIR10A	MIR10B	NR6A1
MIR10A	MIR10B	TRIM2
MIR10A	MIR10B	HOXA3
MIR10A	MIR10B	RNF186
MIR10A	MIR10B	MYBL1
MIR10A	MIR10B	CELF2
MIR10A	MIR10B	GABRB2
MIR10A	MIR10B	GATA3
MIR10A	MIR10B	SLC39A10
MIR10A	MIR10B	HAS3
MIR10A	MIR10B	SNX18
MIR10A	MIR10B	CREB1
MIR10A	MIR10B	CALCR
MIR10A	MIR10B	NR4A3
MIR10A	MIR10B	BDNF
MIR10A	MIR10B	NPAS3
MIR10A	MIR10B	IGDCC4
MIR10A	MIR10B	TMEM170B
MIR10A	MIR10B	DOCK11
MIR10A	MIR10B	WWC2
MIR10A	MIR10B	JARID2
MIR10A	MIR10B	ESRRG
MIR10A	MIR10B	CNOT6
MIR10A	MIR10B	ELAVL2
MIR10A	MIR10B	KCTD16
MIR10A	MIR10B	CHL1
MIR10A	MIR10B	RAP2A
MIR10A	MIR10B	TENM2
MIR10A	MIR10B	BACH2
MIR10A	MIR10B	MAGI2
MIR10A	MIR10B	USP25
MIR10A	MIR10B	BTRC
MIR124-1	MIR124-3	DHX36
MIR124-1	MIR124-3	CDC14A
MIR124-1	MIR124-3	NR3C1
MIR124-1	MIR124-3	SREK1
MIR124-1	MIR124-3	AHR
MIR124-1	MIR124-3	SLC24A2
MIR124-1	MIR124-3	B4GALT1
MIR124-1	MIR124-3	CYP19A1
MIR124-1	MIR124-3	GMFB
MIR124-1	MIR124-3	MORF4L1
MIR124-1	MIR124-3	NBEA
MIR124-1	MIR124-3	TXNRD1
MIR124-1	MIR124-3	CSTF2
MIR124-1	MIR124-3	NRP2
MIR124-1	MIR124-3	GLI3
MIR124-1	MIR124-3	OSBPL10
MIR124-1	MIR124-3	ROCK1
MIR124-1	MIR124-3	ZCCHC24
MIR124-1	MIR124-3	CERT1
MIR124-1	MIR124-3	HDAC9
MIR124-1	MIR124-3	MED12L
MIR124-1	MIR124-3	GNAI2
MIR124-1	MIR124-3	AMOTL1
MIR124-1	MIR124-3	TET2
MIR124-1	MIR124-3	MYO10
MIR124-1	MIR124-3	PAGR1
MIR124-1	MIR124-3	ARF1
MIR124-1	MIR124-3	PABIR2
MIR124-1	MIR124-3	ARMT1
MIR124-1	MIR124-3	DPP10
MIR124-1	MIR124-3	PARP16
MIR124-1	MIR124-3	HIPK1
MIR124-1	MIR124-3	LAMC1
MIR124-1	MIR124-3	OSBP
MIR124-1	MIR124-3	LPP
MIR124-1	MIR124-3	ATP7A
MIR124-1	MIR124-3	GGA2
MIR124-1	MIR124-3	SP1
MIR124-1	MIR124-3	LSM14A
MIR124-1	MIR124-3	AKAP9
MIR124-1	MIR124-3	RNF165
MIR124-1	MIR124-3	LDLRAD4
MIR124-1	MIR124-3	MMGT1
MIR124-1	MIR124-3	SLC16A1
MIR124-1	MIR124-3	CPD
MIR124-1	MIR124-3	G3BP1
MIR124-1	MIR124-3	OSBPL3
MIR124-1	MIR124-3	OSBPL11
MIR124-1	MIR124-3	TAOK1
MIR124-1	MIR124-3	DCP2
MIR124-1	MIR124-3	CTDSP1
MIR124-1	MIR124-3	CELF1
MIR124-1	MIR124-3	TAB2
MIR124-1	MIR124-3	PLCB1
MIR124-1	MIR124-3	RAB22A
MIR124-1	MIR124-3	RNPEPL1
MIR124-1	MIR124-3	SERTAD2
MIR124-1	MIR124-3	RFX4
MIR124-1	MIR124-3	EVI5
MIR124-1	MIR124-3	ID4
MIR124-1	MIR124-3	FLOT2
MIR124-1	MIR124-3	GRIA2
MIR124-1	MIR124-3	CDK17
MIR124-1	MIR124-3	PLEKHA1
MIR124-1	MIR124-3	PDZD2
MIR124-1	MIR124-3	CELF2
MIR124-1	MIR124-3	RIPPLY3
MIR124-1	MIR124-3	KCNK10
MIR124-1	MIR124-3	ZNF81
MIR124-1	MIR124-3	FBXL17
MIR124-1	MIR124-3	LPGAT1
MIR124-1	MIR124-3	FAR1
MIR124-1	MIR124-3	KDM3B
MIR124-1	MIR124-3	RBM24
MIR124-1	MIR124-3	BPNT2
MIR124-1	MIR124-3	SLC30A7
MIR124-1	MIR124-3	TSPAN8
MIR124-1	MIR124-3	TMEM170B
MIR124-1	MIR124-3	SLC35F5
MIR124-1	MIR124-3	USP30
MIR124-1	MIR124-3	CHP1
MIR124-1	MIR124-3	PPARGC1A
MIR124-1	MIR124-3	CANX
MIR124-1	MIR124-3	CDC7
MIR124-1	MIR124-3	TTL
MIR124-1	MIR124-3	DENND6A
MIR124-1	MIR124-3	RNF111
MIR124-1	MIR124-3	PPP1R3B
MIR124-1	MIR124-3	CDH2
MIR124-1	MIR124-3	CREBRF
MIR124-1	MIR124-3	HNRNPH2
MIR124-1	MIR124-3	CACNB4
MIR124-1	MIR124-3	MTF2
MIR124-1	MIR124-3	PITPNA
MIR124-1	MIR124-3	THSD7B
MIR124-1	MIR124-3	SPPL3
MIR124-1	MIR124-3	JAG1
MIR124-1	MIR124-3	SPTLC1
MIR124-1	MIR124-3	AZI2
MIR124-1	MIR124-3	APC
MIR124-1	MIR124-3	HOXA9
MIR124-1	MIR124-3	UBE3A
MIR124-1	MIR124-3	PTBP3
MIR124-1	MIR124-3	ATMIN
MIR124-1	MIR124-3	SHANK2
MIR124-1	MIR124-3	ABHD5
MIR124-1	MIR124-3	CNEP1R1
MIR124-1	MIR124-3	IQGAP1
MIR124-1	MIR124-3	PAQR9
MIR124-1	MIR124-3	CD24
MIR124-1	MIR124-3	C2CD2
MIR124-1	MIR124-3	CHTOP
MIR124-1	MIR124-3	LRRC1
MIR124-1	MIR124-3	BRWD1
MIR124-1	MIR124-3	PGRMC2
MIR124-1	MIR124-3	GPC6
MIR124-1	MIR124-3	VPS35
MIR124-1	MIR124-3	MYRF
MIR124-1	MIR124-3	PIK3C2A
MIR124-1	MIR124-3	SYPL1
MIR124-1	MIR124-3	CHD9
MIR124-1	MIR124-3	DIPK2A
MIR124-1	MIR124-3	RARB
MIR124-1	MIR124-3	MAP3K13
MIR124-1	MIR124-3	PI4K2B
MIR124-1	MIR124-3	RSU1
MIR124-1	MIR124-3	VAMP3
MIR124-1	MIR124-3	ELK3
MIR124-1	MIR124-3	DUSP28
MIR124-1	MIR124-3	SEMA6A
MIR124-1	MIR124-3	FAM222B
MIR124-1	MIR124-3	DPH6
MIR124-1	MIR124-3	YTHDF3
MIR124-1	MIR124-3	MIB1
MIR124-1	MIR124-3	NRXN3
MIR124-1	MIR124-3	MARF1
MIR124-1	MIR124-3	AFF3
MIR124-1	MIR124-3	PDE4D
MIR124-1	MIR124-3	UBN2
MIR124-1	MIR124-3	FOXG1
MIR124-1	MIR124-3	SMARCAD1
MIR124-1	MIR124-3	CAMTA1
MIR124-1	MIR124-3	FMR1
MIR124-1	MIR124-3	GNAI1
MIR124-1	MIR124-3	PLOD2
MIR124-1	MIR124-3	MLYCD
MIR124-1	MIR124-3	RAB3IP
MIR124-1	MIR124-3	RAB34
MIR124-1	MIR124-3	LIN7C
MIR124-1	MIR124-3	ARID4A
MIR124-1	MIR124-3	SNAI2
MIR124-1	MIR124-3	SEC23A
MIR124-1	MIR124-3	SNX2
MIR124-1	MIR124-3	WIPF2
MIR124-1	MIR124-3	GPD2
MIR124-1	MIR124-3	HNRNPF
MIR124-1	MIR124-3	SMAD5
MIR124-1	MIR124-3	TLCD4
MIR124-1	MIR124-3	LCOR
MIR124-1	MIR124-3	YPEL2
MIR124-1	MIR124-3	RAB27A
MIR124-1	MIR124-3	ATP2B4
MIR124-1	MIR124-3	ATXN2
MIR124-1	MIR124-3	EPS8
MIR124-1	MIR124-3	RIC3
MIR124-1	MIR124-3	BCAT1
MIR124-1	MIR124-3	HNRNPH1
MIR124-1	MIR124-3	EPB41L1
MIR124-1	MIR124-3	LIMCH1
MIR124-1	MIR124-3	TFAP2A
MIR124-1	MIR124-3	FZD4
MIR124-1	MIR124-3	HIVEP1
MIR124-1	MIR124-3	LEMD3
MIR124-1	MIR124-3	FCHO2
MIR124-1	MIR124-3	SLC10A7
MIR124-1	MIR124-3	PAM
MIR124-1	MIR124-3	C16orf72
MIR124-1	MIR124-3	OSBPL8
MIR124-1	MIR124-3	SPOCK1
MIR124-1	MIR124-3	QKI
MIR124-1	MIR124-3	NABP1
MIR124-1	MIR124-3	XRN1
MIR124-1	MIR124-3	DDX6
MIR124-1	MIR124-3	CD164
MIR124-1	MIR124-3	C1GALT1
MIR124-1	MIR124-3	NAP1L1
MIR124-1	MIR124-3	RAVER1
MIR124-1	MIR124-3	CHN1
MIR124-1	MIR124-3	EPB41L2
MIR124-1	MIR124-3	TRIP11
MIR124-1	MIR124-3	GRIA3
MIR124-1	MIR124-3	PLCB4
MIR124-1	MIR124-3	SPIN1
MIR124-1	MIR124-3	VPS37C
MIR124-1	MIR124-3	GALNT10
MIR124-1	MIR124-3	TSGA10
MIR124-1	MIR124-3	COL12A1
MIR124-1	MIR124-3	IL6ST
MIR124-1	MIR124-3	MEF2A
MIR124-1	MIR124-3	SPATA6L
MIR124-1	MIR124-3	SP2
MIR124-1	MIR124-3	TRPM8
MIR124-1	MIR124-3	EYA4
MIR124-1	MIR124-3	PTPRD
MIR124-1	MIR124-3	NFIB
MIR124-1	MIR124-3	NAA15
MIR124-1	MIR124-3	HIVEP2
MIR124-1	MIR124-3	MPEG1
MIR124-1	MIR124-3	FOXQ1
MIR124-1	MIR124-3	PHF6
MIR124-1	MIR124-3	CREB5
MIR124-1	MIR124-3	RAB21
MIR124-1	MIR124-3	RCOR1
MIR124-1	MIR124-3	ELL2
MIR124-1	MIR124-3	PALLD
MIR124-1	MIR124-3	GNG10
MIR124-1	MIR124-3	GTDC1
MIR124-1	MIR124-3	KPNA4
MIR124-1	MIR124-3	CNKSR3
MIR124-1	MIR124-3	PWWP2A
MIR124-1	MIR124-3	ATP1B3
MIR124-1	MIR124-3	FAM177A1
MIR124-1	MIR124-3	HNRNPAB
MIR124-1	MIR124-3	UVRAG
MIR124-1	MIR124-3	SLC2A13
MIR124-1	MIR124-3	PRKAG2
MIR124-1	MIR124-3	RHOG
MIR124-1	MIR124-3	LIN7A
MIR124-1	MIR124-3	PPP3CB
MIR124-1	MIR124-3	UBE4A
MIR124-1	MIR124-3	ZNF148
MIR124-1	MIR124-3	CAPRIN1
MIR124-1	MIR124-3	AFF1
MIR124-1	MIR124-3	PRRX1
MIR124-1	MIR124-3	SNTB2
MIR124-1	MIR124-3	ANK3
MIR124-1	MIR124-3	BOD1L1
MIR124-1	MIR124-3	MAGT1
MIR124-1	MIR124-3	AGPAT4
MIR124-1	MIR124-3	ZNF555
MIR124-1	MIR124-3	BDNF
MIR124-1	MIR124-3	KLF9
MIR124-1	MIR124-3	HSDL1
MIR124-1	MIR124-3	P4HB
MIR124-1	MIR124-3	RHOQ
MIR124-1	MIR124-3	SOX6
MIR124-1	MIR124-3	ADAMTS6
MIR124-1	MIR124-3	SIX4
MIR124-1	MIR124-3	ARL5B
MIR124-1	MIR124-3	BACH2
MIR124-1	MIR124-3	KPNA3
MIR124-1	MIR124-3	PHF19
MIR124-1	MIR124-3	PTBP1
MIR124-1	MIR124-3	DDX3X
MIR124-1	MIR124-3	HIPK3
MIR124-1	MIR124-3	FRS2
MIR124-1	MIR124-3	ATF7IP
MIR124-1	MIR124-3	YWHAB
MIR124-1	MIR124-3	TTC14
MIR124-1	MIR124-3	FLRT3
MIR124-1	MIR124-3	VCL
MIR124-1	MIR124-3	KCNJ2
MIR124-1	MIR124-3	LRRC58
MIR124-1	MIR124-3	MTMR4
MIR124-1	MIR124-3	ANTXR2
MIR124-1	MIR124-3	TNRC6B
MIR124-1	MIR124-3	TANC1
MIR124-1	MIR124-3	CREB3L2
MIR124-1	MIR124-3	HNRNPK
MIR124-1	MIR124-3	PTBP2
MIR124-1	MIR124-3	SRSF1
MIR124-1	MIR124-3	RORA
MIR124-1	MIR124-3	PDCD6
MIR124-1	MIR124-3	CHD5
MIR124-1	MIR124-3	XPO4
MIR124-1	MIR124-3	BTG2
MIR124-1	MIR124-3	PRRC2C
MIR124-1	MIR124-3	ARHGEF7
MIR124-1	MIR124-3	CTNND1
MIR124-1	MIR124-3	FRMD4B
MIR124-1	MIR124-3	SUMF1
MIR124-1	MIR124-3	ITPRID2
MIR124-1	MIR124-3	PLPP6
MIR124-1	MIR124-3	EEA1
MIR124-1	MIR124-3	CLCN4
MIR124-1	MIR124-3	MYH9
MIR124-1	MIR124-3	KDM5A
MIR124-1	MIR124-3	PTPN9
MIR124-1	MIR124-3	BTBD7
MIR124-1	MIR124-3	RNF145
MIR124-1	MIR124-3	CYB5A
MIR124-1	MIR124-3	AFF4
MIR124-1	MIR124-3	PKN2
MIR124-1	MIR124-3	SUCO
MIR124-1	MIR124-3	TLK2
MIR124-1	MIR124-3	PROM1
MIR124-1	MIR124-3	SUSD6
MIR124-1	MIR124-3	ITGB1
MIR124-1	MIR124-3	SMG1
MIR124-1	MIR124-3	FAM98A
MIR124-1	MIR124-3	TMEM109
MIR124-1	MIR124-3	MGAT4A
MIR124-1	MIR124-3	LCMT2
MIR124-1	MIR124-3	USP11
MIR124-1	MIR124-3	DCLK1
MIR124-1	MIR124-3	PRTG
MIR124-1	MIR124-3	CHIC1
MIR124-1	MIR124-3	YAP1
MIR124-1	MIR124-3	SUGT1
MIR124-1	MIR124-3	PHACTR2
MIR124-1	MIR124-3	TBC1D30
MIR124-1	MIR124-3	ONECUT2
MIR124-1	MIR124-3	SEC62
MIR124-1	MIR124-3	TUB
MIR124-1	MIR124-3	SLC35G1
MIR124-1	MIR124-3	SPOPL
MIR124-1	MIR124-3	PTPN12
MIR124-1	MIR124-3	RAPH1
MIR124-1	MIR124-3	AGPAT3
MIR124-1	MIR124-3	CHSY1
MIR124-1	MIR124-3	CPEB2
MIR124-1	MIR124-3	COPS2
MIR124-1	MIR124-3	FRMD8
MIR124-1	MIR124-3	REV3L
MIR124-1	MIR124-3	STRBP
MIR124-1	MIR124-3	KLHL24
MIR124-1	MIR124-3	TMEM131
MIR124-1	MIR124-3	PDE4B
MIR124-1	MIR124-2	DHX36
MIR124-1	MIR124-2	CDC14A
MIR124-1	MIR124-2	NR3C1
MIR124-1	MIR124-2	SREK1
MIR124-1	MIR124-2	AHR
MIR124-1	MIR124-2	SLC24A2
MIR124-1	MIR124-2	B4GALT1
MIR124-1	MIR124-2	CYP19A1
MIR124-1	MIR124-2	GMFB
MIR124-1	MIR124-2	MORF4L1
MIR124-1	MIR124-2	NBEA
MIR124-1	MIR124-2	TXNRD1
MIR124-1	MIR124-2	CSTF2
MIR124-1	MIR124-2	NRP2
MIR124-1	MIR124-2	GLI3
MIR124-1	MIR124-2	OSBPL10
MIR124-1	MIR124-2	ROCK1
MIR124-1	MIR124-2	ZCCHC24
MIR124-1	MIR124-2	CERT1
MIR124-1	MIR124-2	HDAC9
MIR124-1	MIR124-2	MED12L
MIR124-1	MIR124-2	GNAI2
MIR124-1	MIR124-2	AMOTL1
MIR124-1	MIR124-2	TET2
MIR124-1	MIR124-2	MYO10
MIR124-1	MIR124-2	PAGR1
MIR124-1	MIR124-2	ARF1
MIR124-1	MIR124-2	PABIR2
MIR124-1	MIR124-2	ARMT1
MIR124-1	MIR124-2	DPP10
MIR124-1	MIR124-2	PARP16
MIR124-1	MIR124-2	HIPK1
MIR124-1	MIR124-2	LAMC1
MIR124-1	MIR124-2	OSBP
MIR124-1	MIR124-2	LPP
MIR124-1	MIR124-2	ATP7A
MIR124-1	MIR124-2	GGA2
MIR124-1	MIR124-2	SP1
MIR124-1	MIR124-2	LSM14A
MIR124-1	MIR124-2	AKAP9
MIR124-1	MIR124-2	RNF165
MIR124-1	MIR124-2	LDLRAD4
MIR124-1	MIR124-2	MMGT1
MIR124-1	MIR124-2	SLC16A1
MIR124-1	MIR124-2	CPD
MIR124-1	MIR124-2	G3BP1
MIR124-1	MIR124-2	OSBPL3
MIR124-1	MIR124-2	OSBPL11
MIR124-1	MIR124-2	TAOK1
MIR124-1	MIR124-2	DCP2
MIR124-1	MIR124-2	CTDSP1
MIR124-1	MIR124-2	CELF1
MIR124-1	MIR124-2	TAB2
MIR124-1	MIR124-2	PLCB1
MIR124-1	MIR124-2	RAB22A
MIR124-1	MIR124-2	RNPEPL1
MIR124-1	MIR124-2	SERTAD2
MIR124-1	MIR124-2	RFX4
MIR124-1	MIR124-2	EVI5
MIR124-1	MIR124-2	ID4
MIR124-1	MIR124-2	FLOT2
MIR124-1	MIR124-2	GRIA2
MIR124-1	MIR124-2	CDK17
MIR124-1	MIR124-2	PLEKHA1
MIR124-1	MIR124-2	PDZD2
MIR124-1	MIR124-2	CELF2
MIR124-1	MIR124-2	RIPPLY3
MIR124-1	MIR124-2	KCNK10
MIR124-1	MIR124-2	ZNF81
MIR124-1	MIR124-2	FBXL17
MIR124-1	MIR124-2	LPGAT1
MIR124-1	MIR124-2	FAR1
MIR124-1	MIR124-2	KDM3B
MIR124-1	MIR124-2	RBM24
MIR124-1	MIR124-2	BPNT2
MIR124-1	MIR124-2	SLC30A7
MIR124-1	MIR124-2	TSPAN8
MIR124-1	MIR124-2	TMEM170B
MIR124-1	MIR124-2	SLC35F5
MIR124-1	MIR124-2	USP30
MIR124-1	MIR124-2	CHP1
MIR124-1	MIR124-2	PPARGC1A
MIR124-1	MIR124-2	CANX
MIR124-1	MIR124-2	CDC7
MIR124-1	MIR124-2	TTL
MIR124-1	MIR124-2	DENND6A
MIR124-1	MIR124-2	RNF111
MIR124-1	MIR124-2	PPP1R3B
MIR124-1	MIR124-2	CDH2
MIR124-1	MIR124-2	CREBRF
MIR124-1	MIR124-2	HNRNPH2
MIR124-1	MIR124-2	CACNB4
MIR124-1	MIR124-2	MTF2
MIR124-1	MIR124-2	PITPNA
MIR124-1	MIR124-2	THSD7B
MIR124-1	MIR124-2	SPPL3
MIR124-1	MIR124-2	JAG1
MIR124-1	MIR124-2	SPTLC1
MIR124-1	MIR124-2	AZI2
MIR124-1	MIR124-2	APC
MIR124-1	MIR124-2	HOXA9
MIR124-1	MIR124-2	UBE3A
MIR124-1	MIR124-2	PTBP3
MIR124-1	MIR124-2	ATMIN
MIR124-1	MIR124-2	SHANK2
MIR124-1	MIR124-2	ABHD5
MIR124-1	MIR124-2	CNEP1R1
MIR124-1	MIR124-2	IQGAP1
MIR124-1	MIR124-2	PAQR9
MIR124-1	MIR124-2	CD24
MIR124-1	MIR124-2	C2CD2
MIR124-1	MIR124-2	CHTOP
MIR124-1	MIR124-2	LRRC1
MIR124-1	MIR124-2	BRWD1
MIR124-1	MIR124-2	PGRMC2
MIR124-1	MIR124-2	GPC6
MIR124-1	MIR124-2	VPS35
MIR124-1	MIR124-2	MYRF
MIR124-1	MIR124-2	PIK3C2A
MIR124-1	MIR124-2	SYPL1
MIR124-1	MIR124-2	CHD9
MIR124-1	MIR124-2	DIPK2A
MIR124-1	MIR124-2	RARB
MIR124-1	MIR124-2	MAP3K13
MIR124-1	MIR124-2	PI4K2B
MIR124-1	MIR124-2	RSU1
MIR124-1	MIR124-2	VAMP3
MIR124-1	MIR124-2	ELK3
MIR124-1	MIR124-2	DUSP28
MIR124-1	MIR124-2	SEMA6A
MIR124-1	MIR124-2	FAM222B
MIR124-1	MIR124-2	DPH6
MIR124-1	MIR124-2	YTHDF3
MIR124-1	MIR124-2	MIB1
MIR124-1	MIR124-2	NRXN3
MIR124-1	MIR124-2	MARF1
MIR124-1	MIR124-2	AFF3
MIR124-1	MIR124-2	PDE4D
MIR124-1	MIR124-2	UBN2
MIR124-1	MIR124-2	FOXG1
MIR124-1	MIR124-2	SMARCAD1
MIR124-1	MIR124-2	CAMTA1
MIR124-1	MIR124-2	FMR1
MIR124-1	MIR124-2	GNAI1
MIR124-1	MIR124-2	PLOD2
MIR124-1	MIR124-2	MLYCD
MIR124-1	MIR124-2	RAB3IP
MIR124-1	MIR124-2	RAB34
MIR124-1	MIR124-2	LIN7C
MIR124-1	MIR124-2	ARID4A
MIR124-1	MIR124-2	SNAI2
MIR124-1	MIR124-2	SEC23A
MIR124-1	MIR124-2	SNX2
MIR124-1	MIR124-2	WIPF2
MIR124-1	MIR124-2	GPD2
MIR124-1	MIR124-2	HNRNPF
MIR124-1	MIR124-2	SMAD5
MIR124-1	MIR124-2	TLCD4
MIR124-1	MIR124-2	LCOR
MIR124-1	MIR124-2	YPEL2
MIR124-1	MIR124-2	RAB27A
MIR124-1	MIR124-2	ATP2B4
MIR124-1	MIR124-2	ATXN2
MIR124-1	MIR124-2	EPS8
MIR124-1	MIR124-2	RIC3
MIR124-1	MIR124-2	BCAT1
MIR124-1	MIR124-2	HNRNPH1
MIR124-1	MIR124-2	EPB41L1
MIR124-1	MIR124-2	LIMCH1
MIR124-1	MIR124-2	TFAP2A
MIR124-1	MIR124-2	FZD4
MIR124-1	MIR124-2	HIVEP1
MIR124-1	MIR124-2	LEMD3
MIR124-1	MIR124-2	FCHO2
MIR124-1	MIR124-2	SLC10A7
MIR124-1	MIR124-2	PAM
MIR124-1	MIR124-2	C16orf72
MIR124-1	MIR124-2	OSBPL8
MIR124-1	MIR124-2	SPOCK1
MIR124-1	MIR124-2	QKI
MIR124-1	MIR124-2	NABP1
MIR124-1	MIR124-2	XRN1
MIR124-1	MIR124-2	DDX6
MIR124-1	MIR124-2	CD164
MIR124-1	MIR124-2	C1GALT1
MIR124-1	MIR124-2	NAP1L1
MIR124-1	MIR124-2	RAVER1
MIR124-1	MIR124-2	CHN1
MIR124-1	MIR124-2	EPB41L2
MIR124-1	MIR124-2	TRIP11
MIR124-1	MIR124-2	GRIA3
MIR124-1	MIR124-2	PLCB4
MIR124-1	MIR124-2	SPIN1
MIR124-1	MIR124-2	VPS37C
MIR124-1	MIR124-2	GALNT10
MIR124-1	MIR124-2	TSGA10
MIR124-1	MIR124-2	COL12A1
MIR124-1	MIR124-2	IL6ST
MIR124-1	MIR124-2	MEF2A
MIR124-1	MIR124-2	SPATA6L
MIR124-1	MIR124-2	SP2
MIR124-1	MIR124-2	TRPM8
MIR124-1	MIR124-2	EYA4
MIR124-1	MIR124-2	PTPRD
MIR124-1	MIR124-2	NFIB
MIR124-1	MIR124-2	NAA15
MIR124-1	MIR124-2	HIVEP2
MIR124-1	MIR124-2	MPEG1
MIR124-1	MIR124-2	FOXQ1
MIR124-1	MIR124-2	PHF6
MIR124-1	MIR124-2	CREB5
MIR124-1	MIR124-2	RAB21
MIR124-1	MIR124-2	RCOR1
MIR124-1	MIR124-2	ELL2
MIR124-1	MIR124-2	PALLD
MIR124-1	MIR124-2	GNG10
MIR124-1	MIR124-2	GTDC1
MIR124-1	MIR124-2	KPNA4
MIR124-1	MIR124-2	CNKSR3
MIR124-1	MIR124-2	PWWP2A
MIR124-1	MIR124-2	ATP1B3
MIR124-1	MIR124-2	FAM177A1
MIR124-1	MIR124-2	HNRNPAB
MIR124-1	MIR124-2	UVRAG
MIR124-1	MIR124-2	SLC2A13
MIR124-1	MIR124-2	PRKAG2
MIR124-1	MIR124-2	RHOG
MIR124-1	MIR124-2	LIN7A
MIR124-1	MIR124-2	PPP3CB
MIR124-1	MIR124-2	UBE4A
MIR124-1	MIR124-2	ZNF148
MIR124-1	MIR124-2	CAPRIN1
MIR124-1	MIR124-2	AFF1
MIR124-1	MIR124-2	PRRX1
MIR124-1	MIR124-2	SNTB2
MIR124-1	MIR124-2	ANK3
MIR124-1	MIR124-2	BOD1L1
MIR124-1	MIR124-2	MAGT1
MIR124-1	MIR124-2	AGPAT4
MIR124-1	MIR124-2	ZNF555
MIR124-1	MIR124-2	BDNF
MIR124-1	MIR124-2	KLF9
MIR124-1	MIR124-2	HSDL1
MIR124-1	MIR124-2	P4HB
MIR124-1	MIR124-2	RHOQ
MIR124-1	MIR124-2	SOX6
MIR124-1	MIR124-2	ADAMTS6
MIR124-1	MIR124-2	SIX4
MIR124-1	MIR124-2	ARL5B
MIR124-1	MIR124-2	BACH2
MIR124-1	MIR124-2	KPNA3
MIR124-1	MIR124-2	PHF19
MIR124-1	MIR124-2	PTBP1
MIR124-1	MIR124-2	DDX3X
MIR124-1	MIR124-2	HIPK3
MIR124-1	MIR124-2	FRS2
MIR124-1	MIR124-2	ATF7IP
MIR124-1	MIR124-2	YWHAB
MIR124-1	MIR124-2	TTC14
MIR124-1	MIR124-2	FLRT3
MIR124-1	MIR124-2	VCL
MIR124-1	MIR124-2	KCNJ2
MIR124-1	MIR124-2	LRRC58
MIR124-1	MIR124-2	MTMR4
MIR124-1	MIR124-2	ANTXR2
MIR124-1	MIR124-2	TNRC6B
MIR124-1	MIR124-2	TANC1
MIR124-1	MIR124-2	CREB3L2
MIR124-1	MIR124-2	HNRNPK
MIR124-1	MIR124-2	PTBP2
MIR124-1	MIR124-2	SRSF1
MIR124-1	MIR124-2	RORA
MIR124-1	MIR124-2	PDCD6
MIR124-1	MIR124-2	CHD5
MIR124-1	MIR124-2	XPO4
MIR124-1	MIR124-2	BTG2
MIR124-1	MIR124-2	PRRC2C
MIR124-1	MIR124-2	ARHGEF7
MIR124-1	MIR124-2	CTNND1
MIR124-1	MIR124-2	FRMD4B
MIR124-1	MIR124-2	SUMF1
MIR124-1	MIR124-2	ITPRID2
MIR124-1	MIR124-2	PLPP6
MIR124-1	MIR124-2	EEA1
MIR124-1	MIR124-2	CLCN4
MIR124-1	MIR124-2	MYH9
MIR124-1	MIR124-2	KDM5A
MIR124-1	MIR124-2	PTPN9
MIR124-1	MIR124-2	BTBD7
MIR124-1	MIR124-2	RNF145
MIR124-1	MIR124-2	CYB5A
MIR124-1	MIR124-2	AFF4
MIR124-1	MIR124-2	PKN2
MIR124-1	MIR124-2	SUCO
MIR124-1	MIR124-2	TLK2
MIR124-1	MIR124-2	PROM1
MIR124-1	MIR124-2	SUSD6
MIR124-1	MIR124-2	ITGB1
MIR124-1	MIR124-2	SMG1
MIR124-1	MIR124-2	FAM98A
MIR124-1	MIR124-2	TMEM109
MIR124-1	MIR124-2	MGAT4A
MIR124-1	MIR124-2	LCMT2
MIR124-1	MIR124-2	USP11
MIR124-1	MIR124-2	DCLK1
MIR124-1	MIR124-2	PRTG
MIR124-1	MIR124-2	CHIC1
MIR124-1	MIR124-2	YAP1
MIR124-1	MIR124-2	SUGT1
MIR124-1	MIR124-2	PHACTR2
MIR124-1	MIR124-2	TBC1D30
MIR124-1	MIR124-2	ONECUT2
MIR124-1	MIR124-2	SEC62
MIR124-1	MIR124-2	TUB
MIR124-1	MIR124-2	SLC35G1
MIR124-1	MIR124-2	SPOPL
MIR124-1	MIR124-2	PTPN12
MIR124-1	MIR124-2	RAPH1
MIR124-1	MIR124-2	AGPAT3
MIR124-1	MIR124-2	CHSY1
MIR124-1	MIR124-2	CPEB2
MIR124-1	MIR124-2	COPS2
MIR124-1	MIR124-2	FRMD8
MIR124-1	MIR124-2	REV3L
MIR124-1	MIR124-2	STRBP
MIR124-1	MIR124-2	KLHL24
MIR124-1	MIR124-2	TMEM131
MIR124-1	MIR124-2	PDE4B
MIR124-3	MIR124-2	DHX36
MIR124-3	MIR124-2	CDC14A
MIR124-3	MIR124-2	NR3C1
MIR124-3	MIR124-2	SREK1
MIR124-3	MIR124-2	AHR
MIR124-3	MIR124-2	SLC24A2
MIR124-3	MIR124-2	B4GALT1
MIR124-3	MIR124-2	CYP19A1
MIR124-3	MIR124-2	GMFB
MIR124-3	MIR124-2	MORF4L1
MIR124-3	MIR124-2	NBEA
MIR124-3	MIR124-2	TXNRD1
MIR124-3	MIR124-2	CSTF2
MIR124-3	MIR124-2	NRP2
MIR124-3	MIR124-2	GLI3
MIR124-3	MIR124-2	OSBPL10
MIR124-3	MIR124-2	ROCK1
MIR124-3	MIR124-2	ZCCHC24
MIR124-3	MIR124-2	CERT1
MIR124-3	MIR124-2	HDAC9
MIR124-3	MIR124-2	MED12L
MIR124-3	MIR124-2	GNAI2
MIR124-3	MIR124-2	AMOTL1
MIR124-3	MIR124-2	TET2
MIR124-3	MIR124-2	MYO10
MIR124-3	MIR124-2	PAGR1
MIR124-3	MIR124-2	ARF1
MIR124-3	MIR124-2	PABIR2
MIR124-3	MIR124-2	ARMT1
MIR124-3	MIR124-2	DPP10
MIR124-3	MIR124-2	PARP16
MIR124-3	MIR124-2	HIPK1
MIR124-3	MIR124-2	LAMC1
MIR124-3	MIR124-2	OSBP
MIR124-3	MIR124-2	LPP
MIR124-3	MIR124-2	ATP7A
MIR124-3	MIR124-2	GGA2
MIR124-3	MIR124-2	SP1
MIR124-3	MIR124-2	LSM14A
MIR124-3	MIR124-2	AKAP9
MIR124-3	MIR124-2	RNF165
MIR124-3	MIR124-2	LDLRAD4
MIR124-3	MIR124-2	MMGT1
MIR124-3	MIR124-2	SLC16A1
MIR124-3	MIR124-2	CPD
MIR124-3	MIR124-2	G3BP1
MIR124-3	MIR124-2	OSBPL3
MIR124-3	MIR124-2	OSBPL11
MIR124-3	MIR124-2	TAOK1
MIR124-3	MIR124-2	DCP2
MIR124-3	MIR124-2	CTDSP1
MIR124-3	MIR124-2	CELF1
MIR124-3	MIR124-2	TAB2
MIR124-3	MIR124-2	PLCB1
MIR124-3	MIR124-2	RAB22A
MIR124-3	MIR124-2	RNPEPL1
MIR124-3	MIR124-2	SERTAD2
MIR124-3	MIR124-2	RFX4
MIR124-3	MIR124-2	EVI5
MIR124-3	MIR124-2	ID4
MIR124-3	MIR124-2	FLOT2
MIR124-3	MIR124-2	GRIA2
MIR124-3	MIR124-2	CDK17
MIR124-3	MIR124-2	PLEKHA1
MIR124-3	MIR124-2	PDZD2
MIR124-3	MIR124-2	CELF2
MIR124-3	MIR124-2	RIPPLY3
MIR124-3	MIR124-2	KCNK10
MIR124-3	MIR124-2	ZNF81
MIR124-3	MIR124-2	FBXL17
MIR124-3	MIR124-2	LPGAT1
MIR124-3	MIR124-2	FAR1
MIR124-3	MIR124-2	KDM3B
MIR124-3	MIR124-2	RBM24
MIR124-3	MIR124-2	BPNT2
MIR124-3	MIR124-2	SLC30A7
MIR124-3	MIR124-2	TSPAN8
MIR124-3	MIR124-2	TMEM170B
MIR124-3	MIR124-2	SLC35F5
MIR124-3	MIR124-2	USP30
MIR124-3	MIR124-2	CHP1
MIR124-3	MIR124-2	PPARGC1A
MIR124-3	MIR124-2	CANX
MIR124-3	MIR124-2	CDC7
MIR124-3	MIR124-2	TTL
MIR124-3	MIR124-2	DENND6A
MIR124-3	MIR124-2	RNF111
MIR124-3	MIR124-2	PPP1R3B
MIR124-3	MIR124-2	CDH2
MIR124-3	MIR124-2	CREBRF
MIR124-3	MIR124-2	HNRNPH2
MIR124-3	MIR124-2	CACNB4
MIR124-3	MIR124-2	MTF2
MIR124-3	MIR124-2	PITPNA
MIR124-3	MIR124-2	THSD7B
MIR124-3	MIR124-2	SPPL3
MIR124-3	MIR124-2	JAG1
MIR124-3	MIR124-2	SPTLC1
MIR124-3	MIR124-2	AZI2
MIR124-3	MIR124-2	APC
MIR124-3	MIR124-2	HOXA9
MIR124-3	MIR124-2	UBE3A
MIR124-3	MIR124-2	PTBP3
MIR124-3	MIR124-2	ATMIN
MIR124-3	MIR124-2	SHANK2
MIR124-3	MIR124-2	ABHD5
MIR124-3	MIR124-2	CNEP1R1
MIR124-3	MIR124-2	IQGAP1
MIR124-3	MIR124-2	PAQR9
MIR124-3	MIR124-2	CD24
MIR124-3	MIR124-2	C2CD2
MIR124-3	MIR124-2	CHTOP
MIR124-3	MIR124-2	LRRC1
MIR124-3	MIR124-2	BRWD1
MIR124-3	MIR124-2	PGRMC2
MIR124-3	MIR124-2	GPC6
MIR124-3	MIR124-2	VPS35
MIR124-3	MIR124-2	MYRF
MIR124-3	MIR124-2	PIK3C2A
MIR124-3	MIR124-2	SYPL1
MIR124-3	MIR124-2	CHD9
MIR124-3	MIR124-2	DIPK2A
MIR124-3	MIR124-2	RARB
MIR124-3	MIR124-2	MAP3K13
MIR124-3	MIR124-2	PI4K2B
MIR124-3	MIR124-2	RSU1
MIR124-3	MIR124-2	VAMP3
MIR124-3	MIR124-2	ELK3
MIR124-3	MIR124-2	DUSP28
MIR124-3	MIR124-2	SEMA6A
MIR124-3	MIR124-2	FAM222B
MIR124-3	MIR124-2	DPH6
MIR124-3	MIR124-2	YTHDF3
MIR124-3	MIR124-2	MIB1
MIR124-3	MIR124-2	NRXN3
MIR124-3	MIR124-2	MARF1
MIR124-3	MIR124-2	AFF3
MIR124-3	MIR124-2	PDE4D
MIR124-3	MIR124-2	UBN2
MIR124-3	MIR124-2	FOXG1
MIR124-3	MIR124-2	SMARCAD1
MIR124-3	MIR124-2	CAMTA1
MIR124-3	MIR124-2	FMR1
MIR124-3	MIR124-2	GNAI1
MIR124-3	MIR124-2	PLOD2
MIR124-3	MIR124-2	MLYCD
MIR124-3	MIR124-2	RAB3IP
MIR124-3	MIR124-2	RAB34
MIR124-3	MIR124-2	LIN7C
MIR124-3	MIR124-2	ARID4A
MIR124-3	MIR124-2	SNAI2
MIR124-3	MIR124-2	SEC23A
MIR124-3	MIR124-2	SNX2
MIR124-3	MIR124-2	WIPF2
MIR124-3	MIR124-2	GPD2
MIR124-3	MIR124-2	HNRNPF
MIR124-3	MIR124-2	SMAD5
MIR124-3	MIR124-2	TLCD4
MIR124-3	MIR124-2	LCOR
MIR124-3	MIR124-2	YPEL2
MIR124-3	MIR124-2	RAB27A
MIR124-3	MIR124-2	ATP2B4
MIR124-3	MIR124-2	ATXN2
MIR124-3	MIR124-2	EPS8
MIR124-3	MIR124-2	RIC3
MIR124-3	MIR124-2	BCAT1
MIR124-3	MIR124-2	HNRNPH1
MIR124-3	MIR124-2	EPB41L1
MIR124-3	MIR124-2	LIMCH1
MIR124-3	MIR124-2	TFAP2A
MIR124-3	MIR124-2	FZD4
MIR124-3	MIR124-2	HIVEP1
MIR124-3	MIR124-2	LEMD3
MIR124-3	MIR124-2	FCHO2
MIR124-3	MIR124-2	SLC10A7
MIR124-3	MIR124-2	PAM
MIR124-3	MIR124-2	C16orf72
MIR124-3	MIR124-2	OSBPL8
MIR124-3	MIR124-2	SPOCK1
MIR124-3	MIR124-2	QKI
MIR124-3	MIR124-2	NABP1
MIR124-3	MIR124-2	XRN1
MIR124-3	MIR124-2	DDX6
MIR124-3	MIR124-2	CD164
MIR124-3	MIR124-2	C1GALT1
MIR124-3	MIR124-2	NAP1L1
MIR124-3	MIR124-2	RAVER1
MIR124-3	MIR124-2	CHN1
MIR124-3	MIR124-2	EPB41L2
MIR124-3	MIR124-2	TRIP11
MIR124-3	MIR124-2	GRIA3
MIR124-3	MIR124-2	PLCB4
MIR124-3	MIR124-2	SPIN1
MIR124-3	MIR124-2	VPS37C
MIR124-3	MIR124-2	GALNT10
MIR124-3	MIR124-2	TSGA10
MIR124-3	MIR124-2	COL12A1
MIR124-3	MIR124-2	IL6ST
MIR124-3	MIR124-2	MEF2A
MIR124-3	MIR124-2	SPATA6L
MIR124-3	MIR124-2	SP2
MIR124-3	MIR124-2	TRPM8
MIR124-3	MIR124-2	EYA4
MIR124-3	MIR124-2	PTPRD
MIR124-3	MIR124-2	NFIB
MIR124-3	MIR124-2	NAA15
MIR124-3	MIR124-2	HIVEP2
MIR124-3	MIR124-2	MPEG1
MIR124-3	MIR124-2	FOXQ1
MIR124-3	MIR124-2	PHF6
MIR124-3	MIR124-2	CREB5
MIR124-3	MIR124-2	RAB21
MIR124-3	MIR124-2	RCOR1
MIR124-3	MIR124-2	ELL2
MIR124-3	MIR124-2	PALLD
MIR124-3	MIR124-2	GNG10
MIR124-3	MIR124-2	GTDC1
MIR124-3	MIR124-2	KPNA4
MIR124-3	MIR124-2	CNKSR3
MIR124-3	MIR124-2	PWWP2A
MIR124-3	MIR124-2	ATP1B3
MIR124-3	MIR124-2	FAM177A1
MIR124-3	MIR124-2	HNRNPAB
MIR124-3	MIR124-2	UVRAG
MIR124-3	MIR124-2	SLC2A13
MIR124-3	MIR124-2	PRKAG2
MIR124-3	MIR124-2	RHOG
MIR124-3	MIR124-2	LIN7A
MIR124-3	MIR124-2	PPP3CB
MIR124-3	MIR124-2	UBE4A
MIR124-3	MIR124-2	ZNF148
MIR124-3	MIR124-2	CAPRIN1
MIR124-3	MIR124-2	AFF1
MIR124-3	MIR124-2	PRRX1
MIR124-3	MIR124-2	SNTB2
MIR124-3	MIR124-2	ANK3
MIR124-3	MIR124-2	BOD1L1
MIR124-3	MIR124-2	MAGT1
MIR124-3	MIR124-2	AGPAT4
MIR124-3	MIR124-2	ZNF555
MIR124-3	MIR124-2	BDNF
MIR124-3	MIR124-2	KLF9
MIR124-3	MIR124-2	HSDL1
MIR124-3	MIR124-2	P4HB
MIR124-3	MIR124-2	RHOQ
MIR124-3	MIR124-2	SOX6
MIR124-3	MIR124-2	ADAMTS6
MIR124-3	MIR124-2	SIX4
MIR124-3	MIR124-2	ARL5B
MIR124-3	MIR124-2	BACH2
MIR124-3	MIR124-2	KPNA3
MIR124-3	MIR124-2	PHF19
MIR124-3	MIR124-2	PTBP1
MIR124-3	MIR124-2	DDX3X
MIR124-3	MIR124-2	HIPK3
MIR124-3	MIR124-2	FRS2
MIR124-3	MIR124-2	ATF7IP
MIR124-3	MIR124-2	YWHAB
MIR124-3	MIR124-2	TTC14
MIR124-3	MIR124-2	FLRT3
MIR124-3	MIR124-2	VCL
MIR124-3	MIR124-2	KCNJ2
MIR124-3	MIR124-2	LRRC58
MIR124-3	MIR124-2	MTMR4
MIR124-3	MIR124-2	ANTXR2
MIR124-3	MIR124-2	TNRC6B
MIR124-3	MIR124-2	TANC1
MIR124-3	MIR124-2	CREB3L2
MIR124-3	MIR124-2	HNRNPK
MIR124-3	MIR124-2	PTBP2
MIR124-3	MIR124-2	SRSF1
MIR124-3	MIR124-2	RORA
MIR124-3	MIR124-2	PDCD6
MIR124-3	MIR124-2	CHD5
MIR124-3	MIR124-2	XPO4
MIR124-3	MIR124-2	BTG2
MIR124-3	MIR124-2	PRRC2C
MIR124-3	MIR124-2	ARHGEF7
MIR124-3	MIR124-2	CTNND1
MIR124-3	MIR124-2	FRMD4B
MIR124-3	MIR124-2	SUMF1
MIR124-3	MIR124-2	ITPRID2
MIR124-3	MIR124-2	PLPP6
MIR124-3	MIR124-2	EEA1
MIR124-3	MIR124-2	CLCN4
MIR124-3	MIR124-2	MYH9
MIR124-3	MIR124-2	KDM5A
MIR124-3	MIR124-2	PTPN9
MIR124-3	MIR124-2	BTBD7
MIR124-3	MIR124-2	RNF145
MIR124-3	MIR124-2	CYB5A
MIR124-3	MIR124-2	AFF4
MIR124-3	MIR124-2	PKN2
MIR124-3	MIR124-2	SUCO
MIR124-3	MIR124-2	TLK2
MIR124-3	MIR124-2	PROM1
MIR124-3	MIR124-2	SUSD6
MIR124-3	MIR124-2	ITGB1
MIR124-3	MIR124-2	SMG1
MIR124-3	MIR124-2	FAM98A
MIR124-3	MIR124-2	TMEM109
MIR124-3	MIR124-2	MGAT4A
MIR124-3	MIR124-2	LCMT2
MIR124-3	MIR124-2	USP11
MIR124-3	MIR124-2	DCLK1
MIR124-3	MIR124-2	PRTG
MIR124-3	MIR124-2	CHIC1
MIR124-3	MIR124-2	YAP1
MIR124-3	MIR124-2	SUGT1
MIR124-3	MIR124-2	PHACTR2
MIR124-3	MIR124-2	TBC1D30
MIR124-3	MIR124-2	ONECUT2
MIR124-3	MIR124-2	SEC62
MIR124-3	MIR124-2	TUB
MIR124-3	MIR124-2	SLC35G1
MIR124-3	MIR124-2	SPOPL
MIR124-3	MIR124-2	PTPN12
MIR124-3	MIR124-2	RAPH1
MIR124-3	MIR124-2	AGPAT3
MIR124-3	MIR124-2	CHSY1
MIR124-3	MIR124-2	CPEB2
MIR124-3	MIR124-2	COPS2
MIR124-3	MIR124-2	FRMD8
MIR124-3	MIR124-2	REV3L
MIR124-3	MIR124-2	STRBP
MIR124-3	MIR124-2	KLHL24
MIR124-3	MIR124-2	TMEM131
MIR124-3	MIR124-2	PDE4B
MIR125A	MIR125B1	VPS36
MIR125A	MIR125B1	TMEM168
MIR125A	MIR125B1	PAFAH1B1
MIR125A	MIR125B1	UBE2G1
MIR125A	MIR125B1	ZFYVE1
MIR125A	MIR125B1	GLG1
MIR125A	MIR125B1	FAM118A
MIR125A	MIR125B1	RYBP
MIR125A	MIR125B1	PHC3
MIR125A	MIR125B1	DENND6A
MIR125A	MIR125B1	TSEN54
MIR125A	MIR125B1	RFXANK
MIR125A	MIR125B1	MAN1B1
MIR125A	MIR125B1	OAZ2
MIR125A	MIR125B1	TMEM135
MIR125A	MIR125B1	OSBPL9
MIR125A	MIR125B1	SLC38A9
MIR125A	MIR125B1	RBM20
MIR125A	MIR125B1	ELOVL6
MIR125A	MIR125B1	RUFY3
MIR125A	MIR125B1	RAB3D
MIR125A	MIR125B1	SYVN1
MIR125A	MIR125B1	SLC35A4
MIR125A	MIR125B1	CDH5
MIR125A	MIR125B1	MYT1
MIR125A	MIR125B1	EVA1A
MIR125A	MIR125B1	NPL
MIR125A	MIR125B1	LACTB
MIR125A	MIR125B1	IER2
MIR125A	MIR125B1	SLC39A9
MIR125A	MIR125B1	ABHD3
MIR125A	MIR125B1	CYP24A1
MIR125A	MIR125B1	ABTB1
MIR125A	MIR125B1	FNDC3B
MIR125A	MIR125B1	NPTN
MIR125A	MIR125B1	MEGF9
MIR125A	MIR125B1	PRDM1
MIR125A	MIR125B1	MAP3K11
MIR125A	MIR125B1	SH3TC2
MIR125A	MIR125B1	GJD3
MIR125A	MIR125B1	RAPGEF5
MIR125A	MIR125B1	TNFAIP3
MIR125A	MIR125B1	BTG2
MIR125A	MIR125B1	CGN
MIR125A	MIR125B1	SERTAD3
MIR125A	MIR125B1	MAP3K10
MIR125A	MIR125B1	DUS1L
MIR125A	MIR125B1	GRB10
MIR125A	MIR125B1	TRIAP1
MIR125A	MIR125B1	ZSWIM6
MIR125A	MIR125B1	NBEAL2
MIR125A	MIR125B1	NECAB3
MIR125A	MIR125B1	TTC7A
MIR125A	MIR125B1	LFNG
MIR125A	MIR125B1	TET2
MIR125A	MIR125B1	IST1
MIR125A	MIR125B1	SLC38A2
MIR125A	MIR125B1	CYTH1
MIR125A	MIR125B1	ACER2
MIR125A	MIR125B1	ZNF704
MIR125A	MIR125B1	CSNK2A1
MIR125A	MIR125B1	NIPAL4
MIR125A	MIR125B1	CEP85
MIR125A	MIR125B1	DRAM2
MIR125A	MIR125B1	MTF1
MIR125A	MIR125B1	OLFML2A
MIR125A	MIR125B1	PCTP
MIR125A	MIR125B1	BRWD1
MIR125A	MIR125B1	KLF13
MIR125A	MIR125B1	RETREG3
MIR125A	MIR125B1	UBN1
MIR125A	MIR125B1	NUP210
MIR125A	MIR125B1	SAMD10
MIR125A	MIR125B1	USP37
MIR125A	MIR125B1	RBM7
MIR125A	MIR125B1	GGA2
MIR125A	MIR125B1	MAMDC2
MIR125A	MIR125B1	PI4K2B
MIR125A	MIR125B1	ATP10D
MIR125A	MIR125B1	ENPEP
MIR125A	MIR125B1	INO80D
MIR125A	MIR125B1	PPP4R3A
MIR125A	MIR125B1	VPS4B
MIR125A	MIR125B1	KPNA6
MIR125A	MIR125B1	ZSWIM5
MIR125A	MIR125B1	GRSF1
MIR125A	MIR125B1	TRIM71
MIR125A	MIR125B1	TOR2A
MIR125A	MIR125B1	TMEM161B
MIR125A	MIR125B1	IKZF4
MIR125A	MIR125B1	TNFSF4
MIR125A	MIR125B1	GTPBP2
MIR125A	MIR125B1	NEU1
MIR125A	MIR125B1	ZSCAN29
MIR125A	MIR125B1	MTUS1
MIR125A	MIR125B1	LRFN2
MIR125A	MIR125B1	ANPEP
MIR125A	MIR125B1	SLITRK6
MIR125A	MIR125B1	NKAPD1
MIR125A	MIR125B1	DHX33
MIR125A	MIR125B1	ORC2
MIR125A	MIR125B1	KCTD15
MIR125A	MIR125B1	SUV39H1
MIR125A	MIR125B1	LBH
MIR125A	MIR125B1	PPAT
MIR125A	MIR125B1	SANBR
MIR125A	MIR125B1	ETS1
MIR125A	MIR125B1	C6orf47
MIR125A	MIR125B1	DOCK3
MIR125A	MIR125B1	ZFP62
MIR125A	MIR125B1	FBXW4
MIR125A	MIR125B1	ACHE
MIR125A	MIR125B1	PTPN18
MIR125A	MIR125B1	SLC25A15
MIR125A	MIR125B1	TTPA
MIR125A	MIR125B1	BMF
MIR125A	MIR125B1	GCNT1
MIR125A	MIR125B1	LIN28B
MIR125A	MIR125B1	STARD13
MIR125A	MIR125B1	DPYSL2
MIR125A	MIR125B1	KHNYN
MIR125A	MIR125B1	PCGF6
MIR125A	MIR125B1	LIFR
MIR125A	MIR125B1	BAP1
MIR125A	MIR125B1	SOX11
MIR125A	MIR125B1	IER3IP1
MIR125A	MIR125B1	PRRC1
MIR125A	MIR125B1	CDC42SE1
MIR125A	MIR125B1	MAPK14
MIR125A	MIR125B1	HINFP
MIR125A	MIR125B1	LIN28A
MIR125A	MIR125B1	SGPL1
MIR125A	MIR125B1	IRF4
MIR125A	MIR125B1	PODXL
MIR125A	MIR125B1	RPS6KA1
MIR125A	MIR125B1	KCNS3
MIR125A	MIR125B1	DIS3L2
MIR125A	MIR125B1	KCNK10
MIR125A	MIR125B1	UBE2R2
MIR125A	MIR125B1	MFN1
MIR125A	MIR125B1	SSTR3
MIR125A	MIR125B1	BRCA1
MIR125A	MIR125B1	SEMA4D
MIR125A	MIR125B1	BAK1
MIR125A	MIR125B1	LCOR
MIR125A	MIR125B1	MAPRE2
MIR125A	MIR125B1	MFHAS1
MIR125A	MIR125B1	LIPA
MIR125A	MIR125B1	ENTPD4
MIR125A	MIR125B1	ABCC5
MIR125A	MIR125B1	AGPAT3
MIR125A	MIR125B1	ABHD6
MIR125A	MIR125B1	CCNJ
MIR125A	MIR125B1	PSTPIP2
MIR125A	MIR125B1	SEMA4C
MIR125A	MIR125B1	RHOQ
MIR125A	MIR125B1	TP53INP1
MIR125A	MIR125B1	HIF1AN
MIR125A	MIR125B1	KMT5C
MIR125A	MIR125B1	TBC1D1
MIR125A	MIR125B1	SLC26A6
MIR125A	MIR125B1	ARID3B
MIR125A	MIR125B1	TMEM123
MIR125A	MIR125B1	ANKRD33B
MIR125A	MIR125B1	SBNO1
MIR125A	MIR125B2	VPS36
MIR125A	MIR125B2	TMEM168
MIR125A	MIR125B2	PAFAH1B1
MIR125A	MIR125B2	UBE2G1
MIR125A	MIR125B2	ZFYVE1
MIR125A	MIR125B2	FAM118A
MIR125A	MIR125B2	RYBP
MIR125A	MIR125B2	DENND6A
MIR125A	MIR125B2	TSEN54
MIR125A	MIR125B2	RFXANK
MIR125A	MIR125B2	ATAD2B
MIR125A	MIR125B2	MAN1B1
MIR125A	MIR125B2	OAZ2
MIR125A	MIR125B2	TMEM135
MIR125A	MIR125B2	OSBPL9
MIR125A	MIR125B2	SLC38A9
MIR125A	MIR125B2	RBM20
MIR125A	MIR125B2	ELOVL6
MIR125A	MIR125B2	RUFY3
MIR125A	MIR125B2	RAB3D
MIR125A	MIR125B2	SYVN1
MIR125A	MIR125B2	SLC35A4
MIR125A	MIR125B2	CDH5
MIR125A	MIR125B2	MYT1
MIR125A	MIR125B2	EVA1A
MIR125A	MIR125B2	NPL
MIR125A	MIR125B2	LACTB
MIR125A	MIR125B2	IER2
MIR125A	MIR125B2	SLC39A9
MIR125A	MIR125B2	ABHD3
MIR125A	MIR125B2	CYP24A1
MIR125A	MIR125B2	ABTB1
MIR125A	MIR125B2	FNDC3B
MIR125A	MIR125B2	MEGF9
MIR125A	MIR125B2	PRDM1
MIR125A	MIR125B2	MAP3K11
MIR125A	MIR125B2	SH3TC2
MIR125A	MIR125B2	GJD3
MIR125A	MIR125B2	RAPGEF5
MIR125A	MIR125B2	TNFAIP3
MIR125A	MIR125B2	BTG2
MIR125A	MIR125B2	CGN
MIR125A	MIR125B2	SERTAD3
MIR125A	MIR125B2	MAP3K10
MIR125A	MIR125B2	DUS1L
MIR125A	MIR125B2	GRB10
MIR125A	MIR125B2	TRIAP1
MIR125A	MIR125B2	ZSWIM6
MIR125A	MIR125B2	NBEAL2
MIR125A	MIR125B2	NECAB3
MIR125A	MIR125B2	TTC7A
MIR125A	MIR125B2	LFNG
MIR125A	MIR125B2	TET2
MIR125A	MIR125B2	IST1
MIR125A	MIR125B2	CYTH1
MIR125A	MIR125B2	ACER2
MIR125A	MIR125B2	ZNF704
MIR125A	MIR125B2	CSNK2A1
MIR125A	MIR125B2	NIPAL4
MIR125A	MIR125B2	CEP85
MIR125A	MIR125B2	GALNT7
MIR125A	MIR125B2	DRAM2
MIR125A	MIR125B2	MTF1
MIR125A	MIR125B2	OLFML2A
MIR125A	MIR125B2	PCTP
MIR125A	MIR125B2	BRWD1
MIR125A	MIR125B2	KLF13
MIR125A	MIR125B2	RETREG3
MIR125A	MIR125B2	DAZAP2
MIR125A	MIR125B2	UBN1
MIR125A	MIR125B2	NUP210
MIR125A	MIR125B2	SAMD10
MIR125A	MIR125B2	USP37
MIR125A	MIR125B2	RBM7
MIR125A	MIR125B2	GGA2
MIR125A	MIR125B2	MAMDC2
MIR125A	MIR125B2	PI4K2B
MIR125A	MIR125B2	ATP10D
MIR125A	MIR125B2	ENPEP
MIR125A	MIR125B2	INO80D
MIR125A	MIR125B2	PPP4R3A
MIR125A	MIR125B2	VPS4B
MIR125A	MIR125B2	KPNA6
MIR125A	MIR125B2	ZSWIM5
MIR125A	MIR125B2	GRSF1
MIR125A	MIR125B2	TRIM71
MIR125A	MIR125B2	TOR2A
MIR125A	MIR125B2	TMEM161B
MIR125A	MIR125B2	FMNL3
MIR125A	MIR125B2	IKZF4
MIR125A	MIR125B2	TNFSF4
MIR125A	MIR125B2	GTPBP2
MIR125A	MIR125B2	NEU1
MIR125A	MIR125B2	ZSCAN29
MIR125A	MIR125B2	MTUS1
MIR125A	MIR125B2	LRFN2
MIR125A	MIR125B2	ANPEP
MIR125A	MIR125B2	SLITRK6
MIR125A	MIR125B2	NKAPD1
MIR125A	MIR125B2	DHX33
MIR125A	MIR125B2	ORC2
MIR125A	MIR125B2	KCTD15
MIR125A	MIR125B2	SUV39H1
MIR125A	MIR125B2	LBH
MIR125A	MIR125B2	PPAT
MIR125A	MIR125B2	SANBR
MIR125A	MIR125B2	TAOK1
MIR125A	MIR125B2	ETS1
MIR125A	MIR125B2	C6orf47
MIR125A	MIR125B2	DOCK3
MIR125A	MIR125B2	ZFP62
MIR125A	MIR125B2	FBXW4
MIR125A	MIR125B2	ACHE
MIR125A	MIR125B2	PTPN18
MIR125A	MIR125B2	SLC25A15
MIR125A	MIR125B2	TTPA
MIR125A	MIR125B2	BMF
MIR125A	MIR125B2	GCNT1
MIR125A	MIR125B2	LIN28B
MIR125A	MIR125B2	STARD13
MIR125A	MIR125B2	KHNYN
MIR125A	MIR125B2	PCGF6
MIR125A	MIR125B2	LIFR
MIR125A	MIR125B2	DST
MIR125A	MIR125B2	BAP1
MIR125A	MIR125B2	PHACTR2
MIR125A	MIR125B2	SOX11
MIR125A	MIR125B2	IER3IP1
MIR125A	MIR125B2	PRRC1
MIR125A	MIR125B2	GPM6A
MIR125A	MIR125B2	CDC42SE1
MIR125A	MIR125B2	MAPK14
MIR125A	MIR125B2	HINFP
MIR125A	MIR125B2	LIN28A
MIR125A	MIR125B2	SGPL1
MIR125A	MIR125B2	IRF4
MIR125A	MIR125B2	PODXL
MIR125A	MIR125B2	PPP2CA
MIR125A	MIR125B2	RPS6KA1
MIR125A	MIR125B2	KCNS3
MIR125A	MIR125B2	DIS3L2
MIR125A	MIR125B2	KCNK10
MIR125A	MIR125B2	UBE2R2
MIR125A	MIR125B2	MFN1
MIR125A	MIR125B2	SSTR3
MIR125A	MIR125B2	SEMA4D
MIR125A	MIR125B2	BAK1
MIR125A	MIR125B2	LCOR
MIR125A	MIR125B2	MAPRE2
MIR125A	MIR125B2	MFHAS1
MIR125A	MIR125B2	LIPA
MIR125A	MIR125B2	ATP2B4
MIR125A	MIR125B2	ABCC5
MIR125A	MIR125B2	ABHD6
MIR125A	MIR125B2	CCNJ
MIR125A	MIR125B2	PSTPIP2
MIR125A	MIR125B2	SEMA4C
MIR125A	MIR125B2	RHOQ
MIR125A	MIR125B2	TP53INP1
MIR125A	MIR125B2	HIF1AN
MIR125A	MIR125B2	KMT5C
MIR125A	MIR125B2	TBC1D1
MIR125A	MIR125B2	SLC26A6
MIR125A	MIR125B2	ARID3B
MIR125A	MIR125B2	TMEM123
MIR125A	MIR125B2	ANKRD33B
MIR125A	MIR125B2	SBNO1
MIR125B1	MIR125B2	VPS36
MIR125B1	MIR125B2	TMEM168
MIR125B1	MIR125B2	PAFAH1B1
MIR125B1	MIR125B2	UBE2G1
MIR125B1	MIR125B2	ZFYVE1
MIR125B1	MIR125B2	FAM118A
MIR125B1	MIR125B2	RYBP
MIR125B1	MIR125B2	DENND6A
MIR125B1	MIR125B2	TSEN54
MIR125B1	MIR125B2	RFXANK
MIR125B1	MIR125B2	MAN1B1
MIR125B1	MIR125B2	OAZ2
MIR125B1	MIR125B2	TMEM135
MIR125B1	MIR125B2	OSBPL9
MIR125B1	MIR125B2	SLC38A9
MIR125B1	MIR125B2	RBM20
MIR125B1	MIR125B2	ELOVL6
MIR125B1	MIR125B2	RUFY3
MIR125B1	MIR125B2	RAB3D
MIR125B1	MIR125B2	SYVN1
MIR125B1	MIR125B2	SLC35A4
MIR125B1	MIR125B2	CDH5
MIR125B1	MIR125B2	MYT1
MIR125B1	MIR125B2	EVA1A
MIR125B1	MIR125B2	NPL
MIR125B1	MIR125B2	LACTB
MIR125B1	MIR125B2	IER2
MIR125B1	MIR125B2	SLC39A9
MIR125B1	MIR125B2	ABHD3
MIR125B1	MIR125B2	CYP24A1
MIR125B1	MIR125B2	ABTB1
MIR125B1	MIR125B2	FNDC3B
MIR125B1	MIR125B2	MEGF9
MIR125B1	MIR125B2	PRDM1
MIR125B1	MIR125B2	MAP3K11
MIR125B1	MIR125B2	DDX42
MIR125B1	MIR125B2	SH3TC2
MIR125B1	MIR125B2	GJD3
MIR125B1	MIR125B2	RAPGEF5
MIR125B1	MIR125B2	TNFAIP3
MIR125B1	MIR125B2	BTG2
MIR125B1	MIR125B2	CGN
MIR125B1	MIR125B2	SERTAD3
MIR125B1	MIR125B2	MAP3K10
MIR125B1	MIR125B2	DUS1L
MIR125B1	MIR125B2	GRB10
MIR125B1	MIR125B2	TRIAP1
MIR125B1	MIR125B2	PRDM16
MIR125B1	MIR125B2	ZSWIM6
MIR125B1	MIR125B2	NBEAL2
MIR125B1	MIR125B2	NECAB3
MIR125B1	MIR125B2	TTC7A
MIR125B1	MIR125B2	LFNG
MIR125B1	MIR125B2	TET2
MIR125B1	MIR125B2	IST1
MIR125B1	MIR125B2	CYTH1
MIR125B1	MIR125B2	ACER2
MIR125B1	MIR125B2	HCN3
MIR125B1	MIR125B2	ZNF704
MIR125B1	MIR125B2	CSNK2A1
MIR125B1	MIR125B2	NIPAL4
MIR125B1	MIR125B2	CEP85
MIR125B1	MIR125B2	DRAM2
MIR125B1	MIR125B2	MTF1
MIR125B1	MIR125B2	OLFML2A
MIR125B1	MIR125B2	CNNM1
MIR125B1	MIR125B2	PCTP
MIR125B1	MIR125B2	BRWD1
MIR125B1	MIR125B2	KLF13
MIR125B1	MIR125B2	RETREG3
MIR125B1	MIR125B2	PHLDA1
MIR125B1	MIR125B2	UBN1
MIR125B1	MIR125B2	NUP210
MIR125B1	MIR125B2	SAMD10
MIR125B1	MIR125B2	USP37
MIR125B1	MIR125B2	RBM7
MIR125B1	MIR125B2	GGA2
MIR125B1	MIR125B2	MAMDC2
MIR125B1	MIR125B2	PI4K2B
MIR125B1	MIR125B2	ATP10D
MIR125B1	MIR125B2	ENPEP
MIR125B1	MIR125B2	PPARGC1B
MIR125B1	MIR125B2	INO80D
MIR125B1	MIR125B2	PPP4R3A
MIR125B1	MIR125B2	VPS4B
MIR125B1	MIR125B2	KPNA6
MIR125B1	MIR125B2	SHISAL1
MIR125B1	MIR125B2	ZSWIM5
MIR125B1	MIR125B2	GRSF1
MIR125B1	MIR125B2	TRIM71
MIR125B1	MIR125B2	TOR2A
MIR125B1	MIR125B2	SLC17A7
MIR125B1	MIR125B2	TMEM161B
MIR125B1	MIR125B2	IKZF4
MIR125B1	MIR125B2	TNFSF4
MIR125B1	MIR125B2	GTPBP2
MIR125B1	MIR125B2	JADE2
MIR125B1	MIR125B2	NEU1
MIR125B1	MIR125B2	SLC16A6
MIR125B1	MIR125B2	ZSCAN29
MIR125B1	MIR125B2	MTUS1
MIR125B1	MIR125B2	LRFN2
MIR125B1	MIR125B2	ANPEP
MIR125B1	MIR125B2	SLITRK6
MIR125B1	MIR125B2	NKAPD1
MIR125B1	MIR125B2	DHX33
MIR125B1	MIR125B2	ORC2
MIR125B1	MIR125B2	KCTD15
MIR125B1	MIR125B2	SUV39H1
MIR125B1	MIR125B2	LBH
MIR125B1	MIR125B2	MIB1
MIR125B1	MIR125B2	PPAT
MIR125B1	MIR125B2	SANBR
MIR125B1	MIR125B2	ETS1
MIR125B1	MIR125B2	C6orf47
MIR125B1	MIR125B2	DOCK3
MIR125B1	MIR125B2	ZFP62
MIR125B1	MIR125B2	FBXW4
MIR125B1	MIR125B2	ACHE
MIR125B1	MIR125B2	PTPN18
MIR125B1	MIR125B2	SLC25A15
MIR125B1	MIR125B2	TTPA
MIR125B1	MIR125B2	BMF
MIR125B1	MIR125B2	GCNT1
MIR125B1	MIR125B2	LIN28B
MIR125B1	MIR125B2	STARD13
MIR125B1	MIR125B2	KHNYN
MIR125B1	MIR125B2	PCGF6
MIR125B1	MIR125B2	LIFR
MIR125B1	MIR125B2	ANO6
MIR125B1	MIR125B2	BAP1
MIR125B1	MIR125B2	SOX11
MIR125B1	MIR125B2	IER3IP1
MIR125B1	MIR125B2	PRRC1
MIR125B1	MIR125B2	CDC42SE1
MIR125B1	MIR125B2	MAPK14
MIR125B1	MIR125B2	HINFP
MIR125B1	MIR125B2	LIN28A
MIR125B1	MIR125B2	USP15
MIR125B1	MIR125B2	SGPL1
MIR125B1	MIR125B2	EAF1
MIR125B1	MIR125B2	IRF4
MIR125B1	MIR125B2	PODXL
MIR125B1	MIR125B2	RPS6KA1
MIR125B1	MIR125B2	KCNS3
MIR125B1	MIR125B2	DIS3L2
MIR125B1	MIR125B2	KCNK10
MIR125B1	MIR125B2	UBE2R2
MIR125B1	MIR125B2	MFN1
MIR125B1	MIR125B2	SSTR3
MIR125B1	MIR125B2	SEMA4D
MIR125B1	MIR125B2	BAK1
MIR125B1	MIR125B2	LCOR
MIR125B1	MIR125B2	MAPRE2
MIR125B1	MIR125B2	MFHAS1
MIR125B1	MIR125B2	ZNF385A
MIR125B1	MIR125B2	LIPA
MIR125B1	MIR125B2	ABCC5
MIR125B1	MIR125B2	ABHD6
MIR125B1	MIR125B2	CCNJ
MIR125B1	MIR125B2	PSTPIP2
MIR125B1	MIR125B2	SEMA4C
MIR125B1	MIR125B2	RHOQ
MIR125B1	MIR125B2	TP53INP1
MIR125B1	MIR125B2	HIF1AN
MIR125B1	MIR125B2	KMT5C
MIR125B1	MIR125B2	TBC1D1
MIR125B1	MIR125B2	PLEKHA8
MIR125B1	MIR125B2	SLC26A6
MIR125B1	MIR125B2	ARID3B
MIR125B1	MIR125B2	TMEM123
MIR125B1	MIR125B2	ANKRD33B
MIR125B1	MIR125B2	SBNO1
MIR128-1	MIR128-2	ABHD15
MIR128-1	MIR128-2	STK35
MIR128-1	MIR128-2	FAM126A
MIR128-1	MIR128-2	TRPM4
MIR128-1	MIR128-2	TOR4A
MIR128-1	MIR128-2	NHS
MIR128-1	MIR128-2	WNK1
MIR128-1	MIR128-2	NEUROD6
MIR128-1	MIR128-2	PDHX
MIR128-1	MIR128-2	SREK1
MIR128-1	MIR128-2	RHOA
MIR128-1	MIR128-2	TMEFF1
MIR128-1	MIR128-2	GPAM
MIR128-1	MIR128-2	TBC1D25
MIR128-1	MIR128-2	RYBP
MIR128-1	MIR128-2	ISL1
MIR128-1	MIR128-2	EFNB3
MIR128-1	MIR128-2	UBE2W
MIR128-1	MIR128-2	NOTUM
MIR128-1	MIR128-2	GREM1
MIR128-1	MIR128-2	PEX10
MIR128-1	MIR128-2	ELAVL3
MIR128-1	MIR128-2	SPTY2D1
MIR128-1	MIR128-2	MIEF1
MIR128-1	MIR128-2	SDK1
MIR128-1	MIR128-2	SUGP2
MIR128-1	MIR128-2	MED13
MIR128-1	MIR128-2	NCLN
MIR128-1	MIR128-2	HIC1
MIR128-1	MIR128-2	MET
MIR128-1	MIR128-2	TBC1D9B
MIR128-1	MIR128-2	WNT3A
MIR128-1	MIR128-2	CDH15
MIR128-1	MIR128-2	FASN
MIR128-1	MIR128-2	ATP8A1
MIR128-1	MIR128-2	SMYD5
MIR128-1	MIR128-2	MBD3
MIR128-1	MIR128-2	YWHAB
MIR128-1	MIR128-2	PDIA5
MIR128-1	MIR128-2	ANKRD11
MIR128-1	MIR128-2	CLYBL
MIR128-1	MIR128-2	AMMECR1L
MIR128-1	MIR128-2	DCAF7
MIR128-1	MIR128-2	PDE10A
MIR128-1	MIR128-2	STX1A
MIR128-1	MIR128-2	AKT2
MIR128-1	MIR128-2	UBE2N
MIR128-1	MIR128-2	FLT3LG
MIR128-1	MIR128-2	LRATD2
MIR128-1	MIR128-2	H3-3B
MIR128-1	MIR128-2	VEGFC
MIR128-1	MIR128-2	POLR2F
MIR128-1	MIR128-2	IGLON5
MIR128-1	MIR128-2	UNC13C
MIR128-1	MIR128-2	JAG1
MIR128-1	MIR128-2	GATA6
MIR128-1	MIR128-2	FBXW7
MIR128-1	MIR128-2	DNM1
MIR128-1	MIR128-2	CERS1
MIR128-1	MIR128-2	SMURF2
MIR128-1	MIR128-2	XPR1
MIR128-1	MIR128-2	TUBGCP2
MIR128-1	MIR128-2	EML1
MIR128-1	MIR128-2	KIAA1549
MIR128-1	MIR128-2	CABLES2
MIR128-1	MIR128-2	WTIP
MIR128-1	MIR128-2	MYO9B
MIR128-1	MIR128-2	IL21R
MIR128-1	MIR128-2	TMEM25
MIR128-1	MIR128-2	MNT
MIR128-1	MIR128-2	ZNF8
MIR128-1	MIR128-2	HOXA9
MIR128-1	MIR128-2	FUBP3
MIR128-1	MIR128-2	SEC24A
MIR128-1	MIR128-2	CIITA
MIR128-1	MIR128-2	HNRNPA0
MIR128-1	MIR128-2	KDM7A
MIR128-1	MIR128-2	SETD7
MIR128-1	MIR128-2	MEGF11
MIR128-1	MIR128-2	UBR1
MIR128-1	MIR128-2	POLR2J3
MIR128-1	MIR128-2	CORO1C
MIR128-1	MIR128-2	UBE2E2
MIR128-1	MIR128-2	OTULIN
MIR128-1	MIR128-2	GNG13
MIR128-1	MIR128-2	DUSP8
MIR128-1	MIR128-2	BTG2
MIR128-1	MIR128-2	RELN
MIR128-1	MIR128-2	UBR5
MIR128-1	MIR128-2	SEC61A1
MIR128-1	MIR128-2	PLAGL1
MIR128-1	MIR128-2	RND3
MIR128-1	MIR128-2	PLEKHG4B
MIR128-1	MIR128-2	SBF1
MIR128-1	MIR128-2	TNPO1
MIR128-1	MIR128-2	DCX
MIR128-1	MIR128-2	SKI
MIR128-1	MIR128-2	TNK2
MIR128-1	MIR128-2	RNGTT
MIR128-1	MIR128-2	SZRD1
MIR128-1	MIR128-2	DEGS2
MIR128-1	MIR128-2	POLR3H
MIR128-1	MIR128-2	SLC6A1
MIR128-1	MIR128-2	SOCS5
MIR128-1	MIR128-2	FRYL
MIR128-1	MIR128-2	LIMD2
MIR128-1	MIR128-2	EYA4
MIR128-1	MIR128-2	PALM
MIR128-1	MIR128-2	MINPP1
MIR128-1	MIR128-2	SMAP1
MIR128-1	MIR128-2	NAA15
MIR128-1	MIR128-2	CLCN7
MIR128-1	MIR128-2	SGMS1
MIR128-1	MIR128-2	RETREG3
MIR128-1	MIR128-2	BAG2
MIR128-1	MIR128-2	PAX9
MIR128-1	MIR128-2	STIM2
MIR128-1	MIR128-2	AK4
MIR128-1	MIR128-2	POGLUT1
MIR128-1	MIR128-2	GMEB2
MIR128-1	MIR128-2	PRRT1
MIR128-1	MIR128-2	TMX1
MIR128-1	MIR128-2	ISM1
MIR128-1	MIR128-2	TBX2
MIR128-1	MIR128-2	ECE1
MIR128-1	MIR128-2	KLHL30
MIR128-1	MIR128-2	HMGB3
MIR128-1	MIR128-2	MIPOL1
MIR128-1	MIR128-2	SPTBN4
MIR128-1	MIR128-2	TSC2
MIR128-1	MIR128-2	AFF4
MIR128-1	MIR128-2	EFR3A
MIR128-1	MIR128-2	DNAJC11
MIR128-1	MIR128-2	SMAD3
MIR128-1	MIR128-2	NEK2
MIR128-1	MIR128-2	FOXQ1
MIR128-1	MIR128-2	PHF6
MIR128-1	MIR128-2	SMARCA2
MIR128-1	MIR128-2	BEND4
MIR128-1	MIR128-2	BAZ2B
MIR128-1	MIR128-2	CSF1
MIR128-1	MIR128-2	VANGL1
MIR128-1	MIR128-2	SP1
MIR128-1	MIR128-2	CPZ
MIR128-1	MIR128-2	MPPED2
MIR128-1	MIR128-2	PPP1CC
MIR128-1	MIR128-2	TTC39A
MIR128-1	MIR128-2	SS18
MIR128-1	MIR128-2	NREP
MIR128-1	MIR128-2	ADAMTS5
MIR128-1	MIR128-2	MOSMO
MIR128-1	MIR128-2	NTRK2
MIR128-1	MIR128-2	NAT8L
MIR128-1	MIR128-2	ARMC8
MIR128-1	MIR128-2	SOS1
MIR128-1	MIR128-2	NRBF2
MIR128-1	MIR128-2	ANKRD33B
MIR128-1	MIR128-2	SOCS6
MIR128-1	MIR128-2	LIMS2
MIR128-1	MIR128-2	PRKX
MIR128-1	MIR128-2	ZNF316
MIR128-1	MIR128-2	NCS1
MIR128-1	MIR128-2	IRS1
MIR128-1	MIR128-2	PHB
MIR128-1	MIR128-2	CLUH
MIR128-1	MIR128-2	GGA3
MIR128-1	MIR128-2	ACVR2A
MIR128-1	MIR128-2	SLC29A4
MIR128-1	MIR128-2	SLC35F3
MIR128-1	MIR128-2	NTN1
MIR128-1	MIR128-2	PTPRB
MIR128-1	MIR128-2	RNF144A
MIR128-1	MIR128-2	RERE
MIR128-1	MIR128-2	ARHGAP12
MIR128-1	MIR128-2	RNF182
MIR128-1	MIR128-2	CAMK2B
MIR128-1	MIR128-2	RAP1B
MIR128-1	MIR128-2	LBH
MIR128-1	MIR128-2	DCP1A
MIR128-1	MIR128-2	KMT2A
MIR128-1	MIR128-2	CDIP1
MIR128-1	MIR128-2	RET
MIR128-1	MIR128-2	ARRB1
MIR128-1	MIR128-2	SH3BGRL2
MIR128-1	MIR128-2	RNF38
MIR128-1	MIR128-2	MSL1
MIR128-1	MIR128-2	NGFR
MIR128-1	MIR128-2	CHFR
MIR128-1	MIR128-2	CA10
MIR128-1	MIR128-2	TSTD2
MIR128-1	MIR128-2	NAV2
MIR128-1	MIR128-2	TGFBR1
MIR128-1	MIR128-2	IQSEC3
MIR128-1	MIR128-2	ZFP36L1
MIR128-1	MIR128-2	RPS6KB1
MIR128-1	MIR128-2	SH3RF1
MIR128-1	MIR128-2	MAPK6
MIR128-1	MIR128-2	H3-5
MIR128-1	MIR128-2	RGL2
MIR128-1	MIR128-2	RPS6KA5
MIR128-1	MIR128-2	SRR
MIR128-1	MIR128-2	NOTCH1
MIR128-1	MIR128-2	SH2D3C
MIR128-1	MIR128-2	CNR1
MIR128-1	MIR128-2	SYNGR1
MIR128-1	MIR128-2	CTDSP2
MIR128-1	MIR128-2	GTF2A2
MIR128-1	MIR128-2	ASB6
MIR128-1	MIR128-2	AKIRIN1
MIR128-1	MIR128-2	STK24
MIR128-1	MIR128-2	HDAC10
MIR128-1	MIR128-2	PEDS1
MIR128-1	MIR128-2	PLK2
MIR128-1	MIR128-2	PDE3A
MIR128-1	MIR128-2	WEE1
MIR128-1	MIR128-2	PAIP2
MIR128-1	MIR128-2	ONECUT2
MIR128-1	MIR128-2	TCEANC2
MIR128-1	MIR128-2	HOGA1
MIR128-1	MIR128-2	RCOR3
MIR128-1	MIR128-2	CD209
MIR128-1	MIR128-2	TUB
MIR128-1	MIR128-2	PTCH1
MIR128-1	MIR128-2	SYT1
MIR128-1	MIR128-2	PLXNA1
MIR128-1	MIR128-2	SMAD2
MIR128-1	MIR128-2	KCNK2
MIR128-1	MIR128-2	NXT2
MIR128-1	MIR128-2	NOVA1
MIR128-1	MIR128-2	CLPP
MIR128-1	MIR128-2	CCNT2
MIR128-1	MIR128-2	SEC22A
MIR128-1	MIR128-2	NAA50
MIR128-1	MIR128-2	NFIC
MIR128-1	MIR128-2	KCNK10
MIR128-1	MIR128-2	PIK3R1
MIR128-1	MIR128-2	KIF13B
MIR128-1	MIR128-2	TMEM167A
MIR128-1	MIR128-2	BMI1
MIR128-1	MIR128-2	PRKD1
MIR128-1	MIR128-2	POGZ
MIR128-1	MIR128-2	IGF2R
MIR128-1	MIR128-2	TSPYL2
MIR128-1	MIR128-2	ZNF652
MIR128-1	MIR128-2	PDE7B
MIR128-1	MIR128-2	TEAD1
MIR128-1	MIR128-2	MPRIP
MIR128-1	MIR128-2	NFIX
MIR128-1	MIR128-2	RAD9A
MIR128-1	MIR128-2	ARRDC4
MIR128-1	MIR128-2	FAM53B
MIR128-1	MIR128-2	CBFA2T3
MIR128-1	MIR128-2	CDC42EP1
MIR128-1	MIR128-2	USP40
MIR128-1	MIR128-2	MGRN1
MIR128-1	MIR128-2	SEMA6B
MIR128-1	MIR128-2	NCK2
MIR128-1	MIR128-2	KCNAB2
MIR128-1	MIR128-2	ST8SIA2
MIR128-1	MIR128-2	RCAN2
MIR128-1	MIR128-2	MOB1B
MIR128-1	MIR128-2	CUX1
MIR128-1	MIR128-2	CYP2B6
MIR128-1	MIR128-2	SIRPA
MIR128-1	MIR128-2	FAM184A
MIR128-1	MIR128-2	AK2
MIR128-1	MIR128-2	CASC3
MIR128-1	MIR128-2	HOXA13
MIR128-1	MIR128-2	TMTC2
MIR128-1	MIR128-2	ACIN1
MIR128-1	MIR128-2	MGAT3
MIR128-1	MIR128-2	DCUN1D4
MIR128-1	MIR128-2	ZFHX3
MIR128-1	MIR128-2	NDRG1
MIR128-1	MIR128-2	FBXL5
MIR128-1	MIR128-2	LRRK1
MIR129-1	MIR129-2	LRIG3
MIR129-1	MIR129-2	CDKN1C
MIR129-1	MIR129-2	SLC24A2
MIR129-1	MIR129-2	ISL1
MIR129-1	MIR129-2	MEMO1
MIR129-1	MIR129-2	PCDH19
MIR129-1	MIR129-2	NALF1
MIR129-1	MIR129-2	STARD4
MIR129-1	MIR129-2	RIMS2
MIR129-1	MIR129-2	UBASH3B
MIR129-1	MIR129-2	CAMKK2
MIR129-1	MIR129-2	HSPH1
MIR129-1	MIR129-2	LIN54
MIR129-1	MIR129-2	IGIP
MIR129-1	MIR129-2	FBXW7
MIR129-1	MIR129-2	TRIO
MIR129-1	MIR129-2	ARAP2
MIR129-1	MIR129-2	ABHD3
MIR129-1	MIR129-2	OSBPL10
MIR129-1	MIR129-2	ELOVL2
MIR129-1	MIR129-2	OXR1
MIR129-1	MIR129-2	SPATA2
MIR129-1	MIR129-2	EGLN1
MIR129-1	MIR129-2	HNRNPA3
MIR129-1	MIR129-2	TERF2
MIR129-1	MIR129-2	CHRM2
MIR129-1	MIR129-2	ROCK1
MIR129-1	MIR129-2	FHIP2A
MIR129-1	MIR129-2	TNPO1
MIR129-1	MIR129-2	MED12L
MIR129-1	MIR129-2	TET2
MIR129-1	MIR129-2	VCP
MIR129-1	MIR129-2	GLCCI1
MIR129-1	MIR129-2	KCNK1
MIR129-1	MIR129-2	ITSN1
MIR129-1	MIR129-2	NMNAT2
MIR129-1	MIR129-2	OTX1
MIR129-1	MIR129-2	ST8SIA4
MIR129-1	MIR129-2	SLC17A6
MIR129-1	MIR129-2	ZFP36L2
MIR129-1	MIR129-2	PELI2
MIR129-1	MIR129-2	GPRIN2
MIR129-1	MIR129-2	NFAT5
MIR129-1	MIR129-2	KLF13
MIR129-1	MIR129-2	ELAVL4
MIR129-1	MIR129-2	UNC13A
MIR129-1	MIR129-2	HIPK1
MIR129-1	MIR129-2	DUSP10
MIR129-1	MIR129-2	ZNF609
MIR129-1	MIR129-2	EIF3J
MIR129-1	MIR129-2	TENT4B
MIR129-1	MIR129-2	EGLN3
MIR129-1	MIR129-2	RCHY1
MIR129-1	MIR129-2	PTPN4
MIR129-1	MIR129-2	MAP2K4
MIR129-1	MIR129-2	MINAR1
MIR129-1	MIR129-2	TCF7L2
MIR129-1	MIR129-2	PHTF2
MIR129-1	MIR129-2	G3BP1
MIR129-1	MIR129-2	LHFPL2
MIR129-1	MIR129-2	PPP1R12A
MIR129-1	MIR129-2	DYRK3
MIR129-1	MIR129-2	SEC14L1
MIR129-1	MIR129-2	IPO7
MIR129-1	MIR129-2	CAMK4
MIR129-1	MIR129-2	ETS1
MIR129-1	MIR129-2	SOX4
MIR129-1	MIR129-2	MATR3
MIR129-1	MIR129-2	SP4
MIR129-1	MIR129-2	RPS6KB1
MIR129-1	MIR129-2	DOLPP1
MIR129-1	MIR129-2	KCTD1
MIR129-1	MIR129-2	NRN1
MIR129-1	MIR129-2	PHF12
MIR129-1	MIR129-2	TMEM100
MIR129-1	MIR129-2	MMP16
MIR129-1	MIR129-2	AMOTL2
MIR129-1	MIR129-2	CELF2
MIR129-1	MIR129-2	PPP1R14C
MIR129-1	MIR129-2	C14orf28
MIR129-1	MIR129-2	TENT5A
MIR129-1	MIR129-2	GOLM2
MIR129-1	MIR129-2	RCBTB2
MIR129-1	MIR129-2	MAFG
MIR129-1	MIR129-2	BIRC6
MIR129-1	MIR129-2	NUS1
MIR129-1	MIR129-2	KDM3B
MIR129-1	MIR129-2	GLYR1
MIR129-1	MIR129-2	SIAH1
MIR129-1	MIR129-2	ESRRG
MIR129-1	MIR129-2	ZBTB38
MIR129-1	MIR129-2	AHCYL1
MIR129-1	MIR129-2	DNAJC14
MIR129-1	MIR129-2	MPZL1
MIR129-1	MIR129-2	CCDC88A
MIR129-1	MIR129-2	VPS36
MIR129-1	MIR129-2	CAMK2N1
MIR129-1	MIR129-2	CPEB3
MIR129-1	MIR129-2	ETV1
MIR129-1	MIR129-2	ZFX
MIR129-1	MIR129-2	BORA
MIR129-1	MIR129-2	ERBIN
MIR129-1	MIR129-2	U2SURP
MIR129-1	MIR129-2	PRKCE
MIR129-1	MIR129-2	MEIS1
MIR129-1	MIR129-2	AMMECR1L
MIR129-1	MIR129-2	PBX3
MIR129-1	MIR129-2	BPTF
MIR129-1	MIR129-2	RBMS3
MIR129-1	MIR129-2	TIAM1
MIR129-1	MIR129-2	DNAJC13
MIR129-1	MIR129-2	SH3KBP1
MIR129-1	MIR129-2	APC
MIR129-1	MIR129-2	NPTN
MIR129-1	MIR129-2	SESN3
MIR129-1	MIR129-2	SUN2
MIR129-1	MIR129-2	RFX7
MIR129-1	MIR129-2	CTDSPL2
MIR129-1	MIR129-2	TLCD5
MIR129-1	MIR129-2	CAMSAP2
MIR129-1	MIR129-2	STX6
MIR129-1	MIR129-2	NOL4
MIR129-1	MIR129-2	NR2C2
MIR129-1	MIR129-2	GALNT1
MIR129-1	MIR129-2	MAN1A1
MIR129-1	MIR129-2	GPR137C
MIR129-1	MIR129-2	NIPBL
MIR129-1	MIR129-2	PMEPA1
MIR129-1	MIR129-2	SGMS1
MIR129-1	MIR129-2	BRWD1
MIR129-1	MIR129-2	KLHL32
MIR129-1	MIR129-2	ZBTB10
MIR129-1	MIR129-2	RYR2
MIR129-1	MIR129-2	FEM1C
MIR129-1	MIR129-2	ADD3
MIR129-1	MIR129-2	WDFY3
MIR129-1	MIR129-2	ERG28
MIR129-1	MIR129-2	NFATC2IP
MIR129-1	MIR129-2	ROBO1
MIR129-1	MIR129-2	USP47
MIR129-1	MIR129-2	CEMIP2
MIR129-1	MIR129-2	NPEPPS
MIR129-1	MIR129-2	CDC42EP3
MIR129-1	MIR129-2	RAP1B
MIR129-1	MIR129-2	NRXN3
MIR129-1	MIR129-2	RBMS1
MIR129-1	MIR129-2	ZBTB20
MIR129-1	MIR129-2	ZMAT2
MIR129-1	MIR129-2	ZNF200
MIR129-1	MIR129-2	MFAP3L
MIR129-1	MIR129-2	BAALC
MIR129-1	MIR129-2	FMR1
MIR129-1	MIR129-2	ZNF706
MIR129-1	MIR129-2	AGO3
MIR129-1	MIR129-2	MYEF2
MIR129-1	MIR129-2	PAXBP1
MIR129-1	MIR129-2	WEE1
MIR129-1	MIR129-2	SLC7A1
MIR129-1	MIR129-2	DOK4
MIR129-1	MIR129-2	SLC16A14
MIR129-1	MIR129-2	ANKS1B
MIR129-1	MIR129-2	NF1
MIR129-1	MIR129-2	YES1
MIR129-1	MIR129-2	BZW1
MIR129-1	MIR129-2	CIB2
MIR129-1	MIR129-2	ATP2B4
MIR129-1	MIR129-2	RCAN2
MIR129-1	MIR129-2	YIPF5
MIR129-1	MIR129-2	CNOT6
MIR129-1	MIR129-2	LHX2
MIR129-1	MIR129-2	VGLL3
MIR129-1	MIR129-2	TET1
MIR129-1	MIR129-2	FAM124A
MIR129-1	MIR129-2	FCHO2
MIR129-1	MIR129-2	SLAIN2
MIR129-1	MIR129-2	MED26
MIR129-1	MIR129-2	TAOK3
MIR129-1	MIR129-2	CACNG2
MIR129-1	MIR129-2	GDF11
MIR129-1	MIR129-2	HOXC10
MIR129-1	MIR129-2	GRM5
MIR129-1	MIR129-2	ZEB2
MIR129-1	MIR129-2	TMX3
MIR129-1	MIR129-2	UNK
MIR129-1	MIR129-2	SPOP
MIR129-1	MIR129-2	MED13L
MIR129-1	MIR129-2	HOMER2
MIR129-1	MIR129-2	PPP6C
MIR129-1	MIR129-2	SCN3B
MIR129-1	MIR129-2	PDS5A
MIR129-1	MIR129-2	MEF2A
MIR129-1	MIR129-2	CDK6
MIR129-1	MIR129-2	MYCBP2
MIR129-1	MIR129-2	KAT6B
MIR129-1	MIR129-2	NCOA1
MIR129-1	MIR129-2	WNT5A
MIR129-1	MIR129-2	NFIB
MIR129-1	MIR129-2	NUP98
MIR129-1	MIR129-2	RNF34
MIR129-1	MIR129-2	ACTN1
MIR129-1	MIR129-2	SACS
MIR129-1	MIR129-2	LHFPL6
MIR129-1	MIR129-2	PTPN3
MIR129-1	MIR129-2	RAB21
MIR129-1	MIR129-2	GNPTAB
MIR129-1	MIR129-2	GTDC1
MIR129-1	MIR129-2	KIAA1217
MIR129-1	MIR129-2	AHDC1
MIR129-1	MIR129-2	KPNA4
MIR129-1	MIR129-2	NRXN1
MIR129-1	MIR129-2	MYT1L
MIR129-1	MIR129-2	PRPF39
MIR129-1	MIR129-2	LIMS1
MIR129-1	MIR129-2	PNISR
MIR129-1	MIR129-2	MAPRE1
MIR129-1	MIR129-2	CADM1
MIR129-1	MIR129-2	CALN1
MIR129-1	MIR129-2	PHAX
MIR129-1	MIR129-2	PTGER4
MIR129-1	MIR129-2	KLF12
MIR129-1	MIR129-2	CCP110
MIR129-1	MIR129-2	FAM220A
MIR129-1	MIR129-2	REEP1
MIR129-1	MIR129-2	CAB39
MIR129-1	MIR129-2	HNRNPR
MIR129-1	MIR129-2	GABBR2
MIR129-1	MIR129-2	RAB5B
MIR129-1	MIR129-2	MCU
MIR129-1	MIR129-2	RUNX2
MIR129-1	MIR129-2	CBX4
MIR129-1	MIR129-2	BACH2
MIR129-1	MIR129-2	TRIB1
MIR129-1	MIR129-2	OTUD7B
MIR129-1	MIR129-2	EIF4G3
MIR129-1	MIR129-2	HMGB1
MIR129-1	MIR129-2	GABRA1
MIR129-1	MIR129-2	PIEZO2
MIR129-1	MIR129-2	FAM13B
MIR129-1	MIR129-2	FRS2
MIR129-1	MIR129-2	YWHAB
MIR129-1	MIR129-2	EBF1
MIR129-1	MIR129-2	NR4A2
MIR129-1	MIR129-2	KLHL13
MIR129-1	MIR129-2	H3-3B
MIR129-1	MIR129-2	ARHGEF10L
MIR129-1	MIR129-2	STT3B
MIR129-1	MIR129-2	MAPK1
MIR129-1	MIR129-2	TNRC6B
MIR129-1	MIR129-2	ZNRF3
MIR129-1	MIR129-2	GPM6B
MIR129-1	MIR129-2	SBK1
MIR129-1	MIR129-2	PKIA
MIR129-1	MIR129-2	VPS26A
MIR129-1	MIR129-2	ETV5
MIR129-1	MIR129-2	ARNT
MIR129-1	MIR129-2	CBLB
MIR129-1	MIR129-2	WDR26
MIR129-1	MIR129-2	KLHL20
MIR129-1	MIR129-2	ATRN
MIR129-1	MIR129-2	TOX
MIR129-1	MIR129-2	MAP3K1
MIR129-1	MIR129-2	MINDY2
MIR129-1	MIR129-2	ARRDC3
MIR129-1	MIR129-2	SESTD1
MIR129-1	MIR129-2	BTBD7
MIR129-1	MIR129-2	STIM2
MIR129-1	MIR129-2	FIGN
MIR129-1	MIR129-2	HECTD1
MIR129-1	MIR129-2	VEZT
MIR129-1	MIR129-2	NRG2
MIR129-1	MIR129-2	DCUN1D3
MIR129-1	MIR129-2	SMAD3
MIR129-1	MIR129-2	GSE1
MIR129-1	MIR129-2	FOXP2
MIR129-1	MIR129-2	KLHL28
MIR129-1	MIR129-2	TANC2
MIR129-1	MIR129-2	AIF1L
MIR129-1	MIR129-2	ZNRF1
MIR129-1	MIR129-2	AMMECR1
MIR129-1	MIR129-2	PAX6
MIR129-1	MIR129-2	PTAR1
MIR129-1	MIR129-2	E2F5
MIR129-1	MIR129-2	TNFSF11
MIR129-1	MIR129-2	FRMD3
MIR129-1	MIR129-2	HMGCS1
MIR129-1	MIR129-2	ARL5A
MIR129-1	MIR129-2	CALM1
MIR129-1	MIR129-2	ZFP36L1
MIR129-1	MIR129-2	DEDD
MIR129-1	MIR129-2	RUNX1
MIR129-1	MIR129-2	CTBP2
MIR129-1	MIR129-2	DLGAP4
MIR129-1	MIR129-2	JPH4
MIR129-1	MIR129-2	DYNLL2
MIR129-1	MIR129-2	SNX6
MIR129-1	MIR129-2	AMD1
MIR129-1	MIR129-2	RUNX1T1
MIR129-1	MIR129-2	HNRNPU
MIR129-1	MIR129-2	DGKI
MIR129-1	MIR129-2	RRAGD
MIR129-1	MIR129-2	TMF1
MIR129-1	MIR129-2	SP3
MIR129-1	MIR129-2	USP13
MIR129-1	MIR129-2	HOOK3
MIR129-1	MIR129-2	PTP4A1
MIR129-1	MIR129-2	SCN8A
MIR129-1	MIR129-2	RAP2A
MIR129-1	MIR129-2	CHD7
MIR129-1	MIR129-2	ZFHX3
MIR129-1	MIR129-2	FRYL
MIR129-1	MIR129-2	NR3C2
MIR1-1	MIR1-2	PDE7A
MIR1-1	MIR1-2	HMGN1
MIR1-1	MIR1-2	RAB5A
MIR1-1	MIR1-2	SLC10A7
MIR1-1	MIR1-2	MAP4K3
MIR1-1	MIR1-2	HDAC4
MIR1-1	MIR1-2	POGK
MIR1-1	MIR1-2	RNF111
MIR1-1	MIR1-2	PTPRG
MIR1-1	MIR1-2	FRS2
MIR1-1	MIR1-2	SULF1
MIR1-1	MIR1-2	MET
MIR1-1	MIR1-2	MBTD1
MIR1-1	MIR1-2	MEIS1
MIR1-1	MIR1-2	UNC119B
MIR1-1	MIR1-2	THAP12
MIR1-1	MIR1-2	KCNJ2
MIR1-1	MIR1-2	CPEB1
MIR1-1	MIR1-2	ZNF281
MIR1-1	MIR1-2	H3-3B
MIR1-1	MIR1-2	CDK14
MIR1-1	MIR1-2	KIF2A
MIR1-1	MIR1-2	UBE2H
MIR1-1	MIR1-2	FBXW7
MIR1-1	MIR1-2	NCL
MIR1-1	MIR1-2	SRSF1
MIR1-1	MIR1-2	ANKIB1
MIR1-1	MIR1-2	FNDC3B
MIR1-1	MIR1-2	THBS1
MIR1-1	MIR1-2	TIMP3
MIR1-1	MIR1-2	AKAP11
MIR1-1	MIR1-2	IGF1
MIR1-1	MIR1-2	GPR6
MIR1-1	MIR1-2	HNRNPA3
MIR1-1	MIR1-2	SRSF9
MIR1-1	MIR1-2	CORO1C
MIR1-1	MIR1-2	FNDC3A
MIR1-1	MIR1-2	HSP90B1
MIR1-1	MIR1-2	SLC25A30
MIR1-1	MIR1-2	EIF1AX
MIR1-1	MIR1-2	SMIM14
MIR1-1	MIR1-2	TWF1
MIR1-1	MIR1-2	TNPO1
MIR1-1	MIR1-2	GCLC
MIR1-1	MIR1-2	ARF3
MIR1-1	MIR1-2	UST
MIR1-1	MIR1-2	AZIN1
MIR1-1	MIR1-2	KMT2E
MIR1-1	MIR1-2	HSPD1
MIR1-1	MIR1-2	C5orf51
MIR1-1	MIR1-2	GLCCI1
MIR1-1	MIR1-2	CPED1
MIR1-1	MIR1-2	EIF4E
MIR1-1	MIR1-2	ADGRA3
MIR1-1	MIR1-2	ZFP36L2
MIR1-1	MIR1-2	GPR137C
MIR1-1	MIR1-2	ANKRD29
MIR1-1	MIR1-2	PDCD10
MIR1-1	MIR1-2	SPRED1
MIR1-1	MIR1-2	CLCN3
MIR1-1	MIR1-2	PAX3
MIR1-1	MIR1-2	MMD
MIR1-1	MIR1-2	CITED2
MIR1-1	MIR1-2	ABHD2
MIR1-1	MIR1-2	MON2
MIR1-1	MIR1-2	BET1
MIR1-1	MIR1-2	ATP6V1A
MIR1-1	MIR1-2	CREBL2
MIR1-1	MIR1-2	KCNIP3
MIR1-1	MIR1-2	KTN1
MIR1-1	MIR1-2	MIPOL1
MIR1-1	MIR1-2	TMEM178A
MIR1-1	MIR1-2	CLTC
MIR1-1	MIR1-2	RSBN1
MIR1-1	MIR1-2	RARB
MIR1-1	MIR1-2	SLC6A5
MIR1-1	MIR1-2	FOXP1
MIR1-1	MIR1-2	MFSD14A
MIR1-1	MIR1-2	VAMP4
MIR1-1	MIR1-2	RASA1
MIR1-1	MIR1-2	TBC1D15
MIR1-1	MIR1-2	TNKS2
MIR1-1	MIR1-2	FAM91A1
MIR1-1	MIR1-2	G6PD
MIR1-1	MIR1-2	LRCH1
MIR1-1	MIR1-2	RIT2
MIR1-1	MIR1-2	MEOX2
MIR1-1	MIR1-2	TCF7L2
MIR1-1	MIR1-2	TAGLN2
MIR1-1	MIR1-2	DHX15
MIR1-1	MIR1-2	CCND2
MIR1-1	MIR1-2	MYLK
MIR1-1	MIR1-2	SEPTIN2
MIR1-1	MIR1-2	TTC7B
MIR1-1	MIR1-2	E2F5
MIR1-1	MIR1-2	YWHAZ
MIR1-1	MIR1-2	ETS1
MIR1-1	MIR1-2	EDN1
MIR1-1	MIR1-2	HS3ST3B1
MIR1-1	MIR1-2	MATR3
MIR1-1	MIR1-2	TMEM243
MIR1-1	MIR1-2	SERP1
MIR1-1	MIR1-2	C2orf69
MIR1-1	MIR1-2	HACE1
MIR1-1	MIR1-2	KAT6A
MIR1-1	MIR1-2	PHAX
MIR1-1	MIR1-2	ZNF148
MIR1-1	MIR1-2	PALS1
MIR1-1	MIR1-2	PDIK1L
MIR1-1	MIR1-2	CBL
MIR1-1	MIR1-2	NDRG3
MIR1-1	MIR1-2	PICALM
MIR1-1	MIR1-2	TRIM2
MIR1-1	MIR1-2	ANXA4
MIR1-1	MIR1-2	SNAI2
MIR1-1	MIR1-2	CAAP1
MIR1-1	MIR1-2	DDX5
MIR1-1	MIR1-2	RNF138
MIR1-1	MIR1-2	GJA1
MIR1-1	MIR1-2	ZNF800
MIR1-1	MIR1-2	ARCN1
MIR1-1	MIR1-2	AP1G1
MIR1-1	MIR1-2	HNRNPU
MIR1-1	MIR1-2	CERS2
MIR1-1	MIR1-2	GPD2
MIR1-1	MIR1-2	SNX2
MIR1-1	MIR1-2	MXD1
MIR1-1	MIR1-2	FBXO33
MIR1-1	MIR1-2	MAB21L1
MIR1-1	MIR1-2	NXT2
MIR1-1	MIR1-2	BAG4
MIR1-1	MIR1-2	STC2
MIR1-1	MIR1-2	SLC44A1
MIR1-1	MIR1-2	CTTNBP2NL
MIR1-1	MIR1-2	SLC39A10
MIR1-1	MIR1-2	PPIB
MIR1-1	MIR1-2	SPATS2L
MIR1-1	MIR1-2	XPO6
MIR1-1	MIR1-2	TMCC1
MIR1-1	MIR1-2	ARID2
MIR1-1	MIR1-2	LCOR
MIR1-1	MIR1-2	SLC25A22
MIR1-1	MIR1-2	YPEL2
MIR1-1	MIR1-2	FN1
MIR1-1	MIR1-2	BDNF
MIR1-1	MIR1-2	CREM
MIR1-1	MIR1-2	GCH1
MIR1-1	MIR1-2	MSANTD2
MIR1-1	MIR1-2	RICTOR
MIR1-1	MIR1-2	ANXA2
MIR1-1	MIR1-2	JARID2
MIR1-1	MIR1-2	HACD3
MIR1-1	MIR1-2	ADPGK
MIR1-1	MIR1-2	CNN3
MIR1-1	MIR1-2	YWHAQ
MIR1-1	MIR1-2	BACH2
MIR1-1	MIR1-2	WDR48
MIR1-1	MIR1-2	ACAP2
MIR1-1	MIR206	PDE7A
MIR1-1	MIR206	HMGN1
MIR1-1	MIR206	RAB5A
MIR1-1	MIR206	SLC10A7
MIR1-1	MIR206	MAP4K3
MIR1-1	MIR206	HDAC4
MIR1-1	MIR206	POGK
MIR1-1	MIR206	RNF111
MIR1-1	MIR206	PTPRG
MIR1-1	MIR206	FRS2
MIR1-1	MIR206	SULF1
MIR1-1	MIR206	MET
MIR1-1	MIR206	MBTD1
MIR1-1	MIR206	UNC119B
MIR1-1	MIR206	THAP12
MIR1-1	MIR206	KCNJ2
MIR1-1	MIR206	CPEB1
MIR1-1	MIR206	ZNF281
MIR1-1	MIR206	CDK14
MIR1-1	MIR206	KIF2A
MIR1-1	MIR206	UBE2H
MIR1-1	MIR206	FBXW7
MIR1-1	MIR206	NCL
MIR1-1	MIR206	SRSF1
MIR1-1	MIR206	ANKIB1
MIR1-1	MIR206	FNDC3B
MIR1-1	MIR206	THBS1
MIR1-1	MIR206	TIMP3
MIR1-1	MIR206	AKAP11
MIR1-1	MIR206	IGF1
MIR1-1	MIR206	GPR6
MIR1-1	MIR206	HNRNPA3
MIR1-1	MIR206	SRSF9
MIR1-1	MIR206	CORO1C
MIR1-1	MIR206	FNDC3A
MIR1-1	MIR206	HSP90B1
MIR1-1	MIR206	SLC25A30
MIR1-1	MIR206	EIF1AX
MIR1-1	MIR206	SMIM14
MIR1-1	MIR206	TWF1
MIR1-1	MIR206	TNPO1
MIR1-1	MIR206	GCLC
MIR1-1	MIR206	ARF3
MIR1-1	MIR206	UST
MIR1-1	MIR206	AZIN1
MIR1-1	MIR206	KMT2E
MIR1-1	MIR206	HSPD1
MIR1-1	MIR206	C5orf51
MIR1-1	MIR206	GLCCI1
MIR1-1	MIR206	CPED1
MIR1-1	MIR206	EIF4E
MIR1-1	MIR206	ADGRA3
MIR1-1	MIR206	ZFP36L2
MIR1-1	MIR206	GPR137C
MIR1-1	MIR206	ANKRD29
MIR1-1	MIR206	PDCD10
MIR1-1	MIR206	SPRED1
MIR1-1	MIR206	CLCN3
MIR1-1	MIR206	PAX3
MIR1-1	MIR206	MMD
MIR1-1	MIR206	CITED2
MIR1-1	MIR206	ABHD2
MIR1-1	MIR206	MON2
MIR1-1	MIR206	BET1
MIR1-1	MIR206	ATP6V1A
MIR1-1	MIR206	CREBL2
MIR1-1	MIR206	KCNIP3
MIR1-1	MIR206	KTN1
MIR1-1	MIR206	MIPOL1
MIR1-1	MIR206	TMEM178A
MIR1-1	MIR206	CLTC
MIR1-1	MIR206	RSBN1
MIR1-1	MIR206	SLC6A5
MIR1-1	MIR206	RARB
MIR1-1	MIR206	FOXP1
MIR1-1	MIR206	MFSD14A
MIR1-1	MIR206	VAMP4
MIR1-1	MIR206	RASA1
MIR1-1	MIR206	DGKH
MIR1-1	MIR206	TBC1D15
MIR1-1	MIR206	TNKS2
MIR1-1	MIR206	FAM91A1
MIR1-1	MIR206	G6PD
MIR1-1	MIR206	LRCH1
MIR1-1	MIR206	RIT2
MIR1-1	MIR206	MEOX2
MIR1-1	MIR206	TCF7L2
MIR1-1	MIR206	TAGLN2
MIR1-1	MIR206	DHX15
MIR1-1	MIR206	CCND2
MIR1-1	MIR206	MYLK
MIR1-1	MIR206	SEPTIN2
MIR1-1	MIR206	TTC7B
MIR1-1	MIR206	E2F5
MIR1-1	MIR206	YWHAZ
MIR1-1	MIR206	ETS1
MIR1-1	MIR206	EDN1
MIR1-1	MIR206	HS3ST3B1
MIR1-1	MIR206	MATR3
MIR1-1	MIR206	TMEM243
MIR1-1	MIR206	SERP1
MIR1-1	MIR206	C2orf69
MIR1-1	MIR206	HACE1
MIR1-1	MIR206	KAT6A
MIR1-1	MIR206	PHAX
MIR1-1	MIR206	ZNF148
MIR1-1	MIR206	PALS1
MIR1-1	MIR206	PDIK1L
MIR1-1	MIR206	CBL
MIR1-1	MIR206	NDRG3
MIR1-1	MIR206	PICALM
MIR1-1	MIR206	TRIM2
MIR1-1	MIR206	ANXA4
MIR1-1	MIR206	SNAI2
MIR1-1	MIR206	CAAP1
MIR1-1	MIR206	DDX5
MIR1-1	MIR206	RNF138
MIR1-1	MIR206	GJA1
MIR1-1	MIR206	ZNF800
MIR1-1	MIR206	ARCN1
MIR1-1	MIR206	AP1G1
MIR1-1	MIR206	HNRNPU
MIR1-1	MIR206	CERS2
MIR1-1	MIR206	GPD2
MIR1-1	MIR206	SNX2
MIR1-1	MIR206	MXD1
MIR1-1	MIR206	FBXO33
MIR1-1	MIR206	MAB21L1
MIR1-1	MIR206	NXT2
MIR1-1	MIR206	BAG4
MIR1-1	MIR206	STC2
MIR1-1	MIR206	SLC44A1
MIR1-1	MIR206	CTTNBP2NL
MIR1-1	MIR206	SLC39A10
MIR1-1	MIR206	PPIB
MIR1-1	MIR206	SPATS2L
MIR1-1	MIR206	XPO6
MIR1-1	MIR206	TMCC1
MIR1-1	MIR206	ARID2
MIR1-1	MIR206	LCOR
MIR1-1	MIR206	SLC25A22
MIR1-1	MIR206	YPEL2
MIR1-1	MIR206	FN1
MIR1-1	MIR206	BDNF
MIR1-1	MIR206	GCH1
MIR1-1	MIR206	MSANTD2
MIR1-1	MIR206	RICTOR
MIR1-1	MIR206	ANXA2
MIR1-1	MIR206	JARID2
MIR1-1	MIR206	HACD3
MIR1-1	MIR206	ADPGK
MIR1-1	MIR206	CNN3
MIR1-1	MIR206	YWHAQ
MIR1-1	MIR206	BACH2
MIR1-1	MIR206	WDR48
MIR1-1	MIR206	ACAP2
MIR1-2	MIR206	PDE7A
MIR1-2	MIR206	HMGN1
MIR1-2	MIR206	RAB5A
MIR1-2	MIR206	SLC10A7
MIR1-2	MIR206	MAP4K3
MIR1-2	MIR206	HDAC4
MIR1-2	MIR206	POGK
MIR1-2	MIR206	RNF111
MIR1-2	MIR206	PTPRG
MIR1-2	MIR206	FRS2
MIR1-2	MIR206	SULF1
MIR1-2	MIR206	MET
MIR1-2	MIR206	MBTD1
MIR1-2	MIR206	UNC119B
MIR1-2	MIR206	THAP12
MIR1-2	MIR206	KCNJ2
MIR1-2	MIR206	CPEB1
MIR1-2	MIR206	ZNF281
MIR1-2	MIR206	CDK14
MIR1-2	MIR206	KIF2A
MIR1-2	MIR206	UBE2H
MIR1-2	MIR206	FBXW7
MIR1-2	MIR206	NCL
MIR1-2	MIR206	SRSF1
MIR1-2	MIR206	ANKIB1
MIR1-2	MIR206	FNDC3B
MIR1-2	MIR206	THBS1
MIR1-2	MIR206	TIMP3
MIR1-2	MIR206	AKAP11
MIR1-2	MIR206	IGF1
MIR1-2	MIR206	GPR6
MIR1-2	MIR206	HNRNPA3
MIR1-2	MIR206	SRSF9
MIR1-2	MIR206	CORO1C
MIR1-2	MIR206	FNDC3A
MIR1-2	MIR206	HSP90B1
MIR1-2	MIR206	SLC25A30
MIR1-2	MIR206	EIF1AX
MIR1-2	MIR206	SMIM14
MIR1-2	MIR206	TWF1
MIR1-2	MIR206	TNPO1
MIR1-2	MIR206	GCLC
MIR1-2	MIR206	ARF3
MIR1-2	MIR206	UST
MIR1-2	MIR206	AZIN1
MIR1-2	MIR206	KMT2E
MIR1-2	MIR206	HSPD1
MIR1-2	MIR206	C5orf51
MIR1-2	MIR206	GLCCI1
MIR1-2	MIR206	CPED1
MIR1-2	MIR206	EIF4E
MIR1-2	MIR206	ADGRA3
MIR1-2	MIR206	ZFP36L2
MIR1-2	MIR206	GPR137C
MIR1-2	MIR206	ANKRD29
MIR1-2	MIR206	PDCD10
MIR1-2	MIR206	SPRED1
MIR1-2	MIR206	CLCN3
MIR1-2	MIR206	PAX3
MIR1-2	MIR206	MMD
MIR1-2	MIR206	CITED2
MIR1-2	MIR206	ABHD2
MIR1-2	MIR206	MON2
MIR1-2	MIR206	BET1
MIR1-2	MIR206	ATP6V1A
MIR1-2	MIR206	CREBL2
MIR1-2	MIR206	KCNIP3
MIR1-2	MIR206	KTN1
MIR1-2	MIR206	MIPOL1
MIR1-2	MIR206	TMEM178A
MIR1-2	MIR206	CLTC
MIR1-2	MIR206	RSBN1
MIR1-2	MIR206	RARB
MIR1-2	MIR206	SLC6A5
MIR1-2	MIR206	FOXP1
MIR1-2	MIR206	MFSD14A
MIR1-2	MIR206	VAMP4
MIR1-2	MIR206	RASA1
MIR1-2	MIR206	TBC1D15
MIR1-2	MIR206	TNKS2
MIR1-2	MIR206	FAM91A1
MIR1-2	MIR206	G6PD
MIR1-2	MIR206	LRCH1
MIR1-2	MIR206	RIT2
MIR1-2	MIR206	MEOX2
MIR1-2	MIR206	TCF7L2
MIR1-2	MIR206	TAGLN2
MIR1-2	MIR206	DHX15
MIR1-2	MIR206	CCND2
MIR1-2	MIR206	MYLK
MIR1-2	MIR206	SEPTIN2
MIR1-2	MIR206	TTC7B
MIR1-2	MIR206	E2F5
MIR1-2	MIR206	YWHAZ
MIR1-2	MIR206	ETS1
MIR1-2	MIR206	EDN1
MIR1-2	MIR206	HS3ST3B1
MIR1-2	MIR206	MATR3
MIR1-2	MIR206	TMEM243
MIR1-2	MIR206	SERP1
MIR1-2	MIR206	C2orf69
MIR1-2	MIR206	HACE1
MIR1-2	MIR206	KAT6A
MIR1-2	MIR206	PHAX
MIR1-2	MIR206	ZNF148
MIR1-2	MIR206	PALS1
MIR1-2	MIR206	PDIK1L
MIR1-2	MIR206	CBL
MIR1-2	MIR206	NDRG3
MIR1-2	MIR206	PICALM
MIR1-2	MIR206	TRIM2
MIR1-2	MIR206	ANXA4
MIR1-2	MIR206	SNAI2
MIR1-2	MIR206	CAAP1
MIR1-2	MIR206	DDX5
MIR1-2	MIR206	RNF138
MIR1-2	MIR206	GJA1
MIR1-2	MIR206	ZNF800
MIR1-2	MIR206	ARCN1
MIR1-2	MIR206	AP1G1
MIR1-2	MIR206	HNRNPU
MIR1-2	MIR206	CERS2
MIR1-2	MIR206	GPD2
MIR1-2	MIR206	SNX2
MIR1-2	MIR206	MXD1
MIR1-2	MIR206	FBXO33
MIR1-2	MIR206	MAB21L1
MIR1-2	MIR206	NXT2
MIR1-2	MIR206	BAG4
MIR1-2	MIR206	STC2
MIR1-2	MIR206	SLC44A1
MIR1-2	MIR206	CTTNBP2NL
MIR1-2	MIR206	SLC39A10
MIR1-2	MIR206	PPIB
MIR1-2	MIR206	SPATS2L
MIR1-2	MIR206	XPO6
MIR1-2	MIR206	TMCC1
MIR1-2	MIR206	ARID2
MIR1-2	MIR206	LCOR
MIR1-2	MIR206	SLC25A22
MIR1-2	MIR206	YPEL2
MIR1-2	MIR206	FN1
MIR1-2	MIR206	BDNF
MIR1-2	MIR206	GCH1
MIR1-2	MIR206	MSANTD2
MIR1-2	MIR206	RICTOR
MIR1-2	MIR206	ANXA2
MIR1-2	MIR206	JARID2
MIR1-2	MIR206	HACD3
MIR1-2	MIR206	ADPGK
MIR1-2	MIR206	CNN3
MIR1-2	MIR206	YWHAQ
MIR1-2	MIR206	BACH2
MIR1-2	MIR206	WDR48
MIR1-2	MIR206	ACAP2
MIR133A1	MIR133A2	TSHZ3
MIR133A1	MIR133A2	TJP1
MIR133A1	MIR133A2	C11orf58
MIR133A1	MIR133A2	AGO1
MIR133A1	MIR133A2	CTCFL
MIR133A1	MIR133A2	MAST4
MIR133A1	MIR133A2	RB1CC1
MIR133A1	MIR133A2	SGMS2
MIR133A1	MIR133A2	KLF11
MIR133A1	MIR133A2	SLC25A17
MIR133A1	MIR133A2	GPHN
MIR133A1	MIR133A2	RIMS2
MIR133A1	MIR133A2	DEK
MIR133A1	MIR133A2	PIGA
MIR133A1	MIR133A2	SESN1
MIR133A1	MIR133A2	ZNF131
MIR133A1	MIR133A2	CEP350
MIR133A1	MIR133A2	FHIP2A
MIR133A1	MIR133A2	AGO4
MIR133A1	MIR133A2	HIF1A
MIR133A1	MIR133A2	MED12L
MIR133A1	MIR133A2	ATF7
MIR133A1	MIR133A2	ZC3H11A
MIR133A1	MIR133A2	PCGF3
MIR133A1	MIR133A2	EDEM1
MIR133A1	MIR133A2	NMNAT2
MIR133A1	MIR133A2	ST8SIA4
MIR133A1	MIR133A2	TMOD2
MIR133A1	MIR133A2	RBM27
MIR133A1	MIR133A2	EIF4A1
MIR133A1	MIR133A2	TBPL1
MIR133A1	MIR133A2	PFN2
MIR133A1	MIR133A2	ATG10
MIR133A1	MIR133A2	NUP153
MIR133A1	MIR133A2	DNA2
MIR133A1	MIR133A2	SOGA1
MIR133A1	MIR133A2	SYT2
MIR133A1	MIR133A2	DBF4
MIR133A1	MIR133A2	TTYH3
MIR133A1	MIR133A2	EFR3A
MIR133A1	MIR133A2	EIF3J
MIR133A1	MIR133A2	CDK12
MIR133A1	MIR133A2	ZIC2
MIR133A1	MIR133A2	ARL13B
MIR133A1	MIR133A2	AKAP9
MIR133A1	MIR133A2	GDF6
MIR133A1	MIR133A2	DZIP3
MIR133A1	MIR133A2	VIRMA
MIR133A1	MIR133A2	TP53BP2
MIR133A1	MIR133A2	DHTKD1
MIR133A1	MIR133A2	ARHGAP5
MIR133A1	MIR133A2	TAOK1
MIR133A1	MIR133A2	ATP7B
MIR133A1	MIR133A2	SGTB
MIR133A1	MIR133A2	SOX4
MIR133A1	MIR133A2	CYFIP1
MIR133A1	MIR133A2	GXYLT1
MIR133A1	MIR133A2	PREX1
MIR133A1	MIR133A2	SENP7
MIR133A1	MIR133A2	GPBP1
MIR133A1	MIR133A2	PDIK1L
MIR133A1	MIR133A2	CLEC1A
MIR133A1	MIR133A2	SMARCD1
MIR133A1	MIR133A2	GRIA2
MIR133A1	MIR133A2	GNAI3
MIR133A1	MIR133A2	DPY19L2
MIR133A1	MIR133A2	PGAP1
MIR133A1	MIR133A2	BNIP3L
MIR133A1	MIR133A2	SENP5
MIR133A1	MIR133A2	CLOCK
MIR133A1	MIR133A2	ZC3H14
MIR133A1	MIR133A2	KLHL2
MIR133A1	MIR133A2	TENT5A
MIR133A1	MIR133A2	FLI1
MIR133A1	MIR133A2	FOXP4
MIR133A1	MIR133A2	STXBP6
MIR133A1	MIR133A2	SLC30A7
MIR133A1	MIR133A2	DMXL2
MIR133A1	MIR133A2	MAN1A2
MIR133A1	MIR133A2	SLC35F5
MIR133A1	MIR133A2	PLEKHA8
MIR133A1	MIR133A2	CAPN15
MIR133A1	MIR133A2	CCDC88A
MIR133A1	MIR133A2	AMBN
MIR133A1	MIR133A2	FOXL2
MIR133A1	MIR133A2	DENND6A
MIR133A1	MIR133A2	SACM1L
MIR133A1	MIR133A2	ULBP2
MIR133A1	MIR133A2	BRI3BP
MIR133A1	MIR133A2	SLC39A1
MIR133A1	MIR133A2	ACADSB
MIR133A1	MIR133A2	ATP8A1
MIR133A1	MIR133A2	COBLL1
MIR133A1	MIR133A2	ZNF280C
MIR133A1	MIR133A2	PTPRZ1
MIR133A1	MIR133A2	PTBP3
MIR133A1	MIR133A2	LIN9
MIR133A1	MIR133A2	KLHL18
MIR133A1	MIR133A2	ELF2
MIR133A1	MIR133A2	NR2C2
MIR133A1	MIR133A2	RAD18
MIR133A1	MIR133A2	GPATCH8
MIR133A1	MIR133A2	ANKRD52
MIR133A1	MIR133A2	MECOM
MIR133A1	MIR133A2	COLQ
MIR133A1	MIR133A2	ITGA10
MIR133A1	MIR133A2	LDLRAP1
MIR133A1	MIR133A2	PCNX1
MIR133A1	MIR133A2	RARB
MIR133A1	MIR133A2	TFAP2D
MIR133A1	MIR133A2	ICAM1
MIR133A1	MIR133A2	ZC3H7A
MIR133A1	MIR133A2	PAN3
MIR133A1	MIR133A2	PHF2
MIR133A1	MIR133A2	ARHGAP12
MIR133A1	MIR133A2	TMED5
MIR133A1	MIR133A2	CETN3
MIR133A1	MIR133A2	MARF1
MIR133A1	MIR133A2	CD47
MIR133A1	MIR133A2	LUZP1
MIR133A1	MIR133A2	RBPJ
MIR133A1	MIR133A2	ASH1L
MIR133A1	MIR133A2	FTL
MIR133A1	MIR133A2	SQLE
MIR133A1	MIR133A2	ATP6AP2
MIR133A1	MIR133A2	HORMAD2
MIR133A1	MIR133A2	IL6R
MIR133A1	MIR133A2	ZHX2
MIR133A1	MIR133A2	ACTR8
MIR133A1	MIR133A2	PPP2CA
MIR133A1	MIR133A2	SRGAP3
MIR133A1	MIR133A2	SNRK
MIR133A1	MIR133A2	TMEM167A
MIR133A1	MIR133A2	RAB30
MIR133A1	MIR133A2	LCOR
MIR133A1	MIR133A2	YPEL2
MIR133A1	MIR133A2	YES1
MIR133A1	MIR133A2	RAB27A
MIR133A1	MIR133A2	ROCK2
MIR133A1	MIR133A2	DUSP1
MIR133A1	MIR133A2	HIF1AN
MIR133A1	MIR133A2	ZRANB1
MIR133A1	MIR133A2	SEPTIN8
MIR133A1	MIR133A2	TTC31
MIR133A1	MIR133A2	PLEKHA3
MIR133A1	MIR133A2	LMF1
MIR133A1	MIR133A2	PEX5L
MIR133A1	MIR133A2	QKI
MIR133A1	MIR133A2	ARHGAP42
MIR133A1	MIR133A2	ARPP21
MIR133A1	MIR133A2	SYNRG
MIR133A1	MIR133A2	CMPK1
MIR133A1	MIR133A2	ISOC1
MIR133A1	MIR133A2	AFTPH
MIR133A1	MIR133A2	UBE2H
MIR133A1	MIR133A2	ANKRD13A
MIR133A1	MIR133A2	ATXN7
MIR133A1	MIR133A2	MXI1
MIR133A1	MIR133A2	SGK1
MIR133A1	MIR133A2	FBN2
MIR133A1	MIR133A2	SOBP
MIR133A1	MIR133A2	KCTD20
MIR133A1	MIR133A2	LASP1
MIR133A1	MIR133A2	GDNF
MIR133A1	MIR133A2	ATG5
MIR133A1	MIR133A2	GLIS3
MIR133A1	MIR133A2	XXYLT1
MIR133A1	MIR133A2	SUMO1
MIR133A1	MIR133A2	PURB
MIR133A1	MIR133A2	RNF19A
MIR133A1	MIR133A2	SH3GL2
MIR133A1	MIR133A2	PTPRD
MIR133A1	MIR133A2	NFIB
MIR133A1	MIR133A2	AKAP13
MIR133A1	MIR133A2	TCEAL8
MIR133A1	MIR133A2	KIF3C
MIR133A1	MIR133A2	ZBTB6
MIR133A1	MIR133A2	PTGFRN
MIR133A1	MIR133A2	ARFGEF1
MIR133A1	MIR133A2	PDE8B
MIR133A1	MIR133A2	FOXQ1
MIR133A1	MIR133A2	MARCKS
MIR133A1	MIR133A2	TGFBR3
MIR133A1	MIR133A2	CLTA
MIR133A1	MIR133A2	BAZ2A
MIR133A1	MIR133A2	CUL5
MIR133A1	MIR133A2	LHFPL6
MIR133A1	MIR133A2	FAM117B
MIR133A1	MIR133A2	ADAMTS5
MIR133A1	MIR133A2	GAL3ST3
MIR133A1	MIR133A2	EN2
MIR133A1	MIR133A2	CUL4B
MIR133A1	MIR133A2	XPNPEP3
MIR133A1	MIR133A2	IPO8
MIR133A1	MIR133A2	EPS15
MIR133A1	MIR133A2	ZBTB8A
MIR133A1	MIR133A2	PCDH9
MIR133A1	MIR133A2	DDX3Y
MIR133A1	MIR133A2	STK4
MIR133A1	MIR133A2	ANKRD28
MIR133A1	MIR133A2	UVRAG
MIR133A1	MIR133A2	ELAVL1
MIR133A1	MIR133A2	MAPK6
MIR133A1	MIR133A2	KLF12
MIR133A1	MIR133A2	ACVR2B
MIR133A1	MIR133A2	PARP8
MIR133A1	MIR133A2	PPP6R3
MIR133A1	MIR133A2	TJP2
MIR133A1	MIR133A2	YIPF4
MIR133A1	MIR133A2	USP10
MIR133A1	MIR133A2	TIMM17A
MIR133A1	MIR133A2	CSNK1G3
MIR133A1	MIR133A2	NRIP3
MIR133A1	MIR133A2	DLK1
MIR133A1	MIR133A2	C11orf91
MIR133A1	MIR133A2	FOXC1
MIR133A1	MIR133A2	PHC1
MIR133A1	MIR133A2	P2RX7
MIR133A1	MIR133A2	UBE2K
MIR133A1	MIR133A2	TMEM218
MIR133A1	MIR133A2	PPT1
MIR133A1	MIR133A2	AK2
MIR133A1	MIR133A2	UBXN7
MIR133A1	MIR133A2	ARL5B
MIR133A1	MIR133A2	SIM1
MIR133A1	MIR133A2	NDRG1
MIR133A1	MIR133A2	PHIP
MIR133A1	MIR133A2	MEIS2
MIR133A1	MIR133A2	RCE1
MIR133A1	MIR133A2	STAG1
MIR133A1	MIR133A2	SLC50A1
MIR133A1	MIR133A2	PTBP1
MIR133A1	MIR133A2	BCL2L2
MIR133A1	MIR133A2	PSD3
MIR133A1	MIR133A2	PITPNM2
MIR133A1	MIR133A2	NPLOC4
MIR133A1	MIR133A2	TXLNA
MIR133A1	MIR133A2	ERCC4
MIR133A1	MIR133A2	MTMR4
MIR133A1	MIR133A2	BEX2
MIR133A1	MIR133A2	TRAM2
MIR133A1	MIR133A2	ST14
MIR133A1	MIR133A2	SLC39A9
MIR133A1	MIR133A2	SRPK1
MIR133A1	MIR133A2	COL4A3
MIR133A1	MIR133A2	HLTF
MIR133A1	MIR133A2	PIKFYVE
MIR133A1	MIR133A2	TRIM59
MIR133A1	MIR133A2	PPP2CB
MIR133A1	MIR133A2	SERBP1
MIR133A1	MIR133A2	TTPAL
MIR133A1	MIR133A2	S100A7A
MIR133A1	MIR133A2	SLC6A1
MIR133A1	MIR133A2	CELF4
MIR133A1	MIR133A2	PLCL2
MIR133A1	MIR133A2	ZFPM2
MIR133A1	MIR133A2	GABPB1
MIR133A1	MIR133A2	TOX
MIR133A1	MIR133A2	VPS54
MIR133A1	MIR133A2	ARRDC3
MIR133A1	MIR133A2	GDI2
MIR133A1	MIR133A2	VEZF1
MIR133A1	MIR133A2	LHX5
MIR133A1	MIR133A2	SCRN1
MIR133A1	MIR133A2	VIM
MIR133A1	MIR133A2	PTPRK
MIR133A1	MIR133A2	VANGL1
MIR133A1	MIR133A2	ACAT2
MIR133A1	MIR133A2	KPNA6
MIR133A1	MIR133A2	TMOD3
MIR133A1	MIR133A2	FOXP2
MIR133A1	MIR133A2	HECTD2
MIR133A1	MIR133A2	RO60
MIR133A1	MIR133A2	NUP160
MIR133A1	MIR133A2	MAML1
MIR133A1	MIR133A2	TAGLN2
MIR133A1	MIR133A2	FAM219B
MIR133A1	MIR133A2	RIMS1
MIR133A1	MIR133A2	PPIL6
MIR133A1	MIR133A2	AMMECR1
MIR133A1	MIR133A2	CYRIA
MIR133A1	MIR133A2	CMC2
MIR133A1	MIR133A2	CASP3
MIR133A1	MIR133A2	RNF38
MIR133A1	MIR133A2	CA10
MIR133A1	MIR133A2	SIRT1
MIR133A1	MIR133A2	BEX1
MIR133A1	MIR133A2	JAZF1
MIR133A1	MIR133A2	IQSEC1
MIR133A1	MIR133A2	TCEAL5
MIR133A1	MIR133A2	VDAC2
MIR133A1	MIR133A2	CTBP2
MIR133A1	MIR133A2	PRRT2
MIR133A1	MIR133A2	GPM6A
MIR133A1	MIR133A2	RUNX1T1
MIR133A1	MIR133A2	RAP2C
MIR133A1	MIR133A2	UBA2
MIR133A1	MIR133A2	NOVA1
MIR133A1	MIR133A2	SPOPL
MIR133A1	MIR133A2	PPIP5K1
MIR133A1	MIR133A2	USP32
MIR133A1	MIR133A2	SP3
MIR133A1	MIR133A2	ANKRD44
MIR133A1	MIR133A2	ANOS1
MIR133A1	MIR133A2	SGPP1
MIR133A1	MIR133A2	FYCO1
MIR133A1	MIR133A2	SCN3A
MIR133A1	MIR133A2	STRBP
MIR133A1	MIR133A2	SEC61B
MIR133A1	MIR133B	FOXL2
MIR133A1	MIR133B	MEIS2
MIR133A1	MIR133B	SLC50A1
MIR133A1	MIR133B	SACM1L
MIR133A1	MIR133B	PTBP1
MIR133A1	MIR133B	SLC39A1
MIR133A1	MIR133B	RB1CC1
MIR133A1	MIR133B	PLEKHA3
MIR133A1	MIR133B	SGMS2
MIR133A1	MIR133B	PITPNM2
MIR133A1	MIR133B	TXLNA
MIR133A1	MIR133B	MTMR4
MIR133A1	MIR133B	SYNRG
MIR133A1	MIR133B	CMPK1
MIR133A1	MIR133B	TRAM2
MIR133A1	MIR133B	AFTPH
MIR133A1	MIR133B	PIKFYVE
MIR133A1	MIR133B	SGK1
MIR133A1	MIR133B	PPP2CB
MIR133A1	MIR133B	ZNF280C
MIR133A1	MIR133B	PTPRZ1
MIR133A1	MIR133B	PTBP3
MIR133A1	MIR133B	SOBP
MIR133A1	MIR133B	ZNF131
MIR133A1	MIR133B	TTPAL
MIR133A1	MIR133B	FHIP2A
MIR133A1	MIR133B	KCTD20
MIR133A1	MIR133B	LASP1
MIR133A1	MIR133B	GDNF
MIR133A1	MIR133B	MED12L
MIR133A1	MIR133B	ELF2
MIR133A1	MIR133B	XXYLT1
MIR133A1	MIR133B	SUMO1
MIR133A1	MIR133B	ZC3H11A
MIR133A1	MIR133B	EDEM1
MIR133A1	MIR133B	SLC6A1
MIR133A1	MIR133B	CELF4
MIR133A1	MIR133B	PLCL2
MIR133A1	MIR133B	EIF4A1
MIR133A1	MIR133B	PURB
MIR133A1	MIR133B	GABPB1
MIR133A1	MIR133B	TBPL1
MIR133A1	MIR133B	SH3GL2
MIR133A1	MIR133B	PTPRD
MIR133A1	MIR133B	PFN2
MIR133A1	MIR133B	VPS54
MIR133A1	MIR133B	GDI2
MIR133A1	MIR133B	LHX5
MIR133A1	MIR133B	KIF3C
MIR133A1	MIR133B	MECOM
MIR133A1	MIR133B	SOGA1
MIR133A1	MIR133B	SYT2
MIR133A1	MIR133B	TTYH3
MIR133A1	MIR133B	LDLRAP1
MIR133A1	MIR133B	RARB
MIR133A1	MIR133B	FOXQ1
MIR133A1	MIR133B	PTPRK
MIR133A1	MIR133B	CLTA
MIR133A1	MIR133B	BAZ2A
MIR133A1	MIR133B	LHFPL6
MIR133A1	MIR133B	TFAP2D
MIR133A1	MIR133B	FAM117B
MIR133A1	MIR133B	ZC3H7A
MIR133A1	MIR133B	TMOD3
MIR133A1	MIR133B	PAN3
MIR133A1	MIR133B	FOXP2
MIR133A1	MIR133B	AKAP9
MIR133A1	MIR133B	NUP160
MIR133A1	MIR133B	MAML1
MIR133A1	MIR133B	TAGLN2
MIR133A1	MIR133B	RIMS1
MIR133A1	MIR133B	ARHGAP12
MIR133A1	MIR133B	CYRIA
MIR133A1	MIR133B	VIRMA
MIR133A1	MIR133B	CETN3
MIR133A1	MIR133B	SGTB
MIR133A1	MIR133B	SOX4
MIR133A1	MIR133B	MARF1
MIR133A1	MIR133B	ANKRD28
MIR133A1	MIR133B	ELAVL1
MIR133A1	MIR133B	GXYLT1
MIR133A1	MIR133B	RBPJ
MIR133A1	MIR133B	JAZF1
MIR133A1	MIR133B	PREX1
MIR133A1	MIR133B	CTBP2
MIR133A1	MIR133B	PRRT2
MIR133A1	MIR133B	SMARCD1
MIR133A1	MIR133B	GPM6A
MIR133A1	MIR133B	ATP6AP2
MIR133A1	MIR133B	RAP2C
MIR133A1	MIR133B	PPP2CA
MIR133A1	MIR133B	UBA2
MIR133A1	MIR133B	TIMM17A
MIR133A1	MIR133B	SNRK
MIR133A1	MIR133B	NRIP3
MIR133A1	MIR133B	TMEM167A
MIR133A1	MIR133B	USP32
MIR133A1	MIR133B	SP3
MIR133A1	MIR133B	TENT5A
MIR133A1	MIR133B	YPEL2
MIR133A1	MIR133B	FOXC1
MIR133A1	MIR133B	YES1
MIR133A1	MIR133B	ANKRD44
MIR133A1	MIR133B	STXBP6
MIR133A1	MIR133B	SLC30A7
MIR133A1	MIR133B	UBE2K
MIR133A1	MIR133B	SGPP1
MIR133A1	MIR133B	SLC35F5
MIR133A1	MIR133B	DUSP1
MIR133A1	MIR133B	UBXN7
MIR133A1	MIR133B	CAPN15
MIR133A1	MIR133B	NDRG1
MIR133A2	MIR133B	FOXL2
MIR133A2	MIR133B	MEIS2
MIR133A2	MIR133B	SLC50A1
MIR133A2	MIR133B	SACM1L
MIR133A2	MIR133B	PTBP1
MIR133A2	MIR133B	SLC39A1
MIR133A2	MIR133B	RB1CC1
MIR133A2	MIR133B	PLEKHA3
MIR133A2	MIR133B	SGMS2
MIR133A2	MIR133B	PITPNM2
MIR133A2	MIR133B	TXLNA
MIR133A2	MIR133B	MTMR4
MIR133A2	MIR133B	SYNRG
MIR133A2	MIR133B	CMPK1
MIR133A2	MIR133B	TRAM2
MIR133A2	MIR133B	AFTPH
MIR133A2	MIR133B	PIKFYVE
MIR133A2	MIR133B	SGK1
MIR133A2	MIR133B	PPP2CB
MIR133A2	MIR133B	ZNF280C
MIR133A2	MIR133B	PTPRZ1
MIR133A2	MIR133B	PTBP3
MIR133A2	MIR133B	SOBP
MIR133A2	MIR133B	ZNF131
MIR133A2	MIR133B	TTPAL
MIR133A2	MIR133B	FHIP2A
MIR133A2	MIR133B	KCTD20
MIR133A2	MIR133B	LASP1
MIR133A2	MIR133B	GDNF
MIR133A2	MIR133B	MED12L
MIR133A2	MIR133B	ELF2
MIR133A2	MIR133B	XXYLT1
MIR133A2	MIR133B	SUMO1
MIR133A2	MIR133B	ZC3H11A
MIR133A2	MIR133B	EDEM1
MIR133A2	MIR133B	SLC6A1
MIR133A2	MIR133B	CELF4
MIR133A2	MIR133B	PLCL2
MIR133A2	MIR133B	EIF4A1
MIR133A2	MIR133B	PURB
MIR133A2	MIR133B	GABPB1
MIR133A2	MIR133B	TBPL1
MIR133A2	MIR133B	SH3GL2
MIR133A2	MIR133B	PTPRD
MIR133A2	MIR133B	PFN2
MIR133A2	MIR133B	VPS54
MIR133A2	MIR133B	GDI2
MIR133A2	MIR133B	LHX5
MIR133A2	MIR133B	KIF3C
MIR133A2	MIR133B	MECOM
MIR133A2	MIR133B	SOGA1
MIR133A2	MIR133B	SYT2
MIR133A2	MIR133B	TTYH3
MIR133A2	MIR133B	LDLRAP1
MIR133A2	MIR133B	RARB
MIR133A2	MIR133B	FOXQ1
MIR133A2	MIR133B	PTPRK
MIR133A2	MIR133B	CLTA
MIR133A2	MIR133B	BAZ2A
MIR133A2	MIR133B	LHFPL6
MIR133A2	MIR133B	TFAP2D
MIR133A2	MIR133B	FAM117B
MIR133A2	MIR133B	ZC3H7A
MIR133A2	MIR133B	TMOD3
MIR133A2	MIR133B	PAN3
MIR133A2	MIR133B	FOXP2
MIR133A2	MIR133B	AKAP9
MIR133A2	MIR133B	NUP160
MIR133A2	MIR133B	MAML1
MIR133A2	MIR133B	TAGLN2
MIR133A2	MIR133B	RIMS1
MIR133A2	MIR133B	ARHGAP12
MIR133A2	MIR133B	CYRIA
MIR133A2	MIR133B	VIRMA
MIR133A2	MIR133B	CETN3
MIR133A2	MIR133B	SGTB
MIR133A2	MIR133B	SOX4
MIR133A2	MIR133B	MARF1
MIR133A2	MIR133B	ANKRD28
MIR133A2	MIR133B	ELAVL1
MIR133A2	MIR133B	GXYLT1
MIR133A2	MIR133B	RBPJ
MIR133A2	MIR133B	JAZF1
MIR133A2	MIR133B	PREX1
MIR133A2	MIR133B	CTBP2
MIR133A2	MIR133B	PRRT2
MIR133A2	MIR133B	SMARCD1
MIR133A2	MIR133B	GPM6A
MIR133A2	MIR133B	ATP6AP2
MIR133A2	MIR133B	RAP2C
MIR133A2	MIR133B	PPP2CA
MIR133A2	MIR133B	UBA2
MIR133A2	MIR133B	TIMM17A
MIR133A2	MIR133B	SNRK
MIR133A2	MIR133B	NRIP3
MIR133A2	MIR133B	TMEM167A
MIR133A2	MIR133B	USP32
MIR133A2	MIR133B	SP3
MIR133A2	MIR133B	TENT5A
MIR133A2	MIR133B	YPEL2
MIR133A2	MIR133B	FOXC1
MIR133A2	MIR133B	YES1
MIR133A2	MIR133B	ANKRD44
MIR133A2	MIR133B	STXBP6
MIR133A2	MIR133B	SLC30A7
MIR133A2	MIR133B	UBE2K
MIR133A2	MIR133B	SGPP1
MIR133A2	MIR133B	SLC35F5
MIR133A2	MIR133B	DUSP1
MIR133A2	MIR133B	UBXN7
MIR133A2	MIR133B	CAPN15
MIR133A2	MIR133B	NDRG1
MIR135A1	MIR135A2	TMEM168
MIR135A1	MIR135A2	CPLX1
MIR135A1	MIR135A2	FCHO2
MIR135A1	MIR135A2	GPR180
MIR135A1	MIR135A2	HOXA10
MIR135A1	MIR135A2	PDHX
MIR135A1	MIR135A2	PHLDB2
MIR135A1	MIR135A2	SLC24A2
MIR135A1	MIR135A2	B3GLCT
MIR135A1	MIR135A2	TOPORS
MIR135A1	MIR135A2	C18orf54
MIR135A1	MIR135A2	TSEN54
MIR135A1	MIR135A2	RAPGEF6
MIR135A1	MIR135A2	MED13
MIR135A1	MIR135A2	ATP1B1
MIR135A1	MIR135A2	ENTPD7
MIR135A1	MIR135A2	HMBOX1
MIR135A1	MIR135A2	HNRNPA1
MIR135A1	MIR135A2	NBEA
MIR135A1	MIR135A2	ZCCHC14
MIR135A1	MIR135A2	QKI
MIR135A1	MIR135A2	WASHC4
MIR135A1	MIR135A2	CTTNBP2
MIR135A1	MIR135A2	ELOVL6
MIR135A1	MIR135A2	DIP2C
MIR135A1	MIR135A2	GK5
MIR135A1	MIR135A2	FOXN2
MIR135A1	MIR135A2	ADO
MIR135A1	MIR135A2	ZRANB2
MIR135A1	MIR135A2	RBFOX2
MIR135A1	MIR135A2	SSR1
MIR135A1	MIR135A2	RORA
MIR135A1	MIR135A2	APC
MIR135A1	MIR135A2	CPLX2
MIR135A1	MIR135A2	CEP85L
MIR135A1	MIR135A2	KCNAB3
MIR135A1	MIR135A2	LYPLA1
MIR135A1	MIR135A2	UBOX5
MIR135A1	MIR135A2	KDM7A
MIR135A1	MIR135A2	PPP2R5C
MIR135A1	MIR135A2	SETD7
MIR135A1	MIR135A2	PPTC7
MIR135A1	MIR135A2	TBK1
MIR135A1	MIR135A2	VPS37C
MIR135A1	MIR135A2	ILRUN
MIR135A1	MIR135A2	MYO1C
MIR135A1	MIR135A2	ARHGEF7
MIR135A1	MIR135A2	PIGH
MIR135A1	MIR135A2	ZCCHC24
MIR135A1	MIR135A2	TNPO1
MIR135A1	MIR135A2	PCYT1B
MIR135A1	MIR135A2	HMG20A
MIR135A1	MIR135A2	MEF2A
MIR135A1	MIR135A2	NAMPT
MIR135A1	MIR135A2	CNEP1R1
MIR135A1	MIR135A2	NUCKS1
MIR135A1	MIR135A2	EYA1
MIR135A1	MIR135A2	YWHAG
MIR135A1	MIR135A2	ABCE1
MIR135A1	MIR135A2	ZNF236
MIR135A1	MIR135A2	MAN1A1
MIR135A1	MIR135A2	KIF3B
MIR135A1	MIR135A2	ANKRD55
MIR135A1	MIR135A2	DRAM2
MIR135A1	MIR135A2	LANCL1
MIR135A1	MIR135A2	PELI2
MIR135A1	MIR135A2	ANP32E
MIR135A1	MIR135A2	BRWD1
MIR135A1	MIR135A2	LZTS1
MIR135A1	MIR135A2	ST6GAL2
MIR135A1	MIR135A2	SDCBP
MIR135A1	MIR135A2	ZNF385B
MIR135A1	MIR135A2	STK38L
MIR135A1	MIR135A2	SYT2
MIR135A1	MIR135A2	RIC1
MIR135A1	MIR135A2	FAM71F1
MIR135A1	MIR135A2	SLC6A5
MIR135A1	MIR135A2	RASAL2
MIR135A1	MIR135A2	ANO4
MIR135A1	MIR135A2	SRSF3
MIR135A1	MIR135A2	PPP1CC
MIR135A1	MIR135A2	HPS5
MIR135A1	MIR135A2	BTBD10
MIR135A1	MIR135A2	THRB
MIR135A1	MIR135A2	DNAJC21
MIR135A1	MIR135A2	ZNF302
MIR135A1	MIR135A2	MTURN
MIR135A1	MIR135A2	ELK3
MIR135A1	MIR135A2	MTDH
MIR135A1	MIR135A2	DNM3
MIR135A1	MIR135A2	C6orf120
MIR135A1	MIR135A2	SEMA3A
MIR135A1	MIR135A2	TCF7L2
MIR135A1	MIR135A2	MEF2C
MIR135A1	MIR135A2	PSIP1
MIR135A1	MIR135A2	CHMP4B
MIR135A1	MIR135A2	ANXA7
MIR135A1	MIR135A2	TRPC1
MIR135A1	MIR135A2	EFNB2
MIR135A1	MIR135A2	HCN1
MIR135A1	MIR135A2	LATS2
MIR135A1	MIR135A2	TMEM236
MIR135A1	MIR135A2	NUDT4
MIR135A1	MIR135A2	ERBB4
MIR135A1	MIR135A2	TMED5
MIR135A1	MIR135A2	INTS2
MIR135A1	MIR135A2	RBAK
MIR135A1	MIR135A2	RGL1
MIR135A1	MIR135A2	CD47
MIR135A1	MIR135A2	ZNF143
MIR135A1	MIR135A2	RALBP1
MIR135A1	MIR135A2	CCSAP
MIR135A1	MIR135A2	RPS6KB1
MIR135A1	MIR135A2	ADCYAP1
MIR135A1	MIR135A2	BZW2
MIR135A1	MIR135A2	JADE1
MIR135A1	MIR135A2	MYEF2
MIR135A1	MIR135A2	PHOSPHO1
MIR135A1	MIR135A2	SERTAD2
MIR135A1	MIR135A2	ANGPT2
MIR135A1	MIR135A2	KCTD1
MIR135A1	MIR135A2	PTK2
MIR135A1	MIR135A2	RPS6KA5
MIR135A1	MIR135A2	WAPL
MIR135A1	MIR135A2	VLDLR
MIR135A1	MIR135A2	PPP2R2B
MIR135A1	MIR135A2	PPP6R3
MIR135A1	MIR135A2	MRAS
MIR135A1	MIR135A2	FOXO1
MIR135A1	MIR135A2	SNTB2
MIR135A1	MIR135A2	ZNF654
MIR135A1	MIR135A2	FOXN3
MIR135A1	MIR135A2	ADARB2
MIR135A1	MIR135A2	GULP1
MIR135A1	MIR135A2	WAC
MIR135A1	MIR135A2	RNF138
MIR135A1	MIR135A2	SLC9A9
MIR135A1	MIR135A2	BACH1
MIR135A1	MIR135A2	ASPH
MIR135A1	MIR135A2	SEC62
MIR135A1	MIR135A2	TMEM237
MIR135A1	MIR135A2	ARHGEF4
MIR135A1	MIR135A2	SMAD2
MIR135A1	MIR135A2	HEMK1
MIR135A1	MIR135A2	FKBP1A
MIR135A1	MIR135A2	NCKIPSD
MIR135A1	MIR135A2	SMAD5
MIR135A1	MIR135A2	DAG1
MIR135A1	MIR135A2	SMIM13
MIR135A1	MIR135A2	SP3
MIR135A1	MIR135A2	USP13
MIR135A1	MIR135A2	RAB39B
MIR135A1	MIR135A2	CAP2
MIR135A1	MIR135A2	PGGT1B
MIR135A1	MIR135A2	PDE7B
MIR135A1	MIR135A2	PPM1E
MIR135A1	MIR135A2	TAF4
MIR135A1	MIR135A2	MAPRE2
MIR135A1	MIR135A2	MFHAS1
MIR135A1	MIR135A2	ZNF385A
MIR135A1	MIR135A2	ATP2B4
MIR135A1	MIR135A2	ENTPD4
MIR135A1	MIR135A2	SIAH1
MIR135A1	MIR135A2	MOB1B
MIR135A1	MIR135A2	ROCK2
MIR135A1	MIR135A2	HIF1AN
MIR135A1	MIR135A2	ZFAND5
MIR135A1	MIR135A2	ACVR1B
MIR135A1	MIR135A2	BCAT1
MIR135A1	MIR135A2	NEFM
MIR135A1	MIR135A2	LONRF1
MIR135A1	MIR135A2	NR3C2
MIR135A1	MIR135B	TMEM168
MIR135A1	MIR135B	CPLX1
MIR135A1	MIR135B	GPR180
MIR135A1	MIR135B	FCHO2
MIR135A1	MIR135B	PDHX
MIR135A1	MIR135B	HOXA10
MIR135A1	MIR135B	PHLDB2
MIR135A1	MIR135B	SLC24A2
MIR135A1	MIR135B	B3GLCT
MIR135A1	MIR135B	TSEN54
MIR135A1	MIR135B	MED13
MIR135A1	MIR135B	ENTPD7
MIR135A1	MIR135B	ATP1B1
MIR135A1	MIR135B	HMBOX1
MIR135A1	MIR135B	HNRNPA1
MIR135A1	MIR135B	NBEA
MIR135A1	MIR135B	ZCCHC14
MIR135A1	MIR135B	QKI
MIR135A1	MIR135B	WASHC4
MIR135A1	MIR135B	CTTNBP2
MIR135A1	MIR135B	ELOVL6
MIR135A1	MIR135B	DIP2C
MIR135A1	MIR135B	GK5
MIR135A1	MIR135B	FOXN2
MIR135A1	MIR135B	ADO
MIR135A1	MIR135B	ZRANB2
MIR135A1	MIR135B	SSR1
MIR135A1	MIR135B	RORA
MIR135A1	MIR135B	APC
MIR135A1	MIR135B	CPLX2
MIR135A1	MIR135B	CEP85L
MIR135A1	MIR135B	KCNAB3
MIR135A1	MIR135B	LYPLA1
MIR135A1	MIR135B	KDM7A
MIR135A1	MIR135B	SETD7
MIR135A1	MIR135B	PPP2R5C
MIR135A1	MIR135B	VPS37C
MIR135A1	MIR135B	CLCN5
MIR135A1	MIR135B	ILRUN
MIR135A1	MIR135B	MYO1C
MIR135A1	MIR135B	ARHGEF7
MIR135A1	MIR135B	ZCCHC24
MIR135A1	MIR135B	PIGH
MIR135A1	MIR135B	TNPO1
MIR135A1	MIR135B	PCYT1B
MIR135A1	MIR135B	HMG20A
MIR135A1	MIR135B	MEF2A
MIR135A1	MIR135B	NAMPT
MIR135A1	MIR135B	CNEP1R1
MIR135A1	MIR135B	NUCKS1
MIR135A1	MIR135B	EYA1
MIR135A1	MIR135B	YWHAG
MIR135A1	MIR135B	ABCE1
MIR135A1	MIR135B	MAN1A1
MIR135A1	MIR135B	KIF3B
MIR135A1	MIR135B	ANKRD55
MIR135A1	MIR135B	DRAM2
MIR135A1	MIR135B	LANCL1
MIR135A1	MIR135B	PELI2
MIR135A1	MIR135B	ANP32E
MIR135A1	MIR135B	LZTS1
MIR135A1	MIR135B	ST6GAL2
MIR135A1	MIR135B	SDCBP
MIR135A1	MIR135B	ZNF385B
MIR135A1	MIR135B	STK38L
MIR135A1	MIR135B	SYT2
MIR135A1	MIR135B	RIC1
MIR135A1	MIR135B	FAM71F1
MIR135A1	MIR135B	SLC6A5
MIR135A1	MIR135B	RASAL2
MIR135A1	MIR135B	ANO4
MIR135A1	MIR135B	SRSF3
MIR135A1	MIR135B	PPP1CC
MIR135A1	MIR135B	HPS5
MIR135A1	MIR135B	BTBD10
MIR135A1	MIR135B	THRB
MIR135A1	MIR135B	ZNF302
MIR135A1	MIR135B	MTURN
MIR135A1	MIR135B	ELK3
MIR135A1	MIR135B	DNM3
MIR135A1	MIR135B	C6orf120
MIR135A1	MIR135B	TCF7L2
MIR135A1	MIR135B	SEMA3A
MIR135A1	MIR135B	MEF2C
MIR135A1	MIR135B	PSIP1
MIR135A1	MIR135B	CHMP4B
MIR135A1	MIR135B	ANXA7
MIR135A1	MIR135B	TRPC1
MIR135A1	MIR135B	EFNB2
MIR135A1	MIR135B	HCN1
MIR135A1	MIR135B	LATS2
MIR135A1	MIR135B	TMEM236
MIR135A1	MIR135B	NUDT4
MIR135A1	MIR135B	ERBB4
MIR135A1	MIR135B	TMED5
MIR135A1	MIR135B	INTS2
MIR135A1	MIR135B	RBAK
MIR135A1	MIR135B	RGL1
MIR135A1	MIR135B	ZNF143
MIR135A1	MIR135B	RALBP1
MIR135A1	MIR135B	CCSAP
MIR135A1	MIR135B	RPS6KB1
MIR135A1	MIR135B	ADCYAP1
MIR135A1	MIR135B	BZW2
MIR135A1	MIR135B	JADE1
MIR135A1	MIR135B	MYEF2
MIR135A1	MIR135B	PHOSPHO1
MIR135A1	MIR135B	PTK2
MIR135A1	MIR135B	KCTD1
MIR135A1	MIR135B	VLDLR
MIR135A1	MIR135B	WAPL
MIR135A1	MIR135B	PPP6R3
MIR135A1	MIR135B	MRAS
MIR135A1	MIR135B	FOXO1
MIR135A1	MIR135B	SNTB2
MIR135A1	MIR135B	ZNF654
MIR135A1	MIR135B	FOXN3
MIR135A1	MIR135B	ADARB2
MIR135A1	MIR135B	GULP1
MIR135A1	MIR135B	WAC
MIR135A1	MIR135B	RNF138
MIR135A1	MIR135B	DACH1
MIR135A1	MIR135B	BACH1
MIR135A1	MIR135B	SLC9A9
MIR135A1	MIR135B	ASPH
MIR135A1	MIR135B	SEC62
MIR135A1	MIR135B	TMEM237
MIR135A1	MIR135B	ARHGEF4
MIR135A1	MIR135B	SMAD2
MIR135A1	MIR135B	FKBP1A
MIR135A1	MIR135B	NCKIPSD
MIR135A1	MIR135B	SMAD5
MIR135A1	MIR135B	DAG1
MIR135A1	MIR135B	SMIM13
MIR135A1	MIR135B	SP3
MIR135A1	MIR135B	RAB39B
MIR135A1	MIR135B	PGGT1B
MIR135A1	MIR135B	PDE7B
MIR135A1	MIR135B	PPM1E
MIR135A1	MIR135B	TAF4
MIR135A1	MIR135B	MAPRE2
MIR135A1	MIR135B	MFHAS1
MIR135A1	MIR135B	ZNF385A
MIR135A1	MIR135B	ATP2B4
MIR135A1	MIR135B	ENTPD4
MIR135A1	MIR135B	PBX1
MIR135A1	MIR135B	SIAH1
MIR135A1	MIR135B	CPEB2
MIR135A1	MIR135B	MOB1B
MIR135A1	MIR135B	ROCK2
MIR135A1	MIR135B	ALCAM
MIR135A1	MIR135B	HIF1AN
MIR135A1	MIR135B	ZFAND5
MIR135A1	MIR135B	ACVR1B
MIR135A1	MIR135B	BCAT1
MIR135A1	MIR135B	NEFM
MIR135A1	MIR135B	LONRF1
MIR135A1	MIR135B	NR3C2
MIR135A2	MIR135B	INHBC
MIR135A2	MIR135B	ZNF138
MIR135A2	MIR135B	CLDN20
MIR135A2	MIR135B	TMEM168
MIR135A2	MIR135B	CPLX1
MIR135A2	MIR135B	FCHO2
MIR135A2	MIR135B	GPR180
MIR135A2	MIR135B	BCL11A
MIR135A2	MIR135B	HOXA10
MIR135A2	MIR135B	PDHX
MIR135A2	MIR135B	PHLDB2
MIR135A2	MIR135B	SLC24A2
MIR135A2	MIR135B	B3GLCT
MIR135A2	MIR135B	ZNF714
MIR135A2	MIR135B	TSEN54
MIR135A2	MIR135B	ETF1
MIR135A2	MIR135B	MED13
MIR135A2	MIR135B	EFNA5
MIR135A2	MIR135B	ATP1B1
MIR135A2	MIR135B	ENTPD7
MIR135A2	MIR135B	ZNF493
MIR135A2	MIR135B	HMBOX1
MIR135A2	MIR135B	HNRNPA1
MIR135A2	MIR135B	NBEA
MIR135A2	MIR135B	ZCCHC14
MIR135A2	MIR135B	ATP23
MIR135A2	MIR135B	KMO
MIR135A2	MIR135B	QKI
MIR135A2	MIR135B	WASHC4
MIR135A2	MIR135B	CTTNBP2
MIR135A2	MIR135B	ZNF99
MIR135A2	MIR135B	ELOVL6
MIR135A2	MIR135B	DIP2C
MIR135A2	MIR135B	GK5
MIR135A2	MIR135B	ZNF506
MIR135A2	MIR135B	TEK
MIR135A2	MIR135B	FOXN2
MIR135A2	MIR135B	ADO
MIR135A2	MIR135B	ZRANB2
MIR135A2	MIR135B	VPS45
MIR135A2	MIR135B	PGM2L1
MIR135A2	MIR135B	SSR1
MIR135A2	MIR135B	DONSON
MIR135A2	MIR135B	RORA
MIR135A2	MIR135B	APC
MIR135A2	MIR135B	CPLX2
MIR135A2	MIR135B	CEP85L
MIR135A2	MIR135B	ZNF208
MIR135A2	MIR135B	KCNAB3
MIR135A2	MIR135B	ULBP1
MIR135A2	MIR135B	LYPLA1
MIR135A2	MIR135B	ASPN
MIR135A2	MIR135B	KDM7A
MIR135A2	MIR135B	SETD7
MIR135A2	MIR135B	DYNAP
MIR135A2	MIR135B	PPP2R5C
MIR135A2	MIR135B	VPS37C
MIR135A2	MIR135B	ILRUN
MIR135A2	MIR135B	MYO1C
MIR135A2	MIR135B	FGF5
MIR135A2	MIR135B	ARHGEF7
MIR135A2	MIR135B	PIGH
MIR135A2	MIR135B	GTSE1
MIR135A2	MIR135B	ZCCHC24
MIR135A2	MIR135B	TNPO1
MIR135A2	MIR135B	PCYT1B
MIR135A2	MIR135B	CRHR2
MIR135A2	MIR135B	HMG20A
MIR135A2	MIR135B	MEF2A
MIR135A2	MIR135B	NAMPT
MIR135A2	MIR135B	CNEP1R1
MIR135A2	MIR135B	HSD3B7
MIR135A2	MIR135B	CA12
MIR135A2	MIR135B	NUCKS1
MIR135A2	MIR135B	EYA1
MIR135A2	MIR135B	YWHAG
MIR135A2	MIR135B	ABCE1
MIR135A2	MIR135B	MAN1A1
MIR135A2	MIR135B	KIF3B
MIR135A2	MIR135B	ANKRD55
MIR135A2	MIR135B	DRAM2
MIR135A2	MIR135B	LANCL1
MIR135A2	MIR135B	ZNF732
MIR135A2	MIR135B	PELI2
MIR135A2	MIR135B	ANP32E
MIR135A2	MIR135B	LZTS1
MIR135A2	MIR135B	ZNF676
MIR135A2	MIR135B	ST6GAL2
MIR135A2	MIR135B	SDCBP
MIR135A2	MIR135B	CREBL2
MIR135A2	MIR135B	ZNF385B
MIR135A2	MIR135B	STK38L
MIR135A2	MIR135B	SYT2
MIR135A2	MIR135B	RIC1
MIR135A2	MIR135B	FAM71F1
MIR135A2	MIR135B	SLC6A5
MIR135A2	MIR135B	HR
MIR135A2	MIR135B	RASAL2
MIR135A2	MIR135B	BAZ2B
MIR135A2	MIR135B	ANO4
MIR135A2	MIR135B	SRSF3
MIR135A2	MIR135B	ZNF257
MIR135A2	MIR135B	PPP1CC
MIR135A2	MIR135B	HPS5
MIR135A2	MIR135B	BTBD10
MIR135A2	MIR135B	THRB
MIR135A2	MIR135B	ZNF302
MIR135A2	MIR135B	MTURN
MIR135A2	MIR135B	ELK3
MIR135A2	MIR135B	ZNF716
MIR135A2	MIR135B	SHISA9
MIR135A2	MIR135B	AFF2
MIR135A2	MIR135B	DNM3
MIR135A2	MIR135B	C6orf120
MIR135A2	MIR135B	SEMA3A
MIR135A2	MIR135B	TCF7L2
MIR135A2	MIR135B	MEF2C
MIR135A2	MIR135B	PSIP1
MIR135A2	MIR135B	CHMP4B
MIR135A2	MIR135B	PTPRB
MIR135A2	MIR135B	ANXA7
MIR135A2	MIR135B	TRPC1
MIR135A2	MIR135B	EFNB2
MIR135A2	MIR135B	HCN1
MIR135A2	MIR135B	LATS2
MIR135A2	MIR135B	TMEM236
MIR135A2	MIR135B	ZNF253
MIR135A2	MIR135B	NUDT4
MIR135A2	MIR135B	ERBB4
MIR135A2	MIR135B	TMED5
MIR135A2	MIR135B	INTS2
MIR135A2	MIR135B	RBAK
MIR135A2	MIR135B	RGL1
MIR135A2	MIR135B	KCNC3
MIR135A2	MIR135B	MSL1
MIR135A2	MIR135B	ZNF143
MIR135A2	MIR135B	RALBP1
MIR135A2	MIR135B	CCSAP
MIR135A2	MIR135B	RPS6KB1
MIR135A2	MIR135B	ADCYAP1
MIR135A2	MIR135B	BZW2
MIR135A2	MIR135B	MR1
MIR135A2	MIR135B	JADE1
MIR135A2	MIR135B	MYEF2
MIR135A2	MIR135B	PHOSPHO1
MIR135A2	MIR135B	PTK2
MIR135A2	MIR135B	SYNM
MIR135A2	MIR135B	KCTD1
MIR135A2	MIR135B	WAPL
MIR135A2	MIR135B	VLDLR
MIR135A2	MIR135B	PPP6R3
MIR135A2	MIR135B	MRAS
MIR135A2	MIR135B	FOXO1
MIR135A2	MIR135B	GTF2A2
MIR135A2	MIR135B	SNTB2
MIR135A2	MIR135B	ZNF654
MIR135A2	MIR135B	KCNS1
MIR135A2	MIR135B	FOXN3
MIR135A2	MIR135B	RAB3B
MIR135A2	MIR135B	ADARB2
MIR135A2	MIR135B	GULP1
MIR135A2	MIR135B	WAC
MIR135A2	MIR135B	RNF138
MIR135A2	MIR135B	SLC9A9
MIR135A2	MIR135B	BACH1
MIR135A2	MIR135B	ASPH
MIR135A2	MIR135B	ADAM10
MIR135A2	MIR135B	SEC62
MIR135A2	MIR135B	PLEKHH2
MIR135A2	MIR135B	TMEM237
MIR135A2	MIR135B	ARHGEF4
MIR135A2	MIR135B	PTCH1
MIR135A2	MIR135B	SMAD2
MIR135A2	MIR135B	SNX5
MIR135A2	MIR135B	FKBP1A
MIR135A2	MIR135B	NCKIPSD
MIR135A2	MIR135B	SMAD5
MIR135A2	MIR135B	ZNF91
MIR135A2	MIR135B	DAG1
MIR135A2	MIR135B	SMIM13
MIR135A2	MIR135B	SP3
MIR135A2	MIR135B	RAB39B
MIR135A2	MIR135B	PGGT1B
MIR135A2	MIR135B	PDE7B
MIR135A2	MIR135B	PPM1E
MIR135A2	MIR135B	TAF4
MIR135A2	MIR135B	LILRB2
MIR135A2	MIR135B	MAPRE2
MIR135A2	MIR135B	OPN3
MIR135A2	MIR135B	PLPBP
MIR135A2	MIR135B	MFHAS1
MIR135A2	MIR135B	ZNF385A
MIR135A2	MIR135B	ATP2B4
MIR135A2	MIR135B	ENTPD4
MIR135A2	MIR135B	SIAH1
MIR135A2	MIR135B	PDCD4
MIR135A2	MIR135B	MOB1B
MIR135A2	MIR135B	RBM38
MIR135A2	MIR135B	ROCK2
MIR135A2	MIR135B	ZBTB38
MIR135A2	MIR135B	FBXO28
MIR135A2	MIR135B	HACD3
MIR135A2	MIR135B	HIF1AN
MIR135A2	MIR135B	SIX4
MIR135A2	MIR135B	ACVR1B
MIR135A2	MIR135B	ACIN1
MIR135A2	MIR135B	BCAT1
MIR135A2	MIR135B	ZFAND5
MIR135A2	MIR135B	NEFM
MIR135A2	MIR135B	LONRF1
MIR135A2	MIR135B	NR3C2
MIR138-1	MIR138-2	CAMK2N1
MIR138-1	MIR138-2	CCDC85C
MIR138-1	MIR138-2	CLK3
MIR138-1	MIR138-2	CLVS1
MIR138-1	MIR138-2	CHMP7
MIR138-1	MIR138-2	AGO1
MIR138-1	MIR138-2	PPARD
MIR138-1	MIR138-2	RPRD2
MIR138-1	MIR138-2	RB1CC1
MIR138-1	MIR138-2	EZH2
MIR138-1	MIR138-2	RMND5A
MIR138-1	MIR138-2	ZNF292
MIR138-1	MIR138-2	NBEA
MIR138-1	MIR138-2	ERI1
MIR138-1	MIR138-2	KLF11
MIR138-1	MIR138-2	SNX33
MIR138-1	MIR138-2	ARHGAP42
MIR138-1	MIR138-2	MTF2
MIR138-1	MIR138-2	YPEL4
MIR138-1	MIR138-2	IER5L
MIR138-1	MIR138-2	RIMS2
MIR138-1	MIR138-2	SORBS2
MIR138-1	MIR138-2	CNOT8
MIR138-1	MIR138-2	ZEB2
MIR138-1	MIR138-2	RHOC
MIR138-1	MIR138-2	DEK
MIR138-1	MIR138-2	PRPF4B
MIR138-1	MIR138-2	H3-3B
MIR138-1	MIR138-2	RC3H1
MIR138-1	MIR138-2	SMAP2
MIR138-1	MIR138-2	UHRF1BP1
MIR138-1	MIR138-2	CREB3L2
MIR138-1	MIR138-2	ARFGEF2
MIR138-1	MIR138-2	RCN2
MIR138-1	MIR138-2	AKAP11
MIR138-1	MIR138-2	LYPLA1
MIR138-1	MIR138-2	MAP3K11
MIR138-1	MIR138-2	TIPARP
MIR138-1	MIR138-2	GATAD2A
MIR138-1	MIR138-2	SOBP
MIR138-1	MIR138-2	CTDSPL2
MIR138-1	MIR138-2	ST3GAL6
MIR138-1	MIR138-2	RELN
MIR138-1	MIR138-2	VPS26A
MIR138-1	MIR138-2	ZNF275
MIR138-1	MIR138-2	AGO4
MIR138-1	MIR138-2	SLC35F1
MIR138-1	MIR138-2	JMJD8
MIR138-1	MIR138-2	ANK1
MIR138-1	MIR138-2	FERMT2
MIR138-1	MIR138-2	ADGRA2
MIR138-1	MIR138-2	SHANK2
MIR138-1	MIR138-2	WWC1
MIR138-1	MIR138-2	SRRM4
MIR138-1	MIR138-2	SIN3A
MIR138-1	MIR138-2	GPR158
MIR138-1	MIR138-2	APH1A
MIR138-1	MIR138-2	PRRT4
MIR138-1	MIR138-2	MIEF2
MIR138-1	MIR138-2	SOCS5
MIR138-1	MIR138-2	MACF1
MIR138-1	MIR138-2	ZNF444
MIR138-1	MIR138-2	SLC20A1
MIR138-1	MIR138-2	MBTPS2
MIR138-1	MIR138-2	RARA
MIR138-1	MIR138-2	PLLP
MIR138-1	MIR138-2	ZFP36L2
MIR138-1	MIR138-2	ING1
MIR138-1	MIR138-2	TMEM198
MIR138-1	MIR138-2	ST6GALNAC4
MIR138-1	MIR138-2	SH3GL2
MIR138-1	MIR138-2	SEH1L
MIR138-1	MIR138-2	SYT13
MIR138-1	MIR138-2	NFIB
MIR138-1	MIR138-2	TCF7L1
MIR138-1	MIR138-2	HK1
MIR138-1	MIR138-2	ARRDC3
MIR138-1	MIR138-2	VEZF1
MIR138-1	MIR138-2	UBP1
MIR138-1	MIR138-2	GTPBP1
MIR138-1	MIR138-2	BTG1
MIR138-1	MIR138-2	MON2
MIR138-1	MIR138-2	CLN5
MIR138-1	MIR138-2	KMT5B
MIR138-1	MIR138-2	TP53INP2
MIR138-1	MIR138-2	CLMP
MIR138-1	MIR138-2	TRPS1
MIR138-1	MIR138-2	SOGA1
MIR138-1	MIR138-2	ZNF609
MIR138-1	MIR138-2	DNAJB6
MIR138-1	MIR138-2	UNC5D
MIR138-1	MIR138-2	SH2B3
MIR138-1	MIR138-2	VIM
MIR138-1	MIR138-2	FEM1C
MIR138-1	MIR138-2	TENM3
MIR138-1	MIR138-2	CD2AP
MIR138-1	MIR138-2	BAZ2B
MIR138-1	MIR138-2	LSM14A
MIR138-1	MIR138-2	NSMF
MIR138-1	MIR138-2	CNOT6L
MIR138-1	MIR138-2	THRB
MIR138-1	MIR138-2	SMG1
MIR138-1	MIR138-2	KDM6B
MIR138-1	MIR138-2	JMJD1C
MIR138-1	MIR138-2	UIMC1
MIR138-1	MIR138-2	SLC17A7
MIR138-1	MIR138-2	VSTM2L
MIR138-1	MIR138-2	RHBDD1
MIR138-1	MIR138-2	RALY
MIR138-1	MIR138-2	TCF7L2
MIR138-1	MIR138-2	CHST10
MIR138-1	MIR138-2	ZFAT
MIR138-1	MIR138-2	PIP4K2C
MIR138-1	MIR138-2	SRSF11
MIR138-1	MIR138-2	USP47
MIR138-1	MIR138-2	CLIP1
MIR138-1	MIR138-2	AMMECR1
MIR138-1	MIR138-2	TSR1
MIR138-1	MIR138-2	NSFL1C
MIR138-1	MIR138-2	ARHGEF3
MIR138-1	MIR138-2	DENND1A
MIR138-1	MIR138-2	RELCH
MIR138-1	MIR138-2	ATP11C
MIR138-1	MIR138-2	DCP1A
MIR138-1	MIR138-2	KMT2C
MIR138-1	MIR138-2	TAOK1
MIR138-1	MIR138-2	EFCAB14
MIR138-1	MIR138-2	SOX4
MIR138-1	MIR138-2	TMTC4
MIR138-1	MIR138-2	AFF3
MIR138-1	MIR138-2	C6orf47
MIR138-1	MIR138-2	ANKRD54
MIR138-1	MIR138-2	ZMYND11
MIR138-1	MIR138-2	CCNE1
MIR138-1	MIR138-2	JOSD1
MIR138-1	MIR138-2	RNF38
MIR138-1	MIR138-2	SIRT1
MIR138-1	MIR138-2	AHCYL2
MIR138-1	MIR138-2	CAMTA1
MIR138-1	MIR138-2	L3MBTL3
MIR138-1	MIR138-2	ADCYAP1R1
MIR138-1	MIR138-2	JAZF1
MIR138-1	MIR138-2	CALN1
MIR138-1	MIR138-2	CLNS1A
MIR138-1	MIR138-2	MAPK6
MIR138-1	MIR138-2	LENG8
MIR138-1	MIR138-2	PTK2
MIR138-1	MIR138-2	PDIK1L
MIR138-1	MIR138-2	DVL2
MIR138-1	MIR138-2	PARP8
MIR138-1	MIR138-2	MANEAL
MIR138-1	MIR138-2	BAZ1B
MIR138-1	MIR138-2	PIK3C2B
MIR138-1	MIR138-2	KBTBD4
MIR138-1	MIR138-2	ARL6IP5
MIR138-1	MIR138-2	DTX4
MIR138-1	MIR138-2	GNG2
MIR138-1	MIR138-2	PDE3A
MIR138-1	MIR138-2	THAP11
MIR138-1	MIR138-2	DESI2
MIR138-1	MIR138-2	USP10
MIR138-1	MIR138-2	BNIP3L
MIR138-1	MIR138-2	SOX12
MIR138-1	MIR138-2	RPS6KA1
MIR138-1	MIR138-2	INTS6
MIR138-1	MIR138-2	PAQR3
MIR138-1	MIR138-2	SENP1
MIR138-1	MIR138-2	PPIP5K1
MIR138-1	MIR138-2	UPF2
MIR138-1	MIR138-2	SOX9
MIR138-1	MIR138-2	FOXP4
MIR138-1	MIR138-2	PDE7B
MIR138-1	MIR138-2	NFIX
MIR138-1	MIR138-2	PPM1E
MIR138-1	MIR138-2	PLXNB2
MIR138-1	MIR138-2	SULF2
MIR138-1	MIR138-2	FOXC1
MIR138-1	MIR138-2	MCU
MIR138-1	MIR138-2	PTP4A1
MIR138-1	MIR138-2	BPNT2
MIR138-1	MIR138-2	ZNF385A
MIR138-1	MIR138-2	RPRD1B
MIR138-1	MIR138-2	CCND3
MIR138-1	MIR138-2	RCAN2
MIR138-1	MIR138-2	ROCK2
MIR138-1	MIR138-2	SLC16A2
MIR138-1	MIR138-2	SEMA4C
MIR138-1	MIR138-2	ZFHX3
MIR138-1	MIR138-2	NPPC
MIR138-1	MIR138-2	HIF1AN
MIR138-1	MIR138-2	MIER3
MIR138-1	MIR138-2	SEPTIN11
MIR138-1	MIR138-2	EID1
MIR138-1	MIR138-2	NINJ1
MIR138-1	MIR138-2	DCUN1D4
MIR138-1	MIR138-2	PPARGC1A
MIR138-1	MIR138-2	PSMF1
MIR146A	MIR146B	LRRTM2
MIR146A	MIR146B	CDC14A
MIR146A	MIR146B	PDE7A
MIR146A	MIR146B	LNPK
MIR146A	MIR146B	BCL11A
MIR146A	MIR146B	PHF20L1
MIR146A	MIR146B	FZD1
MIR146A	MIR146B	ERLEC1
MIR146A	MIR146B	UBE2W
MIR146A	MIR146B	CASK
MIR146A	MIR146B	ZBTB2
MIR146A	MIR146B	NRAS
MIR146A	MIR146B	DLGAP2
MIR146A	MIR146B	BCORL1
MIR146A	MIR146B	SIAH2
MIR146A	MIR146B	SLC39A1
MIR146A	MIR146B	GMFB
MIR146A	MIR146B	PPP1R11
MIR146A	MIR146B	ZNF532
MIR146A	MIR146B	C16orf72
MIR146A	MIR146B	HNRNPD
MIR146A	MIR146B	GOSR1
MIR146A	MIR146B	LRRC8B
MIR146A	MIR146B	LRP2
MIR146A	MIR146B	PSMA4
MIR146A	MIR146B	YWHAB
MIR146A	MIR146B	VASN
MIR146A	MIR146B	QKI
MIR146A	MIR146B	PMAIP1
MIR146A	MIR146B	PRKCE
MIR146A	MIR146B	AMMECR1L
MIR146A	MIR146B	RIMS2
MIR146A	MIR146B	NEMP1
MIR146A	MIR146B	GRID1
MIR146A	MIR146B	DNPEP
MIR146A	MIR146B	CCDC117
MIR146A	MIR146B	MYT1
MIR146A	MIR146B	JAG1
MIR146A	MIR146B	RBFOX2
MIR146A	MIR146B	SOX5
MIR146A	MIR146B	TSPYL1
MIR146A	MIR146B	ZNRF3
MIR146A	MIR146B	NRP2
MIR146A	MIR146B	USP3
MIR146A	MIR146B	SESN3
MIR146A	MIR146B	ZNF90
MIR146A	MIR146B	RFX7
MIR146A	MIR146B	SPIN1
MIR146A	MIR146B	BTG2
MIR146A	MIR146B	SCN3B
MIR146A	MIR146B	GALNT10
MIR146A	MIR146B	UBR5
MIR146A	MIR146B	DTNA
MIR146A	MIR146B	GDNF
MIR146A	MIR146B	PHOX2B
MIR146A	MIR146B	LFNG
MIR146A	MIR146B	FBXO3
MIR146A	MIR146B	IST1
MIR146A	MIR146B	ZNRF2
MIR146A	MIR146B	RHOBTB3
MIR146A	MIR146B	NUCKS1
MIR146A	MIR146B	SLC2A3
MIR146A	MIR146B	EIF4G2
MIR146A	MIR146B	TMEM185B
MIR146A	MIR146B	CCK
MIR146A	MIR146B	FRYL
MIR146A	MIR146B	FAM210A
MIR146A	MIR146B	TBC1D20
MIR146A	MIR146B	TRAF6
MIR146A	MIR146B	TOX
MIR146A	MIR146B	SORT1
MIR146A	MIR146B	SH3GL2
MIR146A	MIR146B	PTPRD
MIR146A	MIR146B	LANCL1
MIR146A	MIR146B	HMGCR
MIR146A	MIR146B	CD80
MIR146A	MIR146B	RAB8B
MIR146A	MIR146B	CDKN3
MIR146A	MIR146B	NFAT5
MIR146A	MIR146B	RAC1
MIR146A	MIR146B	TMEM120B
MIR146A	MIR146B	BRWD1
MIR146A	MIR146B	SMAD4
MIR146A	MIR146B	CARD10
MIR146A	MIR146B	HIPK1
MIR146A	MIR146B	IGSF1
MIR146A	MIR146B	CREBL2
MIR146A	MIR146B	PTGFRN
MIR146A	MIR146B	CLASP2
MIR146A	MIR146B	NUMB
MIR146A	MIR146B	RARB
MIR146A	MIR146B	APPL1
MIR146A	MIR146B	FOXP1
MIR146A	MIR146B	PHF6
MIR146A	MIR146B	BEND4
MIR146A	MIR146B	NUFIP2
MIR146A	MIR146B	KPNA6
MIR146A	MIR146B	MOSMO
MIR146A	MIR146B	CELF3
MIR146A	MIR146B	SCN1A
MIR146A	MIR146B	TMEM216
MIR146A	MIR146B	ARMC8
MIR146A	MIR146B	GRSF1
MIR146A	MIR146B	MTDH
MIR146A	MIR146B	MYO5A
MIR146A	MIR146B	ITCH
MIR146A	MIR146B	SVIL
MIR146A	MIR146B	TANC2
MIR146A	MIR146B	ROBO1
MIR146A	MIR146B	MAP1B
MIR146A	MIR146B	STC1
MIR146A	MIR146B	CDS1
MIR146A	MIR146B	USP47
MIR146A	MIR146B	AFAP1L2
MIR146A	MIR146B	TIMELESS
MIR146A	MIR146B	KMT2D
MIR146A	MIR146B	ZNF512B
MIR146A	MIR146B	PTPRA
MIR146A	MIR146B	ACKR2
MIR146A	MIR146B	KCTD15
MIR146A	MIR146B	NRCAM
MIR146A	MIR146B	SARAF
MIR146A	MIR146B	SLITRK3
MIR146A	MIR146B	PTAR1
MIR146A	MIR146B	PBX2P1
MIR146A	MIR146B	ERBB4
MIR146A	MIR146B	CCDC6
MIR146A	MIR146B	CALHM5
MIR146A	MIR146B	PRKAA2
MIR146A	MIR146B	EHF
MIR146A	MIR146B	CDON
MIR146A	MIR146B	SAMD8
MIR146A	MIR146B	CDKN2AIP
MIR146A	MIR146B	CELF1
MIR146A	MIR146B	ELAVL1
MIR146A	MIR146B	RABGAP1
MIR146A	MIR146B	SRSF6
MIR146A	MIR146B	PRX
MIR146A	MIR146B	DNAL1
MIR146A	MIR146B	SEC23IP
MIR146A	MIR146B	JAZF1
MIR146A	MIR146B	ZNF367
MIR146A	MIR146B	BHLHE40
MIR146A	MIR146B	NSD1
MIR146A	MIR146B	KDM2B
MIR146A	MIR146B	ZNF148
MIR146A	MIR146B	AUTS2
MIR146A	MIR146B	KBTBD4
MIR146A	MIR146B	ZNF649
MIR146A	MIR146B	DYNLL2
MIR146A	MIR146B	RUNX1T1
MIR146A	MIR146B	ESYT2
MIR146A	MIR146B	TM9SF2
MIR146A	MIR146B	MMP16
MIR146A	MIR146B	MYBL1
MIR146A	MIR146B	SLC10A3
MIR146A	MIR146B	MARCHF6
MIR146A	MIR146B	CPEB4
MIR146A	MIR146B	SLCO3A1
MIR146A	MIR146B	HIC2
MIR146A	MIR146B	CELF2
MIR146A	MIR146B	SYT1
MIR146A	MIR146B	NOVA1
MIR146A	MIR146B	DNAJC12
MIR146A	MIR146B	C9orf72
MIR146A	MIR146B	SP8
MIR146A	MIR146B	MED1
MIR146A	MIR146B	FBXW2
MIR146A	MIR146B	SPOPL
MIR146A	MIR146B	PTPN12
MIR146A	MIR146B	IGF2R
MIR146A	MIR146B	SLC16A14
MIR146A	MIR146B	ZNF652
MIR146A	MIR146B	LCOR
MIR146A	MIR146B	SLC38A1
MIR146A	MIR146B	IRAK1
MIR146A	MIR146B	BZW1
MIR146A	MIR146B	LRRC15
MIR146A	MIR146B	ZNF605
MIR146A	MIR146B	CLCN6
MIR146A	MIR146B	TCF20
MIR146A	MIR146B	CCNJ
MIR146A	MIR146B	PLAGL2
MIR146A	MIR146B	MARK1
MIR146A	MIR146B	WWC2
MIR146A	MIR146B	FAM169A
MIR146A	MIR146B	DDHD1
MIR146A	MIR146B	MOB1B
MIR146A	MIR146B	PLSCR4
MIR146A	MIR146B	FBXO28
MIR146A	MIR146B	KLF7
MIR146A	MIR146B	ZFAND5
MIR146A	MIR146B	SIX4
MIR146A	MIR146B	STRBP
MIR146A	MIR146B	ZDHHC13
MIR146A	MIR146B	C17orf78
MIR146A	MIR146B	ABL2
MIR146A	MIR146B	CAMSAP1
MIR146A	MIR146B	DCAF12
MIR146A	MIR146B	TDRKH
MIR146A	MIR146B	XIAP
MIR146A	MIR146B	TNRC6A
MIR148A	MIR148B	CDC14A
MIR148A	MIR148B	NHS
MIR148A	MIR148B	CANX
MIR148A	MIR148B	PNPLA6
MIR148A	MIR148B	FAM43A
MIR148A	MIR148B	ARL6IP1
MIR148A	MIR148B	GNB1
MIR148A	MIR148B	EOGT
MIR148A	MIR148B	STAG2
MIR148A	MIR148B	AGO1
MIR148A	MIR148B	UBE2W
MIR148A	MIR148B	NBR1
MIR148A	MIR148B	NRAS
MIR148A	MIR148B	MAP3K9
MIR148A	MIR148B	SPTY2D1
MIR148A	MIR148B	ETF1
MIR148A	MIR148B	INO80
MIR148A	MIR148B	ERBB3
MIR148A	MIR148B	DNMT1
MIR148A	MIR148B	FBN1
MIR148A	MIR148B	TNRC6A
MIR148A	MIR148B	NPTX1
MIR148A	MIR148B	RMND5A
MIR148A	MIR148B	GTF2H1
MIR148A	MIR148B	LRP2
MIR148A	MIR148B	ATP8A1
MIR148A	MIR148B	GAP43
MIR148A	MIR148B	NR3C2
MIR148A	MIR148B	YWHAB
MIR148A	MIR148B	PPP6R1
MIR148A	MIR148B	QKI
MIR148A	MIR148B	DMXL1
MIR148A	MIR148B	PPP2R5E
MIR148A	MIR148B	DDX6
MIR148A	MIR148B	GLRX5
MIR148A	MIR148B	ITSN2
MIR148A	MIR148B	C1GALT1
MIR148A	MIR148B	C18orf25
MIR148A	MIR148B	SKP1
MIR148A	MIR148B	TGFA
MIR148A	MIR148B	PDIA3
MIR148A	MIR148B	USP48
MIR148A	MIR148B	UHMK1
MIR148A	MIR148B	B4GALT5
MIR148A	MIR148B	KLF4
MIR148A	MIR148B	MAFB
MIR148A	MIR148B	VASH2
MIR148A	MIR148B	SSR1
MIR148A	MIR148B	HOMER1
MIR148A	MIR148B	MED13L
MIR148A	MIR148B	MNT
MIR148A	MIR148B	NPTN
MIR148A	MIR148B	PRICKLE2
MIR148A	MIR148B	ZBTB44
MIR148A	MIR148B	UBE3A
MIR148A	MIR148B	INHBB
MIR148A	MIR148B	TMEM9B
MIR148A	MIR148B	XPO4
MIR148A	MIR148B	ROCK1
MIR148A	MIR148B	ARFIP1
MIR148A	MIR148B	ZEB1
MIR148A	MIR148B	SIK1
MIR148A	MIR148B	RND3
MIR148A	MIR148B	AGO4
MIR148A	MIR148B	YTHDC2
MIR148A	MIR148B	ARHGAP21
MIR148A	MIR148B	NOL4
MIR148A	MIR148B	MED12L
MIR148A	MIR148B	MAP3K4
MIR148A	MIR148B	OBI1
MIR148A	MIR148B	SECISBP2L
MIR148A	MIR148B	ARPP19
MIR148A	MIR148B	PPP1CB
MIR148A	MIR148B	DDAH1
MIR148A	MIR148B	ABCA1
MIR148A	MIR148B	CDK5R1
MIR148A	MIR148B	E2F3
MIR148A	MIR148B	GPATCH8
MIR148A	MIR148B	RSBN1L
MIR148A	MIR148B	SRPK2
MIR148A	MIR148B	HECW2
MIR148A	MIR148B	AKAP1
MIR148A	MIR148B	DENND4C
MIR148A	MIR148B	SNN
MIR148A	MIR148B	TNRC6C
MIR148A	MIR148B	ITGB8
MIR148A	MIR148B	ZFR
MIR148A	MIR148B	ROBO2
MIR148A	MIR148B	PAK2
MIR148A	MIR148B	E2F7
MIR148A	MIR148B	NCOA1
MIR148A	MIR148B	RAB14
MIR148A	MIR148B	MTF1
MIR148A	MIR148B	B4GALT6
MIR148A	MIR148B	ACVR1
MIR148A	MIR148B	MITF
MIR148A	MIR148B	CYB5R4
MIR148A	MIR148B	NAA15
MIR148A	MIR148B	OTUD4
MIR148A	MIR148B	MACIR
MIR148A	MIR148B	SGMS1
MIR148A	MIR148B	ARRDC3
MIR148A	MIR148B	ZNF618
MIR148A	MIR148B	SESTD1
MIR148A	MIR148B	SNAP91
MIR148A	MIR148B	BRWD1
MIR148A	MIR148B	BCL2L11
MIR148A	MIR148B	ARL8B
MIR148A	MIR148B	PTEN
MIR148A	MIR148B	CLCN3
MIR148A	MIR148B	MMD
MIR148A	MIR148B	LMTK2
MIR148A	MIR148B	POU2F1
MIR148A	MIR148B	MTMR9
MIR148A	MIR148B	SLC2A1
MIR148A	MIR148B	MLLT10
MIR148A	MIR148B	TP53INP2
MIR148A	MIR148B	TRPS1
MIR148A	MIR148B	MDFIC
MIR148A	MIR148B	ATP11A
MIR148A	MIR148B	DOCK6
MIR148A	MIR148B	ITGA5
MIR148A	MIR148B	DIPK2A
MIR148A	MIR148B	BHLHE41
MIR148A	MIR148B	VMP1
MIR148A	MIR148B	ELF5
MIR148A	MIR148B	CUL5
MIR148A	MIR148B	ST18
MIR148A	MIR148B	LDLR
MIR148A	MIR148B	MPPED2
MIR148A	MIR148B	ZFYVE26
MIR148A	MIR148B	NAA25
MIR148A	MIR148B	ADAMTS5
MIR148A	MIR148B	CNTN4
MIR148A	MIR148B	CDK19
MIR148A	MIR148B	CHD1
MIR148A	MIR148B	MIER1
MIR148A	MIR148B	KLF6
MIR148A	MIR148B	BTAF1
MIR148A	MIR148B	TCF7L2
MIR148A	MIR148B	ROBO1
MIR148A	MIR148B	GDF6
MIR148A	MIR148B	PHTF2
MIR148A	MIR148B	SRSF11
MIR148A	MIR148B	EPS15
MIR148A	MIR148B	MEOX2
MIR148A	MIR148B	WDR20
MIR148A	MIR148B	PPP1R10
MIR148A	MIR148B	SOS2
MIR148A	MIR148B	OSBPL11
MIR148A	MIR148B	RTN4
MIR148A	MIR148B	GTF2E1
MIR148A	MIR148B	RELCH
MIR148A	MIR148B	KMT2A
MIR148A	MIR148B	MGAT4A
MIR148A	MIR148B	CCDC6
MIR148A	MIR148B	S1PR1
MIR148A	MIR148B	SMS
MIR148A	MIR148B	BTBD3
MIR148A	MIR148B	PDE4D
MIR148A	MIR148B	DCP2
MIR148A	MIR148B	RGMA
MIR148A	MIR148B	NRP1
MIR148A	MIR148B	RNF38
MIR148A	MIR148B	NOG
MIR148A	MIR148B	MTCL1
MIR148A	MIR148B	ERRFI1
MIR148A	MIR148B	FMR1
MIR148A	MIR148B	PHAX
MIR148A	MIR148B	SBF2
MIR148A	MIR148B	TMED7
MIR148A	MIR148B	LRRC41
MIR148A	MIR148B	LYSMD2
MIR148A	MIR148B	ADGRB3
MIR148A	MIR148B	STARD13
MIR148A	MIR148B	RAB34
MIR148A	MIR148B	RPS6KA5
MIR148A	MIR148B	CNR1
MIR148A	MIR148B	MRAS
MIR148A	MIR148B	PHACTR2
MIR148A	MIR148B	MAF
MIR148A	MIR148B	STX3
MIR148A	MIR148B	GPM6A
MIR148A	MIR148B	ATP6AP2
MIR148A	MIR148B	ESR1
MIR148A	MIR148B	C6orf62
MIR148A	MIR148B	GJA1
MIR148A	MIR148B	ADGRF5
MIR148A	MIR148B	ASPH
MIR148A	MIR148B	HOXC8
MIR148A	MIR148B	RAP2C
MIR148A	MIR148B	CCT6A
MIR148A	MIR148B	CPEB4
MIR148A	MIR148B	MXD1
MIR148A	MIR148B	FBXO33
MIR148A	MIR148B	KIAA0232
MIR148A	MIR148B	KDM4C
MIR148A	MIR148B	LAMA4
MIR148A	MIR148B	FAM168B
MIR148A	MIR148B	ABCB7
MIR148A	MIR148B	ZC3H14
MIR148A	MIR148B	MMP15
MIR148A	MIR148B	FEZ2
MIR148A	MIR148B	USP33
MIR148A	MIR148B	ZDHHC17
MIR148A	MIR148B	TEAD1
MIR148A	MIR148B	TAF4
MIR148A	MIR148B	RBM24
MIR148A	MIR148B	ZCCHC2
MIR148A	MIR148B	RICTOR
MIR148A	MIR148B	LIPA
MIR148A	MIR148B	ATP2B4
MIR148A	MIR148B	CLCN6
MIR148A	MIR148B	SYNJ1
MIR148A	MIR148B	ADSS2
MIR148A	MIR148B	PLAA
MIR148A	MIR148B	JARID2
MIR148A	MIR148B	ESRRG
MIR148A	MIR148B	FXR1
MIR148A	MIR148B	UBE2QL1
MIR148A	MIR148B	FBXO28
MIR148A	MIR148B	ALCAM
MIR148A	MIR148B	TMSB10
MIR148A	MIR148B	AGFG1
MIR148A	MIR148B	ZRANB1
MIR148A	MIR148B	WDR47
MIR148A	MIR148B	SIX4
MIR148A	MIR148B	BACH2
MIR148A	MIR148B	UBE2D1
MIR148A	MIR148B	LONRF1
MIR148A	MIR148B	DCUN1D4
MIR148A	MIR148B	SLC9A2
MIR148A	MIR148B	CAND1
MIR148A	MIR148B	TSC22D2
MIR148A	MIR148B	SZRD1
MIR148A	MIR148B	TMEM63B
MIR148A	MIR152	UCP3
MIR148A	MIR152	CDC14A
MIR148A	MIR152	NHS
MIR148A	MIR152	CANX
MIR148A	MIR152	PNPLA6
MIR148A	MIR152	ARL6IP1
MIR148A	MIR152	EOGT
MIR148A	MIR152	AGO1
MIR148A	MIR152	UBE2W
MIR148A	MIR152	NRAS
MIR148A	MIR152	MAP3K9
MIR148A	MIR152	INO80
MIR148A	MIR152	GMFB
MIR148A	MIR152	PHF3
MIR148A	MIR152	ERBB3
MIR148A	MIR152	DNMT1
MIR148A	MIR152	FBN1
MIR148A	MIR152	TNRC6A
MIR148A	MIR152	NPTX1
MIR148A	MIR152	RMND5A
MIR148A	MIR152	PABIR3
MIR148A	MIR152	GTF2H1
MIR148A	MIR152	LRP2
MIR148A	MIR152	ATP8A1
MIR148A	MIR152	NCOA2
MIR148A	MIR152	YWHAB
MIR148A	MIR152	PPP6R1
MIR148A	MIR152	QKI
MIR148A	MIR152	DMXL1
MIR148A	MIR152	DDX6
MIR148A	MIR152	GLRX5
MIR148A	MIR152	ITSN2
MIR148A	MIR152	C1GALT1
MIR148A	MIR152	C18orf25
MIR148A	MIR152	SKP1
MIR148A	MIR152	TGFA
MIR148A	MIR152	PDIA3
MIR148A	MIR152	USP48
MIR148A	MIR152	UHMK1
MIR148A	MIR152	B4GALT5
MIR148A	MIR152	KLF4
MIR148A	MIR152	MAFB
MIR148A	MIR152	SSR1
MIR148A	MIR152	HOMER1
MIR148A	MIR152	MED13L
MIR148A	MIR152	MNT
MIR148A	MIR152	NPTN
MIR148A	MIR152	PRICKLE2
MIR148A	MIR152	INHBB
MIR148A	MIR152	TMEM9B
MIR148A	MIR152	XPO4
MIR148A	MIR152	ROCK1
MIR148A	MIR152	ARFIP1
MIR148A	MIR152	SIK1
MIR148A	MIR152	AGO4
MIR148A	MIR152	ZCCHC24
MIR148A	MIR152	ARHGAP21
MIR148A	MIR152	NOL4
MIR148A	MIR152	MED12L
MIR148A	MIR152	MAP3K4
MIR148A	MIR152	OBI1
MIR148A	MIR152	PPP1CB
MIR148A	MIR152	DDAH1
MIR148A	MIR152	ABCA1
MIR148A	MIR152	CDK5R1
MIR148A	MIR152	E2F3
MIR148A	MIR152	GPATCH8
MIR148A	MIR152	RSBN1L
MIR148A	MIR152	SRPK2
MIR148A	MIR152	HECW2
MIR148A	MIR152	AKAP1
MIR148A	MIR152	DENND4C
MIR148A	MIR152	SNN
MIR148A	MIR152	TNRC6C
MIR148A	MIR152	ITGB8
MIR148A	MIR152	ROBO2
MIR148A	MIR152	E2F7
MIR148A	MIR152	NCOA1
MIR148A	MIR152	RAB14
MIR148A	MIR152	MTF1
MIR148A	MIR152	B4GALT6
MIR148A	MIR152	ACVR1
MIR148A	MIR152	MITF
MIR148A	MIR152	CYB5R4
MIR148A	MIR152	OTUD4
MIR148A	MIR152	ARRDC3
MIR148A	MIR152	MACIR
MIR148A	MIR152	SESTD1
MIR148A	MIR152	SNAP91
MIR148A	MIR152	BCL2L11
MIR148A	MIR152	ARHGEF12
MIR148A	MIR152	ARL8B
MIR148A	MIR152	PTEN
MIR148A	MIR152	CLCN3
MIR148A	MIR152	MMD
MIR148A	MIR152	LMTK2
MIR148A	MIR152	POU2F1
MIR148A	MIR152	MTMR9
MIR148A	MIR152	SLC2A1
MIR148A	MIR152	MLLT10
MIR148A	MIR152	MDFIC
MIR148A	MIR152	ATP11A
MIR148A	MIR152	DOCK6
MIR148A	MIR152	ITGA5
MIR148A	MIR152	DIPK2A
MIR148A	MIR152	BHLHE41
MIR148A	MIR152	VMP1
MIR148A	MIR152	ELF5
MIR148A	MIR152	CUL5
MIR148A	MIR152	ST18
MIR148A	MIR152	LDLR
MIR148A	MIR152	MPPED2
MIR148A	MIR152	ZFYVE26
MIR148A	MIR152	ADAMTS5
MIR148A	MIR152	CNTN4
MIR148A	MIR152	CDK19
MIR148A	MIR152	CHD1
MIR148A	MIR152	MIER1
MIR148A	MIR152	KLF6
MIR148A	MIR152	BTAF1
MIR148A	MIR152	TCF7L2
MIR148A	MIR152	ROBO1
MIR148A	MIR152	GDF6
MIR148A	MIR152	EPS15
MIR148A	MIR152	SRSF11
MIR148A	MIR152	MEOX2
MIR148A	MIR152	WDR20
MIR148A	MIR152	PPP1R10
MIR148A	MIR152	POU4F1
MIR148A	MIR152	ATXN1
MIR148A	MIR152	SOS2
MIR148A	MIR152	OSBPL11
MIR148A	MIR152	RTN4
MIR148A	MIR152	RELCH
MIR148A	MIR152	KMT2A
MIR148A	MIR152	MGAT4A
MIR148A	MIR152	CCDC6
MIR148A	MIR152	S1PR1
MIR148A	MIR152	SMS
MIR148A	MIR152	BTBD3
MIR148A	MIR152	PDE4D
MIR148A	MIR152	DCP2
MIR148A	MIR152	NRP1
MIR148A	MIR152	RNF38
MIR148A	MIR152	NOG
MIR148A	MIR152	MTCL1
MIR148A	MIR152	TBL1XR1
MIR148A	MIR152	RALBP1
MIR148A	MIR152	ERRFI1
MIR148A	MIR152	FMR1
MIR148A	MIR152	PHAX
MIR148A	MIR152	SBF2
MIR148A	MIR152	TMED7
MIR148A	MIR152	LRRC41
MIR148A	MIR152	LYSMD2
MIR148A	MIR152	ADGRB3
MIR148A	MIR152	RAB34
MIR148A	MIR152	RPS6KA5
MIR148A	MIR152	CNR1
MIR148A	MIR152	MRAS
MIR148A	MIR152	PHACTR2
MIR148A	MIR152	STX3
MIR148A	MIR152	GPM6A
MIR148A	MIR152	ATP6AP2
MIR148A	MIR152	HERC4
MIR148A	MIR152	ESR1
MIR148A	MIR152	ZBTB18
MIR148A	MIR152	ADGRF5
MIR148A	MIR152	GPCPD1
MIR148A	MIR152	ASPH
MIR148A	MIR152	HOXC8
MIR148A	MIR152	CCT6A
MIR148A	MIR152	CPEB4
MIR148A	MIR152	MXD1
MIR148A	MIR152	FBXO33
MIR148A	MIR152	KIAA0232
MIR148A	MIR152	FAM168B
MIR148A	MIR152	ABCB7
MIR148A	MIR152	MMP15
MIR148A	MIR152	FEZ2
MIR148A	MIR152	USP33
MIR148A	MIR152	ZDHHC17
MIR148A	MIR152	TEAD1
MIR148A	MIR152	JMY
MIR148A	MIR152	TAF4
MIR148A	MIR152	RBM24
MIR148A	MIR152	ZCCHC2
MIR148A	MIR152	RICTOR
MIR148A	MIR152	ATP2B4
MIR148A	MIR152	CLCN6
MIR148A	MIR152	SYNJ1
MIR148A	MIR152	PLAA
MIR148A	MIR152	ZNF217
MIR148A	MIR152	JARID2
MIR148A	MIR152	ESRRG
MIR148A	MIR152	FXR1
MIR148A	MIR152	FBXO28
MIR148A	MIR152	ALCAM
MIR148A	MIR152	AGFG1
MIR148A	MIR152	WDR47
MIR148A	MIR152	SIX4
MIR148A	MIR152	BACH2
MIR148A	MIR152	UBE2D1
MIR148A	MIR152	DCUN1D4
MIR148A	MIR152	CAND1
MIR148A	MIR152	SZRD1
MIR148A	MIR152	TMEM63B
MIR148B	MIR152	CDC14A
MIR148B	MIR152	NHS
MIR148B	MIR152	CANX
MIR148B	MIR152	PNPLA6
MIR148B	MIR152	ARL6IP1
MIR148B	MIR152	EOGT
MIR148B	MIR152	AGO1
MIR148B	MIR152	UBE2W
MIR148B	MIR152	NRAS
MIR148B	MIR152	MAP3K9
MIR148B	MIR152	INO80
MIR148B	MIR152	ERBB3
MIR148B	MIR152	PNRC2
MIR148B	MIR152	DNMT1
MIR148B	MIR152	FBN1
MIR148B	MIR152	NPTX1
MIR148B	MIR152	RMND5A
MIR148B	MIR152	TNRC6A
MIR148B	MIR152	GTF2H1
MIR148B	MIR152	LRP2
MIR148B	MIR152	CREBRF
MIR148B	MIR152	ATP8A1
MIR148B	MIR152	YWHAB
MIR148B	MIR152	PSD3
MIR148B	MIR152	PPP6R1
MIR148B	MIR152	QKI
MIR148B	MIR152	DMXL1
MIR148B	MIR152	DDX6
MIR148B	MIR152	GLRX5
MIR148B	MIR152	ITSN2
MIR148B	MIR152	C1GALT1
MIR148B	MIR152	C18orf25
MIR148B	MIR152	SKP1
MIR148B	MIR152	TGFA
MIR148B	MIR152	PDIA3
MIR148B	MIR152	USP48
MIR148B	MIR152	UHMK1
MIR148B	MIR152	B4GALT5
MIR148B	MIR152	KLF4
MIR148B	MIR152	MAFB
MIR148B	MIR152	TANC1
MIR148B	MIR152	SSR1
MIR148B	MIR152	HOMER1
MIR148B	MIR152	MED13L
MIR148B	MIR152	MNT
MIR148B	MIR152	NPTN
MIR148B	MIR152	PRICKLE2
MIR148B	MIR152	LYN
MIR148B	MIR152	TMEM9B
MIR148B	MIR152	INHBB
MIR148B	MIR152	XPO4
MIR148B	MIR152	ROCK1
MIR148B	MIR152	ARFIP1
MIR148B	MIR152	SIK1
MIR148B	MIR152	AGO4
MIR148B	MIR152	ARHGAP21
MIR148B	MIR152	NOL4
MIR148B	MIR152	TRAK2
MIR148B	MIR152	MED12L
MIR148B	MIR152	MAP3K4
MIR148B	MIR152	OBI1
MIR148B	MIR152	SHANK2
MIR148B	MIR152	PPP1CB
MIR148B	MIR152	IL6ST
MIR148B	MIR152	DDAH1
MIR148B	MIR152	ABCA1
MIR148B	MIR152	CDK5R1
MIR148B	MIR152	E2F3
MIR148B	MIR152	GPATCH8
MIR148B	MIR152	RSBN1L
MIR148B	MIR152	SRPK2
MIR148B	MIR152	HECW2
MIR148B	MIR152	AKAP1
MIR148B	MIR152	DENND4C
MIR148B	MIR152	SNN
MIR148B	MIR152	TNRC6C
MIR148B	MIR152	ITGB8
MIR148B	MIR152	ROBO2
MIR148B	MIR152	E2F7
MIR148B	MIR152	NCOA1
MIR148B	MIR152	RAB14
MIR148B	MIR152	MTF1
MIR148B	MIR152	IGF1R
MIR148B	MIR152	B4GALT6
MIR148B	MIR152	ACVR1
MIR148B	MIR152	MITF
MIR148B	MIR152	CYB5R4
MIR148B	MIR152	OTUD4
MIR148B	MIR152	ARRDC3
MIR148B	MIR152	MACIR
MIR148B	MIR152	SESTD1
MIR148B	MIR152	SNAP91
MIR148B	MIR152	KCNMA1
MIR148B	MIR152	BCL2L11
MIR148B	MIR152	ARL8B
MIR148B	MIR152	PTEN
MIR148B	MIR152	CLCN3
MIR148B	MIR152	MMD
MIR148B	MIR152	LMTK2
MIR148B	MIR152	POU2F1
MIR148B	MIR152	MTMR9
MIR148B	MIR152	SLC2A1
MIR148B	MIR152	MLLT10
MIR148B	MIR152	MDFIC
MIR148B	MIR152	USP6
MIR148B	MIR152	ATP11A
MIR148B	MIR152	DOCK6
MIR148B	MIR152	ITGA5
MIR148B	MIR152	DIPK2A
MIR148B	MIR152	BHLHE41
MIR148B	MIR152	VMP1
MIR148B	MIR152	ELF5
MIR148B	MIR152	CUL5
MIR148B	MIR152	ST18
MIR148B	MIR152	LDLR
MIR148B	MIR152	MPPED2
MIR148B	MIR152	ZFYVE26
MIR148B	MIR152	MTMR12
MIR148B	MIR152	ADAMTS5
MIR148B	MIR152	CNTN4
MIR148B	MIR152	CDK19
MIR148B	MIR152	CHD1
MIR148B	MIR152	MIER1
MIR148B	MIR152	KLF6
MIR148B	MIR152	BTAF1
MIR148B	MIR152	TCF7L2
MIR148B	MIR152	ROBO1
MIR148B	MIR152	GDF6
MIR148B	MIR152	EPS15
MIR148B	MIR152	SRSF11
MIR148B	MIR152	MEOX2
MIR148B	MIR152	WDR20
MIR148B	MIR152	PPP1R10
MIR148B	MIR152	SOS2
MIR148B	MIR152	GPATCH2L
MIR148B	MIR152	OSBPL11
MIR148B	MIR152	RTN4
MIR148B	MIR152	RELCH
MIR148B	MIR152	KMT2A
MIR148B	MIR152	MGAT4A
MIR148B	MIR152	CCDC6
MIR148B	MIR152	S1PR1
MIR148B	MIR152	SMS
MIR148B	MIR152	BTBD3
MIR148B	MIR152	PDE4D
MIR148B	MIR152	DCP2
MIR148B	MIR152	NRP1
MIR148B	MIR152	RNF38
MIR148B	MIR152	NOG
MIR148B	MIR152	MTCL1
MIR148B	MIR152	ERRFI1
MIR148B	MIR152	FMR1
MIR148B	MIR152	PHAX
MIR148B	MIR152	SBF2
MIR148B	MIR152	TMED7
MIR148B	MIR152	LRRC41
MIR148B	MIR152	LYSMD2
MIR148B	MIR152	ADGRB3
MIR148B	MIR152	RAB34
MIR148B	MIR152	RPS6KA5
MIR148B	MIR152	CNR1
MIR148B	MIR152	MRAS
MIR148B	MIR152	PHACTR2
MIR148B	MIR152	STX3
MIR148B	MIR152	GPM6A
MIR148B	MIR152	ATP6AP2
MIR148B	MIR152	ESR1
MIR148B	MIR152	ADGRF5
MIR148B	MIR152	ASPH
MIR148B	MIR152	HOXC8
MIR148B	MIR152	CCT6A
MIR148B	MIR152	CPEB4
MIR148B	MIR152	PPP2CA
MIR148B	MIR152	MXD1
MIR148B	MIR152	FBXO33
MIR148B	MIR152	KIAA0232
MIR148B	MIR152	FAM168B
MIR148B	MIR152	ABCB7
MIR148B	MIR152	RAB12
MIR148B	MIR152	MMP15
MIR148B	MIR152	FEZ2
MIR148B	MIR152	USP33
MIR148B	MIR152	ZDHHC17
MIR148B	MIR152	TEAD1
MIR148B	MIR152	TAF4
MIR148B	MIR152	RBM24
MIR148B	MIR152	ZCCHC2
MIR148B	MIR152	RICTOR
MIR148B	MIR152	ATP2B4
MIR148B	MIR152	CLCN6
MIR148B	MIR152	SYNJ1
MIR148B	MIR152	PLAA
MIR148B	MIR152	JARID2
MIR148B	MIR152	NR2C2AP
MIR148B	MIR152	ESRRG
MIR148B	MIR152	FXR1
MIR148B	MIR152	FBXO28
MIR148B	MIR152	ALCAM
MIR148B	MIR152	AGFG1
MIR148B	MIR152	WDR47
MIR148B	MIR152	SIX4
MIR148B	MIR152	BACH2
MIR148B	MIR152	ABL2
MIR148B	MIR152	UBE2D1
MIR148B	MIR152	DCUN1D4
MIR148B	MIR152	KIAA1217
MIR148B	MIR152	CAND1
MIR148B	MIR152	SZRD1
MIR148B	MIR152	TMEM63B
MIR153-1	MIR153-2	TMEM168
MIR153-1	MIR153-2	PDE7A
MIR153-1	MIR153-2	NEUROD6
MIR153-1	MIR153-2	TJP1
MIR153-1	MIR153-2	RGS7BP
MIR153-1	MIR153-2	KDSR
MIR153-1	MIR153-2	UBE2W
MIR153-1	MIR153-2	KCNQ4
MIR153-1	MIR153-2	ZNFX1
MIR153-1	MIR153-2	SPTY2D1
MIR153-1	MIR153-2	PLEKHA3
MIR153-1	MIR153-2	SLC6A15
MIR153-1	MIR153-2	PHF3
MIR153-1	MIR153-2	UXS1
MIR153-1	MIR153-2	OSBPL6
MIR153-1	MIR153-2	SPHK2
MIR153-1	MIR153-2	NEBL
MIR153-1	MIR153-2	KLF5
MIR153-1	MIR153-2	NFE2L2
MIR153-1	MIR153-2	QKI
MIR153-1	MIR153-2	ITSN2
MIR153-1	MIR153-2	SIGMAR1
MIR153-1	MIR153-2	BPTF
MIR153-1	MIR153-2	ZDHHC1
MIR153-1	MIR153-2	CAMKK2
MIR153-1	MIR153-2	ADO
MIR153-1	MIR153-2	CKAP4
MIR153-1	MIR153-2	NFATC3
MIR153-1	MIR153-2	UNC5C
MIR153-1	MIR153-2	JAG1
MIR153-1	MIR153-2	VASH2
MIR153-1	MIR153-2	ERO1B
MIR153-1	MIR153-2	PPM1D
MIR153-1	MIR153-2	IFFO2
MIR153-1	MIR153-2	APC
MIR153-1	MIR153-2	NPTN
MIR153-1	MIR153-2	CADM2
MIR153-1	MIR153-2	ANO3
MIR153-1	MIR153-2	ANKRD40
MIR153-1	MIR153-2	LAMP1
MIR153-1	MIR153-2	WIPF1
MIR153-1	MIR153-2	SUN2
MIR153-1	MIR153-2	SETD7
MIR153-1	MIR153-2	INHBB
MIR153-1	MIR153-2	CTDSPL2
MIR153-1	MIR153-2	ROCK1
MIR153-1	MIR153-2	CLCN5
MIR153-1	MIR153-2	MYCBP
MIR153-1	MIR153-2	EPHA4
MIR153-1	MIR153-2	KLHL3
MIR153-1	MIR153-2	SMARCD2
MIR153-1	MIR153-2	GFPT2
MIR153-1	MIR153-2	APP
MIR153-1	MIR153-2	TAGLN3
MIR153-1	MIR153-2	MEF2A
MIR153-1	MIR153-2	GLCCI1
MIR153-1	MIR153-2	GPR158
MIR153-1	MIR153-2	NEUROD1
MIR153-1	MIR153-2	SOCS5
MIR153-1	MIR153-2	ZNF704
MIR153-1	MIR153-2	ROBO2
MIR153-1	MIR153-2	ARF1
MIR153-1	MIR153-2	GALNT7
MIR153-1	MIR153-2	NFIB
MIR153-1	MIR153-2	MITF
MIR153-1	MIR153-2	MORC3
MIR153-1	MIR153-2	OTUD4
MIR153-1	MIR153-2	SPRED1
MIR153-1	MIR153-2	BTBD7
MIR153-1	MIR153-2	KLF13
MIR153-1	MIR153-2	CREBBP
MIR153-1	MIR153-2	BMPR2
MIR153-1	MIR153-2	CITED2
MIR153-1	MIR153-2	GRB2
MIR153-1	MIR153-2	KCNA1
MIR153-1	MIR153-2	FEM1C
MIR153-1	MIR153-2	TTC28
MIR153-1	MIR153-2	DDIT4
MIR153-1	MIR153-2	RAP2B
MIR153-1	MIR153-2	ANGPT1
MIR153-1	MIR153-2	RASA1
MIR153-1	MIR153-2	RCOR1
MIR153-1	MIR153-2	CFL2
MIR153-1	MIR153-2	SNAI1
MIR153-1	MIR153-2	C6orf120
MIR153-1	MIR153-2	MPP2
MIR153-1	MIR153-2	EXT1
MIR153-1	MIR153-2	ADAM19
MIR153-1	MIR153-2	SNCA
MIR153-1	MIR153-2	RAI14
MIR153-1	MIR153-2	EFNB2
MIR153-1	MIR153-2	NUDT4
MIR153-1	MIR153-2	SATB1
MIR153-1	MIR153-2	KCTD6
MIR153-1	MIR153-2	CBFB
MIR153-1	MIR153-2	DCP2
MIR153-1	MIR153-2	SLCO5A1
MIR153-1	MIR153-2	SP4
MIR153-1	MIR153-2	KIF20A
MIR153-1	MIR153-2	ASB7
MIR153-1	MIR153-2	RABGAP1
MIR153-1	MIR153-2	TGFBR2
MIR153-1	MIR153-2	YIPF2
MIR153-1	MIR153-2	PLCB1
MIR153-1	MIR153-2	NFIA
MIR153-1	MIR153-2	RPS6KB1
MIR153-1	MIR153-2	FAM214A
MIR153-1	MIR153-2	TPCN1
MIR153-1	MIR153-2	SERTAD2
MIR153-1	MIR153-2	USP28
MIR153-1	MIR153-2	RYR3
MIR153-1	MIR153-2	RASSF4
MIR153-1	MIR153-2	ACTN4
MIR153-1	MIR153-2	SOX11
MIR153-1	MIR153-2	AUTS2
MIR153-1	MIR153-2	KLF3
MIR153-1	MIR153-2	SLC4A4
MIR153-1	MIR153-2	FBXL3
MIR153-1	MIR153-2	GNAI3
MIR153-1	MIR153-2	GPCPD1
MIR153-1	MIR153-2	KMT2B
MIR153-1	MIR153-2	GAB1
MIR153-1	MIR153-2	KDM6A
MIR153-1	MIR153-2	SLC10A3
MIR153-1	MIR153-2	PTCH1
MIR153-1	MIR153-2	FBXO33
MIR153-1	MIR153-2	FAM168B
MIR153-1	MIR153-2	ZNF592
MIR153-1	MIR153-2	NAA50
MIR153-1	MIR153-2	BOD1L1
MIR153-1	MIR153-2	TBC1D19
MIR153-1	MIR153-2	PDP2
MIR153-1	MIR153-2	BPNT2
MIR153-1	MIR153-2	SGK3
MIR153-1	MIR153-2	DMXL2
MIR153-1	MIR153-2	RICTOR
MIR153-1	MIR153-2	CIB2
MIR153-1	MIR153-2	HEY2
MIR153-1	MIR153-2	LRP12
MIR153-1	MIR153-2	RPL22
MIR153-1	MIR153-2	TP53INP1
MIR153-1	MIR153-2	CNN3
MIR153-1	MIR153-2	ME1
MIR15A	MIR15B	PAFAH1B1
MIR15A	MIR15B	PHF19
MIR15A	MIR15B	MOB3B
MIR15A	MIR15B	PIP4P2
MIR15A	MIR15B	RSPO3
MIR15A	MIR15B	RAB9B
MIR15A	MIR15B	PCMT1
MIR15A	MIR15B	MED26
MIR15A	MIR15B	DYRK1B
MIR15A	MIR15B	SMAD7
MIR15A	MIR15B	VEGFA
MIR15A	MIR15B	ARL3
MIR15A	MIR15B	GPR63
MIR15A	MIR15B	RNF217
MIR15A	MIR15B	PTPRJ
MIR15A	MIR15B	BCL2L2
MIR15A	MIR15B	FASN
MIR15A	MIR15B	CREBRF
MIR15A	MIR15B	PLAG1
MIR15A	MIR15B	TTC14
MIR15A	MIR15B	CDC37L1
MIR15A	MIR15B	KCNJ2
MIR15A	MIR15B	LRRC58
MIR15A	MIR15B	KIF23
MIR15A	MIR15B	FBXW7
MIR15A	MIR15B	SPTLC1
MIR15A	MIR15B	CDCA4
MIR15A	MIR15B	PPM1D
MIR15A	MIR15B	SESN1
MIR15A	MIR15B	PID1
MIR15A	MIR15B	ANKIB1
MIR15A	MIR15B	SGK1
MIR15A	MIR15B	ANO3
MIR15A	MIR15B	ZBTB44
MIR15A	MIR15B	MOB4
MIR15A	MIR15B	CCND1
MIR15A	MIR15B	AXIN2
MIR15A	MIR15B	BTG2
MIR15A	MIR15B	PRRC2C
MIR15A	MIR15B	C2orf42
MIR15A	MIR15B	DLL1
MIR15A	MIR15B	AGO4
MIR15A	MIR15B	USP42
MIR15A	MIR15B	CDC42SE2
MIR15A	MIR15B	SNCG
MIR15A	MIR15B	WDTC1
MIR15A	MIR15B	COL12A1
MIR15A	MIR15B	DYNC1I1
MIR15A	MIR15B	CDK5R1
MIR15A	MIR15B	E2F3
MIR15A	MIR15B	GPATCH8
MIR15A	MIR15B	TLK1
MIR15A	MIR15B	DESI1
MIR15A	MIR15B	EYA1
MIR15A	MIR15B	STXBP3
MIR15A	MIR15B	TBPL1
MIR15A	MIR15B	DMTF1
MIR15A	MIR15B	RBBP6
MIR15A	MIR15B	PLRG1
MIR15A	MIR15B	RAB11FIP2
MIR15A	MIR15B	PELI2
MIR15A	MIR15B	SPRED1
MIR15A	MIR15B	SCOC
MIR15A	MIR15B	MAP7
MIR15A	MIR15B	ACTR2
MIR15A	MIR15B	CHPT1
MIR15A	MIR15B	MIPOL1
MIR15A	MIR15B	SNX16
MIR15A	MIR15B	SHOC2
MIR15A	MIR15B	ADAMTS3
MIR15A	MIR15B	RSBN1
MIR15A	MIR15B	PAPPA
MIR15A	MIR15B	HELZ
MIR15A	MIR15B	CHEK1
MIR15A	MIR15B	CD2AP
MIR15A	MIR15B	SPRYD3
MIR15A	MIR15B	PTPN4
MIR15A	MIR15B	TMEM255A
MIR15A	MIR15B	PTPN3
MIR15A	MIR15B	PIP4P1
MIR15A	MIR15B	NAA25
MIR15A	MIR15B	CNOT6L
MIR15A	MIR15B	THRB
MIR15A	MIR15B	MYB
MIR15A	MIR15B	CSDE1
MIR15A	MIR15B	FAM91A1
MIR15A	MIR15B	GAREM1
MIR15A	MIR15B	SOCS6
MIR15A	MIR15B	INSR
MIR15A	MIR15B	PLEKHA5
MIR15A	MIR15B	ACVR2A
MIR15A	MIR15B	SETD3
MIR15A	MIR15B	CCND2
MIR15A	MIR15B	MYT1L
MIR15A	MIR15B	CPD
MIR15A	MIR15B	ATXN1
MIR15A	MIR15B	PURA
MIR15A	MIR15B	CDC27
MIR15A	MIR15B	LATS2
MIR15A	MIR15B	AKT3
MIR15A	MIR15B	SEPTIN2
MIR15A	MIR15B	MGAT4A
MIR15A	MIR15B	CCDC6
MIR15A	MIR15B	TACC1
MIR15A	MIR15B	ARHGAP5
MIR15A	MIR15B	ZNF622
MIR15A	MIR15B	RBMS1
MIR15A	MIR15B	SALL4
MIR15A	MIR15B	CCNE1
MIR15A	MIR15B	FGF7
MIR15A	MIR15B	LUZP1
MIR15A	MIR15B	AHCYL2
MIR15A	MIR15B	ASH1L
MIR15A	MIR15B	YTHDC1
MIR15A	MIR15B	LRP6
MIR15A	MIR15B	FGF2
MIR15A	MIR15B	N4BP1
MIR15A	MIR15B	CLDN12
MIR15A	MIR15B	CAPRIN1
MIR15A	MIR15B	ZNF654
MIR15A	MIR15B	CDK17
MIR15A	MIR15B	WEE1
MIR15A	MIR15B	RUNX1T1
MIR15A	MIR15B	EDA
MIR15A	MIR15B	TMEM100
MIR15A	MIR15B	ZBTB34
MIR15A	MIR15B	RPS6KA3
MIR15A	MIR15B	RAP2C
MIR15A	MIR15B	XPO7
MIR15A	MIR15B	CLOCK
MIR15A	MIR15B	KIF21A
MIR15A	MIR15B	MBNL3
MIR15A	MIR15B	SLC35G1
MIR15A	MIR15B	PTPRR
MIR15A	MIR15B	MKNK1
MIR15A	MIR15B	TGIF2
MIR15A	MIR15B	C1orf21
MIR15A	MIR15B	SLC25A22
MIR15A	MIR15B	LSM11
MIR15A	MIR15B	UBE4B
MIR15A	MIR15B	BDNF
MIR15A	MIR15B	SALL1
MIR15A	MIR15B	BORCS6
MIR15A	MIR15B	CUL2
MIR15A	MIR15B	SIAH1
MIR15A	MIR15B	UBE2Q1
MIR15A	MIR15B	CPEB2
MIR15A	MIR15B	SCN8A
MIR15A	MIR15B	MAP2K1
MIR15A	MIR15B	RECK
MIR15A	MIR15B	DNAJB4
MIR15A	MIR15B	PLSCR4
MIR15A	MIR15B	RASGEF1B
MIR15A	MIR15B	HIGD1A
MIR15A	MIR15B	SLC9A6
MIR15A	MIR15B	NUP50
MIR15A	MIR15B	CRIM1
MIR15A	MIR15B	SRSF10
MIR15A	MIR15B	USP25
MIR15A	MIR15B	CAPZA2
MIR15A	MIR15B	FBXO21
MIR15A	MIR15B	PPARGC1A
MIR15A	MIR15B	BTRC
MIR15A	MIR15B	FGFR1
MIR15A	MIR424	PAFAH1B1
MIR15A	MIR424	PHF19
MIR15A	MIR424	MOB3B
MIR15A	MIR424	PIP4P2
MIR15A	MIR424	RSPO3
MIR15A	MIR424	PCMT1
MIR15A	MIR424	MED26
MIR15A	MIR424	DYRK1B
MIR15A	MIR424	SMAD7
MIR15A	MIR424	VEGFA
MIR15A	MIR424	ARL3
MIR15A	MIR424	GPR63
MIR15A	MIR424	RNF217
MIR15A	MIR424	BCL2L2
MIR15A	MIR424	FASN
MIR15A	MIR424	PLAG1
MIR15A	MIR424	CDC37L1
MIR15A	MIR424	KCNJ2
MIR15A	MIR424	WIPI2
MIR15A	MIR424	LARP4
MIR15A	MIR424	KIF23
MIR15A	MIR424	FBXW7
MIR15A	MIR424	SPTLC1
MIR15A	MIR424	CDCA4
MIR15A	MIR424	PPM1D
MIR15A	MIR424	PID1
MIR15A	MIR424	MED13L
MIR15A	MIR424	ANKIB1
MIR15A	MIR424	SGK1
MIR15A	MIR424	ANO3
MIR15A	MIR424	ZBTB44
MIR15A	MIR424	MOB4
MIR15A	MIR424	CCND1
MIR15A	MIR424	AXIN2
MIR15A	MIR424	BTG2
MIR15A	MIR424	PRRC2C
MIR15A	MIR424	C2orf42
MIR15A	MIR424	DLL1
MIR15A	MIR424	AGO4
MIR15A	MIR424	USP42
MIR15A	MIR424	CDC42SE2
MIR15A	MIR424	SNCG
MIR15A	MIR424	WDTC1
MIR15A	MIR424	COL12A1
MIR15A	MIR424	DYNC1I1
MIR15A	MIR424	E2F3
MIR15A	MIR424	GPATCH8
MIR15A	MIR424	TLK1
MIR15A	MIR424	DESI1
MIR15A	MIR424	EYA1
MIR15A	MIR424	STXBP3
MIR15A	MIR424	TBPL1
MIR15A	MIR424	DMTF1
MIR15A	MIR424	RBBP6
MIR15A	MIR424	PELI2
MIR15A	MIR424	SPRED1
MIR15A	MIR424	KIF5C
MIR15A	MIR424	SCOC
MIR15A	MIR424	MAP7
MIR15A	MIR424	CHPT1
MIR15A	MIR424	PAPPA
MIR15A	MIR424	SHOC2
MIR15A	MIR424	ADAMTS3
MIR15A	MIR424	RSBN1
MIR15A	MIR424	HELZ
MIR15A	MIR424	CHEK1
MIR15A	MIR424	SPRYD3
MIR15A	MIR424	PTPN4
MIR15A	MIR424	TMEM255A
MIR15A	MIR424	PTPN3
MIR15A	MIR424	PIP4P1
MIR15A	MIR424	NAA25
MIR15A	MIR424	CNOT6L
MIR15A	MIR424	MYB
MIR15A	MIR424	EPHA7
MIR15A	MIR424	VTI1B
MIR15A	MIR424	CSDE1
MIR15A	MIR424	FAM91A1
MIR15A	MIR424	GAREM1
MIR15A	MIR424	SOCS6
MIR15A	MIR424	INSR
MIR15A	MIR424	ACVR2A
MIR15A	MIR424	SETD3
MIR15A	MIR424	CCND2
MIR15A	MIR424	MYT1L
MIR15A	MIR424	CPD
MIR15A	MIR424	PURA
MIR15A	MIR424	LATS2
MIR15A	MIR424	AKT3
MIR15A	MIR424	SEPTIN2
MIR15A	MIR424	MIB1
MIR15A	MIR424	MGAT4A
MIR15A	MIR424	ARHGAP5
MIR15A	MIR424	ZNF622
MIR15A	MIR424	RBMS1
MIR15A	MIR424	FGF7
MIR15A	MIR424	LUZP1
MIR15A	MIR424	RNF13
MIR15A	MIR424	AHCYL2
MIR15A	MIR424	ASH1L
MIR15A	MIR424	YTHDC1
MIR15A	MIR424	LRP6
MIR15A	MIR424	FGF2
MIR15A	MIR424	N4BP1
MIR15A	MIR424	CLDN12
MIR15A	MIR424	CAPRIN1
MIR15A	MIR424	CDK17
MIR15A	MIR424	WEE1
MIR15A	MIR424	RUNX1T1
MIR15A	MIR424	EDA
MIR15A	MIR424	TMEM100
MIR15A	MIR424	ZBTB34
MIR15A	MIR424	RPS6KA3
MIR15A	MIR424	RAP2C
MIR15A	MIR424	PTCH1
MIR15A	MIR424	XPO7
MIR15A	MIR424	CLOCK
MIR15A	MIR424	KIF21A
MIR15A	MIR424	CCNT2
MIR15A	MIR424	SLC35G1
MIR15A	MIR424	PTPRR
MIR15A	MIR424	MKNK1
MIR15A	MIR424	TGIF2
MIR15A	MIR424	C1orf21
MIR15A	MIR424	SLC25A22
MIR15A	MIR424	LSM11
MIR15A	MIR424	UBE4B
MIR15A	MIR424	BDNF
MIR15A	MIR424	SALL1
MIR15A	MIR424	SYNJ1
MIR15A	MIR424	BORCS6
MIR15A	MIR424	CUL2
MIR15A	MIR424	SIAH1
MIR15A	MIR424	UBE2Q1
MIR15A	MIR424	CPEB2
MIR15A	MIR424	MAP2K1
MIR15A	MIR424	RECK
MIR15A	MIR424	DNAJB4
MIR15A	MIR424	PLSCR4
MIR15A	MIR424	RASGEF1B
MIR15A	MIR424	HIGD1A
MIR15A	MIR424	SLC9A6
MIR15A	MIR424	NUP50
MIR15A	MIR424	CRIM1
MIR15A	MIR424	USP25
MIR15A	MIR424	CAPZA2
MIR15A	MIR424	FBXO21
MIR15A	MIR424	BTRC
MIR15A	MIR424	FGFR1
MIR15A	MIR497	PAFAH1B1
MIR15A	MIR497	PHF19
MIR15A	MIR497	PIP4P2
MIR15A	MIR497	CPEB3
MIR15A	MIR497	RSPO3
MIR15A	MIR497	RAB9B
MIR15A	MIR497	PCMT1
MIR15A	MIR497	MED26
MIR15A	MIR497	DYRK1B
MIR15A	MIR497	DLG1
MIR15A	MIR497	SMAD7
MIR15A	MIR497	ARL3
MIR15A	MIR497	GPR63
MIR15A	MIR497	RNF217
MIR15A	MIR497	BCL2L2
MIR15A	MIR497	FASN
MIR15A	MIR497	PLAG1
MIR15A	MIR497	CDC37L1
MIR15A	MIR497	KCNJ2
MIR15A	MIR497	KIF23
MIR15A	MIR497	FBXW7
MIR15A	MIR497	SPTLC1
MIR15A	MIR497	CDCA4
MIR15A	MIR497	PPM1D
MIR15A	MIR497	SESN1
MIR15A	MIR497	PID1
MIR15A	MIR497	SGK1
MIR15A	MIR497	ANO3
MIR15A	MIR497	ZBTB44
MIR15A	MIR497	MOB4
MIR15A	MIR497	CCND1
MIR15A	MIR497	AXIN2
MIR15A	MIR497	BTG2
MIR15A	MIR497	C2orf42
MIR15A	MIR497	DLL1
MIR15A	MIR497	AGO4
MIR15A	MIR497	USP42
MIR15A	MIR497	CDC42SE2
MIR15A	MIR497	SNCG
MIR15A	MIR497	WDTC1
MIR15A	MIR497	COL12A1
MIR15A	MIR497	DYNC1I1
MIR15A	MIR497	STK33
MIR15A	MIR497	CDK5R1
MIR15A	MIR497	E2F3
MIR15A	MIR497	GPATCH8
MIR15A	MIR497	TLK1
MIR15A	MIR497	DESI1
MIR15A	MIR497	EYA1
MIR15A	MIR497	STXBP3
MIR15A	MIR497	TBPL1
MIR15A	MIR497	DMTF1
MIR15A	MIR497	RBBP6
MIR15A	MIR497	PLRG1
MIR15A	MIR497	PELI2
MIR15A	MIR497	SPRED1
MIR15A	MIR497	SRPRA
MIR15A	MIR497	KIF5C
MIR15A	MIR497	MAP7
MIR15A	MIR497	ACTR2
MIR15A	MIR497	SEMA6D
MIR15A	MIR497	PDK4
MIR15A	MIR497	PLPP1
MIR15A	MIR497	CHPT1
MIR15A	MIR497	MIPOL1
MIR15A	MIR497	PAPPA
MIR15A	MIR497	SHOC2
MIR15A	MIR497	RSBN1
MIR15A	MIR497	HELZ
MIR15A	MIR497	CHEK1
MIR15A	MIR497	SPRYD3
MIR15A	MIR497	PTPN4
MIR15A	MIR497	TMEM255A
MIR15A	MIR497	PTPN3
MIR15A	MIR497	PIP4P1
MIR15A	MIR497	NAA25
MIR15A	MIR497	CNOT6L
MIR15A	MIR497	MYB
MIR15A	MIR497	CSDE1
MIR15A	MIR497	FAM91A1
MIR15A	MIR497	GAREM1
MIR15A	MIR497	SOCS6
MIR15A	MIR497	INSR
MIR15A	MIR497	PLEKHA5
MIR15A	MIR497	ACVR2A
MIR15A	MIR497	SETD3
MIR15A	MIR497	CCND2
MIR15A	MIR497	MYT1L
MIR15A	MIR497	CPD
MIR15A	MIR497	PURA
MIR15A	MIR497	LATS2
MIR15A	MIR497	AKT3
MIR15A	MIR497	SEPTIN2
MIR15A	MIR497	ARHGAP5
MIR15A	MIR497	SALL4
MIR15A	MIR497	CCNE1
MIR15A	MIR497	FGF7
MIR15A	MIR497	LUZP1
MIR15A	MIR497	AHCYL2
MIR15A	MIR497	ASH1L
MIR15A	MIR497	YTHDC1
MIR15A	MIR497	LRP6
MIR15A	MIR497	FGF2
MIR15A	MIR497	N4BP1
MIR15A	MIR497	CAPRIN1
MIR15A	MIR497	ACVR2B
MIR15A	MIR497	CDK17
MIR15A	MIR497	WEE1
MIR15A	MIR497	RUNX1T1
MIR15A	MIR497	EDA
MIR15A	MIR497	TMEM100
MIR15A	MIR497	ZBTB34
MIR15A	MIR497	RPS6KA3
MIR15A	MIR497	PLEKHA1
MIR15A	MIR497	RAP2C
MIR15A	MIR497	XPO7
MIR15A	MIR497	KIF21A
MIR15A	MIR497	SLC35G1
MIR15A	MIR497	TGIF2
MIR15A	MIR497	C1orf21
MIR15A	MIR497	SLC25A22
MIR15A	MIR497	UBE4B
MIR15A	MIR497	BDNF
MIR15A	MIR497	SALL1
MIR15A	MIR497	BORCS6
MIR15A	MIR497	CUL2
MIR15A	MIR497	SIAH1
MIR15A	MIR497	UBE2Q1
MIR15A	MIR497	CPEB2
MIR15A	MIR497	MAP2K1
MIR15A	MIR497	RECK
MIR15A	MIR497	DNAJB4
MIR15A	MIR497	PLSCR4
MIR15A	MIR497	RASGEF1B
MIR15A	MIR497	HIGD1A
MIR15A	MIR497	SLC9A6
MIR15A	MIR497	CBX4
MIR15A	MIR497	NUP50
MIR15A	MIR497	USP25
MIR15A	MIR497	CAPZA2
MIR15A	MIR497	FBXO21
MIR15A	MIR497	PPARGC1A
MIR15A	MIR497	BTRC
MIR15A	MIR497	FGFR1
MIR15B	MIR424	PAFAH1B1
MIR15B	MIR424	STAG1
MIR15B	MIR424	PHF19
MIR15B	MIR424	MOB3B
MIR15B	MIR424	PIP4P2
MIR15B	MIR424	RSPO3
MIR15B	MIR424	PCMT1
MIR15B	MIR424	MED26
MIR15B	MIR424	DYRK1B
MIR15B	MIR424	CASK
MIR15B	MIR424	SMAD7
MIR15B	MIR424	VEGFA
MIR15B	MIR424	ARL3
MIR15B	MIR424	GPR63
MIR15B	MIR424	RNF217
MIR15B	MIR424	BCL2L2
MIR15B	MIR424	FASN
MIR15B	MIR424	UBR3
MIR15B	MIR424	PLAG1
MIR15B	MIR424	CDC37L1
MIR15B	MIR424	ARIH1
MIR15B	MIR424	KCNJ2
MIR15B	MIR424	KIF23
MIR15B	MIR424	TNRC6B
MIR15B	MIR424	FBXW7
MIR15B	MIR424	SPTLC1
MIR15B	MIR424	CDCA4
MIR15B	MIR424	PPM1D
MIR15B	MIR424	PID1
MIR15B	MIR424	ANKIB1
MIR15B	MIR424	SGK1
MIR15B	MIR424	ANO3
MIR15B	MIR424	ZBTB44
MIR15B	MIR424	MOB4
MIR15B	MIR424	CCND1
MIR15B	MIR424	AXIN2
MIR15B	MIR424	BTG2
MIR15B	MIR424	CLCN5
MIR15B	MIR424	PRRC2C
MIR15B	MIR424	C2orf42
MIR15B	MIR424	CYP26B1
MIR15B	MIR424	DLL1
MIR15B	MIR424	AGO4
MIR15B	MIR424	USP42
MIR15B	MIR424	KLHL18
MIR15B	MIR424	CDC42SE2
MIR15B	MIR424	SNCG
MIR15B	MIR424	WDTC1
MIR15B	MIR424	COL12A1
MIR15B	MIR424	DYNC1I1
MIR15B	MIR424	E2F3
MIR15B	MIR424	GPATCH8
MIR15B	MIR424	TLK1
MIR15B	MIR424	DESI1
MIR15B	MIR424	EYA1
MIR15B	MIR424	CACUL1
MIR15B	MIR424	STXBP3
MIR15B	MIR424	TBPL1
MIR15B	MIR424	DMTF1
MIR15B	MIR424	RBBP6
MIR15B	MIR424	PELI2
MIR15B	MIR424	SPRED1
MIR15B	MIR424	SCOC
MIR15B	MIR424	MAP7
MIR15B	MIR424	HMGA2
MIR15B	MIR424	CHPT1
MIR15B	MIR424	PAPPA
MIR15B	MIR424	RIC1
MIR15B	MIR424	ADAMTS3
MIR15B	MIR424	RSBN1
MIR15B	MIR424	SHOC2
MIR15B	MIR424	HELZ
MIR15B	MIR424	CHEK1
MIR15B	MIR424	SPRYD3
MIR15B	MIR424	PTPN4
MIR15B	MIR424	TMEM255A
MIR15B	MIR424	PTPN3
MIR15B	MIR424	PIP4P1
MIR15B	MIR424	NAA25
MIR15B	MIR424	CNOT6L
MIR15B	MIR424	MYB
MIR15B	MIR424	CSDE1
MIR15B	MIR424	FAM91A1
MIR15B	MIR424	GAREM1
MIR15B	MIR424	SOCS6
MIR15B	MIR424	INSR
MIR15B	MIR424	TCF7L2
MIR15B	MIR424	ACVR2A
MIR15B	MIR424	CNKSR3
MIR15B	MIR424	SETD3
MIR15B	MIR424	CCND2
MIR15B	MIR424	MYT1L
MIR15B	MIR424	CPD
MIR15B	MIR424	ZNF449
MIR15B	MIR424	PURA
MIR15B	MIR424	LATS2
MIR15B	MIR424	HSPA4L
MIR15B	MIR424	AKT3
MIR15B	MIR424	SEPTIN2
MIR15B	MIR424	MGAT4A
MIR15B	MIR424	PDIA6
MIR15B	MIR424	ARHGAP5
MIR15B	MIR424	ZNF622
MIR15B	MIR424	RBMS1
MIR15B	MIR424	UBN2
MIR15B	MIR424	CCNJL
MIR15B	MIR424	FGF7
MIR15B	MIR424	LUZP1
MIR15B	MIR424	AHCYL2
MIR15B	MIR424	ASH1L
MIR15B	MIR424	YTHDC1
MIR15B	MIR424	LRP6
MIR15B	MIR424	FGF2
MIR15B	MIR424	N4BP1
MIR15B	MIR424	CLDN12
MIR15B	MIR424	CAPRIN1
MIR15B	MIR424	CDK17
MIR15B	MIR424	WEE1
MIR15B	MIR424	RNF138
MIR15B	MIR424	RUNX1T1
MIR15B	MIR424	EDA
MIR15B	MIR424	TMEM100
MIR15B	MIR424	ZBTB34
MIR15B	MIR424	RPS6KA3
MIR15B	MIR424	RAP2C
MIR15B	MIR424	XPO7
MIR15B	MIR424	CLOCK
MIR15B	MIR424	KIF21A
MIR15B	MIR424	SLC35G1
MIR15B	MIR424	PTPRR
MIR15B	MIR424	MKNK1
MIR15B	MIR424	TGIF2
MIR15B	MIR424	C1orf21
MIR15B	MIR424	SLC25A22
MIR15B	MIR424	LSM11
MIR15B	MIR424	UBE4B
MIR15B	MIR424	BDNF
MIR15B	MIR424	SALL1
MIR15B	MIR424	BORCS6
MIR15B	MIR424	CUL2
MIR15B	MIR424	SIAH1
MIR15B	MIR424	PDCD4
MIR15B	MIR424	UBE2Q1
MIR15B	MIR424	CPEB2
MIR15B	MIR424	MAP2K1
MIR15B	MIR424	RECK
MIR15B	MIR424	DNAJB4
MIR15B	MIR424	PLSCR4
MIR15B	MIR424	RASGEF1B
MIR15B	MIR424	HIGD1A
MIR15B	MIR424	SLC9A6
MIR15B	MIR424	NUP50
MIR15B	MIR424	CRIM1
MIR15B	MIR424	USP25
MIR15B	MIR424	CAPZA2
MIR15B	MIR424	FBXO21
MIR15B	MIR424	BTRC
MIR15B	MIR424	FGFR1
MIR15B	MIR497	PAFAH1B1
MIR15B	MIR497	PHF19
MIR15B	MIR497	PIP4P2
MIR15B	MIR497	RSPO3
MIR15B	MIR497	RAB9B
MIR15B	MIR497	PCMT1
MIR15B	MIR497	BTRC
MIR15B	MIR497	MED26
MIR15B	MIR497	DYRK1B
MIR15B	MIR497	CASK
MIR15B	MIR497	SMAD7
MIR15B	MIR497	ARL3
MIR15B	MIR497	GPR63
MIR15B	MIR497	RNF217
MIR15B	MIR497	BCL2L2
MIR15B	MIR497	FASN
MIR15B	MIR497	PLAG1
MIR15B	MIR497	CDC37L1
MIR15B	MIR497	ARIH1
MIR15B	MIR497	KCNJ2
MIR15B	MIR497	KIF23
MIR15B	MIR497	TNRC6B
MIR15B	MIR497	FBXW7
MIR15B	MIR497	SPTLC1
MIR15B	MIR497	RAB10
MIR15B	MIR497	CDCA4
MIR15B	MIR497	MTMR3
MIR15B	MIR497	PPM1D
MIR15B	MIR497	SESN1
MIR15B	MIR497	PID1
MIR15B	MIR497	SGK1
MIR15B	MIR497	ANO3
MIR15B	MIR497	ZBTB44
MIR15B	MIR497	MOB4
MIR15B	MIR497	CCND1
MIR15B	MIR497	AXIN2
MIR15B	MIR497	BTG2
MIR15B	MIR497	C2orf42
MIR15B	MIR497	DLL1
MIR15B	MIR497	AGO4
MIR15B	MIR497	USP42
MIR15B	MIR497	KLHL18
MIR15B	MIR497	CDC42SE2
MIR15B	MIR497	SNCG
MIR15B	MIR497	WDTC1
MIR15B	MIR497	COL12A1
MIR15B	MIR497	DYNC1I1
MIR15B	MIR497	CDK5R1
MIR15B	MIR497	E2F3
MIR15B	MIR497	GPATCH8
MIR15B	MIR497	TLK1
MIR15B	MIR497	DESI1
MIR15B	MIR497	EYA1
MIR15B	MIR497	STXBP3
MIR15B	MIR497	TBPL1
MIR15B	MIR497	DMTF1
MIR15B	MIR497	RBBP6
MIR15B	MIR497	PLRG1
MIR15B	MIR497	PELI2
MIR15B	MIR497	SPRED1
MIR15B	MIR497	MAP7
MIR15B	MIR497	ACTR2
MIR15B	MIR497	HMGA2
MIR15B	MIR497	POU2F1
MIR15B	MIR497	CHPT1
MIR15B	MIR497	MIPOL1
MIR15B	MIR497	PAPPA
MIR15B	MIR497	RIC1
MIR15B	MIR497	SHOC2
MIR15B	MIR497	RSBN1
MIR15B	MIR497	HELZ
MIR15B	MIR497	CHEK1
MIR15B	MIR497	SPRYD3
MIR15B	MIR497	PTPN4
MIR15B	MIR497	NUFIP2
MIR15B	MIR497	PTPN3
MIR15B	MIR497	TMEM255A
MIR15B	MIR497	PIP4P1
MIR15B	MIR497	NAA25
MIR15B	MIR497	CNOT6L
MIR15B	MIR497	MYB
MIR15B	MIR497	CSDE1
MIR15B	MIR497	FAM91A1
MIR15B	MIR497	GAREM1
MIR15B	MIR497	SOCS6
MIR15B	MIR497	INSR
MIR15B	MIR497	PLEKHA5
MIR15B	MIR497	TCF7L2
MIR15B	MIR497	ACVR2A
MIR15B	MIR497	SETD3
MIR15B	MIR497	CCND2
MIR15B	MIR497	MYT1L
MIR15B	MIR497	CPD
MIR15B	MIR497	PURA
MIR15B	MIR497	LATS2
MIR15B	MIR497	AKT3
MIR15B	MIR497	SEPTIN2
MIR15B	MIR497	PDIA6
MIR15B	MIR497	ARHGAP5
MIR15B	MIR497	UBN2
MIR15B	MIR497	SALL4
MIR15B	MIR497	CCNE1
MIR15B	MIR497	FGF7
MIR15B	MIR497	LUZP1
MIR15B	MIR497	AHCYL2
MIR15B	MIR497	ASH1L
MIR15B	MIR497	YTHDC1
MIR15B	MIR497	LRP6
MIR15B	MIR497	FGF2
MIR15B	MIR497	N4BP1
MIR15B	MIR497	CAPRIN1
MIR15B	MIR497	CDK17
MIR15B	MIR497	WEE1
MIR15B	MIR497	RNF138
MIR15B	MIR497	RUNX1T1
MIR15B	MIR497	EDA
MIR15B	MIR497	TMEM100
MIR15B	MIR497	NAV1
MIR15B	MIR497	ZBTB34
MIR15B	MIR497	RPS6KA3
MIR15B	MIR497	RAP2C
MIR15B	MIR497	XPO7
MIR15B	MIR497	KIF21A
MIR15B	MIR497	SLC35G1
MIR15B	MIR497	TGIF2
MIR15B	MIR497	C1orf21
MIR15B	MIR497	SLC25A22
MIR15B	MIR497	UBE4B
MIR15B	MIR497	BDNF
MIR15B	MIR497	SALL1
MIR15B	MIR497	BORCS6
MIR15B	MIR497	CUL2
MIR15B	MIR497	SIAH1
MIR15B	MIR497	PDCD4
MIR15B	MIR497	UBE2Q1
MIR15B	MIR497	CPEB2
MIR15B	MIR497	MAP2K1
MIR15B	MIR497	RECK
MIR15B	MIR497	DNAJB4
MIR15B	MIR497	PLSCR4
MIR15B	MIR497	RASGEF1B
MIR15B	MIR497	HIGD1A
MIR15B	MIR497	SLC9A6
MIR15B	MIR497	NUP50
MIR15B	MIR497	USP25
MIR15B	MIR497	CAPZA2
MIR15B	MIR497	FBXO21
MIR15B	MIR497	PPARGC1A
MIR15B	MIR497	MBNL1
MIR15B	MIR497	FGFR1
MIR424	MIR497	PAFAH1B1
MIR424	MIR497	PHF19
MIR424	MIR497	PIP4P2
MIR424	MIR497	RSPO3
MIR424	MIR497	PCMT1
MIR424	MIR497	MED26
MIR424	MIR497	DYRK1B
MIR424	MIR497	CASK
MIR424	MIR497	SMAD7
MIR424	MIR497	ARL3
MIR424	MIR497	GPR63
MIR424	MIR497	RNF217
MIR424	MIR497	BCL2L2
MIR424	MIR497	FASN
MIR424	MIR497	PLAG1
MIR424	MIR497	CDC37L1
MIR424	MIR497	ARIH1
MIR424	MIR497	KCNJ2
MIR424	MIR497	KIF23
MIR424	MIR497	TNRC6B
MIR424	MIR497	FBXW7
MIR424	MIR497	SPTLC1
MIR424	MIR497	CDCA4
MIR424	MIR497	ELL
MIR424	MIR497	PPM1D
MIR424	MIR497	PID1
MIR424	MIR497	USP3
MIR424	MIR497	HNRNPK
MIR424	MIR497	SGK1
MIR424	MIR497	ANO3
MIR424	MIR497	ZBTB44
MIR424	MIR497	MOB4
MIR424	MIR497	CCND1
MIR424	MIR497	AXIN2
MIR424	MIR497	BTG2
MIR424	MIR497	C2orf42
MIR424	MIR497	DLL1
MIR424	MIR497	AGO4
MIR424	MIR497	USP42
MIR424	MIR497	KLHL18
MIR424	MIR497	CDC42SE2
MIR424	MIR497	SNCG
MIR424	MIR497	WDTC1
MIR424	MIR497	COL12A1
MIR424	MIR497	DYNC1I1
MIR424	MIR497	E2F3
MIR424	MIR497	GPATCH8
MIR424	MIR497	TLK1
MIR424	MIR497	DESI1
MIR424	MIR497	EYA1
MIR424	MIR497	STXBP3
MIR424	MIR497	TBPL1
MIR424	MIR497	DMTF1
MIR424	MIR497	RBBP6
MIR424	MIR497	PELI2
MIR424	MIR497	SPRED1
MIR424	MIR497	KIF5C
MIR424	MIR497	NFAT5
MIR424	MIR497	MAP7
MIR424	MIR497	HMGA2
MIR424	MIR497	CHPT1
MIR424	MIR497	PAPPA
MIR424	MIR497	RIC1
MIR424	MIR497	SHOC2
MIR424	MIR497	RSBN1
MIR424	MIR497	HELZ
MIR424	MIR497	CHEK1
MIR424	MIR497	SPRYD3
MIR424	MIR497	IPPK
MIR424	MIR497	PTPN4
MIR424	MIR497	TMEM255A
MIR424	MIR497	PTPN3
MIR424	MIR497	PIP4P1
MIR424	MIR497	NAA25
MIR424	MIR497	CNOT6L
MIR424	MIR497	MYB
MIR424	MIR497	CSDE1
MIR424	MIR497	FAM91A1
MIR424	MIR497	GAREM1
MIR424	MIR497	SOCS6
MIR424	MIR497	INSR
MIR424	MIR497	TCF7L2
MIR424	MIR497	ACVR2A
MIR424	MIR497	SETD3
MIR424	MIR497	CCND2
MIR424	MIR497	MYT1L
MIR424	MIR497	CPD
MIR424	MIR497	PURA
MIR424	MIR497	LATS2
MIR424	MIR497	AKT3
MIR424	MIR497	SEPTIN2
MIR424	MIR497	PDIA6
MIR424	MIR497	ARHGAP5
MIR424	MIR497	YAF2
MIR424	MIR497	UBN2
MIR424	MIR497	FGF7
MIR424	MIR497	LUZP1
MIR424	MIR497	AHCYL2
MIR424	MIR497	ASH1L
MIR424	MIR497	YTHDC1
MIR424	MIR497	LRP6
MIR424	MIR497	FGF2
MIR424	MIR497	N4BP1
MIR424	MIR497	CAPRIN1
MIR424	MIR497	GNAI3
MIR424	MIR497	CDK17
MIR424	MIR497	WEE1
MIR424	MIR497	RNF138
MIR424	MIR497	RUNX1T1
MIR424	MIR497	EDA
MIR424	MIR497	TMEM100
MIR424	MIR497	ZBTB34
MIR424	MIR497	USP15
MIR424	MIR497	RPS6KA3
MIR424	MIR497	RAP2C
MIR424	MIR497	XPO7
MIR424	MIR497	KIF21A
MIR424	MIR497	APLN
MIR424	MIR497	SLC35G1
MIR424	MIR497	TGIF2
MIR424	MIR497	C1orf21
MIR424	MIR497	SLC25A22
MIR424	MIR497	UBE4B
MIR424	MIR497	BDNF
MIR424	MIR497	SALL1
MIR424	MIR497	BORCS6
MIR424	MIR497	CUL2
MIR424	MIR497	SIAH1
MIR424	MIR497	PDCD4
MIR424	MIR497	UBE2Q1
MIR424	MIR497	CPEB2
MIR424	MIR497	MAP2K1
MIR424	MIR497	RECK
MIR424	MIR497	DNAJB4
MIR424	MIR497	PLSCR4
MIR424	MIR497	AMER1
MIR424	MIR497	RASGEF1B
MIR424	MIR497	HIGD1A
MIR424	MIR497	SLC9A6
MIR424	MIR497	NUP50
MIR424	MIR497	USP25
MIR424	MIR497	CAPZA2
MIR424	MIR497	FBXO21
MIR424	MIR497	BTRC
MIR424	MIR497	FGFR1
MIR16-1	MIR16-2	PAFAH1B1
MIR16-1	MIR16-2	PHF19
MIR16-1	MIR16-2	HOXA10
MIR16-1	MIR16-2	MOB3B
MIR16-1	MIR16-2	PIP4P2
MIR16-1	MIR16-2	RSPO3
MIR16-1	MIR16-2	PAFAH1B2
MIR16-1	MIR16-2	RAB9B
MIR16-1	MIR16-2	PCMT1
MIR16-1	MIR16-2	ZFX
MIR16-1	MIR16-2	MED26
MIR16-1	MIR16-2	DYRK1B
MIR16-1	MIR16-2	VEGFA
MIR16-1	MIR16-2	MED13
MIR16-1	MIR16-2	ARL3
MIR16-1	MIR16-2	GPR63
MIR16-1	MIR16-2	RNF217
MIR16-1	MIR16-2	PPM1A
MIR16-1	MIR16-2	BCL2L2
MIR16-1	MIR16-2	FASN
MIR16-1	MIR16-2	PLAG1
MIR16-1	MIR16-2	QKI
MIR16-1	MIR16-2	MBTD1
MIR16-1	MIR16-2	CDC37L1
MIR16-1	MIR16-2	ARIH1
MIR16-1	MIR16-2	KCNJ2
MIR16-1	MIR16-2	KIF23
MIR16-1	MIR16-2	FBXW7
MIR16-1	MIR16-2	CDCA4
MIR16-1	MIR16-2	RBM6
MIR16-1	MIR16-2	ARFGEF2
MIR16-1	MIR16-2	MTMR3
MIR16-1	MIR16-2	PPM1D
MIR16-1	MIR16-2	SESN1
MIR16-1	MIR16-2	PID1
MIR16-1	MIR16-2	USP3
MIR16-1	MIR16-2	SEC24A
MIR16-1	MIR16-2	SGK1
MIR16-1	MIR16-2	ANO3
MIR16-1	MIR16-2	ZBTB44
MIR16-1	MIR16-2	MOB4
MIR16-1	MIR16-2	WBP11
MIR16-1	MIR16-2	HS2ST1
MIR16-1	MIR16-2	DIXDC1
MIR16-1	MIR16-2	CCND1
MIR16-1	MIR16-2	AXIN2
MIR16-1	MIR16-2	BTG2
MIR16-1	MIR16-2	PRRC2C
MIR16-1	MIR16-2	C2orf42
MIR16-1	MIR16-2	DLL1
MIR16-1	MIR16-2	AGO4
MIR16-1	MIR16-2	CDC42SE2
MIR16-1	MIR16-2	SNCG
MIR16-1	MIR16-2	HIF1A
MIR16-1	MIR16-2	WDTC1
MIR16-1	MIR16-2	COL12A1
MIR16-1	MIR16-2	DYNC1I1
MIR16-1	MIR16-2	FERMT2
MIR16-1	MIR16-2	STK33
MIR16-1	MIR16-2	CDK5R1
MIR16-1	MIR16-2	GPATCH8
MIR16-1	MIR16-2	TLK1
MIR16-1	MIR16-2	EYA1
MIR16-1	MIR16-2	STXBP3
MIR16-1	MIR16-2	GALNT1
MIR16-1	MIR16-2	UBE2V1
MIR16-1	MIR16-2	TBPL1
MIR16-1	MIR16-2	E2F7
MIR16-1	MIR16-2	SH3GL2
MIR16-1	MIR16-2	NIPBL
MIR16-1	MIR16-2	RBBP6
MIR16-1	MIR16-2	PLRG1
MIR16-1	MIR16-2	PELI2
MIR16-1	MIR16-2	SPRED1
MIR16-1	MIR16-2	BCL2L11
MIR16-1	MIR16-2	LURAP1L
MIR16-1	MIR16-2	SCOC
MIR16-1	MIR16-2	CLCN3
MIR16-1	MIR16-2	RNF6
MIR16-1	MIR16-2	ACTR2
MIR16-1	MIR16-2	HMGA2
MIR16-1	MIR16-2	SEMA6D
MIR16-1	MIR16-2	PLPP1
MIR16-1	MIR16-2	CHPT1
MIR16-1	MIR16-2	SNX16
MIR16-1	MIR16-2	SHOC2
MIR16-1	MIR16-2	ADAMTS3
MIR16-1	MIR16-2	PAPPA
MIR16-1	MIR16-2	HELZ
MIR16-1	MIR16-2	FAM126B
MIR16-1	MIR16-2	TGFBR3
MIR16-1	MIR16-2	CHEK1
MIR16-1	MIR16-2	CD2AP
MIR16-1	MIR16-2	SPRYD3
MIR16-1	MIR16-2	TMEM255A
MIR16-1	MIR16-2	PTPN3
MIR16-1	MIR16-2	PIP4P1
MIR16-1	MIR16-2	RAD23B
MIR16-1	MIR16-2	NAA25
MIR16-1	MIR16-2	CNOT6L
MIR16-1	MIR16-2	MYB
MIR16-1	MIR16-2	IKBKB
MIR16-1	MIR16-2	EPHA7
MIR16-1	MIR16-2	VTI1B
MIR16-1	MIR16-2	CFL2
MIR16-1	MIR16-2	CSDE1
MIR16-1	MIR16-2	FAM91A1
MIR16-1	MIR16-2	TMEM161B
MIR16-1	MIR16-2	GAREM1
MIR16-1	MIR16-2	SOCS6
MIR16-1	MIR16-2	INSR
MIR16-1	MIR16-2	MEOX2
MIR16-1	MIR16-2	ACVR2A
MIR16-1	MIR16-2	SETD3
MIR16-1	MIR16-2	CCND2
MIR16-1	MIR16-2	ANKRD12
MIR16-1	MIR16-2	MYT1L
MIR16-1	MIR16-2	CPD
MIR16-1	MIR16-2	PURA
MIR16-1	MIR16-2	LATS2
MIR16-1	MIR16-2	HSPA4L
MIR16-1	MIR16-2	AKT3
MIR16-1	MIR16-2	SEPTIN2
MIR16-1	MIR16-2	MGAT4A
MIR16-1	MIR16-2	PDIA6
MIR16-1	MIR16-2	CCDC6
MIR16-1	MIR16-2	TACC1
MIR16-1	MIR16-2	ARHGAP5
MIR16-1	MIR16-2	MYADM
MIR16-1	MIR16-2	ZNF622
MIR16-1	MIR16-2	UBN2
MIR16-1	MIR16-2	SALL4
MIR16-1	MIR16-2	HTR2A
MIR16-1	MIR16-2	CCNE1
MIR16-1	MIR16-2	CCNJL
MIR16-1	MIR16-2	FGF7
MIR16-1	MIR16-2	TBL1XR1
MIR16-1	MIR16-2	LUZP1
MIR16-1	MIR16-2	AHCYL2
MIR16-1	MIR16-2	YTHDC1
MIR16-1	MIR16-2	KAT6A
MIR16-1	MIR16-2	LRP6
MIR16-1	MIR16-2	FGF2
MIR16-1	MIR16-2	N4BP1
MIR16-1	MIR16-2	CLDN12
MIR16-1	MIR16-2	ACVR2B
MIR16-1	MIR16-2	GHR
MIR16-1	MIR16-2	YWHAH
MIR16-1	MIR16-2	ADGRL2
MIR16-1	MIR16-2	CDK17
MIR16-1	MIR16-2	WEE1
MIR16-1	MIR16-2	RUNX1T1
MIR16-1	MIR16-2	TMEM100
MIR16-1	MIR16-2	ZBTB34
MIR16-1	MIR16-2	RPS6KA3
MIR16-1	MIR16-2	PLEKHA1
MIR16-1	MIR16-2	RAP2C
MIR16-1	MIR16-2	COL24A1
MIR16-1	MIR16-2	PTCH1
MIR16-1	MIR16-2	CLOCK
MIR16-1	MIR16-2	RAB1A
MIR16-1	MIR16-2	KIF21A
MIR16-1	MIR16-2	XPO7
MIR16-1	MIR16-2	CCNT2
MIR16-1	MIR16-2	SLC35G1
MIR16-1	MIR16-2	PTPRR
MIR16-1	MIR16-2	MKNK1
MIR16-1	MIR16-2	TGIF2
MIR16-1	MIR16-2	C1orf21
MIR16-1	MIR16-2	SLC25A22
MIR16-1	MIR16-2	LSM11
MIR16-1	MIR16-2	PEX13
MIR16-1	MIR16-2	UBE4B
MIR16-1	MIR16-2	BDNF
MIR16-1	MIR16-2	BORCS6
MIR16-1	MIR16-2	SIAH1
MIR16-1	MIR16-2	UBE2Q1
MIR16-1	MIR16-2	CPEB2
MIR16-1	MIR16-2	MAP2K1
MIR16-1	MIR16-2	RECK
MIR16-1	MIR16-2	DNAJB4
MIR16-1	MIR16-2	PLSCR4
MIR16-1	MIR16-2	MIER3
MIR16-1	MIR16-2	RASGEF1B
MIR16-1	MIR16-2	HIGD1A
MIR16-1	MIR16-2	CBX4
MIR16-1	MIR16-2	NUP50
MIR16-1	MIR16-2	CRIM1
MIR16-1	MIR16-2	USP25
MIR16-1	MIR16-2	CAPZA2
MIR16-1	MIR16-2	FBXO21
MIR16-1	MIR16-2	BTRC
MIR16-1	MIR16-2	FGFR1
MIR16-1	MIR195	PAFAH1B1
MIR16-1	MIR195	PHF19
MIR16-1	MIR195	MOB3B
MIR16-1	MIR195	PIP4P2
MIR16-1	MIR195	RSPO3
MIR16-1	MIR195	PAFAH1B2
MIR16-1	MIR195	RAB9B
MIR16-1	MIR195	PCMT1
MIR16-1	MIR195	MED26
MIR16-1	MIR195	DYRK1B
MIR16-1	MIR195	VEGFA
MIR16-1	MIR195	MED13
MIR16-1	MIR195	ARL3
MIR16-1	MIR195	GPR63
MIR16-1	MIR195	RNF217
MIR16-1	MIR195	BCL2L2
MIR16-1	MIR195	FASN
MIR16-1	MIR195	PLAG1
MIR16-1	MIR195	QKI
MIR16-1	MIR195	MBTD1
MIR16-1	MIR195	CDC37L1
MIR16-1	MIR195	ARIH1
MIR16-1	MIR195	KCNJ2
MIR16-1	MIR195	KIF23
MIR16-1	MIR195	FBXW7
MIR16-1	MIR195	CDCA4
MIR16-1	MIR195	RBM6
MIR16-1	MIR195	ARFGEF2
MIR16-1	MIR195	PPM1D
MIR16-1	MIR195	SESN1
MIR16-1	MIR195	PID1
MIR16-1	MIR195	USP3
MIR16-1	MIR195	SEC24A
MIR16-1	MIR195	SGK1
MIR16-1	MIR195	ANO3
MIR16-1	MIR195	ZBTB44
MIR16-1	MIR195	MOB4
MIR16-1	MIR195	WBP11
MIR16-1	MIR195	HS2ST1
MIR16-1	MIR195	DIXDC1
MIR16-1	MIR195	CCND1
MIR16-1	MIR195	AXIN2
MIR16-1	MIR195	BTG2
MIR16-1	MIR195	C2orf42
MIR16-1	MIR195	DLL1
MIR16-1	MIR195	AGO4
MIR16-1	MIR195	CDC42SE2
MIR16-1	MIR195	MSL2
MIR16-1	MIR195	HIF1A
MIR16-1	MIR195	WDTC1
MIR16-1	MIR195	COL12A1
MIR16-1	MIR195	DYNC1I1
MIR16-1	MIR195	FERMT2
MIR16-1	MIR195	CDK5R1
MIR16-1	MIR195	GPATCH8
MIR16-1	MIR195	TLK1
MIR16-1	MIR195	EYA1
MIR16-1	MIR195	STXBP3
MIR16-1	MIR195	GALNT1
MIR16-1	MIR195	UBE2V1
MIR16-1	MIR195	TBPL1
MIR16-1	MIR195	E2F7
MIR16-1	MIR195	NIPBL
MIR16-1	MIR195	RBBP6
MIR16-1	MIR195	PELI2
MIR16-1	MIR195	SPRED1
MIR16-1	MIR195	LURAP1L
MIR16-1	MIR195	RNF6
MIR16-1	MIR195	ACTR2
MIR16-1	MIR195	HMGA2
MIR16-1	MIR195	SEMA6D
MIR16-1	MIR195	PLPP1
MIR16-1	MIR195	CHPT1
MIR16-1	MIR195	SNX16
MIR16-1	MIR195	SHOC2
MIR16-1	MIR195	PAPPA
MIR16-1	MIR195	HELZ
MIR16-1	MIR195	FAM126B
MIR16-1	MIR195	CHEK1
MIR16-1	MIR195	CD2AP
MIR16-1	MIR195	SPRYD3
MIR16-1	MIR195	TMEM255A
MIR16-1	MIR195	PTPN3
MIR16-1	MIR195	PIP4P1
MIR16-1	MIR195	NAA25
MIR16-1	MIR195	CNOT6L
MIR16-1	MIR195	MYB
MIR16-1	MIR195	IKBKB
MIR16-1	MIR195	CFL2
MIR16-1	MIR195	CSDE1
MIR16-1	MIR195	FAM91A1
MIR16-1	MIR195	TMEM161B
MIR16-1	MIR195	GAREM1
MIR16-1	MIR195	SOCS6
MIR16-1	MIR195	INSR
MIR16-1	MIR195	MEOX2
MIR16-1	MIR195	ACVR2A
MIR16-1	MIR195	SETD3
MIR16-1	MIR195	CCND2
MIR16-1	MIR195	ANKRD12
MIR16-1	MIR195	CPD
MIR16-1	MIR195	PURA
MIR16-1	MIR195	LATS2
MIR16-1	MIR195	AKT3
MIR16-1	MIR195	SEPTIN2
MIR16-1	MIR195	MGAT4A
MIR16-1	MIR195	PDIA6
MIR16-1	MIR195	CCDC6
MIR16-1	MIR195	TACC1
MIR16-1	MIR195	MYADM
MIR16-1	MIR195	ZNF622
MIR16-1	MIR195	SALL4
MIR16-1	MIR195	CCNE1
MIR16-1	MIR195	CCNJL
MIR16-1	MIR195	FGF7
MIR16-1	MIR195	TBL1XR1
MIR16-1	MIR195	LUZP1
MIR16-1	MIR195	AHCYL2
MIR16-1	MIR195	YTHDC1
MIR16-1	MIR195	KAT6A
MIR16-1	MIR195	LRP6
MIR16-1	MIR195	FGF2
MIR16-1	MIR195	N4BP1
MIR16-1	MIR195	GHR
MIR16-1	MIR195	YWHAH
MIR16-1	MIR195	ADGRL2
MIR16-1	MIR195	CDK17
MIR16-1	MIR195	WEE1
MIR16-1	MIR195	RUNX1T1
MIR16-1	MIR195	TMEM100
MIR16-1	MIR195	ZBTB34
MIR16-1	MIR195	RPS6KA3
MIR16-1	MIR195	PLEKHA1
MIR16-1	MIR195	RAP2C
MIR16-1	MIR195	COL24A1
MIR16-1	MIR195	PTCH1
MIR16-1	MIR195	CLOCK
MIR16-1	MIR195	RAB1A
MIR16-1	MIR195	KIF21A
MIR16-1	MIR195	XPO7
MIR16-1	MIR195	CCNT2
MIR16-1	MIR195	SLC35G1
MIR16-1	MIR195	MKNK1
MIR16-1	MIR195	TGIF2
MIR16-1	MIR195	C1orf21
MIR16-1	MIR195	SLC25A22
MIR16-1	MIR195	PEX13
MIR16-1	MIR195	UBE4B
MIR16-1	MIR195	BDNF
MIR16-1	MIR195	BORCS6
MIR16-1	MIR195	SIAH1
MIR16-1	MIR195	UBE2Q1
MIR16-1	MIR195	CPEB2
MIR16-1	MIR195	MAP2K1
MIR16-1	MIR195	RECK
MIR16-1	MIR195	DNAJB4
MIR16-1	MIR195	PLSCR4
MIR16-1	MIR195	MIER3
MIR16-1	MIR195	RASGEF1B
MIR16-1	MIR195	HIGD1A
MIR16-1	MIR195	NUP50
MIR16-1	MIR195	USP25
MIR16-1	MIR195	CAPZA2
MIR16-1	MIR195	FBXO21
MIR16-1	MIR195	BTRC
MIR16-1	MIR195	FGFR1
MIR16-1	MIR503	PAFAH1B1
MIR16-1	MIR503	GHR
MIR16-1	MIR503	PIP4P1
MIR16-1	MIR503	PTPN3
MIR16-1	MIR503	MYB
MIR16-1	MIR503	MOB3B
MIR16-1	MIR503	PIP4P2
MIR16-1	MIR503	RSPO3
MIR16-1	MIR503	WEE1
MIR16-1	MIR503	CDC42SE2
MIR16-1	MIR503	BTRC
MIR16-1	MIR503	HNRNPU
MIR16-1	MIR503	DYRK1B
MIR16-1	MIR503	HIF1A
MIR16-1	MIR503	GAREM1
MIR16-1	MIR503	PLEKHA1
MIR16-1	MIR503	SOCS6
MIR16-1	MIR503	XPO7
MIR16-1	MIR503	GPR63
MIR16-1	MIR503	ZNRF2
MIR16-1	MIR503	CDK5R1
MIR16-1	MIR503	CCND2
MIR16-1	MIR503	PPM1A
MIR16-1	MIR503	HS6ST3
MIR16-1	MIR503	TLK1
MIR16-1	MIR503	SLC35G1
MIR16-1	MIR503	EYA1
MIR16-1	MIR503	PURA
MIR16-1	MIR503	C1orf21
MIR16-1	MIR503	PLAG1
MIR16-1	MIR503	AKT3
MIR16-1	MIR503	MGAT4A
MIR16-1	MIR503	MBTD1
MIR16-1	MIR503	CCDC6
MIR16-1	MIR503	TEAD1
MIR16-1	MIR503	PEX13
MIR16-1	MIR503	CDC37L1
MIR16-1	MIR503	GNG12
MIR16-1	MIR503	ZNF622
MIR16-1	MIR503	SPRED1
MIR16-1	MIR503	UBN2
MIR16-1	MIR503	BCL2L11
MIR16-1	MIR503	KIF23
MIR16-1	MIR503	FGF7
MIR16-1	MIR503	ACTR2
MIR16-1	MIR503	CPEB2
MIR16-1	MIR503	MAP2K1
MIR16-1	MIR503	RECK
MIR16-1	MIR503	KPNA1
MIR16-1	MIR503	CDCA4
MIR16-1	MIR503	SMURF2
MIR16-1	MIR503	YTHDC1
MIR16-1	MIR503	PAPPA
MIR16-1	MIR503	PPM1D
MIR16-1	MIR503	FGF2
MIR16-1	MIR503	N4BP1
MIR16-1	MIR503	ZHX1
MIR16-1	MIR503	CLDN12
MIR16-1	MIR503	HELZ
MIR16-1	MIR503	RASGEF1B
MIR16-1	MIR503	NUP50
MIR16-1	MIR503	SRSF10
MIR16-1	MIR503	USP25
MIR16-1	MIR503	FBXO21
MIR16-1	MIR503	CHEK1
MIR16-1	MIR503	CD2AP
MIR16-1	MIR503	MOB4
MIR16-1	MIR503	ACVR2B
MIR16-1	MIR503	DIXDC1
MIR16-2	MIR195	TFAP2A
MIR16-2	MIR195	PAFAH1B1
MIR16-2	MIR195	TSHZ3
MIR16-2	MIR195	PHF19
MIR16-2	MIR195	MOB3B
MIR16-2	MIR195	PIP4P2
MIR16-2	MIR195	RSPO3
MIR16-2	MIR195	TBC1D12
MIR16-2	MIR195	PAFAH1B2
MIR16-2	MIR195	PCMT1
MIR16-2	MIR195	RAB9B
MIR16-2	MIR195	MED26
MIR16-2	MIR195	DYRK1B
MIR16-2	MIR195	AGL
MIR16-2	MIR195	VEGFA
MIR16-2	MIR195	TEX30
MIR16-2	MIR195	MED13
MIR16-2	MIR195	RNF111
MIR16-2	MIR195	ARL3
MIR16-2	MIR195	GPR63
MIR16-2	MIR195	KLF2
MIR16-2	MIR195	FRS2
MIR16-2	MIR195	RNF217
MIR16-2	MIR195	BCL2L2
MIR16-2	MIR195	CD200
MIR16-2	MIR195	TSHZ1
MIR16-2	MIR195	FASN
MIR16-2	MIR195	NAA30
MIR16-2	MIR195	PLAG1
MIR16-2	MIR195	QKI
MIR16-2	MIR195	MBTD1
MIR16-2	MIR195	CDC37L1
MIR16-2	MIR195	MEIS1
MIR16-2	MIR195	ATP2C1
MIR16-2	MIR195	MTF2
MIR16-2	MIR195	ARIH1
MIR16-2	MIR195	THSD7B
MIR16-2	MIR195	KCNJ2
MIR16-2	MIR195	VEGFC
MIR16-2	MIR195	CREBZF
MIR16-2	MIR195	HNRNPLL
MIR16-2	MIR195	KIF23
MIR16-2	MIR195	DPY19L4
MIR16-2	MIR195	HAND2
MIR16-2	MIR195	FBXW7
MIR16-2	MIR195	CDCA4
MIR16-2	MIR195	ANKRD13C
MIR16-2	MIR195	RBM6
MIR16-2	MIR195	ARFGEF2
MIR16-2	MIR195	PPM1D
MIR16-2	MIR195	SESN1
MIR16-2	MIR195	C16orf87
MIR16-2	MIR195	PID1
MIR16-2	MIR195	USP3
MIR16-2	MIR195	SEC24A
MIR16-2	MIR195	SGK1
MIR16-2	MIR195	CADM2
MIR16-2	MIR195	RCN2
MIR16-2	MIR195	AKAP11
MIR16-2	MIR195	ANO3
MIR16-2	MIR195	ZBTB44
MIR16-2	MIR195	MOB4
MIR16-2	MIR195	NEGR1
MIR16-2	MIR195	WBP11
MIR16-2	MIR195	HS2ST1
MIR16-2	MIR195	DIXDC1
MIR16-2	MIR195	KDM7A
MIR16-2	MIR195	CCND1
MIR16-2	MIR195	AXIN2
MIR16-2	MIR195	BTG2
MIR16-2	MIR195	C2orf42
MIR16-2	MIR195	LDB2
MIR16-2	MIR195	DLL1
MIR16-2	MIR195	RND3
MIR16-2	MIR195	AGO4
MIR16-2	MIR195	CDC42SE2
MIR16-2	MIR195	HIF1A
MIR16-2	MIR195	BMP2K
MIR16-2	MIR195	WDTC1
MIR16-2	MIR195	COL12A1
MIR16-2	MIR195	DYNC1I1
MIR16-2	MIR195	FERMT2
MIR16-2	MIR195	PTER
MIR16-2	MIR195	SCN2A
MIR16-2	MIR195	PCGF3
MIR16-2	MIR195	GPATCH8
MIR16-2	MIR195	CDK6
MIR16-2	MIR195	CDK5R1
MIR16-2	MIR195	RAP1A
MIR16-2	MIR195	SOCS5
MIR16-2	MIR195	TLK1
MIR16-2	MIR195	EYA1
MIR16-2	MIR195	STXBP3
MIR16-2	MIR195	ZNF236
MIR16-2	MIR195	GALNT1
MIR16-2	MIR195	UBE2V1
MIR16-2	MIR195	TBPL1
MIR16-2	MIR195	E2F7
MIR16-2	MIR195	NIPBL
MIR16-2	MIR195	ZNF746
MIR16-2	MIR195	RBBP6
MIR16-2	MIR195	EYA4
MIR16-2	MIR195	PDCD10
MIR16-2	MIR195	TENT4A
MIR16-2	MIR195	ARRDC3
MIR16-2	MIR195	PELI2
MIR16-2	MIR195	DPP10
MIR16-2	MIR195	SPRED1
MIR16-2	MIR195	FMNL2
MIR16-2	MIR195	MACIR
MIR16-2	MIR195	PHLPP1
MIR16-2	MIR195	LURAP1L
MIR16-2	MIR195	RNF6
MIR16-2	MIR195	ACTR2
MIR16-2	MIR195	HMGA2
MIR16-2	MIR195	SEMA6D
MIR16-2	MIR195	BCL11B
MIR16-2	MIR195	ARFGEF1
MIR16-2	MIR195	PLPP1
MIR16-2	MIR195	CHPT1
MIR16-2	MIR195	MIPOL1
MIR16-2	MIR195	NEXMIF
MIR16-2	MIR195	SNX16
MIR16-2	MIR195	SGIP1
MIR16-2	MIR195	SHOC2
MIR16-2	MIR195	PAPPA
MIR16-2	MIR195	RAD21
MIR16-2	MIR195	PCNX1
MIR16-2	MIR195	CLTC
MIR16-2	MIR195	HELZ
MIR16-2	MIR195	FAM126B
MIR16-2	MIR195	BCOR
MIR16-2	MIR195	CHEK1
MIR16-2	MIR195	CD2AP
MIR16-2	MIR195	SPRYD3
MIR16-2	MIR195	IGSF11
MIR16-2	MIR195	NAB1
MIR16-2	MIR195	TMEM255A
MIR16-2	MIR195	PTPN3
MIR16-2	MIR195	ZNF280D
MIR16-2	MIR195	PIP4P1
MIR16-2	MIR195	RAB6A
MIR16-2	MIR195	NAA25
MIR16-2	MIR195	CNOT6L
MIR16-2	MIR195	CNTN4
MIR16-2	MIR195	MYB
MIR16-2	MIR195	IKBKB
MIR16-2	MIR195	PAN3
MIR16-2	MIR195	N4BP2
MIR16-2	MIR195	CFL2
MIR16-2	MIR195	MSTN
MIR16-2	MIR195	ERAP1
MIR16-2	MIR195	FAM91A1
MIR16-2	MIR195	CSDE1
MIR16-2	MIR195	TMEM161B
MIR16-2	MIR195	GAREM1
MIR16-2	MIR195	SOCS6
MIR16-2	MIR195	INSR
MIR16-2	MIR195	CAV2
MIR16-2	MIR195	TANC2
MIR16-2	MIR195	MEOX2
MIR16-2	MIR195	ACVR2A
MIR16-2	MIR195	DSC2
MIR16-2	MIR195	SETD3
MIR16-2	MIR195	CCND2
MIR16-2	MIR195	ANKRD12
MIR16-2	MIR195	CHML
MIR16-2	MIR195	CPD
MIR16-2	MIR195	PURA
MIR16-2	MIR195	RAI14
MIR16-2	MIR195	LATS2
MIR16-2	MIR195	BTG3
MIR16-2	MIR195	AKT3
MIR16-2	MIR195	SEPTIN2
MIR16-2	MIR195	AEBP2
MIR16-2	MIR195	MGAT4A
MIR16-2	MIR195	CCDC6
MIR16-2	MIR195	CYRIB
MIR16-2	MIR195	TACC1
MIR16-2	MIR195	DENND1B
MIR16-2	MIR195	PDIA6
MIR16-2	MIR195	MYADM
MIR16-2	MIR195	ZNF622
MIR16-2	MIR195	SALL4
MIR16-2	MIR195	CRISPLD1
MIR16-2	MIR195	CCNE1
MIR16-2	MIR195	CCNJL
MIR16-2	MIR195	FGF7
MIR16-2	MIR195	TBL1XR1
MIR16-2	MIR195	LUZP1
MIR16-2	MIR195	AHCYL2
MIR16-2	MIR195	CCSAP
MIR16-2	MIR195	MBD5
MIR16-2	MIR195	YTHDC1
MIR16-2	MIR195	ADCYAP1
MIR16-2	MIR195	KAT6A
MIR16-2	MIR195	RUNX1
MIR16-2	MIR195	LRP6
MIR16-2	MIR195	TMED7
MIR16-2	MIR195	N4BP1
MIR16-2	MIR195	FGF2
MIR16-2	MIR195	CHIC1
MIR16-2	MIR195	CNR1
MIR16-2	MIR195	GHR
MIR16-2	MIR195	PRRX1
MIR16-2	MIR195	YWHAH
MIR16-2	MIR195	GRIA2
MIR16-2	MIR195	ADGRL2
MIR16-2	MIR195	CDK17
MIR16-2	MIR195	WEE1
MIR16-2	MIR195	PLCXD3
MIR16-2	MIR195	DCUN1D5
MIR16-2	MIR195	PAIP2
MIR16-2	MIR195	RUNX1T1
MIR16-2	MIR195	TMEM100
MIR16-2	MIR195	ZBTB34
MIR16-2	MIR195	PRKG1
MIR16-2	MIR195	RPS6KA3
MIR16-2	MIR195	PLEKHA1
MIR16-2	MIR195	RAP2C
MIR16-2	MIR195	COL24A1
MIR16-2	MIR195	PTCH1
MIR16-2	MIR195	CLOCK
MIR16-2	MIR195	RAB1A
MIR16-2	MIR195	KIF21A
MIR16-2	MIR195	XPO7
MIR16-2	MIR195	MARCHF6
MIR16-2	MIR195	CCNT2
MIR16-2	MIR195	PRKAA1
MIR16-2	MIR195	SNRK
MIR16-2	MIR195	SP8
MIR16-2	MIR195	SLC35G1
MIR16-2	MIR195	PIK3R1
MIR16-2	MIR195	SPOPL
MIR16-2	MIR195	INTU
MIR16-2	MIR195	BMI1
MIR16-2	MIR195	SP3
MIR16-2	MIR195	MKNK1
MIR16-2	MIR195	TGIF2
MIR16-2	MIR195	C1orf21
MIR16-2	MIR195	SLC25A22
MIR16-2	MIR195	PEX13
MIR16-2	MIR195	UBE4B
MIR16-2	MIR195	BDNF
MIR16-2	MIR195	PTPN13
MIR16-2	MIR195	BORCS6
MIR16-2	MIR195	CUL2
MIR16-2	MIR195	SIAH1
MIR16-2	MIR195	UBE2Q1
MIR16-2	MIR195	CPEB2
MIR16-2	MIR195	MAP2K1
MIR16-2	MIR195	RECK
MIR16-2	MIR195	ZNF536
MIR16-2	MIR195	DNAJB4
MIR16-2	MIR195	PLSCR4
MIR16-2	MIR195	FBXO28
MIR16-2	MIR195	MIER3
MIR16-2	MIR195	RASGEF1B
MIR16-2	MIR195	HIGD1A
MIR16-2	MIR195	NUP50
MIR16-2	MIR195	FGL2
MIR16-2	MIR195	USP25
MIR16-2	MIR195	CAPZA2
MIR16-2	MIR195	FBXO21
MIR16-2	MIR195	BTRC
MIR16-2	MIR195	FGFR1
MIR16-2	MIR195	CCDC50
MIR16-2	MIR503	PAFAH1B1
MIR16-2	MIR503	GHR
MIR16-2	MIR503	PIP4P1
MIR16-2	MIR503	PTPN3
MIR16-2	MIR503	MYB
MIR16-2	MIR503	MOB3B
MIR16-2	MIR503	PIP4P2
MIR16-2	MIR503	CPEB3
MIR16-2	MIR503	RSPO3
MIR16-2	MIR503	WEE1
MIR16-2	MIR503	CDC42SE2
MIR16-2	MIR503	BTRC
MIR16-2	MIR503	DYRK1B
MIR16-2	MIR503	HIF1A
MIR16-2	MIR503	GAREM1
MIR16-2	MIR503	PLEKHA1
MIR16-2	MIR503	SOCS6
MIR16-2	MIR503	XPO7
MIR16-2	MIR503	GPR63
MIR16-2	MIR503	CDK5R1
MIR16-2	MIR503	CCND2
MIR16-2	MIR503	PPM1A
MIR16-2	MIR503	SOCS5
MIR16-2	MIR503	PIK3R1
MIR16-2	MIR503	TLK1
MIR16-2	MIR503	SLC35G1
MIR16-2	MIR503	EYA1
MIR16-2	MIR503	PURA
MIR16-2	MIR503	C1orf21
MIR16-2	MIR503	PLAG1
MIR16-2	MIR503	AKT3
MIR16-2	MIR503	PTAR1
MIR16-2	MIR503	MGAT4A
MIR16-2	MIR503	MBTD1
MIR16-2	MIR503	CCDC6
MIR16-2	MIR503	CDC37L1
MIR16-2	MIR503	PEX13
MIR16-2	MIR503	ZNF622
MIR16-2	MIR503	SPRED1
MIR16-2	MIR503	UBN2
MIR16-2	MIR503	BCL2L11
MIR16-2	MIR503	KIF23
MIR16-2	MIR503	FGF7
MIR16-2	MIR503	ACTR2
MIR16-2	MIR503	CPEB2
MIR16-2	MIR503	MAP2K1
MIR16-2	MIR503	RECK
MIR16-2	MIR503	YTHDC1
MIR16-2	MIR503	CDCA4
MIR16-2	MIR503	ARFGEF1
MIR16-2	MIR503	PAPPA
MIR16-2	MIR503	PPM1D
MIR16-2	MIR503	FGF2
MIR16-2	MIR503	N4BP1
MIR16-2	MIR503	CLDN12
MIR16-2	MIR503	RASGEF1B
MIR16-2	MIR503	HELZ
MIR16-2	MIR503	NUP50
MIR16-2	MIR503	USP25
MIR16-2	MIR503	FBXO21
MIR16-2	MIR503	CHEK1
MIR16-2	MIR503	CD2AP
MIR16-2	MIR503	MOB4
MIR16-2	MIR503	ACVR2B
MIR16-2	MIR503	DIXDC1
MIR195	MIR503	PAFAH1B1
MIR195	MIR503	GHR
MIR195	MIR503	PIP4P1
MIR195	MIR503	PTPN3
MIR195	MIR503	MYB
MIR195	MIR503	MOB3B
MIR195	MIR503	PIP4P2
MIR195	MIR503	CLCN5
MIR195	MIR503	GNAI3
MIR195	MIR503	WEE1
MIR195	MIR503	RSPO3
MIR195	MIR503	CDC42SE2
MIR195	MIR503	BTRC
MIR195	MIR503	DYRK1B
MIR195	MIR503	HIF1A
MIR195	MIR503	GAREM1
MIR195	MIR503	PLEKHA1
MIR195	MIR503	SOCS6
MIR195	MIR503	XPO7
MIR195	MIR503	SMAD7
MIR195	MIR503	GPR63
MIR195	MIR503	CDK5R1
MIR195	MIR503	CCND2
MIR195	MIR503	SOCS5
MIR195	MIR503	PIK3R1
MIR195	MIR503	TLK1
MIR195	MIR503	DESI1
MIR195	MIR503	SLC35G1
MIR195	MIR503	EYA1
MIR195	MIR503	PURA
MIR195	MIR503	C1orf21
MIR195	MIR503	PLAG1
MIR195	MIR503	TMCC1
MIR195	MIR503	AKT3
MIR195	MIR503	MGAT4A
MIR195	MIR503	MBTD1
MIR195	MIR503	CCDC6
MIR195	MIR503	CDC37L1
MIR195	MIR503	IPO7
MIR195	MIR503	PEX13
MIR195	MIR503	ZNF622
MIR195	MIR503	WIPI2
MIR195	MIR503	SPRED1
MIR195	MIR503	KIF23
MIR195	MIR503	FGF7
MIR195	MIR503	ACTR2
MIR195	MIR503	CPEB2
MIR195	MIR503	MAP2K1
MIR195	MIR503	RECK
MIR195	MIR503	YTHDC1
MIR195	MIR503	CDCA4
MIR195	MIR503	ARFGEF1
MIR195	MIR503	PAPPA
MIR195	MIR503	PPM1D
MIR195	MIR503	FGF2
MIR195	MIR503	N4BP1
MIR195	MIR503	DIXDC1
MIR195	MIR503	RASGEF1B
MIR195	MIR503	HELZ
MIR195	MIR503	NUP50
MIR195	MIR503	USP25
MIR195	MIR503	FBXO21
MIR195	MIR503	CHEK1
MIR195	MIR503	CD2AP
MIR195	MIR503	MOB4
MIR195	MIR503	IPPK
MIR181A1	MIR181A2	WNK1
MIR181A1	MIR181A2	PCDHA6
MIR181A1	MIR181A2	GABRA1
MIR181A1	MIR181A2	PAM
MIR181A1	MIR181A2	PCNP
MIR181A1	MIR181A2	DDX3X
MIR181A1	MIR181A2	ATP1B1
MIR181A1	MIR181A2	NEK7
MIR181A1	MIR181A2	OSBPL8
MIR181A1	MIR181A2	RLF
MIR181A1	MIR181A2	CREBRF
MIR181A1	MIR181A2	NKAIN2
MIR181A1	MIR181A2	SSX2IP
MIR181A1	MIR181A2	CLASP1
MIR181A1	MIR181A2	PBX3
MIR181A1	MIR181A2	LARP4
MIR181A1	MIR181A2	CDYL
MIR181A1	MIR181A2	CREBZF
MIR181A1	MIR181A2	ADO
MIR181A1	MIR181A2	PCDHA2
MIR181A1	MIR181A2	PCDHA4
MIR181A1	MIR181A2	GATA6
MIR181A1	MIR181A2	TADA2B
MIR181A1	MIR181A2	SCD
MIR181A1	MIR181A2	PCDHA3
MIR181A1	MIR181A2	C16orf87
MIR181A1	MIR181A2	TNFRSF11B
MIR181A1	MIR181A2	RORA
MIR181A1	MIR181A2	FNDC3B
MIR181A1	MIR181A2	PTBP3
MIR181A1	MIR181A2	BCLAF1
MIR181A1	MIR181A2	LRRC8D
MIR181A1	MIR181A2	METAP1
MIR181A1	MIR181A2	HSP90B1
MIR181A1	MIR181A2	TCERG1
MIR181A1	MIR181A2	SS18L1
MIR181A1	MIR181A2	GPD1L
MIR181A1	MIR181A2	TNPO1
MIR181A1	MIR181A2	ZNF266
MIR181A1	MIR181A2	ITSN1
MIR181A1	MIR181A2	PPIP5K2
MIR181A1	MIR181A2	LRBA
MIR181A1	MIR181A2	ST8SIA4
MIR181A1	MIR181A2	NIPAL4
MIR181A1	MIR181A2	YWHAG
MIR181A1	MIR181A2	SOWAHA
MIR181A1	MIR181A2	ZFP36L2
MIR181A1	MIR181A2	MBOAT2
MIR181A1	MIR181A2	KATNBL1
MIR181A1	MIR181A2	SIPA1L2
MIR181A1	MIR181A2	FBXO34
MIR181A1	MIR181A2	BRWD1
MIR181A1	MIR181A2	NFAT5
MIR181A1	MIR181A2	UBP1
MIR181A1	MIR181A2	ARSJ
MIR181A1	MIR181A2	FIGN
MIR181A1	MIR181A2	PRKCD
MIR181A1	MIR181A2	RBBP7
MIR181A1	MIR181A2	PCDHA10
MIR181A1	MIR181A2	PHLDA1
MIR181A1	MIR181A2	ZFAND6
MIR181A1	MIR181A2	CPOX
MIR181A1	MIR181A2	RNF34
MIR181A1	MIR181A2	POC1B-GALNT4
MIR181A1	MIR181A2	NEXMIF
MIR181A1	MIR181A2	CTDSPL
MIR181A1	MIR181A2	TENT4B
MIR181A1	MIR181A2	FHIP1B
MIR181A1	MIR181A2	C2CD5
MIR181A1	MIR181A2	FOXP1
MIR181A1	MIR181A2	PCDHAC1
MIR181A1	MIR181A2	PI4K2B
MIR181A1	MIR181A2	SRSF7
MIR181A1	MIR181A2	PDE5A
MIR181A1	MIR181A2	LYRM1
MIR181A1	MIR181A2	DOCK10
MIR181A1	MIR181A2	MTURN
MIR181A1	MIR181A2	RCOR1
MIR181A1	MIR181A2	TRIM71
MIR181A1	MIR181A2	ENTPD6
MIR181A1	MIR181A2	ZBTB4
MIR181A1	MIR181A2	KLF6
MIR181A1	MIR181A2	TCF7L2
MIR181A1	MIR181A2	ACVR2A
MIR181A1	MIR181A2	LMBRD2
MIR181A1	MIR181A2	KLHL5
MIR181A1	MIR181A2	HMBS
MIR181A1	MIR181A2	KRAS
MIR181A1	MIR181A2	CLIP1
MIR181A1	MIR181A2	NPEPPS
MIR181A1	MIR181A2	DYNC1LI2
MIR181A1	MIR181A2	PCDHA7
MIR181A1	MIR181A2	OSBPL3
MIR181A1	MIR181A2	RAP1B
MIR181A1	MIR181A2	AKT3
MIR181A1	MIR181A2	CPNE2
MIR181A1	MIR181A2	KMT2A
MIR181A1	MIR181A2	S1PR1
MIR181A1	MIR181A2	E2F5
MIR181A1	MIR181A2	ZNF268
MIR181A1	MIR181A2	DDX3Y
MIR181A1	MIR181A2	TMEM94
MIR181A1	MIR181A2	DERL1
MIR181A1	MIR181A2	BTBD3
MIR181A1	MIR181A2	ARL5A
MIR181A1	MIR181A2	CBX7
MIR181A1	MIR181A2	CALM1
MIR181A1	MIR181A2	C2orf69
MIR181A1	MIR181A2	KLF15
MIR181A1	MIR181A2	ARF6
MIR181A1	MIR181A2	ZFP36L1
MIR181A1	MIR181A2	GIGYF1
MIR181A1	MIR181A2	HOXA11
MIR181A1	MIR181A2	DCLK1
MIR181A1	MIR181A2	ZNF781
MIR181A1	MIR181A2	ZNF780B
MIR181A1	MIR181A2	PRTG
MIR181A1	MIR181A2	HOXA1
MIR181A1	MIR181A2	LIN28B
MIR181A1	MIR181A2	BHLHE40
MIR181A1	MIR181A2	ADGRB3
MIR181A1	MIR181A2	NOTCH2
MIR181A1	MIR181A2	ACVR2B
MIR181A1	MIR181A2	STK24
MIR181A1	MIR181A2	NR6A1
MIR181A1	MIR181A2	PCDHA13
MIR181A1	MIR181A2	TRIM2
MIR181A1	MIR181A2	PCDHA5
MIR181A1	MIR181A2	HOXD1
MIR181A1	MIR181A2	ZNF800
MIR181A1	MIR181A2	AP1G1
MIR181A1	MIR181A2	GPCPD1
MIR181A1	MIR181A2	SMPD4
MIR181A1	MIR181A2	GPD2
MIR181A1	MIR181A2	HOXC8
MIR181A1	MIR181A2	GSKIP
MIR181A1	MIR181A2	CPEB4
MIR181A1	MIR181A2	ATP2B1
MIR181A1	MIR181A2	FBXO33
MIR181A1	MIR181A2	NOVA1
MIR181A1	MIR181A2	BAG4
MIR181A1	MIR181A2	FKBP1A
MIR181A1	MIR181A2	KCNQ5
MIR181A1	MIR181A2	CTTNBP2NL
MIR181A1	MIR181A2	G3BP2
MIR181A1	MIR181A2	KLHL2
MIR181A1	MIR181A2	CREB1
MIR181A1	MIR181A2	ADAM11
MIR181A1	MIR181A2	USP33
MIR181A1	MIR181A2	BIRC6
MIR181A1	MIR181A2	SPRY4
MIR181A1	MIR181A2	MB21D2
MIR181A1	MIR181A2	DMXL2
MIR181A1	MIR181A2	PCDHAC2
MIR181A1	MIR181A2	MARK1
MIR181A1	MIR181A2	TMEM87B
MIR181A1	MIR181A2	PCDHA1
MIR181A1	MIR181A2	MIER3
MIR181A1	MIR181A2	ACAP2
MIR181A1	MIR181A2	NWD2
MIR181A1	MIR181A2	BLOC1S6
MIR181A1	MIR181C	LIG4
MIR181A1	MIR181C	BCL11A
MIR181A1	MIR181C	GABRA1
MIR181A1	MIR181C	PAM
MIR181A1	MIR181C	BACE2
MIR181A1	MIR181C	PCNP
MIR181A1	MIR181C	DDX3X
MIR181A1	MIR181C	OSBPL8
MIR181A1	MIR181C	NEK7
MIR181A1	MIR181C	RLF
MIR181A1	MIR181C	CREBRF
MIR181A1	MIR181C	NKAIN2
MIR181A1	MIR181C	THSD7A
MIR181A1	MIR181C	SSX2IP
MIR181A1	MIR181C	CLASP1
MIR181A1	MIR181C	PBX3
MIR181A1	MIR181C	PARD3
MIR181A1	MIR181C	LARP4
MIR181A1	MIR181C	LRATD2
MIR181A1	MIR181C	MRPS35
MIR181A1	MIR181C	CDYL
MIR181A1	MIR181C	ADO
MIR181A1	MIR181C	PCDHA4
MIR181A1	MIR181C	TADA2B
MIR181A1	MIR181C	SCD
MIR181A1	MIR181C	C16orf87
MIR181A1	MIR181C	TNFRSF11B
MIR181A1	MIR181C	RORA
MIR181A1	MIR181C	FNDC3B
MIR181A1	MIR181C	GRIN2A
MIR181A1	MIR181C	KCNN3
MIR181A1	MIR181C	PTBP3
MIR181A1	MIR181C	LRRC8D
MIR181A1	MIR181C	METAP1
MIR181A1	MIR181C	HSP90B1
MIR181A1	MIR181C	TCERG1
MIR181A1	MIR181C	CD69
MIR181A1	MIR181C	SS18L1
MIR181A1	MIR181C	GPD1L
MIR181A1	MIR181C	TNPO1
MIR181A1	MIR181C	ZNF266
MIR181A1	MIR181C	WDR44
MIR181A1	MIR181C	ITSN1
MIR181A1	MIR181C	PPIP5K2
MIR181A1	MIR181C	LRBA
MIR181A1	MIR181C	RBM22
MIR181A1	MIR181C	ST8SIA4
MIR181A1	MIR181C	NIPAL4
MIR181A1	MIR181C	SOWAHA
MIR181A1	MIR181C	ZFP36L2
MIR181A1	MIR181C	MBOAT2
MIR181A1	MIR181C	KATNBL1
MIR181A1	MIR181C	SIPA1L2
MIR181A1	MIR181C	FAM104A
MIR181A1	MIR181C	FBXO34
MIR181A1	MIR181C	MID1
MIR181A1	MIR181C	BRWD1
MIR181A1	MIR181C	NFAT5
MIR181A1	MIR181C	UBP1
MIR181A1	MIR181C	ARSJ
MIR181A1	MIR181C	FIGN
MIR181A1	MIR181C	PRKCD
MIR181A1	MIR181C	RBBP7
MIR181A1	MIR181C	PHLDA1
MIR181A1	MIR181C	RNF34
MIR181A1	MIR181C	ZFAND6
MIR181A1	MIR181C	CPOX
MIR181A1	MIR181C	ZNF2
MIR181A1	MIR181C	POC1B-GALNT4
MIR181A1	MIR181C	NEXMIF
MIR181A1	MIR181C	CTDSPL
MIR181A1	MIR181C	TENT4B
MIR181A1	MIR181C	FHIP1B
MIR181A1	MIR181C	C2CD5
MIR181A1	MIR181C	FOXP1
MIR181A1	MIR181C	PCDHAC1
MIR181A1	MIR181C	PI4K2B
MIR181A1	MIR181C	SRSF7
MIR181A1	MIR181C	PDE5A
MIR181A1	MIR181C	NUFIP2
MIR181A1	MIR181C	LYRM1
MIR181A1	MIR181C	DOCK10
MIR181A1	MIR181C	MTURN
MIR181A1	MIR181C	RCOR1
MIR181A1	MIR181C	CFL2
MIR181A1	MIR181C	PENK
MIR181A1	MIR181C	TRIM71
MIR181A1	MIR181C	ENTPD6
MIR181A1	MIR181C	ZBTB4
MIR181A1	MIR181C	KLF6
MIR181A1	MIR181C	NHEJ1
MIR181A1	MIR181C	TCF7L2
MIR181A1	MIR181C	ACVR2A
MIR181A1	MIR181C	LMBRD2
MIR181A1	MIR181C	KLHL5
MIR181A1	MIR181C	HMBS
MIR181A1	MIR181C	KRAS
MIR181A1	MIR181C	CLIP1
MIR181A1	MIR181C	NPEPPS
MIR181A1	MIR181C	DYNC1LI2
MIR181A1	MIR181C	RIBC1
MIR181A1	MIR181C	OSBPL3
MIR181A1	MIR181C	RAP1B
MIR181A1	MIR181C	AKT3
MIR181A1	MIR181C	CPNE2
MIR181A1	MIR181C	KMT2A
MIR181A1	MIR181C	S1PR1
MIR181A1	MIR181C	E2F5
MIR181A1	MIR181C	ZNF268
MIR181A1	MIR181C	DDX3Y
MIR181A1	MIR181C	TMEM94
MIR181A1	MIR181C	DERL1
MIR181A1	MIR181C	BTBD3
MIR181A1	MIR181C	ARL5A
MIR181A1	MIR181C	CBX7
MIR181A1	MIR181C	C2orf69
MIR181A1	MIR181C	ARF6
MIR181A1	MIR181C	ZFP36L1
MIR181A1	MIR181C	DCLK1
MIR181A1	MIR181C	ZNF781
MIR181A1	MIR181C	ZNF780B
MIR181A1	MIR181C	PRTG
MIR181A1	MIR181C	HOXA1
MIR181A1	MIR181C	LIN28B
MIR181A1	MIR181C	BHLHE40
MIR181A1	MIR181C	ADGRB3
MIR181A1	MIR181C	ACVR2B
MIR181A1	MIR181C	STK24
MIR181A1	MIR181C	NR6A1
MIR181A1	MIR181C	HOXD1
MIR181A1	MIR181C	ZNF800
MIR181A1	MIR181C	GPCPD1
MIR181A1	MIR181C	GPD2
MIR181A1	MIR181C	HOXC8
MIR181A1	MIR181C	GSKIP
MIR181A1	MIR181C	CPEB4
MIR181A1	MIR181C	ATP2B1
MIR181A1	MIR181C	FBXO33
MIR181A1	MIR181C	NOVA1
MIR181A1	MIR181C	BAG4
MIR181A1	MIR181C	FKBP1A
MIR181A1	MIR181C	CTTNBP2NL
MIR181A1	MIR181C	G3BP2
MIR181A1	MIR181C	KLHL2
MIR181A1	MIR181C	CREB1
MIR181A1	MIR181C	ADAM11
MIR181A1	MIR181C	BIRC6
MIR181A1	MIR181C	SPRY4
MIR181A1	MIR181C	DMXL2
MIR181A1	MIR181C	MARK1
MIR181A1	MIR181C	ESRRG
MIR181A1	MIR181C	RAC2
MIR181A1	MIR181C	MIER3
MIR181A1	MIR181C	ACAP2
MIR181A1	MIR181C	NWD2
MIR181A1	MIR181C	BLOC1S6
MIR181A2	MIR181C	NWD2
MIR181A2	MIR181C	GABRA1
MIR181A2	MIR181C	PAM
MIR181A2	MIR181C	PCNP
MIR181A2	MIR181C	DDX3X
MIR181A2	MIR181C	OSBPL8
MIR181A2	MIR181C	NEK7
MIR181A2	MIR181C	RLF
MIR181A2	MIR181C	CREBRF
MIR181A2	MIR181C	NKAIN2
MIR181A2	MIR181C	SSX2IP
MIR181A2	MIR181C	CLASP1
MIR181A2	MIR181C	PBX3
MIR181A2	MIR181C	LARP4
MIR181A2	MIR181C	CDYL
MIR181A2	MIR181C	ADO
MIR181A2	MIR181C	PCDHA4
MIR181A2	MIR181C	TADA2B
MIR181A2	MIR181C	SCD
MIR181A2	MIR181C	GPM6B
MIR181A2	MIR181C	C16orf87
MIR181A2	MIR181C	TNFRSF11B
MIR181A2	MIR181C	RORA
MIR181A2	MIR181C	FNDC3B
MIR181A2	MIR181C	PTBP3
MIR181A2	MIR181C	LRRC8D
MIR181A2	MIR181C	METAP1
MIR181A2	MIR181C	HSP90B1
MIR181A2	MIR181C	TCERG1
MIR181A2	MIR181C	SS18L1
MIR181A2	MIR181C	GPD1L
MIR181A2	MIR181C	TNPO1
MIR181A2	MIR181C	ZNF266
MIR181A2	MIR181C	ITSN1
MIR181A2	MIR181C	PPIP5K2
MIR181A2	MIR181C	LRBA
MIR181A2	MIR181C	ST8SIA4
MIR181A2	MIR181C	NIPAL4
MIR181A2	MIR181C	SOWAHA
MIR181A2	MIR181C	ZFP36L2
MIR181A2	MIR181C	MBOAT2
MIR181A2	MIR181C	KATNBL1
MIR181A2	MIR181C	SIPA1L2
MIR181A2	MIR181C	FBXO34
MIR181A2	MIR181C	BRWD1
MIR181A2	MIR181C	NFAT5
MIR181A2	MIR181C	UBP1
MIR181A2	MIR181C	ARSJ
MIR181A2	MIR181C	FIGN
MIR181A2	MIR181C	PRKCD
MIR181A2	MIR181C	RBBP7
MIR181A2	MIR181C	PHLDA1
MIR181A2	MIR181C	RNF34
MIR181A2	MIR181C	ZFAND6
MIR181A2	MIR181C	CPOX
MIR181A2	MIR181C	POC1B-GALNT4
MIR181A2	MIR181C	NEXMIF
MIR181A2	MIR181C	CTDSPL
MIR181A2	MIR181C	TENT4B
MIR181A2	MIR181C	C2CD5
MIR181A2	MIR181C	FOXP1
MIR181A2	MIR181C	PCDHAC1
MIR181A2	MIR181C	PI4K2B
MIR181A2	MIR181C	SRSF7
MIR181A2	MIR181C	PDE5A
MIR181A2	MIR181C	LYRM1
MIR181A2	MIR181C	DOCK10
MIR181A2	MIR181C	MTURN
MIR181A2	MIR181C	RCOR1
MIR181A2	MIR181C	TRIM71
MIR181A2	MIR181C	ENTPD6
MIR181A2	MIR181C	ZBTB4
MIR181A2	MIR181C	KLF6
MIR181A2	MIR181C	TCF7L2
MIR181A2	MIR181C	ACVR2A
MIR181A2	MIR181C	LMBRD2
MIR181A2	MIR181C	KLHL5
MIR181A2	MIR181C	HMBS
MIR181A2	MIR181C	KRAS
MIR181A2	MIR181C	CLIP1
MIR181A2	MIR181C	NPEPPS
MIR181A2	MIR181C	DYNC1LI2
MIR181A2	MIR181C	OSBPL3
MIR181A2	MIR181C	RAP1B
MIR181A2	MIR181C	AKT3
MIR181A2	MIR181C	CPNE2
MIR181A2	MIR181C	KMT2A
MIR181A2	MIR181C	S1PR1
MIR181A2	MIR181C	E2F5
MIR181A2	MIR181C	ZNF268
MIR181A2	MIR181C	DDX3Y
MIR181A2	MIR181C	TMEM94
MIR181A2	MIR181C	DERL1
MIR181A2	MIR181C	BTBD3
MIR181A2	MIR181C	ARL5A
MIR181A2	MIR181C	CBX7
MIR181A2	MIR181C	C2orf69
MIR181A2	MIR181C	ARF6
MIR181A2	MIR181C	ZFP36L1
MIR181A2	MIR181C	DCLK1
MIR181A2	MIR181C	ZNF781
MIR181A2	MIR181C	ZNF780B
MIR181A2	MIR181C	PRTG
MIR181A2	MIR181C	HOXA1
MIR181A2	MIR181C	LIN28B
MIR181A2	MIR181C	BHLHE40
MIR181A2	MIR181C	ADGRB3
MIR181A2	MIR181C	ACVR2B
MIR181A2	MIR181C	STK24
MIR181A2	MIR181C	NR6A1
MIR181A2	MIR181C	ESR1
MIR181A2	MIR181C	HOXD1
MIR181A2	MIR181C	ZNF800
MIR181A2	MIR181C	GPCPD1
MIR181A2	MIR181C	GPD2
MIR181A2	MIR181C	HOXC8
MIR181A2	MIR181C	GSKIP
MIR181A2	MIR181C	CPEB4
MIR181A2	MIR181C	ATP2B1
MIR181A2	MIR181C	FBXO33
MIR181A2	MIR181C	NOVA1
MIR181A2	MIR181C	BAG4
MIR181A2	MIR181C	FKBP1A
MIR181A2	MIR181C	CTTNBP2NL
MIR181A2	MIR181C	G3BP2
MIR181A2	MIR181C	KLHL2
MIR181A2	MIR181C	CREB1
MIR181A2	MIR181C	ADAM11
MIR181A2	MIR181C	BIRC6
MIR181A2	MIR181C	SPRY4
MIR181A2	MIR181C	DMXL2
MIR181A2	MIR181C	MARK1
MIR181A2	MIR181C	MIER3
MIR181A2	MIR181C	ACAP2
MIR181A2	MIR181C	FHIP1B
MIR181A2	MIR181C	BLOC1S6
MIR181B1	MIR181B2	MEIS2
MIR181B1	MIR181B2	NR3C1
MIR181B1	MIR181B2	LNPK
MIR181B1	MIR181B2	DUSP16
MIR181B1	MIR181B2	CLVS1
MIR181B1	MIR181B2	GABRA1
MIR181B1	MIR181B2	PPP4R3B
MIR181B1	MIR181B2	BCL2
MIR181B1	MIR181B2	GDAP2
MIR181B1	MIR181B2	PAM
MIR181B1	MIR181B2	PCNP
MIR181B1	MIR181B2	DDX3X
MIR181B1	MIR181B2	PTGS1
MIR181B1	MIR181B2	PLEKHA3
MIR181B1	MIR181B2	PNRC2
MIR181B1	MIR181B2	ATP1B1
MIR181B1	MIR181B2	NEK7
MIR181B1	MIR181B2	OSBPL8
MIR181B1	MIR181B2	RLF
MIR181B1	MIR181B2	CREBRF
MIR181B1	MIR181B2	NKAIN2
MIR181B1	MIR181B2	SSX2IP
MIR181B1	MIR181B2	CLASP1
MIR181B1	MIR181B2	ARIH1
MIR181B1	MIR181B2	GK5
MIR181B1	MIR181B2	NXPE3
MIR181B1	MIR181B2	SNX30
MIR181B1	MIR181B2	BEND3
MIR181B1	MIR181B2	LARP4
MIR181B1	MIR181B2	CREBZF
MIR181B1	MIR181B2	ADO
MIR181B1	MIR181B2	XPNPEP1
MIR181B1	MIR181B2	PCDHA4
MIR181B1	MIR181B2	DNAJC13
MIR181B1	MIR181B2	TNRC6B
MIR181B1	MIR181B2	KPNA1
MIR181B1	MIR181B2	PCMTD1
MIR181B1	MIR181B2	SCD
MIR181B1	MIR181B2	KPNB1
MIR181B1	MIR181B2	FGFR2
MIR181B1	MIR181B2	MTMR3
MIR181B1	MIR181B2	C16orf87
MIR181B1	MIR181B2	ATXN7
MIR181B1	MIR181B2	TNFRSF11B
MIR181B1	MIR181B2	RORA
MIR181B1	MIR181B2	FNDC3B
MIR181B1	MIR181B2	CEP135
MIR181B1	MIR181B2	SLITRK1
MIR181B1	MIR181B2	PTBP3
MIR181B1	MIR181B2	BCLAF1
MIR181B1	MIR181B2	NAV3
MIR181B1	MIR181B2	LRRC8D
MIR181B1	MIR181B2	METAP1
MIR181B1	MIR181B2	HSP90B1
MIR181B1	MIR181B2	LACC1
MIR181B1	MIR181B2	RIMKLA
MIR181B1	MIR181B2	TCERG1
MIR181B1	MIR181B2	ZNF275
MIR181B1	MIR181B2	USP42
MIR181B1	MIR181B2	SS18L1
MIR181B1	MIR181B2	GPD1L
MIR181B1	MIR181B2	TNPO1
MIR181B1	MIR181B2	ZNF266
MIR181B1	MIR181B2	HECW2
MIR181B1	MIR181B2	ITSN1
MIR181B1	MIR181B2	PPIP5K2
MIR181B1	MIR181B2	LRBA
MIR181B1	MIR181B2	ST8SIA4
MIR181B1	MIR181B2	ITGB8
MIR181B1	MIR181B2	EIF4E
MIR181B1	MIR181B2	HMCN1
MIR181B1	MIR181B2	NIPAL4
MIR181B1	MIR181B2	PLCL2
MIR181B1	MIR181B2	SOWAHA
MIR181B1	MIR181B2	YWHAG
MIR181B1	MIR181B2	APH1B
MIR181B1	MIR181B2	MBOAT2
MIR181B1	MIR181B2	ZFP36L2
MIR181B1	MIR181B2	KATNBL1
MIR181B1	MIR181B2	SIPA1L2
MIR181B1	MIR181B2	FBXO34
MIR181B1	MIR181B2	BRWD1
MIR181B1	MIR181B2	CDK8
MIR181B1	MIR181B2	NFAT5
MIR181B1	MIR181B2	SCOC
MIR181B1	MIR181B2	UBP1
MIR181B1	MIR181B2	ARSJ
MIR181B1	MIR181B2	FIGN
MIR181B1	MIR181B2	PRKCD
MIR181B1	MIR181B2	POU2F1
MIR181B1	MIR181B2	RBBP7
MIR181B1	MIR181B2	RNF34
MIR181B1	MIR181B2	ZFAND6
MIR181B1	MIR181B2	CPOX
MIR181B1	MIR181B2	MEX3B
MIR181B1	MIR181B2	TBC1D9
MIR181B1	MIR181B2	POC1B-GALNT4
MIR181B1	MIR181B2	NEXMIF
MIR181B1	MIR181B2	RAD21
MIR181B1	MIR181B2	UNC5D
MIR181B1	MIR181B2	CTDSPL
MIR181B1	MIR181B2	TENT4B
MIR181B1	MIR181B2	FHIP1B
MIR181B1	MIR181B2	C2CD5
MIR181B1	MIR181B2	FOXP1
MIR181B1	MIR181B2	ARHGAP32
MIR181B1	MIR181B2	FBXW11
MIR181B1	MIR181B2	PCDHAC1
MIR181B1	MIR181B2	PI4K2B
MIR181B1	MIR181B2	TMEM165
MIR181B1	MIR181B2	SRSF7
MIR181B1	MIR181B2	DDIT4
MIR181B1	MIR181B2	PDE5A
MIR181B1	MIR181B2	INO80D
MIR181B1	MIR181B2	ZNF280D
MIR181B1	MIR181B2	ADAMTS5
MIR181B1	MIR181B2	LYRM1
MIR181B1	MIR181B2	MYH10
MIR181B1	MIR181B2	THRB
MIR181B1	MIR181B2	ZIC2
MIR181B1	MIR181B2	DOCK10
MIR181B1	MIR181B2	MTURN
MIR181B1	MIR181B2	RCOR1
MIR181B1	MIR181B2	TRIM71
MIR181B1	MIR181B2	CSDE1
MIR181B1	MIR181B2	ENTPD6
MIR181B1	MIR181B2	PRDM2
MIR181B1	MIR181B2	RO60
MIR181B1	MIR181B2	KLF6
MIR181B1	MIR181B2	ZBTB4
MIR181B1	MIR181B2	IPO8
MIR181B1	MIR181B2	SEL1L
MIR181B1	MIR181B2	TCF7L2
MIR181B1	MIR181B2	ACVR2A
MIR181B1	MIR181B2	LMBRD2
MIR181B1	MIR181B2	MAP1B
MIR181B1	MIR181B2	KLHL5
MIR181B1	MIR181B2	HMBS
MIR181B1	MIR181B2	KRAS
MIR181B1	MIR181B2	CLIP1
MIR181B1	MIR181B2	NPEPPS
MIR181B1	MIR181B2	DYNC1LI2
MIR181B1	MIR181B2	CPD
MIR181B1	MIR181B2	PURA
MIR181B1	MIR181B2	OSBPL3
MIR181B1	MIR181B2	TP53BP2
MIR181B1	MIR181B2	RAP1B
MIR181B1	MIR181B2	ARHGEF3
MIR181B1	MIR181B2	AKT3
MIR181B1	MIR181B2	CCN1
MIR181B1	MIR181B2	CPNE2
MIR181B1	MIR181B2	SLC1A2
MIR181B1	MIR181B2	KMT2A
MIR181B1	MIR181B2	S1PR1
MIR181B1	MIR181B2	E2F5
MIR181B1	MIR181B2	KMT2C
MIR181B1	MIR181B2	ZNF268
MIR181B1	MIR181B2	DDX3Y
MIR181B1	MIR181B2	TMEM94
MIR181B1	MIR181B2	SEMA3C
MIR181B1	MIR181B2	BTBD3
MIR181B1	MIR181B2	MATR3
MIR181B1	MIR181B2	ARL5A
MIR181B1	MIR181B2	CBX7
MIR181B1	MIR181B2	PDE4DIP
MIR181B1	MIR181B2	SP4
MIR181B1	MIR181B2	C2orf69
MIR181B1	MIR181B2	ARF6
MIR181B1	MIR181B2	ZFP36L1
MIR181B1	MIR181B2	GIGYF1
MIR181B1	MIR181B2	LGALSL
MIR181B1	MIR181B2	HMGB2
MIR181B1	MIR181B2	JAZF1
MIR181B1	MIR181B2	DCLK1
MIR181B1	MIR181B2	ZNF781
MIR181B1	MIR181B2	ZNF780B
MIR181B1	MIR181B2	PRTG
MIR181B1	MIR181B2	CHIC1
MIR181B1	MIR181B2	HOXA1
MIR181B1	MIR181B2	LIN28B
MIR181B1	MIR181B2	ZHX1
MIR181B1	MIR181B2	BHLHE40
MIR181B1	MIR181B2	ADGRB3
MIR181B1	MIR181B2	PALS1
MIR181B1	MIR181B2	ACVR2B
MIR181B1	MIR181B2	USP46
MIR181B1	MIR181B2	NR6A1
MIR181B1	MIR181B2	TRIM2
MIR181B1	MIR181B2	PLCXD3
MIR181B1	MIR181B2	ITGB1BP1
MIR181B1	MIR181B2	ONECUT2
MIR181B1	MIR181B2	ZNF800
MIR181B1	MIR181B2	AP1G1
MIR181B1	MIR181B2	GPCPD1
MIR181B1	MIR181B2	GPD2
MIR181B1	MIR181B2	HOXC8
MIR181B1	MIR181B2	RAP2C
MIR181B1	MIR181B2	GSKIP
MIR181B1	MIR181B2	CPEB4
MIR181B1	MIR181B2	ATP2B1
MIR181B1	MIR181B2	FBXO33
MIR181B1	MIR181B2	NOVA1
MIR181B1	MIR181B2	BAG4
MIR181B1	MIR181B2	FKBP1A
MIR181B1	MIR181B2	KCNQ5
MIR181B1	MIR181B2	CTTNBP2NL
MIR181B1	MIR181B2	TMF1
MIR181B1	MIR181B2	G3BP2
MIR181B1	MIR181B2	OTULINL
MIR181B1	MIR181B2	KLHL2
MIR181B1	MIR181B2	CREB1
MIR181B1	MIR181B2	ADAM11
MIR181B1	MIR181B2	ZDHHC17
MIR181B1	MIR181B2	PPM1E
MIR181B1	MIR181B2	BIRC6
MIR181B1	MIR181B2	SPRY4
MIR181B1	MIR181B2	DMXL2
MIR181B1	MIR181B2	TXNDC12
MIR181B1	MIR181B2	MARK1
MIR181B1	MIR181B2	TARDBP
MIR181B1	MIR181B2	TMEM87B
MIR181B1	MIR181B2	SPTBN1
MIR181B1	MIR181B2	UBXN7
MIR181B1	MIR181B2	ARL5B
MIR181B1	MIR181B2	ACAP2
MIR181B1	MIR181B2	ATRX
MIR181B1	MIR181B2	NWD2
MIR181B1	MIR181B2	BLOC1S6
MIR181B1	MIR181D	GABRA1
MIR181B1	MIR181D	PAM
MIR181B1	MIR181D	PCNP
MIR181B1	MIR181D	DDX3X
MIR181B1	MIR181D	OSBPL8
MIR181B1	MIR181D	NEK7
MIR181B1	MIR181D	RLF
MIR181B1	MIR181D	CREBRF
MIR181B1	MIR181D	SSX2IP
MIR181B1	MIR181D	CLASP1
MIR181B1	MIR181D	BEND3
MIR181B1	MIR181D	LARP4
MIR181B1	MIR181D	CREBZF
MIR181B1	MIR181D	ADO
MIR181B1	MIR181D	PCDHA4
MIR181B1	MIR181D	DNAJC13
MIR181B1	MIR181D	SCD
MIR181B1	MIR181D	KPNB1
MIR181B1	MIR181D	C16orf87
MIR181B1	MIR181D	ATXN7
MIR181B1	MIR181D	TNFRSF11B
MIR181B1	MIR181D	RORA
MIR181B1	MIR181D	FNDC3B
MIR181B1	MIR181D	PTBP3
MIR181B1	MIR181D	BCLAF1
MIR181B1	MIR181D	METAP1
MIR181B1	MIR181D	LRRC8D
MIR181B1	MIR181D	HSP90B1
MIR181B1	MIR181D	TCERG1
MIR181B1	MIR181D	USP42
MIR181B1	MIR181D	SS18L1
MIR181B1	MIR181D	GPD1L
MIR181B1	MIR181D	TNPO1
MIR181B1	MIR181D	ZNF266
MIR181B1	MIR181D	ITSN1
MIR181B1	MIR181D	PPIP5K2
MIR181B1	MIR181D	ST8SIA4
MIR181B1	MIR181D	LRBA
MIR181B1	MIR181D	NIPAL4
MIR181B1	MIR181D	PLCL2
MIR181B1	MIR181D	SOWAHA
MIR181B1	MIR181D	ZFP36L2
MIR181B1	MIR181D	MBOAT2
MIR181B1	MIR181D	SIPA1L2
MIR181B1	MIR181D	KATNBL1
MIR181B1	MIR181D	FBXO34
MIR181B1	MIR181D	BRWD1
MIR181B1	MIR181D	SCOC
MIR181B1	MIR181D	UBP1
MIR181B1	MIR181D	ARSJ
MIR181B1	MIR181D	ZFAND6
MIR181B1	MIR181D	RBBP7
MIR181B1	MIR181D	RNF34
MIR181B1	MIR181D	FIGN
MIR181B1	MIR181D	CPOX
MIR181B1	MIR181D	PTGFRN
MIR181B1	MIR181D	POC1B-GALNT4
MIR181B1	MIR181D	NEXMIF
MIR181B1	MIR181D	RAD21
MIR181B1	MIR181D	CTDSPL
MIR181B1	MIR181D	TENT4B
MIR181B1	MIR181D	FHIP1B
MIR181B1	MIR181D	C2CD5
MIR181B1	MIR181D	FOXP1
MIR181B1	MIR181D	PCDHAC1
MIR181B1	MIR181D	TMEM165
MIR181B1	MIR181D	SRSF7
MIR181B1	MIR181D	DDIT4
MIR181B1	MIR181D	PDE5A
MIR181B1	MIR181D	INO80D
MIR181B1	MIR181D	LYRM1
MIR181B1	MIR181D	THRB
MIR181B1	MIR181D	MTURN
MIR181B1	MIR181D	DOCK10
MIR181B1	MIR181D	RCOR1
MIR181B1	MIR181D	TRIM71
MIR181B1	MIR181D	ENTPD6
MIR181B1	MIR181D	ZBTB4
MIR181B1	MIR181D	KLF6
MIR181B1	MIR181D	IPO8
MIR181B1	MIR181D	TCF7L2
MIR181B1	MIR181D	ACVR2A
MIR181B1	MIR181D	LMBRD2
MIR181B1	MIR181D	KLHL5
MIR181B1	MIR181D	HMBS
MIR181B1	MIR181D	KRAS
MIR181B1	MIR181D	NPEPPS
MIR181B1	MIR181D	CLIP1
MIR181B1	MIR181D	DYNC1LI2
MIR181B1	MIR181D	CPD
MIR181B1	MIR181D	OSBPL3
MIR181B1	MIR181D	RAP1B
MIR181B1	MIR181D	ARHGEF3
MIR181B1	MIR181D	AKT3
MIR181B1	MIR181D	CPNE2
MIR181B1	MIR181D	KMT2A
MIR181B1	MIR181D	S1PR1
MIR181B1	MIR181D	E2F5
MIR181B1	MIR181D	ZNF268
MIR181B1	MIR181D	KMT2C
MIR181B1	MIR181D	TMEM94
MIR181B1	MIR181D	DDX3Y
MIR181B1	MIR181D	BTBD3
MIR181B1	MIR181D	ARL5A
MIR181B1	MIR181D	CBX7
MIR181B1	MIR181D	C2orf69
MIR181B1	MIR181D	ARF6
MIR181B1	MIR181D	ZFP36L1
MIR181B1	MIR181D	LGALSL
MIR181B1	MIR181D	GIGYF1
MIR181B1	MIR181D	HMGB2
MIR181B1	MIR181D	JAZF1
MIR181B1	MIR181D	ZNF781
MIR181B1	MIR181D	ZNF780B
MIR181B1	MIR181D	PRTG
MIR181B1	MIR181D	HOXA1
MIR181B1	MIR181D	LIN28B
MIR181B1	MIR181D	BHLHE40
MIR181B1	MIR181D	ADGRB3
MIR181B1	MIR181D	PALS1
MIR181B1	MIR181D	ACVR2B
MIR181B1	MIR181D	TRIM2
MIR181B1	MIR181D	NR6A1
MIR181B1	MIR181D	ZNF800
MIR181B1	MIR181D	GPCPD1
MIR181B1	MIR181D	AP1G1
MIR181B1	MIR181D	GPD2
MIR181B1	MIR181D	HOXC8
MIR181B1	MIR181D	GSKIP
MIR181B1	MIR181D	CPEB4
MIR181B1	MIR181D	ATP2B1
MIR181B1	MIR181D	FBXO33
MIR181B1	MIR181D	NOVA1
MIR181B1	MIR181D	KCNQ5
MIR181B1	MIR181D	FKBP1A
MIR181B1	MIR181D	CTTNBP2NL
MIR181B1	MIR181D	TMF1
MIR181B1	MIR181D	CREB1
MIR181B1	MIR181D	ADAM11
MIR181B1	MIR181D	BIRC6
MIR181B1	MIR181D	SPRY4
MIR181B1	MIR181D	DMXL2
MIR181B1	MIR181D	TXNDC12
MIR181B1	MIR181D	MARK1
MIR181B1	MIR181D	TMEM87B
MIR181B1	MIR181D	ACAP2
MIR181B1	MIR181D	NWD2
MIR181B1	MIR181D	BLOC1S6
MIR181B2	MIR181D	GABRA1
MIR181B2	MIR181D	PAM
MIR181B2	MIR181D	PCNP
MIR181B2	MIR181D	DDX3X
MIR181B2	MIR181D	OSBPL8
MIR181B2	MIR181D	NEK7
MIR181B2	MIR181D	RLF
MIR181B2	MIR181D	CREBRF
MIR181B2	MIR181D	SLC25A37
MIR181B2	MIR181D	SSX2IP
MIR181B2	MIR181D	CLASP1
MIR181B2	MIR181D	BEND3
MIR181B2	MIR181D	LARP4
MIR181B2	MIR181D	CREBZF
MIR181B2	MIR181D	ADO
MIR181B2	MIR181D	PCDHA4
MIR181B2	MIR181D	DNAJC13
MIR181B2	MIR181D	SCD
MIR181B2	MIR181D	KPNB1
MIR181B2	MIR181D	C16orf87
MIR181B2	MIR181D	ATXN7
MIR181B2	MIR181D	TNFRSF11B
MIR181B2	MIR181D	RORA
MIR181B2	MIR181D	FNDC3B
MIR181B2	MIR181D	PTBP3
MIR181B2	MIR181D	BCLAF1
MIR181B2	MIR181D	LRRC8D
MIR181B2	MIR181D	METAP1
MIR181B2	MIR181D	HSP90B1
MIR181B2	MIR181D	TCERG1
MIR181B2	MIR181D	USP42
MIR181B2	MIR181D	SS18L1
MIR181B2	MIR181D	GPD1L
MIR181B2	MIR181D	TNPO1
MIR181B2	MIR181D	ZNF266
MIR181B2	MIR181D	ITSN1
MIR181B2	MIR181D	PPIP5K2
MIR181B2	MIR181D	LRBA
MIR181B2	MIR181D	ST8SIA4
MIR181B2	MIR181D	NIPAL4
MIR181B2	MIR181D	PLCL2
MIR181B2	MIR181D	SOWAHA
MIR181B2	MIR181D	ZFP36L2
MIR181B2	MIR181D	MBOAT2
MIR181B2	MIR181D	KATNBL1
MIR181B2	MIR181D	SIPA1L2
MIR181B2	MIR181D	FBXO34
MIR181B2	MIR181D	KSR2
MIR181B2	MIR181D	BRWD1
MIR181B2	MIR181D	SCOC
MIR181B2	MIR181D	UBP1
MIR181B2	MIR181D	ARSJ
MIR181B2	MIR181D	FIGN
MIR181B2	MIR181D	RBBP7
MIR181B2	MIR181D	RNF34
MIR181B2	MIR181D	ZFAND6
MIR181B2	MIR181D	CPOX
MIR181B2	MIR181D	POC1B-GALNT4
MIR181B2	MIR181D	NEXMIF
MIR181B2	MIR181D	RAD21
MIR181B2	MIR181D	CTDSPL
MIR181B2	MIR181D	TENT4B
MIR181B2	MIR181D	FHIP1B
MIR181B2	MIR181D	C2CD5
MIR181B2	MIR181D	FOXP1
MIR181B2	MIR181D	PCDHAC1
MIR181B2	MIR181D	TMEM165
MIR181B2	MIR181D	SRSF7
MIR181B2	MIR181D	DDIT4
MIR181B2	MIR181D	PDE5A
MIR181B2	MIR181D	INO80D
MIR181B2	MIR181D	LYRM1
MIR181B2	MIR181D	THRB
MIR181B2	MIR181D	DOCK10
MIR181B2	MIR181D	MTURN
MIR181B2	MIR181D	RCOR1
MIR181B2	MIR181D	TRIM71
MIR181B2	MIR181D	ENTPD6
MIR181B2	MIR181D	ZBTB4
MIR181B2	MIR181D	KLF6
MIR181B2	MIR181D	IPO8
MIR181B2	MIR181D	TCF7L2
MIR181B2	MIR181D	ACVR2A
MIR181B2	MIR181D	LMBRD2
MIR181B2	MIR181D	KLHL5
MIR181B2	MIR181D	HMBS
MIR181B2	MIR181D	KRAS
MIR181B2	MIR181D	CLIP1
MIR181B2	MIR181D	NPEPPS
MIR181B2	MIR181D	DYNC1LI2
MIR181B2	MIR181D	CPD
MIR181B2	MIR181D	OSBPL3
MIR181B2	MIR181D	RAP1B
MIR181B2	MIR181D	ARHGEF3
MIR181B2	MIR181D	AKT3
MIR181B2	MIR181D	CPNE2
MIR181B2	MIR181D	KMT2A
MIR181B2	MIR181D	S1PR1
MIR181B2	MIR181D	E2F5
MIR181B2	MIR181D	KMT2C
MIR181B2	MIR181D	ZNF268
MIR181B2	MIR181D	DDX3Y
MIR181B2	MIR181D	TMEM94
MIR181B2	MIR181D	BTBD3
MIR181B2	MIR181D	ARL5A
MIR181B2	MIR181D	CBX7
MIR181B2	MIR181D	C2orf69
MIR181B2	MIR181D	ARF6
MIR181B2	MIR181D	ZFP36L1
MIR181B2	MIR181D	GIGYF1
MIR181B2	MIR181D	LGALSL
MIR181B2	MIR181D	HMGB2
MIR181B2	MIR181D	JAZF1
MIR181B2	MIR181D	ZNF781
MIR181B2	MIR181D	ZNF780B
MIR181B2	MIR181D	PRTG
MIR181B2	MIR181D	HOXA1
MIR181B2	MIR181D	LIN28B
MIR181B2	MIR181D	BHLHE40
MIR181B2	MIR181D	ADGRB3
MIR181B2	MIR181D	PALS1
MIR181B2	MIR181D	ACVR2B
MIR181B2	MIR181D	PHACTR2
MIR181B2	MIR181D	NR6A1
MIR181B2	MIR181D	TRIM2
MIR181B2	MIR181D	ZNF800
MIR181B2	MIR181D	AP1G1
MIR181B2	MIR181D	GPCPD1
MIR181B2	MIR181D	GPD2
MIR181B2	MIR181D	HOXC8
MIR181B2	MIR181D	GSKIP
MIR181B2	MIR181D	CPEB4
MIR181B2	MIR181D	ATP2B1
MIR181B2	MIR181D	FBXO33
MIR181B2	MIR181D	NOVA1
MIR181B2	MIR181D	FKBP1A
MIR181B2	MIR181D	KCNQ5
MIR181B2	MIR181D	CTTNBP2NL
MIR181B2	MIR181D	TMF1
MIR181B2	MIR181D	CREB1
MIR181B2	MIR181D	ADAM11
MIR181B2	MIR181D	NF1
MIR181B2	MIR181D	BIRC6
MIR181B2	MIR181D	SPRY4
MIR181B2	MIR181D	DMXL2
MIR181B2	MIR181D	TXNDC12
MIR181B2	MIR181D	MARK1
MIR181B2	MIR181D	TMEM87B
MIR181B2	MIR181D	ACAP2
MIR181B2	MIR181D	NWD2
MIR181B2	MIR181D	BLOC1S6
MIR18A	MIR18B	BBX
MIR18A	MIR18B	CAMK2N1
MIR18A	MIR18B	NR3C1
MIR18A	MIR18B	PHF19
MIR18A	MIR18B	MBNL1
MIR18A	MIR18B	F3
MIR18A	MIR18B	PHC3
MIR18A	MIR18B	ANKRD50
MIR18A	MIR18B	MAP7D1
MIR18A	MIR18B	NEDD9
MIR18A	MIR18B	CDC42
MIR18A	MIR18B	FRS2
MIR18A	MIR18B	HMBOX1
MIR18A	MIR18B	ERI1
MIR18A	MIR18B	SUDS3
MIR18A	MIR18B	DAAM2
MIR18A	MIR18B	PSD3
MIR18A	MIR18B	QKI
MIR18A	MIR18B	SORBS2
MIR18A	MIR18B	DIP2C
MIR18A	MIR18B	HNRNPUL2
MIR18A	MIR18B	KCNJ2
MIR18A	MIR18B	PARD6B
MIR18A	MIR18B	SIX3
MIR18A	MIR18B	C18orf25
MIR18A	MIR18B	SYNCRIP
MIR18A	MIR18B	LIN54
MIR18A	MIR18B	SMAP2
MIR18A	MIR18B	SH3KBP1
MIR18A	MIR18B	ANKRD13C
MIR18A	MIR18B	MDGA1
MIR18A	MIR18B	RORA
MIR18A	MIR18B	THBS1
MIR18A	MIR18B	FNDC3B
MIR18A	MIR18B	CADM2
MIR18A	MIR18B	HCFC2
MIR18A	MIR18B	SLC12A6
MIR18A	MIR18B	ZBTB44
MIR18A	MIR18B	CDK2
MIR18A	MIR18B	CHRM2
MIR18A	MIR18B	VMA21
MIR18A	MIR18B	NEDD4
MIR18A	MIR18B	PATJ
MIR18A	MIR18B	TNFAIP3
MIR18A	MIR18B	TTPAL
MIR18A	MIR18B	IGF2BP2
MIR18A	MIR18B	NACC1
MIR18A	MIR18B	ORAI3
MIR18A	MIR18B	TWF1
MIR18A	MIR18B	ZBTB47
MIR18A	MIR18B	FAM229B
MIR18A	MIR18B	HIF1A
MIR18A	MIR18B	GCLC
MIR18A	MIR18B	TRAPPC8
MIR18A	MIR18B	FAM3C
MIR18A	MIR18B	GLRB
MIR18A	MIR18B	PRDM6
MIR18A	MIR18B	SOCS5
MIR18A	MIR18B	ZNF704
MIR18A	MIR18B	ASXL2
MIR18A	MIR18B	FRYL
MIR18A	MIR18B	KLHL20
MIR18A	MIR18B	MBOAT2
MIR18A	MIR18B	TBPL1
MIR18A	MIR18B	NCOA1
MIR18A	MIR18B	MAP3K1
MIR18A	MIR18B	KCNH7
MIR18A	MIR18B	KDM5B
MIR18A	MIR18B	MTF1
MIR18A	MIR18B	RAB11FIP2
MIR18A	MIR18B	MACIR
MIR18A	MIR18B	SH3BP4
MIR18A	MIR18B	TMEM248
MIR18A	MIR18B	BRWD1
MIR18A	MIR18B	NFAT5
MIR18A	MIR18B	ANKRD52
MIR18A	MIR18B	SAR1A
MIR18A	MIR18B	RNF145
MIR18A	MIR18B	LIF
MIR18A	MIR18B	CREBL2
MIR18A	MIR18B	PTGFRN
MIR18A	MIR18B	ZCCHC3
MIR18A	MIR18B	LAMC1
MIR18A	MIR18B	NR1H2
MIR18A	MIR18B	PAPPA
MIR18A	MIR18B	KCNA1
MIR18A	MIR18B	CTDSPL
MIR18A	MIR18B	BRWD3
MIR18A	MIR18B	ADD3
MIR18A	MIR18B	SUCO
MIR18A	MIR18B	INO80D
MIR18A	MIR18B	NUFIP2
MIR18A	MIR18B	KPNA6
MIR18A	MIR18B	NREP
MIR18A	MIR18B	XYLT1
MIR18A	MIR18B	CASP7
MIR18A	MIR18B	SMG1
MIR18A	MIR18B	CDK19
MIR18A	MIR18B	RCOR1
MIR18A	MIR18B	EPHA7
MIR18A	MIR18B	RAB5C
MIR18A	MIR18B	ZBTB4
MIR18A	MIR18B	HSF2
MIR18A	MIR18B	SMARCC2
MIR18A	MIR18B	CEMIP2
MIR18A	MIR18B	CCND2
MIR18A	MIR18B	PHF2
MIR18A	MIR18B	ATXN1
MIR18A	MIR18B	BRD8
MIR18A	MIR18B	MYLK
MIR18A	MIR18B	DOCK4
MIR18A	MIR18B	BTG3
MIR18A	MIR18B	AEBP2
MIR18A	MIR18B	HMGCS1
MIR18A	MIR18B	MAPK4
MIR18A	MIR18B	STK4
MIR18A	MIR18B	ZNF644
MIR18A	MIR18B	PDE4D
MIR18A	MIR18B	DICER1
MIR18A	MIR18B	UBE2Z
MIR18A	MIR18B	KCMF1
MIR18A	MIR18B	SLC12A2
MIR18A	MIR18B	ZFP62
MIR18A	MIR18B	RABGAP1
MIR18A	MIR18B	PRKACB
MIR18A	MIR18B	GIGYF1
MIR18A	MIR18B	RAB9A
MIR18A	MIR18B	RAB22A
MIR18A	MIR18B	RUNX1
MIR18A	MIR18B	TEX2
MIR18A	MIR18B	IRF2
MIR18A	MIR18B	ZNF367
MIR18A	MIR18B	CSRNP3
MIR18A	MIR18B	STAM2
MIR18A	MIR18B	RBBP8
MIR18A	MIR18B	TRIM2
MIR18A	MIR18B	BHLHE22
MIR18A	MIR18B	FBXL3
MIR18A	MIR18B	ESR1
MIR18A	MIR18B	LIN28A
MIR18A	MIR18B	FCHSD2
MIR18A	MIR18B	TRIB2
MIR18A	MIR18B	SMAD2
MIR18A	MIR18B	DIRAS2
MIR18A	MIR18B	NXT2
MIR18A	MIR18B	ETV6
MIR18A	MIR18B	SNRK
MIR18A	MIR18B	NAA50
MIR18A	MIR18B	C1orf21
MIR18A	MIR18B	HEATR5A
MIR18A	MIR18B	ATXN2L
MIR18A	MIR18B	KLHL15
MIR18A	MIR18B	KDM2A
MIR18A	MIR18B	UBTD2
MIR18A	MIR18B	TMEM170B
MIR18A	MIR18B	SIK3
MIR18A	MIR18B	TRIOBP
MIR18A	MIR18B	DDHD1
MIR18A	MIR18B	LMO4
MIR18A	MIR18B	ALCAM
MIR18A	MIR18B	LSM14B
MIR18A	MIR18B	CRIM1
MIR18A	MIR18B	ENC1
MIR18A	MIR18B	CCN2
MIR18A	MIR18B	EPB41L1
MIR18A	MIR18B	SRSF10
MIR18A	MIR18B	XYLT2
MIR18A	MIR18B	CCDC88A
MIR18A	MIR18B	MARCHF5
MIR18A	MIR18B	ATM
MIR190A	MIR190B	HECA
MIR190A	MIR190B	STK35
MIR190A	MIR190B	USF3
MIR190A	MIR190B	TBC1D14
MIR190A	MIR190B	BCL11A
MIR190A	MIR190B	PHF20L1
MIR190A	MIR190B	SLC49A4
MIR190A	MIR190B	PCDH17
MIR190A	MIR190B	XPO1
MIR190A	MIR190B	RYBP
MIR190A	MIR190B	SNX1
MIR190A	MIR190B	TAOK3
MIR190A	MIR190B	SMC6
MIR190A	MIR190B	HGF
MIR190A	MIR190B	OSBPL6
MIR190A	MIR190B	NBEA
MIR190A	MIR190B	TSHZ1
MIR190A	MIR190B	GDF11
MIR190A	MIR190B	ASAP1
MIR190A	MIR190B	GPHN
MIR190A	MIR190B	XRN1
MIR190A	MIR190B	CSMD1
MIR190A	MIR190B	HAS2
MIR190A	MIR190B	TNRC6B
MIR190A	MIR190B	PPP3R1
MIR190A	MIR190B	SRSF1
MIR190A	MIR190B	ARPC5
MIR190A	MIR190B	FNDC3B
MIR190A	MIR190B	ACTR3
MIR190A	MIR190B	IGF1
MIR190A	MIR190B	NEGR1
MIR190A	MIR190B	SLITRK1
MIR190A	MIR190B	NAV3
MIR190A	MIR190B	FNDC3A
MIR190A	MIR190B	ROCK1
MIR190A	MIR190B	TRIM36
MIR190A	MIR190B	TNPO1
MIR190A	MIR190B	SHANK2
MIR190A	MIR190B	NRG3
MIR190A	MIR190B	MEF2A
MIR190A	MIR190B	NEUROD1
MIR190A	MIR190B	MYCBP2
MIR190A	MIR190B	HECW2
MIR190A	MIR190B	TNRC6C
MIR190A	MIR190B	SLC17A6
MIR190A	MIR190B	DMD
MIR190A	MIR190B	NFIB
MIR190A	MIR190B	TCF7L1
MIR190A	MIR190B	OTUD4
MIR190A	MIR190B	PHLPP1
MIR190A	MIR190B	ELAVL4
MIR190A	MIR190B	CEBPA
MIR190A	MIR190B	HMGA2
MIR190A	MIR190B	MEX3B
MIR190A	MIR190B	TRPS1
MIR190A	MIR190B	STK38L
MIR190A	MIR190B	LPP
MIR190A	MIR190B	CDIN1
MIR190A	MIR190B	PCF11
MIR190A	MIR190B	WDFY3
MIR190A	MIR190B	ANO4
MIR190A	MIR190B	PTPRS
MIR190A	MIR190B	KCNA4
MIR190A	MIR190B	FOXP2
MIR190A	MIR190B	TENM1
MIR190A	MIR190B	DENND5B
MIR190A	MIR190B	MYO5A
MIR190A	MIR190B	TMEM161B
MIR190A	MIR190B	LDLRAD4
MIR190A	MIR190B	MARCHF1
MIR190A	MIR190B	TCF7L2
MIR190A	MIR190B	KPNA4
MIR190A	MIR190B	MAP1B
MIR190A	MIR190B	STC1
MIR190A	MIR190B	LRP1B
MIR190A	MIR190B	MEF2C
MIR190A	MIR190B	HNRNPA2B1
MIR190A	MIR190B	YTHDF3
MIR190A	MIR190B	FGF14
MIR190A	MIR190B	HCN1
MIR190A	MIR190B	PAX6
MIR190A	MIR190B	RBAK
MIR190A	MIR190B	CXXC4
MIR190A	MIR190B	NRXN3
MIR190A	MIR190B	DICER1
MIR190A	MIR190B	KLF15
MIR190A	MIR190B	CAT
MIR190A	MIR190B	DCLK1
MIR190A	MIR190B	ERG
MIR190A	MIR190B	ADGRB3
MIR190A	MIR190B	SAMD4A
MIR190A	MIR190B	FOXJ3
MIR190A	MIR190B	CNR1
MIR190A	MIR190B	RPS6KA3
MIR190A	MIR190B	BNIP3L
MIR190A	MIR190B	PTCH1
MIR190A	MIR190B	CLOCK
MIR190A	MIR190B	ARF4
MIR190A	MIR190B	SMAD2
MIR190A	MIR190B	ZIC3
MIR190A	MIR190B	RAB8A
MIR190A	MIR190B	EBF3
MIR190A	MIR190B	KCNQ5
MIR190A	MIR190B	DAG1
MIR190A	MIR190B	GAN
MIR190A	MIR190B	LPGAT1
MIR190A	MIR190B	CDKN1B
MIR190A	MIR190B	ZNF652
MIR190A	MIR190B	MED4
MIR190A	MIR190B	MB21D2
MIR190A	MIR190B	NLGN1
MIR190A	MIR190B	SYNJ1
MIR190A	MIR190B	EPC2
MIR190A	MIR190B	ATXN7L1
MIR190A	MIR190B	TP53INP1
MIR190A	MIR190B	ANKRD34A
MIR190A	MIR190B	PTHLH
MIR190A	MIR190B	CHD7
MIR190A	MIR190B	BACH2
MIR190A	MIR190B	MFSD14B
MIR190A	MIR190B	TRIM33
MIR190A	MIR190B	CAND1
MIR190A	MIR190B	PHIP
MIR190A	MIR190B	TNRC6A
MIR193A	MIR193B	ANKFY1
MIR193A	MIR193B	MCL1
MIR193A	MIR193B	PHF20L1
MIR193A	MIR193B	NRIP1
MIR193A	MIR193B	ETV1
MIR193A	MIR193B	STMN1
MIR193A	MIR193B	MAP3K3
MIR193A	MIR193B	CLSTN1
MIR193A	MIR193B	PLAU
MIR193A	MIR193B	ERBIN
MIR193A	MIR193B	IGFBP5
MIR193A	MIR193B	BCL2L2
MIR193A	MIR193B	CREBRF
MIR193A	MIR193B	PLAG1
MIR193A	MIR193B	GDF11
MIR193A	MIR193B	FLRT3
MIR193A	MIR193B	MBTD1
MIR193A	MIR193B	ATP5PB
MIR193A	MIR193B	DCAF7
MIR193A	MIR193B	HNRNPUL2
MIR193A	MIR193B	KCNJ2
MIR193A	MIR193B	TGFB2
MIR193A	MIR193B	GNAO1
MIR193A	MIR193B	DNAJC13
MIR193A	MIR193B	ZBTB5
MIR193A	MIR193B	ANKRD13A
MIR193A	MIR193B	DYRK2
MIR193A	MIR193B	PIGA
MIR193A	MIR193B	IRF2BPL
MIR193A	MIR193B	SRSF2
MIR193A	MIR193B	ARPC5
MIR193A	MIR193B	FAM131B
MIR193A	MIR193B	SELENON
MIR193A	MIR193B	NAV3
MIR193A	MIR193B	ADAMTSL3
MIR193A	MIR193B	PPP2R5C
MIR193A	MIR193B	PPTC7
MIR193A	MIR193B	SLC23A1
MIR193A	MIR193B	FAT4
MIR193A	MIR193B	CTDSPL2
MIR193A	MIR193B	CCND1
MIR193A	MIR193B	KIT
MIR193A	MIR193B	DYRK1A
MIR193A	MIR193B	FHDC1
MIR193A	MIR193B	KMT2E
MIR193A	MIR193B	MAPK10
MIR193A	MIR193B	CARF
MIR193A	MIR193B	NT5E
MIR193A	MIR193B	SLC39A5
MIR193A	MIR193B	RPS21
MIR193A	MIR193B	ITSN1
MIR193A	MIR193B	POLH
MIR193A	MIR193B	ING1
MIR193A	MIR193B	SPECC1L
MIR193A	MIR193B	LAMP2
MIR193A	MIR193B	HOXD13
MIR193A	MIR193B	MAX
MIR193A	MIR193B	ARHGEF12
MIR193A	MIR193B	UBP1
MIR193A	MIR193B	WDR82P1
MIR193A	MIR193B	ZNF248
MIR193A	MIR193B	LAMC1
MIR193A	MIR193B	AP2M1
MIR193A	MIR193B	ZNF385B
MIR193A	MIR193B	RSF1
MIR193A	MIR193B	ZHX3
MIR193A	MIR193B	HELZ
MIR193A	MIR193B	KDM5C
MIR193A	MIR193B	TGFBR3
MIR193A	MIR193B	LAMC2
MIR193A	MIR193B	BAZ2A
MIR193A	MIR193B	INO80D
MIR193A	MIR193B	HEG1
MIR193A	MIR193B	ZFYVE26
MIR193A	MIR193B	E2F6
MIR193A	MIR193B	SLC4A7
MIR193A	MIR193B	KCNE1
MIR193A	MIR193B	EN2
MIR193A	MIR193B	MYCN
MIR193A	MIR193B	TCF7L2
MIR193A	MIR193B	ING5
MIR193A	MIR193B	JADE2
MIR193A	MIR193B	SLC16A6
MIR193A	MIR193B	KRAS
MIR193A	MIR193B	ST6GALNAC5
MIR193A	MIR193B	ATOH8
MIR193A	MIR193B	ST6GALNAC3
MIR193A	MIR193B	ABCB8
MIR193A	MIR193B	ATXN1
MIR193A	MIR193B	SOS2
MIR193A	MIR193B	SON
MIR193A	MIR193B	KMT2A
MIR193A	MIR193B	ERBB4
MIR193A	MIR193B	YWHAZ
MIR193A	MIR193B	RGL1
MIR193A	MIR193B	CXXC4
MIR193A	MIR193B	TAOK1
MIR193A	MIR193B	CBX7
MIR193A	MIR193B	PLXNC1
MIR193A	MIR193B	CALM1
MIR193A	MIR193B	PSEN1
MIR193A	MIR193B	PRR14L
MIR193A	MIR193B	CADM1
MIR193A	MIR193B	SRSF6
MIR193A	MIR193B	TBL1XR1
MIR193A	MIR193B	SLC10A6
MIR193A	MIR193B	SCYL3
MIR193A	MIR193B	SLF2
MIR193A	MIR193B	ABI2
MIR193A	MIR193B	STX16
MIR193A	MIR193B	CAPRIN1
MIR193A	MIR193B	TNFRSF21
MIR193A	MIR193B	SLC15A1
MIR193A	MIR193B	MED14
MIR193A	MIR193B	ALKBH5
MIR193A	MIR193B	DNAJC16
MIR193A	MIR193B	CDK17
MIR193A	MIR193B	RUNX1T1
MIR193A	MIR193B	DIO2
MIR193A	MIR193B	SKAP2
MIR193A	MIR193B	SYT1
MIR193A	MIR193B	IL17RD
MIR193A	MIR193B	CALB1
MIR193A	MIR193B	NOVA1
MIR193A	MIR193B	ETV6
MIR193A	MIR193B	SLC30A9
MIR193A	MIR193B	FAM168B
MIR193A	MIR193B	TMEM30A
MIR193A	MIR193B	SPOPL
MIR193A	MIR193B	KLHL2
MIR193A	MIR193B	OSMR
MIR193A	MIR193B	FLI1
MIR193A	MIR193B	MMP19
MIR193A	MIR193B	PAK4
MIR193A	MIR193B	CNBP
MIR193A	MIR193B	GRB7
MIR193A	MIR193B	KLHL15
MIR193A	MIR193B	MSANTD2
MIR193A	MIR193B	KIAA0825
MIR193A	MIR193B	LRRC8A
MIR193A	MIR193B	SIAH1
MIR193A	MIR193B	NSF
MIR193A	MIR193B	ARMC1
MIR193A	MIR193B	CNOT6
MIR193A	MIR193B	TP53INP1
MIR193A	MIR193B	PTEN
MIR194-1	MIR194-2	MEIS2
MIR194-1	MIR194-2	BRMS1L
MIR194-1	MIR194-2	LUC7L3
MIR194-1	MIR194-2	ANKFY1
MIR194-1	MIR194-2	GOT2
MIR194-1	MIR194-2	TMEM87A
MIR194-1	MIR194-2	CASK
MIR194-1	MIR194-2	ATP6V1H
MIR194-1	MIR194-2	SNX1
MIR194-1	MIR194-2	DCBLD2
MIR194-1	MIR194-2	CNTNAP2
MIR194-1	MIR194-2	ZNF532
MIR194-1	MIR194-2	SSH2
MIR194-1	MIR194-2	MID1IP1
MIR194-1	MIR194-2	PDHB
MIR194-1	MIR194-2	UBR3
MIR194-1	MIR194-2	QKI
MIR194-1	MIR194-2	ASAP1
MIR194-1	MIR194-2	PITPNM2
MIR194-1	MIR194-2	TGIF1
MIR194-1	MIR194-2	C18orf25
MIR194-1	MIR194-2	TJAP1
MIR194-1	MIR194-2	MAPK1
MIR194-1	MIR194-2	SOX5
MIR194-1	MIR194-2	VAPA
MIR194-1	MIR194-2	FBXW7
MIR194-1	MIR194-2	SLC30A8
MIR194-1	MIR194-2	PPP3R1
MIR194-1	MIR194-2	ITPKB
MIR194-1	MIR194-2	RAB38
MIR194-1	MIR194-2	C21orf91
MIR194-1	MIR194-2	THBS1
MIR194-1	MIR194-2	TRIP12
MIR194-1	MIR194-2	SLC12A6
MIR194-1	MIR194-2	PCBD1
MIR194-1	MIR194-2	HNRNPA0
MIR194-1	MIR194-2	TMEM65
MIR194-1	MIR194-2	CTDSPL2
MIR194-1	MIR194-2	CLCN5
MIR194-1	MIR194-2	ARHGAP21
MIR194-1	MIR194-2	CHD6
MIR194-1	MIR194-2	SUMO2
MIR194-1	MIR194-2	DYRK1A
MIR194-1	MIR194-2	SPCS2
MIR194-1	MIR194-2	TRAPPC8
MIR194-1	MIR194-2	TSPAN7
MIR194-1	MIR194-2	MAP2
MIR194-1	MIR194-2	RSBN1L
MIR194-1	MIR194-2	ITSN1
MIR194-1	MIR194-2	ERGIC2
MIR194-1	MIR194-2	KAT6B
MIR194-1	MIR194-2	TRAF6
MIR194-1	MIR194-2	MIA2
MIR194-1	MIR194-2	SLTM
MIR194-1	MIR194-2	KDM5A
MIR194-1	MIR194-2	PFN2
MIR194-1	MIR194-2	DMD
MIR194-1	MIR194-2	KDM5B
MIR194-1	MIR194-2	IGF1R
MIR194-1	MIR194-2	ACVR1
MIR194-1	MIR194-2	MINDY2
MIR194-1	MIR194-2	MITF
MIR194-1	MIR194-2	NAA15
MIR194-1	MIR194-2	SPRED1
MIR194-1	MIR194-2	SNAP91
MIR194-1	MIR194-2	UBE2D3
MIR194-1	MIR194-2	NFAT5
MIR194-1	MIR194-2	BTBD7
MIR194-1	MIR194-2	RNF11
MIR194-1	MIR194-2	MIDEAS
MIR194-1	MIR194-2	CHD4
MIR194-1	MIR194-2	CHD9
MIR194-1	MIR194-2	RSBN1
MIR194-1	MIR194-2	CSNK1D
MIR194-1	MIR194-2	SEPHS1
MIR194-1	MIR194-2	BMT2
MIR194-1	MIR194-2	RHEB
MIR194-1	MIR194-2	RAP2B
MIR194-1	MIR194-2	SS18
MIR194-1	MIR194-2	SETD5
MIR194-1	MIR194-2	CHD1
MIR194-1	MIR194-2	PAN3
MIR194-1	MIR194-2	CFL2
MIR194-1	MIR194-2	KCND2
MIR194-1	MIR194-2	HECTD2
MIR194-1	MIR194-2	CUL4B
MIR194-1	MIR194-2	PELI1
MIR194-1	MIR194-2	BNIP2
MIR194-1	MIR194-2	TCF7L2
MIR194-1	MIR194-2	FAM76A
MIR194-1	MIR194-2	EFNB2
MIR194-1	MIR194-2	RAP1B
MIR194-1	MIR194-2	SLC7A5
MIR194-1	MIR194-2	MGAT4A
MIR194-1	MIR194-2	TMED5
MIR194-1	MIR194-2	TTC7B
MIR194-1	MIR194-2	SATB1
MIR194-1	MIR194-2	ARHGAP5
MIR194-1	MIR194-2	KMT2C
MIR194-1	MIR194-2	PDE4D
MIR194-1	MIR194-2	BTF3L4
MIR194-1	MIR194-2	FMR1
MIR194-1	MIR194-2	STAU2
MIR194-1	MIR194-2	KMT5A
MIR194-1	MIR194-2	ACBD3
MIR194-1	MIR194-2	HBEGF
MIR194-1	MIR194-2	PRKAR1A
MIR194-1	MIR194-2	ZC3H12C
MIR194-1	MIR194-2	CNR1
MIR194-1	MIR194-2	ACVR2B
MIR194-1	MIR194-2	FZD6
MIR194-1	MIR194-2	NXPH1
MIR194-1	MIR194-2	WAPL
MIR194-1	MIR194-2	CA5B
MIR194-1	MIR194-2	RAB3B
MIR194-1	MIR194-2	PAIP2
MIR194-1	MIR194-2	DACH1
MIR194-1	MIR194-2	SLC40A1
MIR194-1	MIR194-2	LRRFIP1
MIR194-1	MIR194-2	TRIM23
MIR194-1	MIR194-2	ARF4
MIR194-1	MIR194-2	RAB6B
MIR194-1	MIR194-2	NACC2
MIR194-1	MIR194-2	FOXA1
MIR194-1	MIR194-2	NAA50
MIR194-1	MIR194-2	PPFIBP1
MIR194-1	MIR194-2	PTPN12
MIR194-1	MIR194-2	ARID2
MIR194-1	MIR194-2	HOOK3
MIR194-1	MIR194-2	LCOR
MIR194-1	MIR194-2	TEAD1
MIR194-1	MIR194-2	BIRC6
MIR194-1	MIR194-2	TAF4
MIR194-1	MIR194-2	SALL1
MIR194-1	MIR194-2	ZCCHC2
MIR194-1	MIR194-2	MBNL2
MIR194-1	MIR194-2	RICTOR
MIR194-1	MIR194-2	UBE2K
MIR194-1	MIR194-2	EPC2
MIR194-1	MIR194-2	ZFHX4
MIR194-1	MIR194-2	REV3L
MIR194-1	MIR194-2	GYG1
MIR194-1	MIR194-2	NUDC
MIR194-1	MIR194-2	ZFAND5
MIR194-1	MIR194-2	KHDRBS2
MIR194-1	MIR194-2	DCUN1D4
MIR194-1	MIR194-2	ZFHX3
MIR194-1	MIR194-2	NWD2
MIR196A1	MIR196A2	PPP1R15B
MIR196A1	MIR196A2	PDGFRA
MIR196A1	MIR196A2	LRIG3
MIR196A1	MIR196A2	NHS
MIR196A1	MIR196A2	GALC
MIR196A1	MIR196A2	SLC49A4
MIR196A1	MIR196A2	MAP4K3
MIR196A1	MIR196A2	SPINDOC
MIR196A1	MIR196A2	NRAS
MIR196A1	MIR196A2	CASK
MIR196A1	MIR196A2	LRRC4B
MIR196A1	MIR196A2	ADCY9
MIR196A1	MIR196A2	COL14A1
MIR196A1	MIR196A2	PACRGL
MIR196A1	MIR196A2	PTPRG
MIR196A1	MIR196A2	TOX3
MIR196A1	MIR196A2	UHRF2
MIR196A1	MIR196A2	HMGA1
MIR196A1	MIR196A2	EBF1
MIR196A1	MIR196A2	BNC2
MIR196A1	MIR196A2	NME4
MIR196A1	MIR196A2	GRPEL2
MIR196A1	MIR196A2	HOXA5
MIR196A1	MIR196A2	LRIG2
MIR196A1	MIR196A2	PBX3
MIR196A1	MIR196A2	SMARCC1
MIR196A1	MIR196A2	PARD6B
MIR196A1	MIR196A2	KCNJ2
MIR196A1	MIR196A2	LARP4
MIR196A1	MIR196A2	NAP1L1
MIR196A1	MIR196A2	WDR37
MIR196A1	MIR196A2	CDYL
MIR196A1	MIR196A2	ZNF281
MIR196A1	MIR196A2	SYNCRIP
MIR196A1	MIR196A2	USP48
MIR196A1	MIR196A2	ACSL6
MIR196A1	MIR196A2	TRANK1
MIR196A1	MIR196A2	ZDHHC21
MIR196A1	MIR196A2	GATA6
MIR196A1	MIR196A2	ERI2
MIR196A1	MIR196A2	SSR1
MIR196A1	MIR196A2	HOXA9
MIR196A1	MIR196A2	HOXB6
MIR196A1	MIR196A2	HOOK1
MIR196A1	MIR196A2	OTUD6B
MIR196A1	MIR196A2	NEDD4L
MIR196A1	MIR196A2	CEP350
MIR196A1	MIR196A2	ROCK1
MIR196A1	MIR196A2	LCORL
MIR196A1	MIR196A2	RASSF3
MIR196A1	MIR196A2	DIP2A
MIR196A1	MIR196A2	EXOC5
MIR196A1	MIR196A2	HDAC9
MIR196A1	MIR196A2	FRMD4B
MIR196A1	MIR196A2	IGF2BP3
MIR196A1	MIR196A2	RIOK3
MIR196A1	MIR196A2	NR2C2
MIR196A1	MIR196A2	GTF2A1
MIR196A1	MIR196A2	HDX
MIR196A1	MIR196A2	PLPP6
MIR196A1	MIR196A2	EEA1
MIR196A1	MIR196A2	TMOD2
MIR196A1	MIR196A2	ZBTB26
MIR196A1	MIR196A2	TBPL1
MIR196A1	MIR196A2	KATNBL1
MIR196A1	MIR196A2	LTN1
MIR196A1	MIR196A2	MAP3K1
MIR196A1	MIR196A2	SCHIP1
MIR196A1	MIR196A2	ELF4
MIR196A1	MIR196A2	SNAP91
MIR196A1	MIR196A2	SPRED1
MIR196A1	MIR196A2	RTL8A
MIR196A1	MIR196A2	TMEM245
MIR196A1	MIR196A2	HMGA2
MIR196A1	MIR196A2	GLTP
MIR196A1	MIR196A2	SDCBP
MIR196A1	MIR196A2	CREBL2
MIR196A1	MIR196A2	ERLIN2
MIR196A1	MIR196A2	IGF2BP1
MIR196A1	MIR196A2	ARFGEF1
MIR196A1	MIR196A2	TMX1
MIR196A1	MIR196A2	SNX16
MIR196A1	MIR196A2	HAND1
MIR196A1	MIR196A2	TGFBR3
MIR196A1	MIR196A2	RDX
MIR196A1	MIR196A2	DDX19A
MIR196A1	MIR196A2	EPHA7
MIR196A1	MIR196A2	FOXP2
MIR196A1	MIR196A2	HOXA7
MIR196A1	MIR196A2	SOCS6
MIR196A1	MIR196A2	LRRC17
MIR196A1	MIR196A2	COL1A2
MIR196A1	MIR196A2	NCS1
MIR196A1	MIR196A2	EPS15
MIR196A1	MIR196A2	ING5
MIR196A1	MIR196A2	NRXN1
MIR196A1	MIR196A2	EEF2K
MIR196A1	MIR196A2	LRP1B
MIR196A1	MIR196A2	ATXN1
MIR196A1	MIR196A2	CCDC47
MIR196A1	MIR196A2	CDV3
MIR196A1	MIR196A2	NKAPD1
MIR196A1	MIR196A2	PALD1
MIR196A1	MIR196A2	ARHGAP28
MIR196A1	MIR196A2	PANK2
MIR196A1	MIR196A2	MGAT4A
MIR196A1	MIR196A2	PHF20
MIR196A1	MIR196A2	OPCML
MIR196A1	MIR196A2	DDX19B
MIR196A1	MIR196A2	ZMYND11
MIR196A1	MIR196A2	SERP1
MIR196A1	MIR196A2	DCAF15
MIR196A1	MIR196A2	CALM1
MIR196A1	MIR196A2	FNIP1
MIR196A1	MIR196A2	EXOC8
MIR196A1	MIR196A2	MTCL1
MIR196A1	MIR196A2	HABP4
MIR196A1	MIR196A2	ERG
MIR196A1	MIR196A2	PRTG
MIR196A1	MIR196A2	SLF2
MIR196A1	MIR196A2	SPTSSA
MIR196A1	MIR196A2	LIN28B
MIR196A1	MIR196A2	RGL2
MIR196A1	MIR196A2	SAMD4A
MIR196A1	MIR196A2	PAPOLG
MIR196A1	MIR196A2	SOX11
MIR196A1	MIR196A2	MARS2
MIR196A1	MIR196A2	SYT9
MIR196A1	MIR196A2	TRPC3
MIR196A1	MIR196A2	RCC2
MIR196A1	MIR196A2	NR6A1
MIR196A1	MIR196A2	BACH1
MIR196A1	MIR196A2	LIN28A
MIR196A1	MIR196A2	GPCPD1
MIR196A1	MIR196A2	USP15
MIR196A1	MIR196A2	HOXC8
MIR196A1	MIR196A2	COL24A1
MIR196A1	MIR196A2	CELF2
MIR196A1	MIR196A2	TSPAN12
MIR196A1	MIR196A2	POLR3D
MIR196A1	MIR196A2	CDC34
MIR196A1	MIR196A2	HOXB7
MIR196A1	MIR196A2	STEAP2
MIR196A1	MIR196A2	GAN
MIR196A1	MIR196A2	OSMR
MIR196A1	MIR196A2	ABCB9
MIR196A1	MIR196A2	MAGT1
MIR196A1	MIR196A2	RASGRP1
MIR196A1	MIR196A2	VSNL1
MIR196A1	MIR196A2	DCDC2
MIR196A1	MIR196A2	SLC2A12
MIR196A1	MIR196A2	CDKN1B
MIR196A1	MIR196A2	LCOR
MIR196A1	MIR196A2	RTL8C
MIR196A1	MIR196A2	RSPO2
MIR196A1	MIR196A2	BIRC6
MIR196A1	MIR196A2	MBNL2
MIR196A1	MIR196A2	CBFA2T3
MIR196A1	MIR196A2	IGDCC4
MIR196A1	MIR196A2	KLHL23
MIR196A1	MIR196A2	RICTOR
MIR196A1	MIR196A2	SMCR8
MIR196A1	MIR196A2	PBX1
MIR196A1	MIR196A2	CCNJ
MIR196A1	MIR196A2	EPC2
MIR196A1	MIR196A2	PPP6R2
MIR196A1	MIR196A2	SLC9A6
MIR196A1	MIR196A2	BCAT1
MIR196A1	MIR196A2	PLEKHA8
MIR196A1	MIR196A2	TRERF1
MIR196A1	MIR196A2	PSMD11
MIR196A1	MIR196B	PPP1R15B
MIR196A1	MIR196B	PDGFRA
MIR196A1	MIR196B	LRIG3
MIR196A1	MIR196B	NHS
MIR196A1	MIR196B	GALC
MIR196A1	MIR196B	SLC49A4
MIR196A1	MIR196B	CPEB3
MIR196A1	MIR196B	TLE4
MIR196A1	MIR196B	MAP4K3
MIR196A1	MIR196B	SPINDOC
MIR196A1	MIR196B	NRAS
MIR196A1	MIR196B	CASK
MIR196A1	MIR196B	LRRC4B
MIR196A1	MIR196B	ADCY9
MIR196A1	MIR196B	COL14A1
MIR196A1	MIR196B	PACRGL
MIR196A1	MIR196B	PTPRG
MIR196A1	MIR196B	TOX3
MIR196A1	MIR196B	UHRF2
MIR196A1	MIR196B	HMGA1
MIR196A1	MIR196B	EBF1
MIR196A1	MIR196B	BNC2
MIR196A1	MIR196B	NME4
MIR196A1	MIR196B	GRPEL2
MIR196A1	MIR196B	HOXA5
MIR196A1	MIR196B	LRIG2
MIR196A1	MIR196B	PBX3
MIR196A1	MIR196B	SMARCC1
MIR196A1	MIR196B	PARD6B
MIR196A1	MIR196B	KCNJ2
MIR196A1	MIR196B	LARP4
MIR196A1	MIR196B	NAP1L1
MIR196A1	MIR196B	WDR37
MIR196A1	MIR196B	CDYL
MIR196A1	MIR196B	ZNF281
MIR196A1	MIR196B	ACSL6
MIR196A1	MIR196B	TRANK1
MIR196A1	MIR196B	ZDHHC21
MIR196A1	MIR196B	GATA6
MIR196A1	MIR196B	ERI2
MIR196A1	MIR196B	SSR1
MIR196A1	MIR196B	HOXA9
MIR196A1	MIR196B	HOXB6
MIR196A1	MIR196B	HOOK1
MIR196A1	MIR196B	OTUD6B
MIR196A1	MIR196B	NEDD4L
MIR196A1	MIR196B	CEP350
MIR196A1	MIR196B	ROCK1
MIR196A1	MIR196B	LCORL
MIR196A1	MIR196B	RASSF3
MIR196A1	MIR196B	DIP2A
MIR196A1	MIR196B	EXOC5
MIR196A1	MIR196B	HDAC9
MIR196A1	MIR196B	FRMD4B
MIR196A1	MIR196B	TET2
MIR196A1	MIR196B	IGF2BP3
MIR196A1	MIR196B	RIOK3
MIR196A1	MIR196B	NR2C2
MIR196A1	MIR196B	GTF2A1
MIR196A1	MIR196B	PLPP6
MIR196A1	MIR196B	EEA1
MIR196A1	MIR196B	ZBTB26
MIR196A1	MIR196B	TBPL1
MIR196A1	MIR196B	KATNBL1
MIR196A1	MIR196B	LTN1
MIR196A1	MIR196B	MAP3K1
MIR196A1	MIR196B	SCHIP1
MIR196A1	MIR196B	ELF4
MIR196A1	MIR196B	SNAP91
MIR196A1	MIR196B	SPRED1
MIR196A1	MIR196B	RTL8A
MIR196A1	MIR196B	TMEM245
MIR196A1	MIR196B	HMGA2
MIR196A1	MIR196B	GLTP
MIR196A1	MIR196B	SDCBP
MIR196A1	MIR196B	CREBL2
MIR196A1	MIR196B	ERLIN2
MIR196A1	MIR196B	IGF2BP1
MIR196A1	MIR196B	ARFGEF1
MIR196A1	MIR196B	TMX1
MIR196A1	MIR196B	SNX16
MIR196A1	MIR196B	HAND1
MIR196A1	MIR196B	TGFBR3
MIR196A1	MIR196B	RDX
MIR196A1	MIR196B	DDX19A
MIR196A1	MIR196B	EPHA7
MIR196A1	MIR196B	FOXP2
MIR196A1	MIR196B	HOXA7
MIR196A1	MIR196B	SOCS6
MIR196A1	MIR196B	LRRC17
MIR196A1	MIR196B	COL1A2
MIR196A1	MIR196B	NCS1
MIR196A1	MIR196B	EPS15
MIR196A1	MIR196B	ING5
MIR196A1	MIR196B	NRXN1
MIR196A1	MIR196B	EEF2K
MIR196A1	MIR196B	LRP1B
MIR196A1	MIR196B	CCDC47
MIR196A1	MIR196B	CDV3
MIR196A1	MIR196B	NKAPD1
MIR196A1	MIR196B	PALD1
MIR196A1	MIR196B	ARHGAP28
MIR196A1	MIR196B	PANK2
MIR196A1	MIR196B	MGAT4A
MIR196A1	MIR196B	PHF20
MIR196A1	MIR196B	OPCML
MIR196A1	MIR196B	DDX19B
MIR196A1	MIR196B	ZMYND11
MIR196A1	MIR196B	SERP1
MIR196A1	MIR196B	DCAF15
MIR196A1	MIR196B	CALM1
MIR196A1	MIR196B	FNIP1
MIR196A1	MIR196B	EXOC8
MIR196A1	MIR196B	MTCL1
MIR196A1	MIR196B	ERG
MIR196A1	MIR196B	PRTG
MIR196A1	MIR196B	SPTSSA
MIR196A1	MIR196B	LIN28B
MIR196A1	MIR196B	RGL2
MIR196A1	MIR196B	PAPOLG
MIR196A1	MIR196B	SOX11
MIR196A1	MIR196B	MARS2
MIR196A1	MIR196B	SYT9
MIR196A1	MIR196B	TRPC3
MIR196A1	MIR196B	RCC2
MIR196A1	MIR196B	NR6A1
MIR196A1	MIR196B	CDK17
MIR196A1	MIR196B	BACH1
MIR196A1	MIR196B	LIN28A
MIR196A1	MIR196B	GPCPD1
MIR196A1	MIR196B	USP15
MIR196A1	MIR196B	HOXC8
MIR196A1	MIR196B	COL24A1
MIR196A1	MIR196B	CELF2
MIR196A1	MIR196B	TSPAN12
MIR196A1	MIR196B	POLR3D
MIR196A1	MIR196B	CDC34
MIR196A1	MIR196B	HOXB7
MIR196A1	MIR196B	GAN
MIR196A1	MIR196B	OSMR
MIR196A1	MIR196B	ABCB9
MIR196A1	MIR196B	MAGT1
MIR196A1	MIR196B	RASGRP1
MIR196A1	MIR196B	VSNL1
MIR196A1	MIR196B	DCDC2
MIR196A1	MIR196B	SLC2A12
MIR196A1	MIR196B	CDKN1B
MIR196A1	MIR196B	LCOR
MIR196A1	MIR196B	RTL8C
MIR196A1	MIR196B	RSPO2
MIR196A1	MIR196B	BIRC6
MIR196A1	MIR196B	MBNL2
MIR196A1	MIR196B	CBFA2T3
MIR196A1	MIR196B	IGDCC4
MIR196A1	MIR196B	KLHL23
MIR196A1	MIR196B	RICTOR
MIR196A1	MIR196B	SMCR8
MIR196A1	MIR196B	PBX1
MIR196A1	MIR196B	CCNJ
MIR196A1	MIR196B	EPC2
MIR196A1	MIR196B	PPP6R2
MIR196A1	MIR196B	MRTFB
MIR196A1	MIR196B	SLC9A6
MIR196A1	MIR196B	BCAT1
MIR196A1	MIR196B	TRERF1
MIR196A1	MIR196B	PSMD11
MIR196A2	MIR196B	PPP1R15B
MIR196A2	MIR196B	PDGFRA
MIR196A2	MIR196B	LRIG3
MIR196A2	MIR196B	NHS
MIR196A2	MIR196B	GALC
MIR196A2	MIR196B	SLC49A4
MIR196A2	MIR196B	PCDH17
MIR196A2	MIR196B	MAP4K3
MIR196A2	MIR196B	SPINDOC
MIR196A2	MIR196B	CASK
MIR196A2	MIR196B	NRAS
MIR196A2	MIR196B	MIEF1
MIR196A2	MIR196B	LRRC4B
MIR196A2	MIR196B	ADCY9
MIR196A2	MIR196B	COL14A1
MIR196A2	MIR196B	PTPRG
MIR196A2	MIR196B	PACRGL
MIR196A2	MIR196B	TOX3
MIR196A2	MIR196B	UHRF2
MIR196A2	MIR196B	HMGA1
MIR196A2	MIR196B	EBF1
MIR196A2	MIR196B	BNC2
MIR196A2	MIR196B	NME4
MIR196A2	MIR196B	GRPEL2
MIR196A2	MIR196B	HOXA5
MIR196A2	MIR196B	PBX3
MIR196A2	MIR196B	LRIG2
MIR196A2	MIR196B	SMARCC1
MIR196A2	MIR196B	PARD6B
MIR196A2	MIR196B	KCNJ2
MIR196A2	MIR196B	WDR37
MIR196A2	MIR196B	ZNF281
MIR196A2	MIR196B	NAP1L1
MIR196A2	MIR196B	CDYL
MIR196A2	MIR196B	LARP4
MIR196A2	MIR196B	ACSL6
MIR196A2	MIR196B	TRANK1
MIR196A2	MIR196B	ZDHHC21
MIR196A2	MIR196B	GATA6
MIR196A2	MIR196B	ERI2
MIR196A2	MIR196B	SSR1
MIR196A2	MIR196B	HOXA9
MIR196A2	MIR196B	HOXB6
MIR196A2	MIR196B	HOOK1
MIR196A2	MIR196B	OTUD6B
MIR196A2	MIR196B	NEDD4L
MIR196A2	MIR196B	CEP350
MIR196A2	MIR196B	ROCK1
MIR196A2	MIR196B	LCORL
MIR196A2	MIR196B	RASSF3
MIR196A2	MIR196B	DIP2A
MIR196A2	MIR196B	HDAC9
MIR196A2	MIR196B	EXOC5
MIR196A2	MIR196B	FRMD4B
MIR196A2	MIR196B	HS6ST2
MIR196A2	MIR196B	IGF2BP3
MIR196A2	MIR196B	RIOK3
MIR196A2	MIR196B	NR2C2
MIR196A2	MIR196B	GTF2A1
MIR196A2	MIR196B	PLPP6
MIR196A2	MIR196B	EEA1
MIR196A2	MIR196B	ZBTB26
MIR196A2	MIR196B	TBPL1
MIR196A2	MIR196B	KATNBL1
MIR196A2	MIR196B	LTN1
MIR196A2	MIR196B	MAP3K1
MIR196A2	MIR196B	SCHIP1
MIR196A2	MIR196B	SPRED1
MIR196A2	MIR196B	ELF4
MIR196A2	MIR196B	SNAP91
MIR196A2	MIR196B	RTL8A
MIR196A2	MIR196B	ELAVL4
MIR196A2	MIR196B	TMEM245
MIR196A2	MIR196B	HMGA2
MIR196A2	MIR196B	SDCBP
MIR196A2	MIR196B	TMX1
MIR196A2	MIR196B	ERLIN2
MIR196A2	MIR196B	GLTP
MIR196A2	MIR196B	IGF2BP1
MIR196A2	MIR196B	ARFGEF1
MIR196A2	MIR196B	CREBL2
MIR196A2	MIR196B	SNX16
MIR196A2	MIR196B	BHLHE41
MIR196A2	MIR196B	HAND1
MIR196A2	MIR196B	TGFBR3
MIR196A2	MIR196B	RDX
MIR196A2	MIR196B	DDX19A
MIR196A2	MIR196B	EPHA7
MIR196A2	MIR196B	FOXP2
MIR196A2	MIR196B	HOXA7
MIR196A2	MIR196B	SOCS6
MIR196A2	MIR196B	LRRC17
MIR196A2	MIR196B	NCS1
MIR196A2	MIR196B	COL1A2
MIR196A2	MIR196B	EPS15
MIR196A2	MIR196B	ING5
MIR196A2	MIR196B	NRXN1
MIR196A2	MIR196B	LRP1B
MIR196A2	MIR196B	EEF2K
MIR196A2	MIR196B	CCDC47
MIR196A2	MIR196B	CDV3
MIR196A2	MIR196B	NKAPD1
MIR196A2	MIR196B	PALD1
MIR196A2	MIR196B	ARHGAP28
MIR196A2	MIR196B	PANK2
MIR196A2	MIR196B	MGAT4A
MIR196A2	MIR196B	PHF20
MIR196A2	MIR196B	OPCML
MIR196A2	MIR196B	DDX19B
MIR196A2	MIR196B	ZMYND11
MIR196A2	MIR196B	SERP1
MIR196A2	MIR196B	DCAF15
MIR196A2	MIR196B	CALM1
MIR196A2	MIR196B	FNIP1
MIR196A2	MIR196B	EXOC8
MIR196A2	MIR196B	MTCL1
MIR196A2	MIR196B	ERG
MIR196A2	MIR196B	PRTG
MIR196A2	MIR196B	SPTSSA
MIR196A2	MIR196B	LIN28B
MIR196A2	MIR196B	RGL2
MIR196A2	MIR196B	PAPOLG
MIR196A2	MIR196B	SYT9
MIR196A2	MIR196B	MARS2
MIR196A2	MIR196B	SOX11
MIR196A2	MIR196B	TRPC3
MIR196A2	MIR196B	RCC2
MIR196A2	MIR196B	NR6A1
MIR196A2	MIR196B	BACH1
MIR196A2	MIR196B	LIN28A
MIR196A2	MIR196B	GPCPD1
MIR196A2	MIR196B	USP15
MIR196A2	MIR196B	HOXC8
MIR196A2	MIR196B	COL24A1
MIR196A2	MIR196B	CELF2
MIR196A2	MIR196B	TSPAN12
MIR196A2	MIR196B	POLR3D
MIR196A2	MIR196B	HOXB7
MIR196A2	MIR196B	CDC34
MIR196A2	MIR196B	GAN
MIR196A2	MIR196B	OSMR
MIR196A2	MIR196B	ABCB9
MIR196A2	MIR196B	VSNL1
MIR196A2	MIR196B	MAGT1
MIR196A2	MIR196B	RASGRP1
MIR196A2	MIR196B	DCDC2
MIR196A2	MIR196B	SLC2A12
MIR196A2	MIR196B	CDKN1B
MIR196A2	MIR196B	LCOR
MIR196A2	MIR196B	RTL8C
MIR196A2	MIR196B	RSPO2
MIR196A2	MIR196B	BIRC6
MIR196A2	MIR196B	MBNL2
MIR196A2	MIR196B	CBFA2T3
MIR196A2	MIR196B	IGDCC4
MIR196A2	MIR196B	SMCR8
MIR196A2	MIR196B	KLHL23
MIR196A2	MIR196B	RICTOR
MIR196A2	MIR196B	PBX1
MIR196A2	MIR196B	CCNJ
MIR196A2	MIR196B	EPC2
MIR196A2	MIR196B	PPP6R2
MIR196A2	MIR196B	SLC9A6
MIR196A2	MIR196B	BCAT1
MIR196A2	MIR196B	TRERF1
MIR196A2	MIR196B	PSMD11
MIR199A1	MIR199A2	CDKN1C
MIR199A1	MIR199A2	UBE2G1
MIR199A1	MIR199A2	SLC49A4
MIR199A1	MIR199A2	SEC16B
MIR199A1	MIR199A2	TXLNG
MIR199A1	MIR199A2	GPR63
MIR199A1	MIR199A2	ALS2
MIR199A1	MIR199A2	LRP2
MIR199A1	MIR199A2	PAWR
MIR199A1	MIR199A2	MDGA2
MIR199A1	MIR199A2	DPP8
MIR199A1	MIR199A2	UCK2
MIR199A1	MIR199A2	TGFB2
MIR199A1	MIR199A2	BEND3
MIR199A1	MIR199A2	IFFO2
MIR199A1	MIR199A2	ATAD1
MIR199A1	MIR199A2	CNOT7
MIR199A1	MIR199A2	APLP2
MIR199A1	MIR199A2	PPP2R2A
MIR199A1	MIR199A2	MKRN1
MIR199A1	MIR199A2	HLF
MIR199A1	MIR199A2	NACC1
MIR199A1	MIR199A2	PIGB
MIR199A1	MIR199A2	HIF1A
MIR199A1	MIR199A2	RORB
MIR199A1	MIR199A2	DYRK1A
MIR199A1	MIR199A2	GPBP1L1
MIR199A1	MIR199A2	TET2
MIR199A1	MIR199A2	SECISBP2L
MIR199A1	MIR199A2	E2F3
MIR199A1	MIR199A2	AREL1
MIR199A1	MIR199A2	ZBTB42
MIR199A1	MIR199A2	CLCN3
MIR199A1	MIR199A2	SINHCAF
MIR199A1	MIR199A2	AK4
MIR199A1	MIR199A2	UBL3
MIR199A1	MIR199A2	ZNF516
MIR199A1	MIR199A2	LAMC1
MIR199A1	MIR199A2	CD2AP
MIR199A1	MIR199A2	DDIT4
MIR199A1	MIR199A2	NAA25
MIR199A1	MIR199A2	TMEM62
MIR199A1	MIR199A2	GNA12
MIR199A1	MIR199A2	PHTF2
MIR199A1	MIR199A2	AEBP2
MIR199A1	MIR199A2	ERBB4
MIR199A1	MIR199A2	IL13RA1
MIR199A1	MIR199A2	TAOK1
MIR199A1	MIR199A2	ETS1
MIR199A1	MIR199A2	RGMA
MIR199A1	MIR199A2	TAB2
MIR199A1	MIR199A2	PLCB1
MIR199A1	MIR199A2	NID2
MIR199A1	MIR199A2	ZFP2
MIR199A1	MIR199A2	FZD6
MIR199A1	MIR199A2	CBL
MIR199A1	MIR199A2	AUTS2
MIR199A1	MIR199A2	CDK17
MIR199A1	MIR199A2	KDM6A
MIR199A1	MIR199A2	ZNF579
MIR199A1	MIR199A2	CELF2
MIR199A1	MIR199A2	UNG
MIR199A1	MIR199A2	GPRC5A
MIR199A1	MIR199A2	NACC2
MIR199A1	MIR199A2	TEAD1
MIR199A1	MIR199A2	MAP3K5
MIR199A1	MIR199A2	ZCCHC2
MIR199A1	MIR199A2	MTOR
MIR199A1	MIR199A2	FXR1
MIR199A1	MIR199A2	KCTD16
MIR199A1	MIR199A2	WDR47
MIR199A1	MIR199A2	PPARGC1A
MIR199A1	MIR199A2	CCDC88A
MIR199A1	MIR199A2	DENND6A
MIR199A1	MIR199A2	MAP4K3
MIR199A1	MIR199A2	UBE2W
MIR199A1	MIR199A2	DCBLD2
MIR199A1	MIR199A2	GPR89B
MIR199A1	MIR199A2	TOX3
MIR199A1	MIR199A2	CREBRF
MIR199A1	MIR199A2	CHAD
MIR199A1	MIR199A2	PRKCE
MIR199A1	MIR199A2	APPBP2
MIR199A1	MIR199A2	BCAR3
MIR199A1	MIR199A2	RNF14
MIR199A1	MIR199A2	GJA5
MIR199A1	MIR199A2	TSPAN3
MIR199A1	MIR199A2	NAA40
MIR199A1	MIR199A2	PTPRZ1
MIR199A1	MIR199A2	MAP3K11
MIR199A1	MIR199A2	ADAMTSL3
MIR199A1	MIR199A2	KLHL3
MIR199A1	MIR199A2	ARHGAP21
MIR199A1	MIR199A2	RNGTT
MIR199A1	MIR199A2	DNMT3A
MIR199A1	MIR199A2	CNEP1R1
MIR199A1	MIR199A2	ITGB8
MIR199A1	MIR199A2	OXSR1
MIR199A1	MIR199A2	SAT1
MIR199A1	MIR199A2	CRYBG3
MIR199A1	MIR199A2	MARCHF7
MIR199A1	MIR199A2	LRRC1
MIR199A1	MIR199A2	PAX3
MIR199A1	MIR199A2	ARID4B
MIR199A1	MIR199A2	MYRF
MIR199A1	MIR199A2	ECE1
MIR199A1	MIR199A2	SHOC2
MIR199A1	MIR199A2	ADAMTS3
MIR199A1	MIR199A2	SLC6A5
MIR199A1	MIR199A2	ADD3
MIR199A1	MIR199A2	FBXW11
MIR199A1	MIR199A2	PPP1R2
MIR199A1	MIR199A2	PMP22
MIR199A1	MIR199A2	RHEB
MIR199A1	MIR199A2	VAMP3
MIR199A1	MIR199A2	PAN3
MIR199A1	MIR199A2	FAM222B
MIR199A1	MIR199A2	ASRGL1
MIR199A1	MIR199A2	RB1
MIR199A1	MIR199A2	SEMA3A
MIR199A1	MIR199A2	DUSP5
MIR199A1	MIR199A2	CELSR2
MIR199A1	MIR199A2	PPP1R9A
MIR199A1	MIR199A2	PNRC1
MIR199A1	MIR199A2	ARHGAP12
MIR199A1	MIR199A2	CCDC120
MIR199A1	MIR199A2	GRK3
MIR199A1	MIR199A2	ABCC1
MIR199A1	MIR199A2	YAF2
MIR199A1	MIR199A2	PDE4D
MIR199A1	MIR199A2	SUN1
MIR199A1	MIR199A2	FGF7
MIR199A1	MIR199A2	EXOC8
MIR199A1	MIR199A2	ARF6
MIR199A1	MIR199A2	NAALADL2
MIR199A1	MIR199A2	NFIA
MIR199A1	MIR199A2	MYEF2
MIR199A1	MIR199A2	SLF2
MIR199A1	MIR199A2	SORCS3
MIR199A1	MIR199A2	ZHX1
MIR199A1	MIR199A2	VLDLR
MIR199A1	MIR199A2	WAPL
MIR199A1	MIR199A2	GCNT2
MIR199A1	MIR199A2	LIN7C
MIR199A1	MIR199A2	TSPAN6
MIR199A1	MIR199A2	ZNF654
MIR199A1	MIR199A2	PAXBP1
MIR199A1	MIR199A2	ZBTB18
MIR199A1	MIR199A2	DIO2
MIR199A1	MIR199A2	ZHX2
MIR199A1	MIR199A2	PODXL
MIR199A1	MIR199A2	CPEB4
MIR199A1	MIR199A2	SRGAP3
MIR199A1	MIR199A2	DEPDC1B
MIR199A1	MIR199A2	NINL
MIR199A1	MIR199A2	ITPK1
MIR199A1	MIR199A2	TGIF2
MIR199A1	MIR199A2	ZNF652
MIR199A1	MIR199A2	LCOR
MIR199A1	MIR199A2	CCDC43
MIR199A1	MIR199A2	CCNJ
MIR199A1	MIR199A2	SOWAHC
MIR199A1	MIR199A2	CLK2
MIR199A1	MIR199A2	FBXO28
MIR199A1	MIR199A2	TACC2
MIR199A1	MIR199A2	EPB41L1
MIR199A1	MIR199A2	MBNL1
MIR199A1	MIR199A2	DUSP14
MIR199A1	MIR199A2	FZD4
MIR199A1	MIR199A2	PLEKHA3
MIR199A1	MIR199A2	UXS1
MIR199A1	MIR199A2	PLAG1
MIR199A1	MIR199A2	QKI
MIR199A1	MIR199A2	SERPINE2
MIR199A1	MIR199A2	C1GALT1
MIR199A1	MIR199A2	CDCA7L
MIR199A1	MIR199A2	ENOX2
MIR199A1	MIR199A2	ADRB1
MIR199A1	MIR199A2	AFTPH
MIR199A1	MIR199A2	RAB10
MIR199A1	MIR199A2	ATXN7
MIR199A1	MIR199A2	PDPN
MIR199A1	MIR199A2	NEDD4
MIR199A1	MIR199A2	GRB10
MIR199A1	MIR199A2	LYSMD3
MIR199A1	MIR199A2	ESRP1
MIR199A1	MIR199A2	TSPAN5
MIR199A1	MIR199A2	GSK3B
MIR199A1	MIR199A2	LARGE1
MIR199A1	MIR199A2	RASSF2
MIR199A1	MIR199A2	RBM47
MIR199A1	MIR199A2	EDEM3
MIR199A1	MIR199A2	AKAP1
MIR199A1	MIR199A2	SNN
MIR199A1	MIR199A2	ZNF704
MIR199A1	MIR199A2	HMCN1
MIR199A1	MIR199A2	CYB5R4
MIR199A1	MIR199A2	NAA15
MIR199A1	MIR199A2	RALGAPA1
MIR199A1	MIR199A2	CELSR1
MIR199A1	MIR199A2	FUBP1
MIR199A1	MIR199A2	KTN1
MIR199A1	MIR199A2	SACS
MIR199A1	MIR199A2	FOXQ1
MIR199A1	MIR199A2	PHF6
MIR199A1	MIR199A2	PTPN3
MIR199A1	MIR199A2	UBAP1
MIR199A1	MIR199A2	RAB21
MIR199A1	MIR199A2	GOLGA4
MIR199A1	MIR199A2	EPHA7
MIR199A1	MIR199A2	CFL2
MIR199A1	MIR199A2	SNAI1
MIR199A1	MIR199A2	IPO8
MIR199A1	MIR199A2	ACVR2A
MIR199A1	MIR199A2	KPNA4
MIR199A1	MIR199A2	RANBP2
MIR199A1	MIR199A2	CSRP2
MIR199A1	MIR199A2	CLIP1
MIR199A1	MIR199A2	FAM199X
MIR199A1	MIR199A2	SOS2
MIR199A1	MIR199A2	DDX3Y
MIR199A1	MIR199A2	STK4
MIR199A1	MIR199A2	BTBD3
MIR199A1	MIR199A2	ETNK1
MIR199A1	MIR199A2	YWHAE
MIR199A1	MIR199A2	LIN28B
MIR199A1	MIR199A2	ZNF148
MIR199A1	MIR199A2	CAPRIN1
MIR199A1	MIR199A2	ACVR2B
MIR199A1	MIR199A2	NECTIN2
MIR199A1	MIR199A2	ITGA3
MIR199A1	MIR199A2	RBBP4
MIR199A1	MIR199A2	G3BP2
MIR199A1	MIR199A2	MAGT1
MIR199A1	MIR199A2	PAK4
MIR199A1	MIR199A2	GNG5
MIR199A1	MIR199A2	LPAR4
MIR199A1	MIR199A2	ZNF217
MIR199A1	MIR199A2	NLK
MIR199A1	MIR199A2	DDR1
MIR199A1	MIR199A2	BTRC
MIR199A1	MIR199A2	ATRX
MIR199A1	MIR199A2	TMEM63B
MIR199A1	MIR199A2	MEIS2
MIR199A1	MIR199A2	STAG1
MIR199A1	MIR199A2	GREM1
MIR199A1	MIR199A2	HSPA5
MIR199A1	MIR199A2	DDX3X
MIR199A1	MIR199A2	SULF1
MIR199A1	MIR199A2	RAPGEF4
MIR199A1	MIR199A2	NFE2L1
MIR199A1	MIR199A2	RNF216
MIR199A1	MIR199A2	FLRT3
MIR199A1	MIR199A2	PPP2R5E
MIR199A1	MIR199A2	TAB3
MIR199A1	MIR199A2	LARP4
MIR199A1	MIR199A2	SCD
MIR199A1	MIR199A2	TANC1
MIR199A1	MIR199A2	PRPF40A
MIR199A1	MIR199A2	ZFYVE27
MIR199A1	MIR199A2	ZNF776
MIR199A1	MIR199A2	CEP85L
MIR199A1	MIR199A2	VPS26A
MIR199A1	MIR199A2	MAP3K4
MIR199A1	MIR199A2	ABCA1
MIR199A1	MIR199A2	MGAT4B
MIR199A1	MIR199A2	FAM107B
MIR199A1	MIR199A2	CACUL1
MIR199A1	MIR199A2	KATNBL1
MIR199A1	MIR199A2	RNF11
MIR199A1	MIR199A2	MINDY3
MIR199A1	MIR199A2	STIM2
MIR199A1	MIR199A2	CITED2
MIR199A1	MIR199A2	TAF9B
MIR199A1	MIR199A2	KDM3A
MIR199A1	MIR199A2	GPR89A
MIR199A1	MIR199A2	CLTC
MIR199A1	MIR199A2	PKN2
MIR199A1	MIR199A2	RAD23B
MIR199A1	MIR199A2	ARL15
MIR199A1	MIR199A2	SRRM1
MIR199A1	MIR199A2	MCFD2
MIR199A1	MIR199A2	ABHD17C
MIR199A1	MIR199A2	EIF5B
MIR199A1	MIR199A2	SLC24A3
MIR199A1	MIR199A2	ARHGEF3
MIR199A1	MIR199A2	ALX4
MIR199A1	MIR199A2	RNF38
MIR199A1	MIR199A2	RABGAP1
MIR199A1	MIR199A2	SIRT1
MIR199A1	MIR199A2	NPAS2
MIR199A1	MIR199A2	SDC2
MIR199A1	MIR199A2	SLC20A2
MIR199A1	MIR199A2	RUNX1
MIR199A1	MIR199A2	HAPLN1
MIR199A1	MIR199A2	IREB2
MIR199A1	MIR199A2	YAP1
MIR199A1	MIR199A2	RUNX1T1
MIR199A1	MIR199A2	ONECUT2
MIR199A1	MIR199A2	CACNB2
MIR199A1	MIR199A2	AP1G1
MIR199A1	MIR199A2	PON2
MIR199A1	MIR199A2	NOVA1
MIR199A1	MIR199A2	MAB21L1
MIR199A1	MIR199A2	CISD2
MIR199A1	MIR199A2	SLC39A10
MIR199A1	MIR199A2	KIAA0319L
MIR199A1	MIR199A2	PPFIBP1
MIR199A1	MIR199A2	MCM2
MIR199A1	MIR199A2	ZNF763
MIR199A1	MIR199A2	FN1
MIR199A1	MIR199A2	C9orf40
MIR199A1	MIR199A2	PLEKHH1
MIR199A1	MIR199A2	DDHD1
MIR199A1	MIR199A2	COPS2
MIR199A1	MIR199A2	ACOX1
MIR199A1	MIR199A2	RAP2A
MIR199A1	MIR199A2	NTNG2
MIR199A1	MIR199A2	CRIM1
MIR199A1	MIR199A2	PDE4B
MIR199A1	MIR199B	CDKN1C
MIR199A1	MIR199B	UBE2G1
MIR199A1	MIR199B	SLC49A4
MIR199A1	MIR199B	SEC16B
MIR199A1	MIR199B	TXLNG
MIR199A1	MIR199B	GPR63
MIR199A1	MIR199B	ALS2
MIR199A1	MIR199B	LRP2
MIR199A1	MIR199B	PAWR
MIR199A1	MIR199B	MDGA2
MIR199A1	MIR199B	DPP8
MIR199A1	MIR199B	TGFB2
MIR199A1	MIR199B	BEND3
MIR199A1	MIR199B	IFFO2
MIR199A1	MIR199B	ATAD1
MIR199A1	MIR199B	CNOT7
MIR199A1	MIR199B	APLP2
MIR199A1	MIR199B	PPP2R2A
MIR199A1	MIR199B	MKRN1
MIR199A1	MIR199B	HLF
MIR199A1	MIR199B	NACC1
MIR199A1	MIR199B	PIGB
MIR199A1	MIR199B	HIF1A
MIR199A1	MIR199B	RORB
MIR199A1	MIR199B	DYRK1A
MIR199A1	MIR199B	TET2
MIR199A1	MIR199B	E2F3
MIR199A1	MIR199B	ZBTB42
MIR199A1	MIR199B	CLCN3
MIR199A1	MIR199B	SINHCAF
MIR199A1	MIR199B	AK4
MIR199A1	MIR199B	UBL3
MIR199A1	MIR199B	ZNF516
MIR199A1	MIR199B	LAMC1
MIR199A1	MIR199B	CD2AP
MIR199A1	MIR199B	DDIT4
MIR199A1	MIR199B	NAA25
MIR199A1	MIR199B	TMEM62
MIR199A1	MIR199B	GNA12
MIR199A1	MIR199B	PHTF2
MIR199A1	MIR199B	AEBP2
MIR199A1	MIR199B	ERBB4
MIR199A1	MIR199B	IL13RA1
MIR199A1	MIR199B	TAOK1
MIR199A1	MIR199B	ETS1
MIR199A1	MIR199B	RGMA
MIR199A1	MIR199B	TAB2
MIR199A1	MIR199B	PLCB1
MIR199A1	MIR199B	NID2
MIR199A1	MIR199B	ZFP2
MIR199A1	MIR199B	FZD6
MIR199A1	MIR199B	CBL
MIR199A1	MIR199B	AUTS2
MIR199A1	MIR199B	CDK17
MIR199A1	MIR199B	KDM6A
MIR199A1	MIR199B	ZNF579
MIR199A1	MIR199B	CELF2
MIR199A1	MIR199B	UNG
MIR199A1	MIR199B	GPRC5A
MIR199A1	MIR199B	NACC2
MIR199A1	MIR199B	TEAD1
MIR199A1	MIR199B	MAP3K5
MIR199A1	MIR199B	ZCCHC2
MIR199A1	MIR199B	MTOR
MIR199A1	MIR199B	FXR1
MIR199A1	MIR199B	KCTD16
MIR199A1	MIR199B	WDR47
MIR199A1	MIR199B	PPARGC1A
MIR199A1	MIR199B	CCDC88A
MIR199A1	MIR199B	DENND6A
MIR199A1	MIR199B	MAP4K3
MIR199A1	MIR199B	UBE2W
MIR199A1	MIR199B	DCBLD2
MIR199A1	MIR199B	GPR89B
MIR199A1	MIR199B	TOX3
MIR199A1	MIR199B	CREBRF
MIR199A1	MIR199B	CHAD
MIR199A1	MIR199B	PRKCE
MIR199A1	MIR199B	APPBP2
MIR199A1	MIR199B	BCAR3
MIR199A1	MIR199B	RNF14
MIR199A1	MIR199B	GJA5
MIR199A1	MIR199B	TSPAN3
MIR199A1	MIR199B	NAA40
MIR199A1	MIR199B	PTPRZ1
MIR199A1	MIR199B	MAP3K11
MIR199A1	MIR199B	ADAMTSL3
MIR199A1	MIR199B	KLHL3
MIR199A1	MIR199B	ARHGAP21
MIR199A1	MIR199B	RNGTT
MIR199A1	MIR199B	DNMT3A
MIR199A1	MIR199B	CNEP1R1
MIR199A1	MIR199B	ITGB8
MIR199A1	MIR199B	OXSR1
MIR199A1	MIR199B	SAT1
MIR199A1	MIR199B	CRYBG3
MIR199A1	MIR199B	MARCHF7
MIR199A1	MIR199B	LRRC1
MIR199A1	MIR199B	PAX3
MIR199A1	MIR199B	ARID4B
MIR199A1	MIR199B	MYRF
MIR199A1	MIR199B	ECE1
MIR199A1	MIR199B	SHOC2
MIR199A1	MIR199B	ADAMTS3
MIR199A1	MIR199B	SLC6A5
MIR199A1	MIR199B	ADD3
MIR199A1	MIR199B	FBXW11
MIR199A1	MIR199B	PPP1R2
MIR199A1	MIR199B	PMP22
MIR199A1	MIR199B	RHEB
MIR199A1	MIR199B	VAMP3
MIR199A1	MIR199B	PAN3
MIR199A1	MIR199B	FAM222B
MIR199A1	MIR199B	ASRGL1
MIR199A1	MIR199B	RB1
MIR199A1	MIR199B	SEMA3A
MIR199A1	MIR199B	DUSP5
MIR199A1	MIR199B	CELSR2
MIR199A1	MIR199B	PPP1R9A
MIR199A1	MIR199B	PNRC1
MIR199A1	MIR199B	ARHGAP12
MIR199A1	MIR199B	CCDC120
MIR199A1	MIR199B	GRK3
MIR199A1	MIR199B	ABCC1
MIR199A1	MIR199B	YAF2
MIR199A1	MIR199B	PDE4D
MIR199A1	MIR199B	SUN1
MIR199A1	MIR199B	FGF7
MIR199A1	MIR199B	EXOC8
MIR199A1	MIR199B	ARF6
MIR199A1	MIR199B	NAALADL2
MIR199A1	MIR199B	MYEF2
MIR199A1	MIR199B	SLF2
MIR199A1	MIR199B	SORCS3
MIR199A1	MIR199B	ZHX1
MIR199A1	MIR199B	VLDLR
MIR199A1	MIR199B	WAPL
MIR199A1	MIR199B	GCNT2
MIR199A1	MIR199B	LIN7C
MIR199A1	MIR199B	TSPAN6
MIR199A1	MIR199B	ZNF654
MIR199A1	MIR199B	PAXBP1
MIR199A1	MIR199B	ZBTB18
MIR199A1	MIR199B	ZHX2
MIR199A1	MIR199B	PODXL
MIR199A1	MIR199B	CPEB4
MIR199A1	MIR199B	DEPDC1B
MIR199A1	MIR199B	NINL
MIR199A1	MIR199B	ITPK1
MIR199A1	MIR199B	TGIF2
MIR199A1	MIR199B	ZNF652
MIR199A1	MIR199B	LCOR
MIR199A1	MIR199B	CCDC43
MIR199A1	MIR199B	CCNJ
MIR199A1	MIR199B	SOWAHC
MIR199A1	MIR199B	CLK2
MIR199A1	MIR199B	FBXO28
MIR199A1	MIR199B	TACC2
MIR199A1	MIR199B	EPB41L1
MIR199A1	MIR199B	MBNL1
MIR199A1	MIR199B	DUSP14
MIR199A1	MIR199B	FZD4
MIR199A1	MIR199B	PLEKHA3
MIR199A1	MIR199B	UXS1
MIR199A1	MIR199B	PLAG1
MIR199A1	MIR199B	QKI
MIR199A1	MIR199B	SERPINE2
MIR199A1	MIR199B	C1GALT1
MIR199A1	MIR199B	CDCA7L
MIR199A1	MIR199B	ENOX2
MIR199A1	MIR199B	ADRB1
MIR199A1	MIR199B	AFTPH
MIR199A1	MIR199B	RAB10
MIR199A1	MIR199B	ATXN7
MIR199A1	MIR199B	PDPN
MIR199A1	MIR199B	NEDD4
MIR199A1	MIR199B	GRB10
MIR199A1	MIR199B	LYSMD3
MIR199A1	MIR199B	ESRP1
MIR199A1	MIR199B	TSPAN5
MIR199A1	MIR199B	GSK3B
MIR199A1	MIR199B	LARGE1
MIR199A1	MIR199B	RASSF2
MIR199A1	MIR199B	RBM47
MIR199A1	MIR199B	EDEM3
MIR199A1	MIR199B	AKAP1
MIR199A1	MIR199B	SNN
MIR199A1	MIR199B	ZNF704
MIR199A1	MIR199B	HMCN1
MIR199A1	MIR199B	CYB5R4
MIR199A1	MIR199B	NAA15
MIR199A1	MIR199B	RALGAPA1
MIR199A1	MIR199B	CELSR1
MIR199A1	MIR199B	FUBP1
MIR199A1	MIR199B	KTN1
MIR199A1	MIR199B	SACS
MIR199A1	MIR199B	FOXQ1
MIR199A1	MIR199B	PHF6
MIR199A1	MIR199B	PTPN3
MIR199A1	MIR199B	UBAP1
MIR199A1	MIR199B	RAB21
MIR199A1	MIR199B	GOLGA4
MIR199A1	MIR199B	EPHA7
MIR199A1	MIR199B	CFL2
MIR199A1	MIR199B	SNAI1
MIR199A1	MIR199B	IPO8
MIR199A1	MIR199B	ACVR2A
MIR199A1	MIR199B	KPNA4
MIR199A1	MIR199B	RANBP2
MIR199A1	MIR199B	CSRP2
MIR199A1	MIR199B	CLIP1
MIR199A1	MIR199B	FAM199X
MIR199A1	MIR199B	SOS2
MIR199A1	MIR199B	DDX3Y
MIR199A1	MIR199B	STK4
MIR199A1	MIR199B	BTBD3
MIR199A1	MIR199B	ETNK1
MIR199A1	MIR199B	YWHAE
MIR199A1	MIR199B	LIN28B
MIR199A1	MIR199B	ZNF148
MIR199A1	MIR199B	CAPRIN1
MIR199A1	MIR199B	ACVR2B
MIR199A1	MIR199B	NECTIN2
MIR199A1	MIR199B	ITGA3
MIR199A1	MIR199B	RBBP4
MIR199A1	MIR199B	G3BP2
MIR199A1	MIR199B	MAGT1
MIR199A1	MIR199B	PAK4
MIR199A1	MIR199B	GNG5
MIR199A1	MIR199B	LPAR4
MIR199A1	MIR199B	ZNF217
MIR199A1	MIR199B	NLK
MIR199A1	MIR199B	DDR1
MIR199A1	MIR199B	BTRC
MIR199A1	MIR199B	ATRX
MIR199A1	MIR199B	TMEM63B
MIR199A1	MIR199B	MEIS2
MIR199A1	MIR199B	STAG1
MIR199A1	MIR199B	GREM1
MIR199A1	MIR199B	HSPA5
MIR199A1	MIR199B	DDX3X
MIR199A1	MIR199B	SULF1
MIR199A1	MIR199B	RAPGEF4
MIR199A1	MIR199B	NFE2L1
MIR199A1	MIR199B	RNF216
MIR199A1	MIR199B	FLRT3
MIR199A1	MIR199B	PPP2R5E
MIR199A1	MIR199B	TAB3
MIR199A1	MIR199B	LARP4
MIR199A1	MIR199B	SCD
MIR199A1	MIR199B	PRPF40A
MIR199A1	MIR199B	ZFYVE27
MIR199A1	MIR199B	ZNF776
MIR199A1	MIR199B	CEP85L
MIR199A1	MIR199B	VPS26A
MIR199A1	MIR199B	MAP3K4
MIR199A1	MIR199B	ABCA1
MIR199A1	MIR199B	MGAT4B
MIR199A1	MIR199B	FAM107B
MIR199A1	MIR199B	CACUL1
MIR199A1	MIR199B	KATNBL1
MIR199A1	MIR199B	RNF11
MIR199A1	MIR199B	MINDY3
MIR199A1	MIR199B	CITED2
MIR199A1	MIR199B	TAF9B
MIR199A1	MIR199B	KDM3A
MIR199A1	MIR199B	GPR89A
MIR199A1	MIR199B	CLTC
MIR199A1	MIR199B	PKN2
MIR199A1	MIR199B	RAD23B
MIR199A1	MIR199B	ARL15
MIR199A1	MIR199B	SRRM1
MIR199A1	MIR199B	MCFD2
MIR199A1	MIR199B	ABHD17C
MIR199A1	MIR199B	EIF5B
MIR199A1	MIR199B	SLC24A3
MIR199A1	MIR199B	ARHGEF3
MIR199A1	MIR199B	ALX4
MIR199A1	MIR199B	RNF38
MIR199A1	MIR199B	RABGAP1
MIR199A1	MIR199B	SIRT1
MIR199A1	MIR199B	NPAS2
MIR199A1	MIR199B	SDC2
MIR199A1	MIR199B	SLC20A2
MIR199A1	MIR199B	RUNX1
MIR199A1	MIR199B	HAPLN1
MIR199A1	MIR199B	IREB2
MIR199A1	MIR199B	RUNX1T1
MIR199A1	MIR199B	ONECUT2
MIR199A1	MIR199B	CACNB2
MIR199A1	MIR199B	AP1G1
MIR199A1	MIR199B	PON2
MIR199A1	MIR199B	NOVA1
MIR199A1	MIR199B	MAB21L1
MIR199A1	MIR199B	CISD2
MIR199A1	MIR199B	SLC39A10
MIR199A1	MIR199B	KIAA0319L
MIR199A1	MIR199B	PPFIBP1
MIR199A1	MIR199B	MCM2
MIR199A1	MIR199B	ZNF763
MIR199A1	MIR199B	FN1
MIR199A1	MIR199B	C9orf40
MIR199A1	MIR199B	PLEKHH1
MIR199A1	MIR199B	DDHD1
MIR199A1	MIR199B	ACOX1
MIR199A1	MIR199B	RAP2A
MIR199A1	MIR199B	NTNG2
MIR199A1	MIR199B	CRIM1
MIR199A1	MIR199B	PDE4B
MIR199A2	MIR199B	CDKN1C
MIR199A2	MIR199B	UBE2G1
MIR199A2	MIR199B	SLC49A4
MIR199A2	MIR199B	SEC16B
MIR199A2	MIR199B	TXLNG
MIR199A2	MIR199B	GPR63
MIR199A2	MIR199B	ALS2
MIR199A2	MIR199B	LRP2
MIR199A2	MIR199B	PAWR
MIR199A2	MIR199B	MDGA2
MIR199A2	MIR199B	DPP8
MIR199A2	MIR199B	TGFB2
MIR199A2	MIR199B	BEND3
MIR199A2	MIR199B	IFFO2
MIR199A2	MIR199B	ATAD1
MIR199A2	MIR199B	CNOT7
MIR199A2	MIR199B	APLP2
MIR199A2	MIR199B	PPP2R2A
MIR199A2	MIR199B	MKRN1
MIR199A2	MIR199B	HLF
MIR199A2	MIR199B	NACC1
MIR199A2	MIR199B	PIGB
MIR199A2	MIR199B	HIF1A
MIR199A2	MIR199B	RORB
MIR199A2	MIR199B	DYRK1A
MIR199A2	MIR199B	TET2
MIR199A2	MIR199B	E2F3
MIR199A2	MIR199B	ZBTB42
MIR199A2	MIR199B	CLCN3
MIR199A2	MIR199B	SINHCAF
MIR199A2	MIR199B	AK4
MIR199A2	MIR199B	UBL3
MIR199A2	MIR199B	ZNF516
MIR199A2	MIR199B	LAMC1
MIR199A2	MIR199B	CD2AP
MIR199A2	MIR199B	DDIT4
MIR199A2	MIR199B	NAA25
MIR199A2	MIR199B	TMEM62
MIR199A2	MIR199B	GNA12
MIR199A2	MIR199B	PHTF2
MIR199A2	MIR199B	AEBP2
MIR199A2	MIR199B	ERBB4
MIR199A2	MIR199B	IL13RA1
MIR199A2	MIR199B	TAOK1
MIR199A2	MIR199B	ETS1
MIR199A2	MIR199B	RGMA
MIR199A2	MIR199B	TAB2
MIR199A2	MIR199B	PLCB1
MIR199A2	MIR199B	NID2
MIR199A2	MIR199B	ZFP2
MIR199A2	MIR199B	FZD6
MIR199A2	MIR199B	CBL
MIR199A2	MIR199B	AUTS2
MIR199A2	MIR199B	CDK17
MIR199A2	MIR199B	KDM6A
MIR199A2	MIR199B	ZNF579
MIR199A2	MIR199B	CELF2
MIR199A2	MIR199B	UNG
MIR199A2	MIR199B	GPRC5A
MIR199A2	MIR199B	NACC2
MIR199A2	MIR199B	TEAD1
MIR199A2	MIR199B	MAP3K5
MIR199A2	MIR199B	ZCCHC2
MIR199A2	MIR199B	MTOR
MIR199A2	MIR199B	FXR1
MIR199A2	MIR199B	KCTD16
MIR199A2	MIR199B	WDR47
MIR199A2	MIR199B	PPARGC1A
MIR199A2	MIR199B	CCDC88A
MIR199A2	MIR199B	DENND6A
MIR199A2	MIR199B	MAP4K3
MIR199A2	MIR199B	UBE2W
MIR199A2	MIR199B	DCBLD2
MIR199A2	MIR199B	GPR89B
MIR199A2	MIR199B	TOX3
MIR199A2	MIR199B	CREBRF
MIR199A2	MIR199B	CHAD
MIR199A2	MIR199B	PRKCE
MIR199A2	MIR199B	APPBP2
MIR199A2	MIR199B	BCAR3
MIR199A2	MIR199B	RNF14
MIR199A2	MIR199B	GJA5
MIR199A2	MIR199B	TSPAN3
MIR199A2	MIR199B	NAA40
MIR199A2	MIR199B	PTPRZ1
MIR199A2	MIR199B	MAP3K11
MIR199A2	MIR199B	ADAMTSL3
MIR199A2	MIR199B	KLHL3
MIR199A2	MIR199B	ARHGAP21
MIR199A2	MIR199B	RNGTT
MIR199A2	MIR199B	DNMT3A
MIR199A2	MIR199B	CNEP1R1
MIR199A2	MIR199B	ITGB8
MIR199A2	MIR199B	OXSR1
MIR199A2	MIR199B	SAT1
MIR199A2	MIR199B	CRYBG3
MIR199A2	MIR199B	MARCHF7
MIR199A2	MIR199B	LRRC1
MIR199A2	MIR199B	PAX3
MIR199A2	MIR199B	ARID4B
MIR199A2	MIR199B	MYRF
MIR199A2	MIR199B	ECE1
MIR199A2	MIR199B	SHOC2
MIR199A2	MIR199B	ADAMTS3
MIR199A2	MIR199B	SLC6A5
MIR199A2	MIR199B	ADD3
MIR199A2	MIR199B	FBXW11
MIR199A2	MIR199B	PPP1R2
MIR199A2	MIR199B	PMP22
MIR199A2	MIR199B	RHEB
MIR199A2	MIR199B	VAMP3
MIR199A2	MIR199B	PAN3
MIR199A2	MIR199B	FAM222B
MIR199A2	MIR199B	ASRGL1
MIR199A2	MIR199B	RB1
MIR199A2	MIR199B	SEMA3A
MIR199A2	MIR199B	DUSP5
MIR199A2	MIR199B	CELSR2
MIR199A2	MIR199B	PPP1R9A
MIR199A2	MIR199B	PNRC1
MIR199A2	MIR199B	ARHGAP12
MIR199A2	MIR199B	CCDC120
MIR199A2	MIR199B	GRK3
MIR199A2	MIR199B	ABCC1
MIR199A2	MIR199B	YAF2
MIR199A2	MIR199B	PDE4D
MIR199A2	MIR199B	SUN1
MIR199A2	MIR199B	FGF7
MIR199A2	MIR199B	EXOC8
MIR199A2	MIR199B	ARF6
MIR199A2	MIR199B	NAALADL2
MIR199A2	MIR199B	MYEF2
MIR199A2	MIR199B	SLF2
MIR199A2	MIR199B	SORCS3
MIR199A2	MIR199B	ZHX1
MIR199A2	MIR199B	VLDLR
MIR199A2	MIR199B	WAPL
MIR199A2	MIR199B	GCNT2
MIR199A2	MIR199B	LIN7C
MIR199A2	MIR199B	TSPAN6
MIR199A2	MIR199B	ZNF654
MIR199A2	MIR199B	PAXBP1
MIR199A2	MIR199B	ZBTB18
MIR199A2	MIR199B	ZHX2
MIR199A2	MIR199B	PODXL
MIR199A2	MIR199B	CPEB4
MIR199A2	MIR199B	DEPDC1B
MIR199A2	MIR199B	NINL
MIR199A2	MIR199B	ITPK1
MIR199A2	MIR199B	TGIF2
MIR199A2	MIR199B	ZNF652
MIR199A2	MIR199B	LCOR
MIR199A2	MIR199B	CCDC43
MIR199A2	MIR199B	CCNJ
MIR199A2	MIR199B	SOWAHC
MIR199A2	MIR199B	CLK2
MIR199A2	MIR199B	FBXO28
MIR199A2	MIR199B	TACC2
MIR199A2	MIR199B	EPB41L1
MIR199A2	MIR199B	MBNL1
MIR199A2	MIR199B	DUSP14
MIR199A2	MIR199B	FZD4
MIR199A2	MIR199B	PLEKHA3
MIR199A2	MIR199B	UXS1
MIR199A2	MIR199B	PLAG1
MIR199A2	MIR199B	QKI
MIR199A2	MIR199B	SERPINE2
MIR199A2	MIR199B	C1GALT1
MIR199A2	MIR199B	CDCA7L
MIR199A2	MIR199B	ENOX2
MIR199A2	MIR199B	ADRB1
MIR199A2	MIR199B	AFTPH
MIR199A2	MIR199B	RAB10
MIR199A2	MIR199B	ATXN7
MIR199A2	MIR199B	PDPN
MIR199A2	MIR199B	NEDD4
MIR199A2	MIR199B	GRB10
MIR199A2	MIR199B	LYSMD3
MIR199A2	MIR199B	ESRP1
MIR199A2	MIR199B	TSPAN5
MIR199A2	MIR199B	GSK3B
MIR199A2	MIR199B	LARGE1
MIR199A2	MIR199B	RASSF2
MIR199A2	MIR199B	RBM47
MIR199A2	MIR199B	EDEM3
MIR199A2	MIR199B	AKAP1
MIR199A2	MIR199B	SNN
MIR199A2	MIR199B	ZNF704
MIR199A2	MIR199B	HMCN1
MIR199A2	MIR199B	CYB5R4
MIR199A2	MIR199B	NAA15
MIR199A2	MIR199B	RALGAPA1
MIR199A2	MIR199B	CELSR1
MIR199A2	MIR199B	FUBP1
MIR199A2	MIR199B	KTN1
MIR199A2	MIR199B	SACS
MIR199A2	MIR199B	FOXQ1
MIR199A2	MIR199B	PHF6
MIR199A2	MIR199B	PTPN3
MIR199A2	MIR199B	UBAP1
MIR199A2	MIR199B	RAB21
MIR199A2	MIR199B	GOLGA4
MIR199A2	MIR199B	EPHA7
MIR199A2	MIR199B	CFL2
MIR199A2	MIR199B	SNAI1
MIR199A2	MIR199B	IPO8
MIR199A2	MIR199B	ACVR2A
MIR199A2	MIR199B	KPNA4
MIR199A2	MIR199B	RANBP2
MIR199A2	MIR199B	CSRP2
MIR199A2	MIR199B	CLIP1
MIR199A2	MIR199B	FAM199X
MIR199A2	MIR199B	SOS2
MIR199A2	MIR199B	DDX3Y
MIR199A2	MIR199B	STK4
MIR199A2	MIR199B	BTBD3
MIR199A2	MIR199B	ETNK1
MIR199A2	MIR199B	YWHAE
MIR199A2	MIR199B	LIN28B
MIR199A2	MIR199B	ZNF148
MIR199A2	MIR199B	CAPRIN1
MIR199A2	MIR199B	ACVR2B
MIR199A2	MIR199B	NECTIN2
MIR199A2	MIR199B	ITGA3
MIR199A2	MIR199B	RBBP4
MIR199A2	MIR199B	G3BP2
MIR199A2	MIR199B	MAGT1
MIR199A2	MIR199B	PAK4
MIR199A2	MIR199B	GNG5
MIR199A2	MIR199B	LPAR4
MIR199A2	MIR199B	ZNF217
MIR199A2	MIR199B	NLK
MIR199A2	MIR199B	DDR1
MIR199A2	MIR199B	BTRC
MIR199A2	MIR199B	ATRX
MIR199A2	MIR199B	TMEM63B
MIR199A2	MIR199B	MEIS2
MIR199A2	MIR199B	STAG1
MIR199A2	MIR199B	GREM1
MIR199A2	MIR199B	HSPA5
MIR199A2	MIR199B	DDX3X
MIR199A2	MIR199B	SULF1
MIR199A2	MIR199B	RAPGEF4
MIR199A2	MIR199B	NFE2L1
MIR199A2	MIR199B	RNF216
MIR199A2	MIR199B	FLRT3
MIR199A2	MIR199B	PPP2R5E
MIR199A2	MIR199B	TAB3
MIR199A2	MIR199B	LARP4
MIR199A2	MIR199B	SCD
MIR199A2	MIR199B	PRPF40A
MIR199A2	MIR199B	ZFYVE27
MIR199A2	MIR199B	ZNF776
MIR199A2	MIR199B	CEP85L
MIR199A2	MIR199B	VPS26A
MIR199A2	MIR199B	MAP3K4
MIR199A2	MIR199B	ABCA1
MIR199A2	MIR199B	MGAT4B
MIR199A2	MIR199B	FAM107B
MIR199A2	MIR199B	CACUL1
MIR199A2	MIR199B	KATNBL1
MIR199A2	MIR199B	RNF11
MIR199A2	MIR199B	MINDY3
MIR199A2	MIR199B	CITED2
MIR199A2	MIR199B	TAF9B
MIR199A2	MIR199B	KDM3A
MIR199A2	MIR199B	GPR89A
MIR199A2	MIR199B	CLTC
MIR199A2	MIR199B	PKN2
MIR199A2	MIR199B	RAD23B
MIR199A2	MIR199B	ARL15
MIR199A2	MIR199B	SRRM1
MIR199A2	MIR199B	MCFD2
MIR199A2	MIR199B	ABHD17C
MIR199A2	MIR199B	EIF5B
MIR199A2	MIR199B	SLC24A3
MIR199A2	MIR199B	ARHGEF3
MIR199A2	MIR199B	ALX4
MIR199A2	MIR199B	RNF38
MIR199A2	MIR199B	RABGAP1
MIR199A2	MIR199B	SIRT1
MIR199A2	MIR199B	NPAS2
MIR199A2	MIR199B	SDC2
MIR199A2	MIR199B	SLC20A2
MIR199A2	MIR199B	RUNX1
MIR199A2	MIR199B	HAPLN1
MIR199A2	MIR199B	IREB2
MIR199A2	MIR199B	RUNX1T1
MIR199A2	MIR199B	ONECUT2
MIR199A2	MIR199B	CACNB2
MIR199A2	MIR199B	AP1G1
MIR199A2	MIR199B	PON2
MIR199A2	MIR199B	NOVA1
MIR199A2	MIR199B	MAB21L1
MIR199A2	MIR199B	CISD2
MIR199A2	MIR199B	SLC39A10
MIR199A2	MIR199B	KIAA0319L
MIR199A2	MIR199B	PPFIBP1
MIR199A2	MIR199B	MCM2
MIR199A2	MIR199B	ZNF763
MIR199A2	MIR199B	FN1
MIR199A2	MIR199B	C9orf40
MIR199A2	MIR199B	PLEKHH1
MIR199A2	MIR199B	DDHD1
MIR199A2	MIR199B	ACOX1
MIR199A2	MIR199B	RAP2A
MIR199A2	MIR199B	NTNG2
MIR199A2	MIR199B	CRIM1
MIR199A2	MIR199B	PDE4B
MIR19B1	MIR19B2	BBX
MIR19B1	MIR19B2	GATAD2B
MIR19B1	MIR19B2	BCL11A
MIR19B1	MIR19B2	FAM43A
MIR19B1	MIR19B2	PHF20L1
MIR19B1	MIR19B2	WDR1
MIR19B1	MIR19B2	TAOK3
MIR19B1	MIR19B2	IMPDH1
MIR19B1	MIR19B2	MEMO1
MIR19B1	MIR19B2	RNF111
MIR19B1	MIR19B2	PTPRG
MIR19B1	MIR19B2	HIPK3
MIR19B1	MIR19B2	TIA1
MIR19B1	MIR19B2	EIF2S1
MIR19B1	MIR19B2	PTPRJ
MIR19B1	MIR19B2	RORA
MIR19B1	MIR19B2	KBTBD8
MIR19B1	MIR19B2	LRP2
MIR19B1	MIR19B2	CREBRF
MIR19B1	MIR19B2	CCSER2
MIR19B1	MIR19B2	NFE2L2
MIR19B1	MIR19B2	SPOCK1
MIR19B1	MIR19B2	ADGRL3
MIR19B1	MIR19B2	QKI
MIR19B1	MIR19B2	HPRT1
MIR19B1	MIR19B2	HBP1
MIR19B1	MIR19B2	DDX6
MIR19B1	MIR19B2	TGIF1
MIR19B1	MIR19B2	FBXO48
MIR19B1	MIR19B2	KCNJ2
MIR19B1	MIR19B2	RBMS3
MIR19B1	MIR19B2	PGR
MIR19B1	MIR19B2	CALM2
MIR19B1	MIR19B2	PDGFD
MIR19B1	MIR19B2	ADRB1
MIR19B1	MIR19B2	AFTPH
MIR19B1	MIR19B2	TNRC6B
MIR19B1	MIR19B2	BAMBI
MIR19B1	MIR19B2	ACSL4
MIR19B1	MIR19B2	ST3GAL5
MIR19B1	MIR19B2	PGM2L1
MIR19B1	MIR19B2	ATXN7
MIR19B1	MIR19B2	HBS1L
MIR19B1	MIR19B2	MXI1
MIR19B1	MIR19B2	ANKIB1
MIR19B1	MIR19B2	TIMP3
MIR19B1	MIR19B2	FNDC3B
MIR19B1	MIR19B2	MICAL2
MIR19B1	MIR19B2	PRICKLE2
MIR19B1	MIR19B2	ARPC5
MIR19B1	MIR19B2	SGK1
MIR19B1	MIR19B2	CNOT7
MIR19B1	MIR19B2	IGF1
MIR19B1	MIR19B2	ANO3
MIR19B1	MIR19B2	FAXC
MIR19B1	MIR19B2	MAP3K2
MIR19B1	MIR19B2	SETD7
MIR19B1	MIR19B2	PPTC7
MIR19B1	MIR19B2	CGGBP1
MIR19B1	MIR19B2	TNFAIP3
MIR19B1	MIR19B2	EDARADD
MIR19B1	MIR19B2	RIN2
MIR19B1	MIR19B2	C2orf42
MIR19B1	MIR19B2	STXBP5
MIR19B1	MIR19B2	DTNA
MIR19B1	MIR19B2	TRAK2
MIR19B1	MIR19B2	EDNRB
MIR19B1	MIR19B2	SECISBP2L
MIR19B1	MIR19B2	VPS37A
MIR19B1	MIR19B2	CNOT2
MIR19B1	MIR19B2	JKAMP
MIR19B1	MIR19B2	NEUROD1
MIR19B1	MIR19B2	GLCCI1
MIR19B1	MIR19B2	SPRED2
MIR19B1	MIR19B2	NR2E1
MIR19B1	MIR19B2	WDR44
MIR19B1	MIR19B2	EIF4G2
MIR19B1	MIR19B2	PRDM6
MIR19B1	MIR19B2	RAP1A
MIR19B1	MIR19B2	ZNF521
MIR19B1	MIR19B2	ITGB8
MIR19B1	MIR19B2	CACUL1
MIR19B1	MIR19B2	PURB
MIR19B1	MIR19B2	SPRY2
MIR19B1	MIR19B2	ATG16L1
MIR19B1	MIR19B2	ARID1A
MIR19B1	MIR19B2	NIPBL
MIR19B1	MIR19B2	KDM5B
MIR19B1	MIR19B2	ACVR1
MIR19B1	MIR19B2	NFIB
MIR19B1	MIR19B2	PCYOX1
MIR19B1	MIR19B2	WDR45B
MIR19B1	MIR19B2	PMEPA1
MIR19B1	MIR19B2	FBXO8
MIR19B1	MIR19B2	PARP16
MIR19B1	MIR19B2	RIF1
MIR19B1	MIR19B2	ARRDC3
MIR19B1	MIR19B2	RAB8B
MIR19B1	MIR19B2	RNF11
MIR19B1	MIR19B2	KLF13
MIR19B1	MIR19B2	HIVEP2
MIR19B1	MIR19B2	BTBD7
MIR19B1	MIR19B2	BTG1
MIR19B1	MIR19B2	BMPR2
MIR19B1	MIR19B2	UBL3
MIR19B1	MIR19B2	XKR6
MIR19B1	MIR19B2	RNF145
MIR19B1	MIR19B2	DLG5
MIR19B1	MIR19B2	BCL11B
MIR19B1	MIR19B2	MLLT10
MIR19B1	MIR19B2	CREBL2
MIR19B1	MIR19B2	TRPS1
MIR19B1	MIR19B2	RPP14
MIR19B1	MIR19B2	RAB18
MIR19B1	MIR19B2	SLC31A2
MIR19B1	MIR19B2	MECP2
MIR19B1	MIR19B2	ARHGAP32
MIR19B1	MIR19B2	SMARCA2
MIR19B1	MIR19B2	RLIM
MIR19B1	MIR19B2	CHEK1
MIR19B1	MIR19B2	BEND4
MIR19B1	MIR19B2	DNAJA2
MIR19B1	MIR19B2	WDFY3
MIR19B1	MIR19B2	PDE5A
MIR19B1	MIR19B2	CLIP4
MIR19B1	MIR19B2	LDLR
MIR19B1	MIR19B2	MPPED2
MIR19B1	MIR19B2	PUM2
MIR19B1	MIR19B2	VPS4B
MIR19B1	MIR19B2	TMEM255A
MIR19B1	MIR19B2	KPNA6
MIR19B1	MIR19B2	CAND1
MIR19B1	MIR19B2	MOSMO
MIR19B1	MIR19B2	REEP3
MIR19B1	MIR19B2	CPPED1
MIR19B1	MIR19B2	PRRG1
MIR19B1	MIR19B2	KCNA4
MIR19B1	MIR19B2	DOCK10
MIR19B1	MIR19B2	ARMC8
MIR19B1	MIR19B2	E2F8
MIR19B1	MIR19B2	FOXP2
MIR19B1	MIR19B2	GRSF1
MIR19B1	MIR19B2	CFL2
MIR19B1	MIR19B2	NRBF2
MIR19B1	MIR19B2	KCND2
MIR19B1	MIR19B2	PALLD
MIR19B1	MIR19B2	NDFIP2
MIR19B1	MIR19B2	LRRC17
MIR19B1	MIR19B2	BTAF1
MIR19B1	MIR19B2	SEL1L
MIR19B1	MIR19B2	KIAA1217
MIR19B1	MIR19B2	PHTF2
MIR19B1	MIR19B2	CDS1
MIR19B1	MIR19B2	WDR20
MIR19B1	MIR19B2	MMGT1
MIR19B1	MIR19B2	FAM199X
MIR19B1	MIR19B2	ANKRD12
MIR19B1	MIR19B2	KHDC4
MIR19B1	MIR19B2	ATXN1
MIR19B1	MIR19B2	KCNQ3
MIR19B1	MIR19B2	PPP1R12A
MIR19B1	MIR19B2	SLC24A3
MIR19B1	MIR19B2	RAP1B
MIR19B1	MIR19B2	EFNB2
MIR19B1	MIR19B2	FBXO32
MIR19B1	MIR19B2	CCM2
MIR19B1	MIR19B2	ZDHHC7
MIR19B1	MIR19B2	PHF13
MIR19B1	MIR19B2	SNX17
MIR19B1	MIR19B2	SLITRK4
MIR19B1	MIR19B2	S1PR1
MIR19B1	MIR19B2	TAOK1
MIR19B1	MIR19B2	PHF20
MIR19B1	MIR19B2	DDX3Y
MIR19B1	MIR19B2	RAPGEF2
MIR19B1	MIR19B2	SOX4
MIR19B1	MIR19B2	NRXN3
MIR19B1	MIR19B2	ELOVL5
MIR19B1	MIR19B2	DERL1
MIR19B1	MIR19B2	WWP1
MIR19B1	MIR19B2	CBFB
MIR19B1	MIR19B2	ZNF644
MIR19B1	MIR19B2	ST8SIA1
MIR19B1	MIR19B2	ZMYND11
MIR19B1	MIR19B2	BTF3L4
MIR19B1	MIR19B2	RNF38
MIR19B1	MIR19B2	TRAF3
MIR19B1	MIR19B2	ZDHHC3
MIR19B1	MIR19B2	CALM1
MIR19B1	MIR19B2	NPAS2
MIR19B1	MIR19B2	CAMTA1
MIR19B1	MIR19B2	GIGYF1
MIR19B1	MIR19B2	ATL2
MIR19B1	MIR19B2	SKIDA1
MIR19B1	MIR19B2	FMR1
MIR19B1	MIR19B2	JAZF1
MIR19B1	MIR19B2	NPAT
MIR19B1	MIR19B2	SBF2
MIR19B1	MIR19B2	ACBD5
MIR19B1	MIR19B2	FAM120A
MIR19B1	MIR19B2	MAPK6
MIR19B1	MIR19B2	CHIC1
MIR19B1	MIR19B2	CHST1
MIR19B1	MIR19B2	LIN28B
MIR19B1	MIR19B2	KLF10
MIR19B1	MIR19B2	CAPRIN1
MIR19B1	MIR19B2	RPS6KA5
MIR19B1	MIR19B2	CSRNP2
MIR19B1	MIR19B2	TPP2
MIR19B1	MIR19B2	AFF1
MIR19B1	MIR19B2	GNAQ
MIR19B1	MIR19B2	MAF
MIR19B1	MIR19B2	RBBP8
MIR19B1	MIR19B2	PCLAF
MIR19B1	MIR19B2	ADGRL2
MIR19B1	MIR19B2	ESR1
MIR19B1	MIR19B2	ANK3
MIR19B1	MIR19B2	GJA1
MIR19B1	MIR19B2	MYCL
MIR19B1	MIR19B2	CYTIP
MIR19B1	MIR19B2	ZBTB18
MIR19B1	MIR19B2	DSEL
MIR19B1	MIR19B2	GNA13
MIR19B1	MIR19B2	MDM4
MIR19B1	MIR19B2	GLCE
MIR19B1	MIR19B2	SYBU
MIR19B1	MIR19B2	FYTTD1
MIR19B1	MIR19B2	GSKIP
MIR19B1	MIR19B2	RAP2C
MIR19B1	MIR19B2	CLOCK
MIR19B1	MIR19B2	TUB
MIR19B1	MIR19B2	SYT1
MIR19B1	MIR19B2	ELMOD2
MIR19B1	MIR19B2	COG5
MIR19B1	MIR19B2	CYLD
MIR19B1	MIR19B2	GABRB2
MIR19B1	MIR19B2	CCNT2
MIR19B1	MIR19B2	UBE2R2
MIR19B1	MIR19B2	CREB1
MIR19B1	MIR19B2	IGFBP3
MIR19B1	MIR19B2	RHOB
MIR19B1	MIR19B2	SIN3B
MIR19B1	MIR19B2	HTRA1
MIR19B1	MIR19B2	GATM
MIR19B1	MIR19B2	PATL1
MIR19B1	MIR19B2	MBNL2
MIR19B1	MIR19B2	PAK6
MIR19B1	MIR19B2	RICTOR
MIR19B1	MIR19B2	NRG1
MIR19B1	MIR19B2	PBX1
MIR19B1	MIR19B2	ADSS2
MIR19B1	MIR19B2	CPEB2
MIR19B1	MIR19B2	ZNF217
MIR19B1	MIR19B2	MRTFB
MIR19B1	MIR19B2	SETD6
MIR19B1	MIR19B2	ATXN7L1
MIR19B1	MIR19B2	SOX6
MIR19B1	MIR19B2	DUSP19
MIR19B1	MIR19B2	DCUN1D1
MIR19B1	MIR19B2	AGFG1
MIR19B1	MIR19B2	RUNX2
MIR19B1	MIR19B2	SLC9A6
MIR19B1	MIR19B2	BCAT1
MIR19B1	MIR19B2	LRRC8C
MIR19B1	MIR19B2	PTEN
MIR19B1	MIR19B2	LONRF1
MIR19B1	MIR19B2	SLC35F1
MIR19B1	MIR19B2	SHCBP1
MIR19B1	MIR19B2	MBNL1
MIR19B1	MIR19B2	XIAP
MIR19B1	MIR19B2	TNRC6A
MIR141	MIR200A	CDC14A
MIR141	MIR200A	TSHZ3
MIR141	MIR200A	APBB2
MIR141	MIR200A	PTPRG
MIR141	MIR200A	HGF
MIR141	MIR200A	CREBRF
MIR141	MIR200A	ATP8A1
MIR141	MIR200A	TMEM135
MIR141	MIR200A	PLAG1
MIR141	MIR200A	QKI
MIR141	MIR200A	IPO5
MIR141	MIR200A	PRKCE
MIR141	MIR200A	STX2
MIR141	MIR200A	ZEB2
MIR141	MIR200A	SLC25A3
MIR141	MIR200A	DEK
MIR141	MIR200A	TGFB2
MIR141	MIR200A	TTR
MIR141	MIR200A	PITPNB
MIR141	MIR200A	ADRB1
MIR141	MIR200A	NME1
MIR141	MIR200A	DNAJC13
MIR141	MIR200A	TNRC6B
MIR141	MIR200A	FUS
MIR141	MIR200A	RAB38
MIR141	MIR200A	CCDC80
MIR141	MIR200A	ARPC5
MIR141	MIR200A	SGK1
MIR141	MIR200A	LYPLA1
MIR141	MIR200A	ITGA6
MIR141	MIR200A	UBE3A
MIR141	MIR200A	HS2ST1
MIR141	MIR200A	RFX7
MIR141	MIR200A	SOBP
MIR141	MIR200A	YTHDF2
MIR141	MIR200A	TTBK2
MIR141	MIR200A	FHIP2A
MIR141	MIR200A	STXBP5
MIR141	MIR200A	ZEB1
MIR141	MIR200A	TCERG1
MIR141	MIR200A	DIP2B
MIR141	MIR200A	ZCCHC24
MIR141	MIR200A	EXOC5
MIR141	MIR200A	IRS2
MIR141	MIR200A	TNPO1
MIR141	MIR200A	BRD3
MIR141	MIR200A	HMG20A
MIR141	MIR200A	GLCCI1
MIR141	MIR200A	E2F3
MIR141	MIR200A	EDEM1
MIR141	MIR200A	ZFR
MIR141	MIR200A	YWHAG
MIR141	MIR200A	DSTYK
MIR141	MIR200A	GPR137C
MIR141	MIR200A	NSD2
MIR141	MIR200A	WNT5A
MIR141	MIR200A	SCHIP1
MIR141	MIR200A	SLC35D1
MIR141	MIR200A	ANP32E
MIR141	MIR200A	PGRMC2
MIR141	MIR200A	TADA1
MIR141	MIR200A	HIPK1
MIR141	MIR200A	EPHA2
MIR141	MIR200A	TCF12
MIR141	MIR200A	DLC1
MIR141	MIR200A	RNF145
MIR141	MIR200A	DCUN1D3
MIR141	MIR200A	CLASP2
MIR141	MIR200A	CHD9
MIR141	MIR200A	GRB2
MIR141	MIR200A	RARB
MIR141	MIR200A	TRHDE
MIR141	MIR200A	FOXP1
MIR141	MIR200A	WWTR1
MIR141	MIR200A	WDFY3
MIR141	MIR200A	EVI5L
MIR141	MIR200A	RHEB
MIR141	MIR200A	CDK13
MIR141	MIR200A	HOXC13
MIR141	MIR200A	MAP3K20
MIR141	MIR200A	MYH10
MIR141	MIR200A	EPHA7
MIR141	MIR200A	CFL2
MIR141	MIR200A	FAM91A1
MIR141	MIR200A	MAP2K4
MIR141	MIR200A	NDFIP2
MIR141	MIR200A	DUSP3
MIR141	MIR200A	MYRIP
MIR141	MIR200A	TCF7L2
MIR141	MIR200A	MYT1L
MIR141	MIR200A	ATXN1
MIR141	MIR200A	KIAA0408
MIR141	MIR200A	CDC42EP3
MIR141	MIR200A	STXBP1
MIR141	MIR200A	DOCK4
MIR141	MIR200A	HCN1
MIR141	MIR200A	ELMOD1
MIR141	MIR200A	MIB1
MIR141	MIR200A	MGAT4A
MIR141	MIR200A	CCDC6
MIR141	MIR200A	ACOT7
MIR141	MIR200A	HMGCS1
MIR141	MIR200A	YAF2
MIR141	MIR200A	DCP2
MIR141	MIR200A	SP4
MIR141	MIR200A	PITX2
MIR141	MIR200A	CD47
MIR141	MIR200A	PRKACB
MIR141	MIR200A	SDC2
MIR141	MIR200A	GIGYF1
MIR141	MIR200A	MSANTD4
MIR141	MIR200A	NFIA
MIR141	MIR200A	STAT5B
MIR141	MIR200A	ERG
MIR141	MIR200A	KLF12
MIR141	MIR200A	PPT2
MIR141	MIR200A	SFPQ
MIR141	MIR200A	CRLF3
MIR141	MIR200A	FOXJ3
MIR141	MIR200A	CBL
MIR141	MIR200A	CDK17
MIR141	MIR200A	GNA13
MIR141	MIR200A	ZBTB34
MIR141	MIR200A	DMWD
MIR141	MIR200A	EPN1
MIR141	MIR200A	STAT4
MIR141	MIR200A	MYBL1
MIR141	MIR200A	RCOR3
MIR141	MIR200A	HNRNPF
MIR141	MIR200A	MBNL3
MIR141	MIR200A	FAM168B
MIR141	MIR200A	LMO3
MIR141	MIR200A	FOXA1
MIR141	MIR200A	PRKD1
MIR141	MIR200A	CHD2
MIR141	MIR200A	CALCR
MIR141	MIR200A	C1orf21
MIR141	MIR200A	H2AZ1
MIR141	MIR200A	PPM1E
MIR141	MIR200A	FOXC1
MIR141	MIR200A	DR1
MIR141	MIR200A	TMEM170B
MIR141	MIR200A	CTNND2
MIR141	MIR200A	PDCD4
MIR141	MIR200A	WTAP
MIR141	MIR200A	PLAGL2
MIR141	MIR200A	SLC6A9
MIR141	MIR200A	ATXN7L1
MIR141	MIR200A	B3GNT5
MIR141	MIR200A	ELAVL2
MIR141	MIR200A	RAP2A
MIR141	MIR200A	QSER1
MIR141	MIR200A	MIER3
MIR141	MIR200A	RANBP6
MIR141	MIR200A	ABL2
MIR141	MIR200A	PTEN
MIR141	MIR200A	MBNL1
MIR200B	MIR200C	ELOC
MIR200B	MIR200C	TFAP2A
MIR200B	MIR200C	NR3C1
MIR200B	MIR200C	B3GNT2
MIR200B	MIR200C	TOB1
MIR200B	MIR200C	CEP41
MIR200B	MIR200C	FAT3
MIR200B	MIR200C	TBC1D12
MIR200B	MIR200C	FOXF1
MIR200B	MIR200C	MAP4K3
MIR200B	MIR200C	UBE2W
MIR200B	MIR200C	SYDE1
MIR200B	MIR200C	REV1
MIR200B	MIR200C	MIEF1
MIR200B	MIR200C	MED13
MIR200B	MIR200C	ZNF532
MIR200B	MIR200C	C16orf72
MIR200B	MIR200C	HNRNPD
MIR200B	MIR200C	SULF1
MIR200B	MIR200C	HMBOX1
MIR200B	MIR200C	ZNF292
MIR200B	MIR200C	QKI
MIR200B	MIR200C	BNC2
MIR200B	MIR200C	ARIH1
MIR200B	MIR200C	ZEB2
MIR200B	MIR200C	CRKL
MIR200B	MIR200C	FBXW7
MIR200B	MIR200C	PLPP3
MIR200B	MIR200C	PCMTD1
MIR200B	MIR200C	SCD
MIR200B	MIR200C	PPM1F
MIR200B	MIR200C	VASH2
MIR200B	MIR200C	LBR
MIR200B	MIR200C	PTBP2
MIR200B	MIR200C	OXR1
MIR200B	MIR200C	FUBP3
MIR200B	MIR200C	SNAP25
MIR200B	MIR200C	WIPF1
MIR200B	MIR200C	RANBP10
MIR200B	MIR200C	KDM7A
MIR200B	MIR200C	RIMKLB
MIR200B	MIR200C	COPS8
MIR200B	MIR200C	CORO1C
MIR200B	MIR200C	INTS8
MIR200B	MIR200C	RASSF8
MIR200B	MIR200C	RELN
MIR200B	MIR200C	ZEB1
MIR200B	MIR200C	PRDM16
MIR200B	MIR200C	RND3
MIR200B	MIR200C	CALU
MIR200B	MIR200C	MAP2
MIR200B	MIR200C	CNEP1R1
MIR200B	MIR200C	SLC6A1
MIR200B	MIR200C	YWHAG
MIR200B	MIR200C	ZFPM2
MIR200B	MIR200C	FAM8A1
MIR200B	MIR200C	NFIB
MIR200B	MIR200C	MSN
MIR200B	MIR200C	APOO
MIR200B	MIR200C	MMD
MIR200B	MIR200C	TSC22D1
MIR200B	MIR200C	ZFAND6
MIR200B	MIR200C	DLC1
MIR200B	MIR200C	DNAJC3
MIR200B	MIR200C	HMGB3
MIR200B	MIR200C	OSTM1
MIR200B	MIR200C	CLASP2
MIR200B	MIR200C	RIC1
MIR200B	MIR200C	TENT4B
MIR200B	MIR200C	GIT2
MIR200B	MIR200C	MARCKS
MIR200B	MIR200C	AP1S2
MIR200B	MIR200C	NR5A2
MIR200B	MIR200C	LHFPL6
MIR200B	MIR200C	RTF1
MIR200B	MIR200C	RANBP9
MIR200B	MIR200C	MOSMO
MIR200B	MIR200C	MAP3K20
MIR200B	MIR200C	CFL2
MIR200B	MIR200C	ELL2
MIR200B	MIR200C	PDS5B
MIR200B	MIR200C	LRP1B
MIR200B	MIR200C	PSIP1
MIR200B	MIR200C	HNRNPA2B1
MIR200B	MIR200C	DZIP1
MIR200B	MIR200C	LPAR1
MIR200B	MIR200C	RAP1B
MIR200B	MIR200C	SLC1A2
MIR200B	MIR200C	STRN
MIR200B	MIR200C	ATP11C
MIR200B	MIR200C	JUN
MIR200B	MIR200C	ETS1
MIR200B	MIR200C	TIGAR
MIR200B	MIR200C	RNF2
MIR200B	MIR200C	NOG
MIR200B	MIR200C	PRKACB
MIR200B	MIR200C	ERRFI1
MIR200B	MIR200C	NFIA
MIR200B	MIR200C	RPS6KB1
MIR200B	MIR200C	SERPINI1
MIR200B	MIR200C	ZNF367
MIR200B	MIR200C	ABI2
MIR200B	MIR200C	WASF3
MIR200B	MIR200C	CNR1
MIR200B	MIR200C	VLDLR
MIR200B	MIR200C	WAPL
MIR200B	MIR200C	BAP1
MIR200B	MIR200C	SLC14A1
MIR200B	MIR200C	GPM6A
MIR200B	MIR200C	PCLAF
MIR200B	MIR200C	PAIP2
MIR200B	MIR200C	CDK17
MIR200B	MIR200C	SEC23A
MIR200B	MIR200C	PTPN21
MIR200B	MIR200C	RAP2C
MIR200B	MIR200C	FBXO33
MIR200B	MIR200C	NOVA1
MIR200B	MIR200C	CSNK1G3
MIR200B	MIR200C	FEZ2
MIR200B	MIR200C	RDH10
MIR200B	MIR200C	FLI1
MIR200B	MIR200C	YPEL2
MIR200B	MIR200C	FN1
MIR200B	MIR200C	SYNJ1
MIR200B	MIR200C	CCNJ
MIR200B	MIR200C	RECK
MIR200B	MIR200C	ELAVL2
MIR200B	MIR200C	DUSP1
MIR200B	MIR200C	CLIC4
MIR200B	MIR200C	CNN3
MIR200B	MIR200C	EPS8
MIR200B	MIR200C	PTHLH
MIR200B	MIR200C	CHD7
MIR200B	MIR200C	TRIM33
MIR200B	MIR200C	MBNL1
MIR20A	MIR20B	ENPP5
MIR20A	MIR20B	ATAD2
MIR20A	MIR20B	BRMS1L
MIR20A	MIR20B	FCHO2
MIR20A	MIR20B	F3
MIR20A	MIR20B	ITPRIPL2
MIR20A	MIR20B	NRIP1
MIR20A	MIR20B	ANKRD50
MIR20A	MIR20B	ETV1
MIR20A	MIR20B	CALD1
MIR20A	MIR20B	UBE2W
MIR20A	MIR20B	LAMA3
MIR20A	MIR20B	ZNFX1
MIR20A	MIR20B	MAP3K9
MIR20A	MIR20B	PLEKHA3
MIR20A	MIR20B	GOSR1
MIR20A	MIR20B	LAPTM4A
MIR20A	MIR20B	ATP1B1
MIR20A	MIR20B	TNFAIP1
MIR20A	MIR20B	NAA30
MIR20A	MIR20B	PEX5L
MIR20A	MIR20B	DPYSL5
MIR20A	MIR20B	FJX1
MIR20A	MIR20B	NABP1
MIR20A	MIR20B	RSRP1
MIR20A	MIR20B	SAR1B
MIR20A	MIR20B	HBP1
MIR20A	MIR20B	CDC37L1
MIR20A	MIR20B	NR4A2
MIR20A	MIR20B	PBX3
MIR20A	MIR20B	RNF128
MIR20A	MIR20B	RHOC
MIR20A	MIR20B	TMEM64
MIR20A	MIR20B	HNRNPLL
MIR20A	MIR20B	KIF23
MIR20A	MIR20B	RAB10
MIR20A	MIR20B	BAMBI
MIR20A	MIR20B	VASH2
MIR20A	MIR20B	ARAP2
MIR20A	MIR20B	PPP3R1
MIR20A	MIR20B	LHX6
MIR20A	MIR20B	USP3
MIR20A	MIR20B	ZFAND4
MIR20A	MIR20B	ANKIB1
MIR20A	MIR20B	OXR1
MIR20A	MIR20B	CNOT7
MIR20A	MIR20B	GPR6
MIR20A	MIR20B	HNRNPA3
MIR20A	MIR20B	MAP3K2
MIR20A	MIR20B	NEDD4L
MIR20A	MIR20B	TRAPPC14
MIR20A	MIR20B	METAP1
MIR20A	MIR20B	MKRN1
MIR20A	MIR20B	CTDSPL2
MIR20A	MIR20B	PPP6C
MIR20A	MIR20B	TWF1
MIR20A	MIR20B	EPHA4
MIR20A	MIR20B	CD69
MIR20A	MIR20B	MASTL
MIR20A	MIR20B	TNPO1
MIR20A	MIR20B	GLIS3
MIR20A	MIR20B	MED12L
MIR20A	MIR20B	EMSY
MIR20A	MIR20B	ZFR
MIR20A	MIR20B	ZNF704
MIR20A	MIR20B	ITGB8
MIR20A	MIR20B	STAT3
MIR20A	MIR20B	TBC1D20
MIR20A	MIR20B	ATG16L1
MIR20A	MIR20B	GPR137C
MIR20A	MIR20B	PFN2
MIR20A	MIR20B	CEP97
MIR20A	MIR20B	NUP35
MIR20A	MIR20B	MINK1
MIR20A	MIR20B	BTBD7
MIR20A	MIR20B	ANKRD52
MIR20A	MIR20B	ARID4B
MIR20A	MIR20B	PKD2
MIR20A	MIR20B	TBC1D9
MIR20A	MIR20B	BCL11B
MIR20A	MIR20B	RGMB
MIR20A	MIR20B	DCUN1D3
MIR20A	MIR20B	RBL2
MIR20A	MIR20B	CHN2
MIR20A	MIR20B	RSBN1
MIR20A	MIR20B	EGLN3
MIR20A	MIR20B	SACS
MIR20A	MIR20B	FAM126B
MIR20A	MIR20B	CLIP4
MIR20A	MIR20B	PTPN4
MIR20A	MIR20B	ZFYVE26
MIR20A	MIR20B	BTBD10
MIR20A	MIR20B	FNBP1L
MIR20A	MIR20B	PRRG1
MIR20A	MIR20B	EPHA7
MIR20A	MIR20B	CFL2
MIR20A	MIR20B	KLHL28
MIR20A	MIR20B	DENND5B
MIR20A	MIR20B	TNKS2
MIR20A	MIR20B	SLC17A7
MIR20A	MIR20B	TRIP10
MIR20A	MIR20B	BNIP2
MIR20A	MIR20B	HECTD2
MIR20A	MIR20B	ZBTB4
MIR20A	MIR20B	PRR15
MIR20A	MIR20B	PDCD1LG2
MIR20A	MIR20B	MEF2C
MIR20A	MIR20B	ZNF512B
MIR20A	MIR20B	DYNC1LI2
MIR20A	MIR20B	MYT1L
MIR20A	MIR20B	ARHGAP12
MIR20A	MIR20B	LIMA1
MIR20A	MIR20B	TSG101
MIR20A	MIR20B	DOCK4
MIR20A	MIR20B	BTG3
MIR20A	MIR20B	SLITRK3
MIR20A	MIR20B	E2F5
MIR20A	MIR20B	APCDD1
MIR20A	MIR20B	EFCAB14
MIR20A	MIR20B	DERL2
MIR20A	MIR20B	DENND10
MIR20A	MIR20B	RGMA
MIR20A	MIR20B	CROT
MIR20A	MIR20B	SERP1
MIR20A	MIR20B	ZFYVE9
MIR20A	MIR20B	TGFBR2
MIR20A	MIR20B	NPAS2
MIR20A	MIR20B	RAB22A
MIR20A	MIR20B	ERG
MIR20A	MIR20B	ZNF367
MIR20A	MIR20B	EZH1
MIR20A	MIR20B	RPS6KA5
MIR20A	MIR20B	TNFRSF21
MIR20A	MIR20B	VLDLR
MIR20A	MIR20B	FOXJ3
MIR20A	MIR20B	EIF5A2
MIR20A	MIR20B	CAPRIN2
MIR20A	MIR20B	ARID4A
MIR20A	MIR20B	USP46
MIR20A	MIR20B	PTPDC1
MIR20A	MIR20B	CCNG2
MIR20A	MIR20B	SLC40A1
MIR20A	MIR20B	STK17B
MIR20A	MIR20B	ANK3
MIR20A	MIR20B	ZBTB18
MIR20A	MIR20B	ZNF800
MIR20A	MIR20B	RASL11B
MIR20A	MIR20B	KMT2B
MIR20A	MIR20B	RUFY2
MIR20A	MIR20B	RAP2C
MIR20A	MIR20B	RAB5B
MIR20A	MIR20B	NKIRAS1
MIR20A	MIR20B	POLR3G
MIR20A	MIR20B	RRAGD
MIR20A	MIR20B	SPOPL
MIR20A	MIR20B	KLHL2
MIR20A	MIR20B	NR4A3
MIR20A	MIR20B	TMCC1
MIR20A	MIR20B	YPEL2
MIR20A	MIR20B	FGD4
MIR20A	MIR20B	TXNIP
MIR20A	MIR20B	ZBTB7A
MIR20A	MIR20B	DDHD1
MIR20A	MIR20B	PTHLH
MIR20A	MIR20B	FYCO1
MIR20A	MIR20B	PFKP
MIR20A	MIR20B	E2F1
MIR20A	MIR20B	FRMD6
MIR20A	MIR20B	CDKN1A
MIR20A	MIR20B	FBXL5
MIR20A	MIR93	ENPP5
MIR20A	MIR93	ATAD2
MIR20A	MIR93	BRMS1L
MIR20A	MIR93	FCHO2
MIR20A	MIR93	F3
MIR20A	MIR93	ITPRIPL2
MIR20A	MIR93	ETV1
MIR20A	MIR93	ANKRD50
MIR20A	MIR93	CALD1
MIR20A	MIR93	UBE2W
MIR20A	MIR93	LAMA3
MIR20A	MIR93	ZNFX1
MIR20A	MIR93	PLEKHA3
MIR20A	MIR93	LAPTM4A
MIR20A	MIR93	NAA30
MIR20A	MIR93	PEX5L
MIR20A	MIR93	DPYSL5
MIR20A	MIR93	FJX1
MIR20A	MIR93	NABP1
MIR20A	MIR93	RSRP1
MIR20A	MIR93	SAR1B
MIR20A	MIR93	HBP1
MIR20A	MIR93	CDC37L1
MIR20A	MIR93	NR4A2
MIR20A	MIR93	PBX3
MIR20A	MIR93	RNF128
MIR20A	MIR93	RHOC
MIR20A	MIR93	TMEM64
MIR20A	MIR93	KIF23
MIR20A	MIR93	BAMBI
MIR20A	MIR93	VASH2
MIR20A	MIR93	ARAP2
MIR20A	MIR93	PPP3R1
MIR20A	MIR93	USP3
MIR20A	MIR93	ZFAND4
MIR20A	MIR93	ANKIB1
MIR20A	MIR93	OXR1
MIR20A	MIR93	CNOT7
MIR20A	MIR93	GPR6
MIR20A	MIR93	MAP3K2
MIR20A	MIR93	NEDD4L
MIR20A	MIR93	TRAPPC14
MIR20A	MIR93	MKRN1
MIR20A	MIR93	PPP6C
MIR20A	MIR93	TWF1
MIR20A	MIR93	TRIM36
MIR20A	MIR93	EPHA4
MIR20A	MIR93	CD69
MIR20A	MIR93	MASTL
MIR20A	MIR93	GLIS3
MIR20A	MIR93	MED12L
MIR20A	MIR93	EMSY
MIR20A	MIR93	ZNF704
MIR20A	MIR93	STAT3
MIR20A	MIR93	TBC1D20
MIR20A	MIR93	ATG16L1
MIR20A	MIR93	GPR137C
MIR20A	MIR93	PFN2
MIR20A	MIR93	CEP97
MIR20A	MIR93	NUP35
MIR20A	MIR93	MINK1
MIR20A	MIR93	BTBD7
MIR20A	MIR93	ANKRD52
MIR20A	MIR93	ARID4B
MIR20A	MIR93	PKD2
MIR20A	MIR93	TBC1D9
MIR20A	MIR93	BCL11B
MIR20A	MIR93	RGMB
MIR20A	MIR93	DCUN1D3
MIR20A	MIR93	RBL2
MIR20A	MIR93	RSBN1
MIR20A	MIR93	EGLN3
MIR20A	MIR93	VSX1
MIR20A	MIR93	FAM126B
MIR20A	MIR93	SACS
MIR20A	MIR93	CLIP4
MIR20A	MIR93	PTPN4
MIR20A	MIR93	ZFYVE26
MIR20A	MIR93	BTBD10
MIR20A	MIR93	FNBP1L
MIR20A	MIR93	PRRG1
MIR20A	MIR93	CFL2
MIR20A	MIR93	KLHL28
MIR20A	MIR93	TNKS2
MIR20A	MIR93	HECTD2
MIR20A	MIR93	SLC17A7
MIR20A	MIR93	TRIP10
MIR20A	MIR93	ZBTB4
MIR20A	MIR93	KPNA4
MIR20A	MIR93	PRR15
MIR20A	MIR93	ZNF512B
MIR20A	MIR93	DYNC1LI2
MIR20A	MIR93	MYT1L
MIR20A	MIR93	ARHGAP12
MIR20A	MIR93	LIMA1
MIR20A	MIR93	TSG101
MIR20A	MIR93	DOCK4
MIR20A	MIR93	BTG3
MIR20A	MIR93	SLITRK3
MIR20A	MIR93	E2F5
MIR20A	MIR93	APCDD1
MIR20A	MIR93	EFCAB14
MIR20A	MIR93	DERL2
MIR20A	MIR93	DENND10
MIR20A	MIR93	RGMA
MIR20A	MIR93	CROT
MIR20A	MIR93	SERP1
MIR20A	MIR93	NTN4
MIR20A	MIR93	TGFBR2
MIR20A	MIR93	NPAS2
MIR20A	MIR93	RAB22A
MIR20A	MIR93	NFIA
MIR20A	MIR93	NPAT
MIR20A	MIR93	ZNF367
MIR20A	MIR93	EZH1
MIR20A	MIR93	RPS6KA5
MIR20A	MIR93	VLDLR
MIR20A	MIR93	TNFRSF21
MIR20A	MIR93	EIF5A2
MIR20A	MIR93	CAPRIN2
MIR20A	MIR93	ARID4A
MIR20A	MIR93	PTPDC1
MIR20A	MIR93	CCNG2
MIR20A	MIR93	SLC40A1
MIR20A	MIR93	STK17B
MIR20A	MIR93	ANK3
MIR20A	MIR93	ZBTB18
MIR20A	MIR93	ZNF800
MIR20A	MIR93	RASL11B
MIR20A	MIR93	ONECUT2
MIR20A	MIR93	RUFY2
MIR20A	MIR93	RAP2C
MIR20A	MIR93	JPT1
MIR20A	MIR93	GPR85
MIR20A	MIR93	POLR3G
MIR20A	MIR93	RRAGD
MIR20A	MIR93	SPOPL
MIR20A	MIR93	KLHL2
MIR20A	MIR93	NR4A3
MIR20A	MIR93	TMCC1
MIR20A	MIR93	LCOR
MIR20A	MIR93	YPEL2
MIR20A	MIR93	FGD4
MIR20A	MIR93	TXNIP
MIR20A	MIR93	KLF9
MIR20A	MIR93	CPEB2
MIR20A	MIR93	ZBTB7A
MIR20A	MIR93	DDHD1
MIR20A	MIR93	SOX6
MIR20A	MIR93	PTHLH
MIR20A	MIR93	FYCO1
MIR20A	MIR93	PFKP
MIR20A	MIR93	E2F1
MIR20A	MIR93	FRMD6
MIR20A	MIR93	CDKN1A
MIR20A	MIR93	FBXL5
MIR20B	MIR93	ENPP5
MIR20B	MIR93	ATAD2
MIR20B	MIR93	BRMS1L
MIR20B	MIR93	FCHO2
MIR20B	MIR93	F3
MIR20B	MIR93	ITPRIPL2
MIR20B	MIR93	ETV1
MIR20B	MIR93	ANKRD50
MIR20B	MIR93	CALD1
MIR20B	MIR93	UBE2W
MIR20B	MIR93	LAMA3
MIR20B	MIR93	ZNFX1
MIR20B	MIR93	PLEKHA3
MIR20B	MIR93	LAPTM4A
MIR20B	MIR93	NBEA
MIR20B	MIR93	RLF
MIR20B	MIR93	CREBRF
MIR20B	MIR93	NAA30
MIR20B	MIR93	PEX5L
MIR20B	MIR93	DPYSL5
MIR20B	MIR93	FJX1
MIR20B	MIR93	QKI
MIR20B	MIR93	NABP1
MIR20B	MIR93	RSRP1
MIR20B	MIR93	SAR1B
MIR20B	MIR93	HBP1
MIR20B	MIR93	CDC37L1
MIR20B	MIR93	NR4A2
MIR20B	MIR93	PBX3
MIR20B	MIR93	RNF128
MIR20B	MIR93	RHOC
MIR20B	MIR93	TMEM64
MIR20B	MIR93	CMPK1
MIR20B	MIR93	KIF23
MIR20B	MIR93	BAMBI
MIR20B	MIR93	VASH2
MIR20B	MIR93	ARAP2
MIR20B	MIR93	PPP3R1
MIR20B	MIR93	TANC1
MIR20B	MIR93	USP3
MIR20B	MIR93	ZFAND4
MIR20B	MIR93	ANKIB1
MIR20B	MIR93	OXR1
MIR20B	MIR93	CNOT7
MIR20B	MIR93	GPR6
MIR20B	MIR93	MAP3K2
MIR20B	MIR93	NEDD4L
MIR20B	MIR93	SOBP
MIR20B	MIR93	TRAPPC14
MIR20B	MIR93	FNDC3A
MIR20B	MIR93	MKRN1
MIR20B	MIR93	PPP6C
MIR20B	MIR93	PKIA
MIR20B	MIR93	TWF1
MIR20B	MIR93	VPS26A
MIR20B	MIR93	EPHA4
MIR20B	MIR93	CD69
MIR20B	MIR93	MASTL
MIR20B	MIR93	GLIS3
MIR20B	MIR93	MED12L
MIR20B	MIR93	EMSY
MIR20B	MIR93	ZNF704
MIR20B	MIR93	STAT3
MIR20B	MIR93	TBC1D20
MIR20B	MIR93	ATG16L1
MIR20B	MIR93	GPR137C
MIR20B	MIR93	PFN2
MIR20B	MIR93	MTF1
MIR20B	MIR93	CEP97
MIR20B	MIR93	NUP35
MIR20B	MIR93	MINK1
MIR20B	MIR93	BTBD7
MIR20B	MIR93	ANKRD52
MIR20B	MIR93	RBBP7
MIR20B	MIR93	ARID4B
MIR20B	MIR93	PKD2
MIR20B	MIR93	TBC1D9
MIR20B	MIR93	BCL11B
MIR20B	MIR93	OSTM1
MIR20B	MIR93	RGMB
MIR20B	MIR93	DCUN1D3
MIR20B	MIR93	RBL2
MIR20B	MIR93	CHD9
MIR20B	MIR93	RSBN1
MIR20B	MIR93	EGLN3
MIR20B	MIR93	SACS
MIR20B	MIR93	FAM126B
MIR20B	MIR93	CLIP4
MIR20B	MIR93	PTPN4
MIR20B	MIR93	BMT2
MIR20B	MIR93	ZFYVE26
MIR20B	MIR93	BTBD10
MIR20B	MIR93	FNBP1L
MIR20B	MIR93	PRRG1
MIR20B	MIR93	CFL2
MIR20B	MIR93	KLHL28
MIR20B	MIR93	TNKS2
MIR20B	MIR93	HECTD2
MIR20B	MIR93	SLC17A7
MIR20B	MIR93	TRIP10
MIR20B	MIR93	ZBTB4
MIR20B	MIR93	PRR15
MIR20B	MIR93	CNKSR3
MIR20B	MIR93	ZNF512B
MIR20B	MIR93	DYNC1LI2
MIR20B	MIR93	MYT1L
MIR20B	MIR93	ARHGAP12
MIR20B	MIR93	LIMA1
MIR20B	MIR93	TSG101
MIR20B	MIR93	DOCK4
MIR20B	MIR93	BTG3
MIR20B	MIR93	SLITRK3
MIR20B	MIR93	PPP3CA
MIR20B	MIR93	AEBP2
MIR20B	MIR93	E2F5
MIR20B	MIR93	APCDD1
MIR20B	MIR93	EFCAB14
MIR20B	MIR93	DERL2
MIR20B	MIR93	DENND10
MIR20B	MIR93	RGMA
MIR20B	MIR93	CROT
MIR20B	MIR93	SERP1
MIR20B	MIR93	SLC46A3
MIR20B	MIR93	TGFBR2
MIR20B	MIR93	NPAS2
MIR20B	MIR93	RAB22A
MIR20B	MIR93	ZNF367
MIR20B	MIR93	DPYSL2
MIR20B	MIR93	EZH1
MIR20B	MIR93	RPS6KA5
MIR20B	MIR93	VLDLR
MIR20B	MIR93	TNFRSF21
MIR20B	MIR93	EIF5A2
MIR20B	MIR93	CAPRIN2
MIR20B	MIR93	ARID4A
MIR20B	MIR93	PTPDC1
MIR20B	MIR93	CCNG2
MIR20B	MIR93	SLC40A1
MIR20B	MIR93	STK17B
MIR20B	MIR93	ANK3
MIR20B	MIR93	ZBTB18
MIR20B	MIR93	ZNF800
MIR20B	MIR93	RASL11B
MIR20B	MIR93	CEP57
MIR20B	MIR93	RUFY2
MIR20B	MIR93	RAP2C
MIR20B	MIR93	POLR3G
MIR20B	MIR93	RRAGD
MIR20B	MIR93	SPOPL
MIR20B	MIR93	KLHL2
MIR20B	MIR93	NR4A3
MIR20B	MIR93	TMCC1
MIR20B	MIR93	YPEL2
MIR20B	MIR93	FGD4
MIR20B	MIR93	ADAM9
MIR20B	MIR93	TXNIP
MIR20B	MIR93	ZBTB7A
MIR20B	MIR93	DDHD1
MIR20B	MIR93	PTHLH
MIR20B	MIR93	FYCO1
MIR20B	MIR93	PFKP
MIR20B	MIR93	E2F1
MIR20B	MIR93	FRMD6
MIR20B	MIR93	CDKN1A
MIR20B	MIR93	FBXL5
MIR204	MIR211	FAM126A
MIR204	MIR211	SSRP1
MIR204	MIR211	NR3C1
MIR204	MIR211	EFNB3
MIR204	MIR211	ZFX
MIR204	MIR211	NBR1
MIR204	MIR211	RTKN2
MIR204	MIR211	JRKL
MIR204	MIR211	MLLT3
MIR204	MIR211	DHH
MIR204	MIR211	NFASC
MIR204	MIR211	C16orf72
MIR204	MIR211	POU3F2
MIR204	MIR211	PTPRJ
MIR204	MIR211	FRS2
MIR204	MIR211	EFEMP2
MIR204	MIR211	TOX3
MIR204	MIR211	CDH2
MIR204	MIR211	CACNG2
MIR204	MIR211	SERINC3
MIR204	MIR211	CCNY
MIR204	MIR211	NR4A2
MIR204	MIR211	XRN1
MIR204	MIR211	ELOVL6
MIR204	MIR211	PDE11A
MIR204	MIR211	RIMS2
MIR204	MIR211	HGSNAT
MIR204	MIR211	TMEM64
MIR204	MIR211	HSPH1
MIR204	MIR211	HAS2
MIR204	MIR211	FBXW7
MIR204	MIR211	RBFOX2
MIR204	MIR211	DNAJC13
MIR204	MIR211	RAB10
MIR204	MIR211	ACSL4
MIR204	MIR211	ANKRD13A
MIR204	MIR211	TNRC6B
MIR204	MIR211	ANKRD13C
MIR204	MIR211	SMOC1
MIR204	MIR211	SEC61A2
MIR204	MIR211	RNF170
MIR204	MIR211	FBN2
MIR204	MIR211	SLC12A6
MIR204	MIR211	CHD5
MIR204	MIR211	AP3M1
MIR204	MIR211	CORO1C
MIR204	MIR211	LRRC8D
MIR204	MIR211	XPO4
MIR204	MIR211	JAK2
MIR204	MIR211	ZCCHC24
MIR204	MIR211	PHOX2B
MIR204	MIR211	CAMK1
MIR204	MIR211	EPHA5
MIR204	MIR211	DYRK1A
MIR204	MIR211	SAMD5
MIR204	MIR211	DPF1
MIR204	MIR211	RHOBTB3
MIR204	MIR211	EDEM1
MIR204	MIR211	MYO10
MIR204	MIR211	TPPP
MIR204	MIR211	AKAP1
MIR204	MIR211	ZNF521
MIR204	MIR211	SH3PXD2A
MIR204	MIR211	DMTF1
MIR204	MIR211	SLC37A3
MIR204	MIR211	PTPRD
MIR204	MIR211	SASS6
MIR204	MIR211	WWC3
MIR204	MIR211	NUAK1
MIR204	MIR211	RHOT1
MIR204	MIR211	SPRED1
MIR204	MIR211	ARL8B
MIR204	MIR211	BTBD7
MIR204	MIR211	AK4
MIR204	MIR211	TCF12
MIR204	MIR211	HMGA2
MIR204	MIR211	ABHD2
MIR204	MIR211	MON2
MIR204	MIR211	ISM1
MIR204	MIR211	DCUN1D3
MIR204	MIR211	ATF2
MIR204	MIR211	SGIP1
MIR204	MIR211	TMEM181
MIR204	MIR211	AP1S2
MIR204	MIR211	XKR9
MIR204	MIR211	PPM1K
MIR204	MIR211	INO80D
MIR204	MIR211	LSM5
MIR204	MIR211	ANGPT1
MIR204	MIR211	XYLT1
MIR204	MIR211	AP1S1
MIR204	MIR211	CREB5
MIR204	MIR211	ALPL
MIR204	MIR211	VWA8
MIR204	MIR211	AP2A2
MIR204	MIR211	EPHA7
MIR204	MIR211	NRBF2
MIR204	MIR211	SFXN2
MIR204	MIR211	ELL2
MIR204	MIR211	PRDM2
MIR204	MIR211	IPO8
MIR204	MIR211	TOMM70
MIR204	MIR211	TCF7L2
MIR204	MIR211	MMGT1
MIR204	MIR211	SLC16A6
MIR204	MIR211	CCND2
MIR204	MIR211	PHF13
MIR204	MIR211	BIN1
MIR204	MIR211	PSME1
MIR204	MIR211	SPRYD7
MIR204	MIR211	SOX4
MIR204	MIR211	FRAS1
MIR204	MIR211	UBN2
MIR204	MIR211	EPHB2
MIR204	MIR211	UBA6
MIR204	MIR211	SIRT1
MIR204	MIR211	TGFBR2
MIR204	MIR211	RAB22A
MIR204	MIR211	ARX
MIR204	MIR211	RSPO4
MIR204	MIR211	HAPLN1
MIR204	MIR211	KLF12
MIR204	MIR211	RPS6KA5
MIR204	MIR211	GCNT2
MIR204	MIR211	ARHGEF33
MIR204	MIR211	ITPR1
MIR204	MIR211	NDRG3
MIR204	MIR211	DVL3
MIR204	MIR211	PRRX1
MIR204	MIR211	SOX11
MIR204	MIR211	ZNF654
MIR204	MIR211	REEP1
MIR204	MIR211	ABRAXAS2
MIR204	MIR211	EPHB6
MIR204	MIR211	PDE3A
MIR204	MIR211	LARP4B
MIR204	MIR211	MTMR6
MIR204	MIR211	TMEM237
MIR204	MIR211	RAP2C
MIR204	MIR211	ATP2B1
MIR204	MIR211	TTYH1
MIR204	MIR211	NOVA1
MIR204	MIR211	CCNT2
MIR204	MIR211	FAM168B
MIR204	MIR211	MTMR7
MIR204	MIR211	C9orf72
MIR204	MIR211	MAP1LC3B
MIR204	MIR211	SF3B1
MIR204	MIR211	SMIM13
MIR204	MIR211	IGF2R
MIR204	MIR211	HOOK3
MIR204	MIR211	ZDHHC17
MIR204	MIR211	ZFP91
MIR204	MIR211	NCOA7
MIR204	MIR211	SEC24D
MIR204	MIR211	MAPRE2
MIR204	MIR211	FOXC1
MIR204	MIR211	EZR
MIR204	MIR211	KHDRBS3
MIR204	MIR211	ZFHX4
MIR204	MIR211	JARID2
MIR204	MIR211	ZFHX3
MIR204	MIR211	ESRRG
MIR204	MIR211	SLC43A1
MIR204	MIR211	B3GNT5
MIR204	MIR211	COX5A
MIR204	MIR211	HHEX
MIR204	MIR211	RUNX2
MIR204	MIR211	MGAT3
MIR204	MIR211	CHP1
MIR204	MIR211	FHIP1B
MIR192	MIR215	TRIM44
MIR192	MIR215	DDX50
MIR192	MIR215	WNK1
MIR192	MIR215	SLC11A2
MIR192	MIR215	RAB2A
MIR192	MIR215	CBLN4
MIR192	MIR215	CLSTN1
MIR192	MIR215	CCDC152
MIR192	MIR215	COL5A1
MIR192	MIR215	DCC
MIR192	MIR215	USP1
MIR192	MIR215	SLC19A2
MIR192	MIR215	SLC39A6
MIR192	MIR215	DCK
MIR192	MIR215	KIF1B
MIR192	MIR215	NKAIN2
MIR192	MIR215	ARIH1
MIR192	MIR215	SLMAP
MIR192	MIR215	ZEB2
MIR192	MIR215	IGDCC3
MIR192	MIR215	H3-3B
MIR192	MIR215	MTMR4
MIR192	MIR215	ALKBH8
MIR192	MIR215	IKZF2
MIR192	MIR215	PKP4
MIR192	MIR215	SRSF1
MIR192	MIR215	SYT6
MIR192	MIR215	C4orf46
MIR192	MIR215	FNDC3B
MIR192	MIR215	OSBPL10
MIR192	MIR215	ZNF280C
MIR192	MIR215	SPIN1
MIR192	MIR215	TOR1AIP1
MIR192	MIR215	FAM229B
MIR192	MIR215	FRMD4B
MIR192	MIR215	DBT
MIR192	MIR215	DYRK1A
MIR192	MIR215	SOAT1
MIR192	MIR215	BRD3
MIR192	MIR215	IL6ST
MIR192	MIR215	KIF5B
MIR192	MIR215	KCNK1
MIR192	MIR215	WDR44
MIR192	MIR215	ASXL2
MIR192	MIR215	GMEB1
MIR192	MIR215	SH3RF3
MIR192	MIR215	NIPBL
MIR192	MIR215	TRPM7
MIR192	MIR215	DIAPH2
MIR192	MIR215	ARHGEF39
MIR192	MIR215	MSN
MIR192	MIR215	ALX1
MIR192	MIR215	CCDC121
MIR192	MIR215	GPR22
MIR192	MIR215	ARFGEF1
MIR192	MIR215	MIPOL1
MIR192	MIR215	ARHGAP19
MIR192	MIR215	GAPVD1
MIR192	MIR215	TYMS
MIR192	MIR215	KPNA6
MIR192	MIR215	PTPRT
MIR192	MIR215	PDP1
MIR192	MIR215	CREB5
MIR192	MIR215	ELOA
MIR192	MIR215	SCN1A
MIR192	MIR215	CEP43
MIR192	MIR215	ZBTB4
MIR192	MIR215	RB1
MIR192	MIR215	BLCAP
MIR192	MIR215	ACVR2A
MIR192	MIR215	PHTF2
MIR192	MIR215	KPNA4
MIR192	MIR215	CTCF
MIR192	MIR215	OLIG3
MIR192	MIR215	CXCL2
MIR192	MIR215	CNGB3
MIR192	MIR215	DYRK3
MIR192	MIR215	MYLK
MIR192	MIR215	IER5
MIR192	MIR215	EREG
MIR192	MIR215	LIMS1
MIR192	MIR215	NCOA3
MIR192	MIR215	CDON
MIR192	MIR215	DICER1
MIR192	MIR215	CTNNBIP1
MIR192	MIR215	SRSF6
MIR192	MIR215	CADM1
MIR192	MIR215	PRKACB
MIR192	MIR215	RUNX1
MIR192	MIR215	L2HGDH
MIR192	MIR215	TSHZ2
MIR192	MIR215	MFAP3
MIR192	MIR215	PRKAR1A
MIR192	MIR215	SAMD4A
MIR192	MIR215	ACVR2B
MIR192	MIR215	CBL
MIR192	MIR215	PARP8
MIR192	MIR215	ARL4C
MIR192	MIR215	BHLHE22
MIR192	MIR215	DIAPH1
MIR192	MIR215	RUNX1T1
MIR192	MIR215	ZBTB34
MIR192	MIR215	EMC7
MIR192	MIR215	CPEB4
MIR192	MIR215	ADGRG6
MIR192	MIR215	CCNT2
MIR192	MIR215	NAA50
MIR192	MIR215	ZMAT3
MIR192	MIR215	NIPAL1
MIR192	MIR215	SLC5A3
MIR192	MIR215	RPAP2
MIR192	MIR215	HOOK3
MIR192	MIR215	ZC3HAV1
MIR192	MIR215	KCNA7
MIR192	MIR215	PABPC4
MIR192	MIR215	LPAR4
MIR192	MIR215	TDG
MIR192	MIR215	KLHL15
MIR192	MIR215	ANKRD44
MIR192	MIR215	AP3M2
MIR192	MIR215	EIF5
MIR192	MIR215	RICTOR
MIR192	MIR215	NSF
MIR192	MIR215	WWC2
MIR192	MIR215	ARHGAP36
MIR192	MIR215	PPP1R3D
MIR192	MIR215	ZNF536
MIR192	MIR215	ALCAM
MIR192	MIR215	AMER1
MIR192	MIR215	HIGD1A
MIR192	MIR215	CHD7
MIR192	MIR215	TRERF1
MIR192	MIR215	ZFHX3
MIR192	MIR215	XIAP
MIR218-1	MIR218-2	PDGFRA
MIR218-1	MIR218-2	HIVEP1
MIR218-1	MIR218-2	OTUD7B
MIR218-1	MIR218-2	PDE7A
MIR218-1	MIR218-2	FCHO2
MIR218-1	MIR218-2	TOB1
MIR218-1	MIR218-2	LRIG1
MIR218-1	MIR218-2	GPAM
MIR218-1	MIR218-2	MTX3
MIR218-1	MIR218-2	NCAN
MIR218-1	MIR218-2	USP34
MIR218-1	MIR218-2	ZFX
MIR218-1	MIR218-2	PIEZO2
MIR218-1	MIR218-2	DCBLD2
MIR218-1	MIR218-2	ETF1
MIR218-1	MIR218-2	ADIPOR2
MIR218-1	MIR218-2	SH3D19
MIR218-1	MIR218-2	COMMD3-BMI1
MIR218-1	MIR218-2	UBR3
MIR218-1	MIR218-2	SNX4
MIR218-1	MIR218-2	PEX5L
MIR218-1	MIR218-2	MDGA2
MIR218-1	MIR218-2	KCTD9
MIR218-1	MIR218-2	ZEB2
MIR218-1	MIR218-2	UGT8
MIR218-1	MIR218-2	SLC24A4
MIR218-1	MIR218-2	UBE2H
MIR218-1	MIR218-2	ACSL1
MIR218-1	MIR218-2	SH3KBP1
MIR218-1	MIR218-2	TSPAN3
MIR218-1	MIR218-2	HBS1L
MIR218-1	MIR218-2	MDGA1
MIR218-1	MIR218-2	C2orf88
MIR218-1	MIR218-2	TMEM25
MIR218-1	MIR218-2	ANKRD40
MIR218-1	MIR218-2	HNRNPA3
MIR218-1	MIR218-2	MAP3K2
MIR218-1	MIR218-2	NAV3
MIR218-1	MIR218-2	DOCK7
MIR218-1	MIR218-2	OTULIN
MIR218-1	MIR218-2	HLF
MIR218-1	MIR218-2	RELN
MIR218-1	MIR218-2	SEC61A1
MIR218-1	MIR218-2	CDC42SE2
MIR218-1	MIR218-2	EXOC5
MIR218-1	MIR218-2	MSL2
MIR218-1	MIR218-2	OBI1
MIR218-1	MIR218-2	SHANK2
MIR218-1	MIR218-2	SLC38A2
MIR218-1	MIR218-2	PPP1CB
MIR218-1	MIR218-2	RASSF2
MIR218-1	MIR218-2	RBM47
MIR218-1	MIR218-2	FAM3C
MIR218-1	MIR218-2	RNF139
MIR218-1	MIR218-2	SLC6A1
MIR218-1	MIR218-2	SPOCK3
MIR218-1	MIR218-2	PLCL2
MIR218-1	MIR218-2	ROBO2
MIR218-1	MIR218-2	PURB
MIR218-1	MIR218-2	PRLR
MIR218-1	MIR218-2	KLHL29
MIR218-1	MIR218-2	WNT5A
MIR218-1	MIR218-2	SYT13
MIR218-1	MIR218-2	MITF
MIR218-1	MIR218-2	SPRED1
MIR218-1	MIR218-2	RAB8B
MIR218-1	MIR218-2	SHC4
MIR218-1	MIR218-2	ARHGEF12
MIR218-1	MIR218-2	DAZAP2
MIR218-1	MIR218-2	NMT2
MIR218-1	MIR218-2	RABEP1
MIR218-1	MIR218-2	TCF12
MIR218-1	MIR218-2	ARID4B
MIR218-1	MIR218-2	GALNT3
MIR218-1	MIR218-2	TMX1
MIR218-1	MIR218-2	KCNIP3
MIR218-1	MIR218-2	ACTN1
MIR218-1	MIR218-2	PIK3C2A
MIR218-1	MIR218-2	PLCG1
MIR218-1	MIR218-2	RHOBTB1
MIR218-1	MIR218-2	PUM2
MIR218-1	MIR218-2	PPP1CC
MIR218-1	MIR218-2	RAB6A
MIR218-1	MIR218-2	MED17
MIR218-1	MIR218-2	RNF103
MIR218-1	MIR218-2	HECTD2
MIR218-1	MIR218-2	CEP19
MIR218-1	MIR218-2	GRIP1
MIR218-1	MIR218-2	SOCS6
MIR218-1	MIR218-2	MPP2
MIR218-1	MIR218-2	DUSP5
MIR218-1	MIR218-2	ROBO1
MIR218-1	MIR218-2	BCL9
MIR218-1	MIR218-2	CEMIP2
MIR218-1	MIR218-2	SFMBT1
MIR218-1	MIR218-2	NAPEPLD
MIR218-1	MIR218-2	PTPRA
MIR218-1	MIR218-2	MYT1L
MIR218-1	MIR218-2	STXBP1
MIR218-1	MIR218-2	CDC27
MIR218-1	MIR218-2	C3orf70
MIR218-1	MIR218-2	CCDC6
MIR218-1	MIR218-2	RET
MIR218-1	MIR218-2	ELOVL5
MIR218-1	MIR218-2	HS3ST3B1
MIR218-1	MIR218-2	SERP1
MIR218-1	MIR218-2	RNF38
MIR218-1	MIR218-2	TNC
MIR218-1	MIR218-2	SGCD
MIR218-1	MIR218-2	SLC12A2
MIR218-1	MIR218-2	L3MBTL3
MIR218-1	MIR218-2	HOXA11
MIR218-1	MIR218-2	CPNE8
MIR218-1	MIR218-2	CALN1
MIR218-1	MIR218-2	HAPLN1
MIR218-1	MIR218-2	SERPINI1
MIR218-1	MIR218-2	SERTAD2
MIR218-1	MIR218-2	INSYN2A
MIR218-1	MIR218-2	KLF12
MIR218-1	MIR218-2	PPP3CB
MIR218-1	MIR218-2	ADGRB3
MIR218-1	MIR218-2	STAM2
MIR218-1	MIR218-2	LIFR
MIR218-1	MIR218-2	MOSPD1
MIR218-1	MIR218-2	COMMD8
MIR218-1	MIR218-2	SIK2
MIR218-1	MIR218-2	EIF5A2
MIR218-1	MIR218-2	ZNF654
MIR218-1	MIR218-2	RNF41
MIR218-1	MIR218-2	ABRAXAS2
MIR218-1	MIR218-2	ONECUT2
MIR218-1	MIR218-2	CHORDC1
MIR218-1	MIR218-2	YEATS4
MIR218-1	MIR218-2	GLCE
MIR218-1	MIR218-2	PRKG1
MIR218-1	MIR218-2	ZBTB11
MIR218-1	MIR218-2	RPS6KA3
MIR218-1	MIR218-2	TUB
MIR218-1	MIR218-2	SASH1
MIR218-1	MIR218-2	INTS6
MIR218-1	MIR218-2	LMO3
MIR218-1	MIR218-2	EBF3
MIR218-1	MIR218-2	SHISA6
MIR218-1	MIR218-2	BMI1
MIR218-1	MIR218-2	USP32
MIR218-1	MIR218-2	RABGAP1L
MIR218-1	MIR218-2	SATB2
MIR218-1	MIR218-2	MAFG
MIR218-1	MIR218-2	JMY
MIR218-1	MIR218-2	GALNT13
MIR218-1	MIR218-2	TPD52
MIR218-1	MIR218-2	MBNL2
MIR218-1	MIR218-2	PPP2R5A
MIR218-1	MIR218-2	BPNT2
MIR218-1	MIR218-2	PTP4A1
MIR218-1	MIR218-2	LGR4
MIR218-1	MIR218-2	RICTOR
MIR218-1	MIR218-2	KLF9
MIR218-1	MIR218-2	VOPP1
MIR218-1	MIR218-2	B3GAT1
MIR218-1	MIR218-2	SPSB1
MIR218-1	MIR218-2	OLA1
MIR218-1	MIR218-2	CTNND2
MIR218-1	MIR218-2	SLC18A1
MIR218-1	MIR218-2	RCBTB1
MIR218-1	MIR218-2	PFKFB3
MIR218-1	MIR218-2	FBXO28
MIR218-1	MIR218-2	DCUN1D1
MIR218-1	MIR218-2	MIER3
MIR218-1	MIR218-2	BCAT1
MIR218-1	MIR218-2	NUP50
MIR218-1	MIR218-2	SGCZ
MIR218-1	MIR218-2	RIMBP2
MIR218-1	MIR218-2	MBNL1
MIR219A1	MIR219A2	PDGFRA
MIR219A1	MIR219A2	FZD4
MIR219A1	MIR219A2	PAFAH1B1
MIR219A1	MIR219A2	PHF19
MIR219A1	MIR219A2	DNAJC6
MIR219A1	MIR219A2	PCDH17
MIR219A1	MIR219A2	ARHGEF9
MIR219A1	MIR219A2	SLC30A4
MIR219A1	MIR219A2	ISL1
MIR219A1	MIR219A2	DCBLD2
MIR219A1	MIR219A2	SDK1
MIR219A1	MIR219A2	TMEM98
MIR219A1	MIR219A2	ROR1
MIR219A1	MIR219A2	LAPTM4A
MIR219A1	MIR219A2	KBTBD8
MIR219A1	MIR219A2	MDGA2
MIR219A1	MIR219A2	DAZAP1
MIR219A1	MIR219A2	RPGRIP1L
MIR219A1	MIR219A2	ADD2
MIR219A1	MIR219A2	CD164
MIR219A1	MIR219A2	KCNJ2
MIR219A1	MIR219A2	SIX3
MIR219A1	MIR219A2	THSD7B
MIR219A1	MIR219A2	UBASH3B
MIR219A1	MIR219A2	LEF1
MIR219A1	MIR219A2	CREBZF
MIR219A1	MIR219A2	CC2D1A
MIR219A1	MIR219A2	SLK
MIR219A1	MIR219A2	ZDHHC2
MIR219A1	MIR219A2	FNDC3B
MIR219A1	MIR219A2	IGF1
MIR219A1	MIR219A2	MOB4
MIR219A1	MIR219A2	UBE3A
MIR219A1	MIR219A2	PI4KA
MIR219A1	MIR219A2	SLC41A1
MIR219A1	MIR219A2	UBR1
MIR219A1	MIR219A2	RASSF3
MIR219A1	MIR219A2	FBXO30
MIR219A1	MIR219A2	COL9A1
MIR219A1	MIR219A2	KCNH8
MIR219A1	MIR219A2	PRDM16
MIR219A1	MIR219A2	GSK3B
MIR219A1	MIR219A2	NOL4
MIR219A1	MIR219A2	RORB
MIR219A1	MIR219A2	FBXO3
MIR219A1	MIR219A2	DDAH1
MIR219A1	MIR219A2	NR2C2
MIR219A1	MIR219A2	ZNRF2
MIR219A1	MIR219A2	EYA1
MIR219A1	MIR219A2	TMX4
MIR219A1	MIR219A2	NCOA1
MIR219A1	MIR219A2	ELOVL7
MIR219A1	MIR219A2	MEF2D
MIR219A1	MIR219A2	OTX2
MIR219A1	MIR219A2	FMNL2
MIR219A1	MIR219A2	DOK6
MIR219A1	MIR219A2	PTEN
MIR219A1	MIR219A2	BTBD7
MIR219A1	MIR219A2	ANKRD52
MIR219A1	MIR219A2	RNF6
MIR219A1	MIR219A2	PPP1R14B
MIR219A1	MIR219A2	ABHD2
MIR219A1	MIR219A2	POU2F1
MIR219A1	MIR219A2	MON2
MIR219A1	MIR219A2	MECOM
MIR219A1	MIR219A2	MFNG
MIR219A1	MIR219A2	ZC3H6
MIR219A1	MIR219A2	SPPL2A
MIR219A1	MIR219A2	ZNF609
MIR219A1	MIR219A2	NUMB
MIR219A1	MIR219A2	AFF4
MIR219A1	MIR219A2	LPP
MIR219A1	MIR219A2	TRHDE
MIR219A1	MIR219A2	CXXC5
MIR219A1	MIR219A2	CD2AP
MIR219A1	MIR219A2	ZNF697
MIR219A1	MIR219A2	ABHD13
MIR219A1	MIR219A2	NUFIP2
MIR219A1	MIR219A2	SS18
MIR219A1	MIR219A2	THRB
MIR219A1	MIR219A2	GBP5
MIR219A1	MIR219A2	CEP43
MIR219A1	MIR219A2	KCNA4
MIR219A1	MIR219A2	ARMC8
MIR219A1	MIR219A2	MYO5A
MIR219A1	MIR219A2	FAM91A1
MIR219A1	MIR219A2	TBXT
MIR219A1	MIR219A2	GBA2
MIR219A1	MIR219A2	TCF7L2
MIR219A1	MIR219A2	SLC31A1
MIR219A1	MIR219A2	AFAP1L2
MIR219A1	MIR219A2	RIMS1
MIR219A1	MIR219A2	EFNB2
MIR219A1	MIR219A2	EGR3
MIR219A1	MIR219A2	STRN
MIR219A1	MIR219A2	TNRC18
MIR219A1	MIR219A2	CCNA2
MIR219A1	MIR219A2	ERBB4
MIR219A1	MIR219A2	TACC1
MIR219A1	MIR219A2	CXXC4
MIR219A1	MIR219A2	PDE4D
MIR219A1	MIR219A2	INSIG1
MIR219A1	MIR219A2	SP4
MIR219A1	MIR219A2	CCDC28A
MIR219A1	MIR219A2	GXYLT1
MIR219A1	MIR219A2	SKIDA1
MIR219A1	MIR219A2	ASH1L
MIR219A1	MIR219A2	CACNB3
MIR219A1	MIR219A2	ADCYAP1
MIR219A1	MIR219A2	SYT5
MIR219A1	MIR219A2	PARM1
MIR219A1	MIR219A2	PIGR
MIR219A1	MIR219A2	ERG
MIR219A1	MIR219A2	ZNF148
MIR219A1	MIR219A2	EYA2
MIR219A1	MIR219A2	CRLF3
MIR219A1	MIR219A2	FOXJ3
MIR219A1	MIR219A2	PHACTR2
MIR219A1	MIR219A2	PICALM
MIR219A1	MIR219A2	KLF3
MIR219A1	MIR219A2	ESR1
MIR219A1	MIR219A2	FGF9
MIR219A1	MIR219A2	ZBTB18
MIR219A1	MIR219A2	ZNF800
MIR219A1	MIR219A2	MMS19
MIR219A1	MIR219A2	RAB35
MIR219A1	MIR219A2	ASPH
MIR219A1	MIR219A2	FZD5
MIR219A1	MIR219A2	SYT1
MIR219A1	MIR219A2	ELMOD2
MIR219A1	MIR219A2	INPP5J
MIR219A1	MIR219A2	CELF2
MIR219A1	MIR219A2	ATP2B1
MIR219A1	MIR219A2	SNRK
MIR219A1	MIR219A2	SLC39A10
MIR219A1	MIR219A2	FBXL17
MIR219A1	MIR219A2	CGNL1
MIR219A1	MIR219A2	BICRAL
MIR219A1	MIR219A2	TEAD1
MIR219A1	MIR219A2	RBM24
MIR219A1	MIR219A2	S100PBP
MIR219A1	MIR219A2	CBFA2T3
MIR219A1	MIR219A2	SLC35F5
MIR219A1	MIR219A2	RECK
MIR219A1	MIR219A2	SOX6
MIR219A1	MIR219A2	TENM2
MIR219A1	MIR219A2	MIER3
MIR219A1	MIR219A2	NTNG2
MIR219A1	MIR219A2	CHD7
MIR219A1	MIR219A2	ANAPC16
MIR219A1	MIR219A2	UBE2D1
MIR219A1	MIR219A2	PPARGC1A
MIR219A1	MIR219A2	TSC22D2
MIR23A	MIR23B	TLR4
MIR23A	MIR23B	PDE7A
MIR23A	MIR23B	NDUFA10
MIR23A	MIR23B	SLC1A1
MIR23A	MIR23B	RBM25
MIR23A	MIR23B	DNAJC6
MIR23A	MIR23B	CDC40
MIR23A	MIR23B	ATP6V1E1
MIR23A	MIR23B	AHRR
MIR23A	MIR23B	CCDC97
MIR23A	MIR23B	RNF166
MIR23A	MIR23B	BORA
MIR23A	MIR23B	CDC42
MIR23A	MIR23B	OSGEP
MIR23A	MIR23B	PNRC2
MIR23A	MIR23B	NEK7
MIR23A	MIR23B	TOX3
MIR23A	MIR23B	ZNF292
MIR23A	MIR23B	P2RX2
MIR23A	MIR23B	H6PD
MIR23A	MIR23B	NEK6
MIR23A	MIR23B	PSD3
MIR23A	MIR23B	ASF1A
MIR23A	MIR23B	MBTD1
MIR23A	MIR23B	MEIS1
MIR23A	MIR23B	TGIF1
MIR23A	MIR23B	TAB3
MIR23A	MIR23B	THAP12
MIR23A	MIR23B	FUT4
MIR23A	MIR23B	MYO1E
MIR23A	MIR23B	MTMR4
MIR23A	MIR23B	CREBZF
MIR23A	MIR23B	VSIG1
MIR23A	MIR23B	IGSF8
MIR23A	MIR23B	MYF6
MIR23A	MIR23B	FUT9
MIR23A	MIR23B	USP53
MIR23A	MIR23B	KCNC4
MIR23A	MIR23B	PKP4
MIR23A	MIR23B	SRSF2
MIR23A	MIR23B	CMTM4
MIR23A	MIR23B	MICAL2
MIR23A	MIR23B	SEC24A
MIR23A	MIR23B	MYL12B
MIR23A	MIR23B	RALYL
MIR23A	MIR23B	CNTN1
MIR23A	MIR23B	SPIN1
MIR23A	MIR23B	TNFAIP3
MIR23A	MIR23B	CXCL12
MIR23A	MIR23B	LARP1
MIR23A	MIR23B	PKIA
MIR23A	MIR23B	PLEKHG4B
MIR23A	MIR23B	ARNT
MIR23A	MIR23B	TNPO1
MIR23A	MIR23B	SKI
MIR23A	MIR23B	RCN1
MIR23A	MIR23B	PPIF
MIR23A	MIR23B	LIMD1
MIR23A	MIR23B	PLOD1
MIR23A	MIR23B	ABCA1
MIR23A	MIR23B	GHITM
MIR23A	MIR23B	TMEM252
MIR23A	MIR23B	CTDP1
MIR23A	MIR23B	TLK1
MIR23A	MIR23B	ROBO2
MIR23A	MIR23B	SPRY2
MIR23A	MIR23B	CA2
MIR23A	MIR23B	REPIN1
MIR23A	MIR23B	MICU3
MIR23A	MIR23B	STX12
MIR23A	MIR23B	MAP3K1
MIR23A	MIR23B	ALDH1A2
MIR23A	MIR23B	MTF1
MIR23A	MIR23B	NFIB
MIR23A	MIR23B	NUP98
MIR23A	MIR23B	UBE2D3
MIR23A	MIR23B	RAB8B
MIR23A	MIR23B	BRWD1
MIR23A	MIR23B	KLF13
MIR23A	MIR23B	COMMD6
MIR23A	MIR23B	IPO11
MIR23A	MIR23B	CLCN3
MIR23A	MIR23B	PTEN
MIR23A	MIR23B	CHD4
MIR23A	MIR23B	MAP4K4
MIR23A	MIR23B	THSD4
MIR23A	MIR23B	MAP7
MIR23A	MIR23B	POU2F1
MIR23A	MIR23B	TMEM263
MIR23A	MIR23B	RRAS2
MIR23A	MIR23B	SEMA6D
MIR23A	MIR23B	GPR22
MIR23A	MIR23B	IGF2BP1
MIR23A	MIR23B	TP53INP2
MIR23A	MIR23B	MDFIC
MIR23A	MIR23B	SYT2
MIR23A	MIR23B	PIK3C2A
MIR23A	MIR23B	ATP11A
MIR23A	MIR23B	TEC
MIR23A	MIR23B	SSMEM1
MIR23A	MIR23B	URM1
MIR23A	MIR23B	CUL3
MIR23A	MIR23B	ELF5
MIR23A	MIR23B	RCHY1
MIR23A	MIR23B	VANGL1
MIR23A	MIR23B	PPM1K
MIR23A	MIR23B	ANKHD1
MIR23A	MIR23B	NUFIP2
MIR23A	MIR23B	FANCA
MIR23A	MIR23B	CCNG1
MIR23A	MIR23B	PTPRT
MIR23A	MIR23B	RAP2B
MIR23A	MIR23B	ZFYVE28
MIR23A	MIR23B	CNOT6L
MIR23A	MIR23B	FNBP1L
MIR23A	MIR23B	TBC1D10B
MIR23A	MIR23B	ALPL
MIR23A	MIR23B	TNFAIP6
MIR23A	MIR23B	VTI1B
MIR23A	MIR23B	DYNLRB1
MIR23A	MIR23B	NDFIP2
MIR23A	MIR23B	MPP2
MIR23A	MIR23B	BLCAP
MIR23A	MIR23B	DUSP5
MIR23A	MIR23B	IGF2
MIR23A	MIR23B	KPNA4
MIR23A	MIR23B	DSC2
MIR23A	MIR23B	TOP1
MIR23A	MIR23B	MRC1
MIR23A	MIR23B	CAMK2N2
MIR23A	MIR23B	GBX2
MIR23A	MIR23B	CTCF
MIR23A	MIR23B	AMBRA1
MIR23A	MIR23B	ZNF839
MIR23A	MIR23B	MCFD2
MIR23A	MIR23B	ATXN1
MIR23A	MIR23B	POU4F2
MIR23A	MIR23B	PPP1R12A
MIR23A	MIR23B	NAP1L5
MIR23A	MIR23B	CYRIA
MIR23A	MIR23B	SEC14L1
MIR23A	MIR23B	FBXL18
MIR23A	MIR23B	ATP11C
MIR23A	MIR23B	MARCKSL1
MIR23A	MIR23B	TMED5
MIR23A	MIR23B	NUDT4
MIR23A	MIR23B	SATB1
MIR23A	MIR23B	PCDHB16
MIR23A	MIR23B	SLC6A14
MIR23A	MIR23B	AUH
MIR23A	MIR23B	GIPC3
MIR23A	MIR23B	MAB21L2
MIR23A	MIR23B	NKD1
MIR23A	MIR23B	HEXIM1
MIR23A	MIR23B	SYS1
MIR23A	MIR23B	CELF1
MIR23A	MIR23B	MAPRE1
MIR23A	MIR23B	C2orf69
MIR23A	MIR23B	HNF4G
MIR23A	MIR23B	ETNK1
MIR23A	MIR23B	HMGB2
MIR23A	MIR23B	SEC23IP
MIR23A	MIR23B	MYO1B
MIR23A	MIR23B	STAT5B
MIR23A	MIR23B	BMF
MIR23A	MIR23B	FGF2
MIR23A	MIR23B	SERTAD2
MIR23A	MIR23B	KMT5A
MIR23A	MIR23B	PRTG
MIR23A	MIR23B	FAM234B
MIR23A	MIR23B	CAPRIN1
MIR23A	MIR23B	CRLF3
MIR23A	MIR23B	ZNF420
MIR23A	MIR23B	CNR1
MIR23A	MIR23B	POM121C
MIR23A	MIR23B	WBP2
MIR23A	MIR23B	KIAA1107
MIR23A	MIR23B	C3orf52
MIR23A	MIR23B	HOXD10
MIR23A	MIR23B	KLF3
MIR23A	MIR23B	NR6A1
MIR23A	MIR23B	C6orf62
MIR23A	MIR23B	CHUK
MIR23A	MIR23B	ZBTB34
MIR23A	MIR23B	GLCE
MIR23A	MIR23B	KDM6A
MIR23A	MIR23B	ADAM10
MIR23A	MIR23B	NMT1
MIR23A	MIR23B	ZBTB11
MIR23A	MIR23B	FZD5
MIR23A	MIR23B	ERBB2
MIR23A	MIR23B	MYCT1
MIR23A	MIR23B	SLC25A4
MIR23A	MIR23B	CPEB4
MIR23A	MIR23B	TMEM127
MIR23A	MIR23B	SNX5
MIR23A	MIR23B	HIC2
MIR23A	MIR23B	NACC2
MIR23A	MIR23B	CSNK1G3
MIR23A	MIR23B	EWSR1
MIR23A	MIR23B	G3BP2
MIR23A	MIR23B	CORT
MIR23A	MIR23B	SPOPL
MIR23A	MIR23B	INTU
MIR23A	MIR23B	SF3B1
MIR23A	MIR23B	NOL4L
MIR23A	MIR23B	LITAF
MIR23A	MIR23B	PYGB
MIR23A	MIR23B	CTSA
MIR23A	MIR23B	RAB39B
MIR23A	MIR23B	STAC2
MIR23A	MIR23B	TPM3
MIR23A	MIR23B	LCOR
MIR23A	MIR23B	RNF168
MIR23A	MIR23B	ZSCAN22
MIR23A	MIR23B	FOXC1
MIR23A	MIR23B	PPA2
MIR23A	MIR23B	ZNF385A
MIR23A	MIR23B	COL4A4
MIR23A	MIR23B	CPSF4
MIR23A	MIR23B	SETD1A
MIR23A	MIR23B	CCL7
MIR23A	MIR23B	CPEB2
MIR23A	MIR23B	ZFHX4
MIR23A	MIR23B	ARHGAP20
MIR23A	MIR23B	SIRPA
MIR23A	MIR23B	RGS8
MIR23A	MIR23B	QSER1
MIR23A	MIR23B	NUP50
MIR23A	MIR23B	MXRA7
MIR23A	MIR23B	PDE4B
MIR23A	MIR23B	UBE2D1
MIR23A	MIR23B	PPARGC1A
MIR23A	MIR23B	MBNL1
MIR23A	MIR23B	FGFR1
MIR23A	MIR23B	XIAP
MIR23A	MIR23B	TNRC6A
MIR24-1	MIR24-2	PDGFRA
MIR24-1	MIR24-2	USF3
MIR24-1	MIR24-2	MEIS2
MIR24-1	MIR24-2	CCT3
MIR24-1	MIR24-2	CYB561D1
MIR24-1	MIR24-2	DUSP16
MIR24-1	MIR24-2	GLG1
MIR24-1	MIR24-2	CALD1
MIR24-1	MIR24-2	PER2
MIR24-1	MIR24-2	PCNP
MIR24-1	MIR24-2	CYP19A1
MIR24-1	MIR24-2	DCBLD2
MIR24-1	MIR24-2	ATAD2B
MIR24-1	MIR24-2	PTPRF
MIR24-1	MIR24-2	NFASC
MIR24-1	MIR24-2	ADAM12
MIR24-1	MIR24-2	LOX
MIR24-1	MIR24-2	ERBB3
MIR24-1	MIR24-2	ACADSB
MIR24-1	MIR24-2	PPM1A
MIR24-1	MIR24-2	BCL2L2
MIR24-1	MIR24-2	OSBPL9
MIR24-1	MIR24-2	PLAG1
MIR24-1	MIR24-2	IL1A
MIR24-1	MIR24-2	QKI
MIR24-1	MIR24-2	KLHL1
MIR24-1	MIR24-2	DAZAP1
MIR24-1	MIR24-2	NAIF1
MIR24-1	MIR24-2	SLMAP
MIR24-1	MIR24-2	ADD2
MIR24-1	MIR24-2	ZEB2
MIR24-1	MIR24-2	ARPP21
MIR24-1	MIR24-2	PRKCH
MIR24-1	MIR24-2	VSTM4
MIR24-1	MIR24-2	ACSL6
MIR24-1	MIR24-2	RC3H1
MIR24-1	MIR24-2	GNE
MIR24-1	MIR24-2	TM9SF3
MIR24-1	MIR24-2	IGIP
MIR24-1	MIR24-2	VXN
MIR24-1	MIR24-2	LIMK2
MIR24-1	MIR24-2	PRKCI
MIR24-1	MIR24-2	MLEC
MIR24-1	MIR24-2	DYRK2
MIR24-1	MIR24-2	STX5
MIR24-1	MIR24-2	NRP2
MIR24-1	MIR24-2	MBLAC2
MIR24-1	MIR24-2	ELL
MIR24-1	MIR24-2	SESN1
MIR24-1	MIR24-2	SSR1
MIR24-1	MIR24-2	OGT
MIR24-1	MIR24-2	RNF170
MIR24-1	MIR24-2	C21orf91
MIR24-1	MIR24-2	IFFO2
MIR24-1	MIR24-2	CMTM4
MIR24-1	MIR24-2	TNFRSF19
MIR24-1	MIR24-2	MNT
MIR24-1	MIR24-2	MXI1
MIR24-1	MIR24-2	MCOLN3
MIR24-1	MIR24-2	TRPC4AP
MIR24-1	MIR24-2	EGLN1
MIR24-1	MIR24-2	ZBTB44
MIR24-1	MIR24-2	SLC12A6
MIR24-1	MIR24-2	SLITRK1
MIR24-1	MIR24-2	RANBP10
MIR24-1	MIR24-2	ARID5B
MIR24-1	MIR24-2	RFX7
MIR24-1	MIR24-2	SOX14
MIR24-1	MIR24-2	APLP2
MIR24-1	MIR24-2	SNTB1
MIR24-1	MIR24-2	SFXN5
MIR24-1	MIR24-2	RBM33
MIR24-1	MIR24-2	DUSP8
MIR24-1	MIR24-2	CITED4
MIR24-1	MIR24-2	VPS26A
MIR24-1	MIR24-2	STRADB
MIR24-1	MIR24-2	TRPM1
MIR24-1	MIR24-2	STX6
MIR24-1	MIR24-2	KLHL3
MIR24-1	MIR24-2	VTI1A
MIR24-1	MIR24-2	GSK3B
MIR24-1	MIR24-2	HDAC9
MIR24-1	MIR24-2	RAB4B
MIR24-1	MIR24-2	TET2
MIR24-1	MIR24-2	IL6ST
MIR24-1	MIR24-2	CDHR3
MIR24-1	MIR24-2	LIMD1
MIR24-1	MIR24-2	RSBN1L
MIR24-1	MIR24-2	E2F3
MIR24-1	MIR24-2	IQGAP1
MIR24-1	MIR24-2	REEP2
MIR24-1	MIR24-2	SRPK2
MIR24-1	MIR24-2	TSSK2
MIR24-1	MIR24-2	MIX23
MIR24-1	MIR24-2	SNN
MIR24-1	MIR24-2	NFXL1
MIR24-1	MIR24-2	RAP1A
MIR24-1	MIR24-2	PLCL2
MIR24-1	MIR24-2	WDR26
MIR24-1	MIR24-2	GALNT1
MIR24-1	MIR24-2	LIMD2
MIR24-1	MIR24-2	PTPRD
MIR24-1	MIR24-2	KDM5A
MIR24-1	MIR24-2	NSD2
MIR24-1	MIR24-2	RAB14
MIR24-1	MIR24-2	HLCS
MIR24-1	MIR24-2	CAMSAP1
MIR24-1	MIR24-2	SGMS1
MIR24-1	MIR24-2	KCTD21
MIR24-1	MIR24-2	BRWD1
MIR24-1	MIR24-2	MIDN
MIR24-1	MIR24-2	TAF7L
MIR24-1	MIR24-2	BCL2L11
MIR24-1	MIR24-2	CLCN3
MIR24-1	MIR24-2	PAX3
MIR24-1	MIR24-2	RNF11
MIR24-1	MIR24-2	TCF12
MIR24-1	MIR24-2	ACTR2
MIR24-1	MIR24-2	DENND11
MIR24-1	MIR24-2	GZF1
MIR24-1	MIR24-2	H2AX
MIR24-1	MIR24-2	SEMA4B
MIR24-1	MIR24-2	ZNF470
MIR24-1	MIR24-2	DRAXIN
MIR24-1	MIR24-2	DRG2
MIR24-1	MIR24-2	ABHD2
MIR24-1	MIR24-2	PTGFRN
MIR24-1	MIR24-2	DLC1
MIR24-1	MIR24-2	CREBL2
MIR24-1	MIR24-2	LIPT2
MIR24-1	MIR24-2	GAPVD1
MIR24-1	MIR24-2	HNF1B
MIR24-1	MIR24-2	TENM3
MIR24-1	MIR24-2	TMEM165
MIR24-1	MIR24-2	CUL5
MIR24-1	MIR24-2	ZNF697
MIR24-1	MIR24-2	BVES
MIR24-1	MIR24-2	PPARGC1B
MIR24-1	MIR24-2	MPPED2
MIR24-1	MIR24-2	HEG1
MIR24-1	MIR24-2	LAMTOR3
MIR24-1	MIR24-2	DNAJB12
MIR24-1	MIR24-2	DBNDD2
MIR24-1	MIR24-2	ICE2
MIR24-1	MIR24-2	KLF8
MIR24-1	MIR24-2	ATG4A
MIR24-1	MIR24-2	ARMC8
MIR24-1	MIR24-2	GPAT3
MIR24-1	MIR24-2	RASA1
MIR24-1	MIR24-2	SCAMP5
MIR24-1	MIR24-2	RAB5C
MIR24-1	MIR24-2	FGF11
MIR24-1	MIR24-2	PCNX4
MIR24-1	MIR24-2	ENTPD6
MIR24-1	MIR24-2	TENM1
MIR24-1	MIR24-2	RNF165
MIR24-1	MIR24-2	CACHD1
MIR24-1	MIR24-2	MAP2K4
MIR24-1	MIR24-2	YBX2
MIR24-1	MIR24-2	ELL2
MIR24-1	MIR24-2	GRIP1
MIR24-1	MIR24-2	TMEM161B
MIR24-1	MIR24-2	DNM3
MIR24-1	MIR24-2	GBA2
MIR24-1	MIR24-2	ZBTB43
MIR24-1	MIR24-2	SRSF11
MIR24-1	MIR24-2	TOP1
MIR24-1	MIR24-2	CNKSR3
MIR24-1	MIR24-2	LRRC75A
MIR24-1	MIR24-2	NPEPPS
MIR24-1	MIR24-2	ENTPD1
MIR24-1	MIR24-2	CDV3
MIR24-1	MIR24-2	PPP1R12A
MIR24-1	MIR24-2	PURA
MIR24-1	MIR24-2	CABYR
MIR24-1	MIR24-2	CAMK2B
MIR24-1	MIR24-2	RAP1B
MIR24-1	MIR24-2	ATP1B2
MIR24-1	MIR24-2	PIM2
MIR24-1	MIR24-2	MARCKSL1
MIR24-1	MIR24-2	MGAT4A
MIR24-1	MIR24-2	S1PR1
MIR24-1	MIR24-2	PCDH9
MIR24-1	MIR24-2	EDA2R
MIR24-1	MIR24-2	PRKAA2
MIR24-1	MIR24-2	TAOK1
MIR24-1	MIR24-2	ELOVL5
MIR24-1	MIR24-2	EMX2
MIR24-1	MIR24-2	MATR3
MIR24-1	MIR24-2	DENND10
MIR24-1	MIR24-2	ANKRD28
MIR24-1	MIR24-2	INSIG1
MIR24-1	MIR24-2	ENPP4
MIR24-1	MIR24-2	NRP1
MIR24-1	MIR24-2	RNF2
MIR24-1	MIR24-2	CALM1
MIR24-1	MIR24-2	PRY
MIR24-1	MIR24-2	TMEM50B
MIR24-1	MIR24-2	ZXDA
MIR24-1	MIR24-2	FMR1
MIR24-1	MIR24-2	RPS6KB1
MIR24-1	MIR24-2	FAM78B
MIR24-1	MIR24-2	RUBCN
MIR24-1	MIR24-2	PLOD2
MIR24-1	MIR24-2	PTGER4
MIR24-1	MIR24-2	MED22
MIR24-1	MIR24-2	ZNF367
MIR24-1	MIR24-2	SCML1
MIR24-1	MIR24-2	ZNF148
MIR24-1	MIR24-2	CAPRIN1
MIR24-1	MIR24-2	PRKAR1A
MIR24-1	MIR24-2	NXPH1
MIR24-1	MIR24-2	FST
MIR24-1	MIR24-2	RNF149
MIR24-1	MIR24-2	TTC17
MIR24-1	MIR24-2	MBD6
MIR24-1	MIR24-2	DLGAP4
MIR24-1	MIR24-2	ZXDB
MIR24-1	MIR24-2	ZNF654
MIR24-1	MIR24-2	TNFSF9
MIR24-1	MIR24-2	REEP1
MIR24-1	MIR24-2	PDGFRB
MIR24-1	MIR24-2	BHLHE22
MIR24-1	MIR24-2	MGA
MIR24-1	MIR24-2	TRIM14
MIR24-1	MIR24-2	RNF138
MIR24-1	MIR24-2	AFAP1L1
MIR24-1	MIR24-2	TSPAN14
MIR24-1	MIR24-2	ZNF48
MIR24-1	MIR24-2	MMP16
MIR24-1	MIR24-2	MYBL1
MIR24-1	MIR24-2	AMOTL2
MIR24-1	MIR24-2	FSTL1
MIR24-1	MIR24-2	HNRNPU
MIR24-1	MIR24-2	HSFY1
MIR24-1	MIR24-2	CPEB4
MIR24-1	MIR24-2	RAP2C
MIR24-1	MIR24-2	KCNK2
MIR24-1	MIR24-2	BDP1
MIR24-1	MIR24-2	ATP2B1
MIR24-1	MIR24-2	CNNM4
MIR24-1	MIR24-2	SMAGP
MIR24-1	MIR24-2	RAB5B
MIR24-1	MIR24-2	RBBP4
MIR24-1	MIR24-2	CALB1
MIR24-1	MIR24-2	CATSPERE
MIR24-1	MIR24-2	POLR3D
MIR24-1	MIR24-2	FAM168B
MIR24-1	MIR24-2	STC2
MIR24-1	MIR24-2	LMBR1L
MIR24-1	MIR24-2	CDH6
MIR24-1	MIR24-2	SPATS2L
MIR24-1	MIR24-2	PAQR3
MIR24-1	MIR24-2	RPAP2
MIR24-1	MIR24-2	ABCB9
MIR24-1	MIR24-2	CALCR
MIR24-1	MIR24-2	NIPSNAP1
MIR24-1	MIR24-2	TNFAIP8
MIR24-1	MIR24-2	CDKN1B
MIR24-1	MIR24-2	AVL9
MIR24-1	MIR24-2	SLC1A3
MIR24-1	MIR24-2	EGR1
MIR24-1	MIR24-2	VCPIP1
MIR24-1	MIR24-2	ESS2
MIR24-1	MIR24-2	KLHL15
MIR24-1	MIR24-2	PDP2
MIR24-1	MIR24-2	NDST1
MIR24-1	MIR24-2	IRF1
MIR24-1	MIR24-2	ZNF770
MIR24-1	MIR24-2	LAMB3
MIR24-1	MIR24-2	APBA1
MIR24-1	MIR24-2	C2orf49
MIR24-1	MIR24-2	CCNJ
MIR24-1	MIR24-2	ISM2
MIR24-1	MIR24-2	ZNF217
MIR24-1	MIR24-2	SSTR1
MIR24-1	MIR24-2	ARHGAP20
MIR24-1	MIR24-2	UBE3C
MIR24-1	MIR24-2	SLC16A2
MIR24-1	MIR24-2	ZNF670
MIR24-1	MIR24-2	SIRPA
MIR24-1	MIR24-2	MBOAT1
MIR24-1	MIR24-2	IFNG
MIR24-1	MIR24-2	RAP2A
MIR24-1	MIR24-2	NLE1
MIR24-1	MIR24-2	KMT5C
MIR24-1	MIR24-2	TP53INP1
MIR24-1	MIR24-2	ADAMTS6
MIR24-1	MIR24-2	ACVR1B
MIR24-1	MIR24-2	CRIM1
MIR24-1	MIR24-2	SCML2
MIR24-1	MIR24-2	NEFM
MIR24-1	MIR24-2	NEK4
MIR24-1	MIR24-2	VGLL3
MIR24-1	MIR24-2	TSC22D2
MIR24-1	MIR24-2	XIAP
MIR26A1	MIR26A2	GCSH
MIR26A1	MIR26A2	NHS
MIR26A1	MIR26A2	UBE2G1
MIR26A1	MIR26A2	DCHS2
MIR26A1	MIR26A2	KPNA3
MIR26A1	MIR26A2	TOB1
MIR26A1	MIR26A2	PDHX
MIR26A1	MIR26A2	PHLDB2
MIR26A1	MIR26A2	ZDHHC20
MIR26A1	MIR26A2	CPEB3
MIR26A1	MIR26A2	XPO1
MIR26A1	MIR26A2	CASZ1
MIR26A1	MIR26A2	BLOC1S2
MIR26A1	MIR26A2	SYCP3
MIR26A1	MIR26A2	CASK
MIR26A1	MIR26A2	SNX1
MIR26A1	MIR26A2	TTC30A
MIR26A1	MIR26A2	MTM1
MIR26A1	MIR26A2	ERLIN1
MIR26A1	MIR26A2	CBLN4
MIR26A1	MIR26A2	SEL1L3
MIR26A1	MIR26A2	ZIC5
MIR26A1	MIR26A2	BOD1
MIR26A1	MIR26A2	EZH2
MIR26A1	MIR26A2	EIF2S1
MIR26A1	MIR26A2	EFNA5
MIR26A1	MIR26A2	HGF
MIR26A1	MIR26A2	CCDC50
MIR26A1	MIR26A2	GUCY1A1
MIR26A1	MIR26A2	SULF1
MIR26A1	MIR26A2	RMND5A
MIR26A1	MIR26A2	CD200
MIR26A1	MIR26A2	UBR3
MIR26A1	MIR26A2	HMGA1
MIR26A1	MIR26A2	CREBRF
MIR26A1	MIR26A2	U2SURP
MIR26A1	MIR26A2	EBF1
MIR26A1	MIR26A2	APOOL
MIR26A1	MIR26A2	QKI
MIR26A1	MIR26A2	SSX2IP
MIR26A1	MIR26A2	HOXA5
MIR26A1	MIR26A2	ACSL3
MIR26A1	MIR26A2	KCNJ2
MIR26A1	MIR26A2	SRP19
MIR26A1	MIR26A2	PRPF4B
MIR26A1	MIR26A2	FBXO11
MIR26A1	MIR26A2	CREBZF
MIR26A1	MIR26A2	SKP1
MIR26A1	MIR26A2	SLC30A5
MIR26A1	MIR26A2	ZDHHC21
MIR26A1	MIR26A2	JAG1
MIR26A1	MIR26A2	TNRC6B
MIR26A1	MIR26A2	ULK2
MIR26A1	MIR26A2	FAM98B
MIR26A1	MIR26A2	ACSL4
MIR26A1	MIR26A2	PPP3R1
MIR26A1	MIR26A2	USP3
MIR26A1	MIR26A2	OGT
MIR26A1	MIR26A2	GRIN2A
MIR26A1	MIR26A2	HOXA9
MIR26A1	MIR26A2	CADM2
MIR26A1	MIR26A2	RCN2
MIR26A1	MIR26A2	KRT27
MIR26A1	MIR26A2	LNX2
MIR26A1	MIR26A2	HNRNPA3
MIR26A1	MIR26A2	PTBP3
MIR26A1	MIR26A2	ASPN
MIR26A1	MIR26A2	SERBP1
MIR26A1	MIR26A2	INHBB
MIR26A1	MIR26A2	CEP350
MIR26A1	MIR26A2	CGGBP1
MIR26A1	MIR26A2	DPYD
MIR26A1	MIR26A2	LARP1
MIR26A1	MIR26A2	FBXL19
MIR26A1	MIR26A2	SLC25A16
MIR26A1	MIR26A2	STRADB
MIR26A1	MIR26A2	SIAH3
MIR26A1	MIR26A2	PRDM16
MIR26A1	MIR26A2	ZCCHC24
MIR26A1	MIR26A2	ZSWIM6
MIR26A1	MIR26A2	KLHL18
MIR26A1	MIR26A2	MTFMT
MIR26A1	MIR26A2	PABPC5
MIR26A1	MIR26A2	FRMD4B
MIR26A1	MIR26A2	ZNF608
MIR26A1	MIR26A2	DCX
MIR26A1	MIR26A2	ZNF410
MIR26A1	MIR26A2	TET2
MIR26A1	MIR26A2	ARPP19
MIR26A1	MIR26A2	ABHD5
MIR26A1	MIR26A2	SLC38A2
MIR26A1	MIR26A2	GLUD1
MIR26A1	MIR26A2	MEF2A
MIR26A1	MIR26A2	RSBN1L
MIR26A1	MIR26A2	GPATCH8
MIR26A1	MIR26A2	CDK6
MIR26A1	MIR26A2	EIF4G2
MIR26A1	MIR26A2	TNRC6C
MIR26A1	MIR26A2	RAP1A
MIR26A1	MIR26A2	HS6ST3
MIR26A1	MIR26A2	COX18
MIR26A1	MIR26A2	COL10A1
MIR26A1	MIR26A2	CD24
MIR26A1	MIR26A2	E2F7
MIR26A1	MIR26A2	ANKRD46
MIR26A1	MIR26A2	CLSTN2
MIR26A1	MIR26A2	FAM8A1
MIR26A1	MIR26A2	FRAT2
MIR26A1	MIR26A2	SMAD1
MIR26A1	MIR26A2	NAA15
MIR26A1	MIR26A2	PELI2
MIR26A1	MIR26A2	OTUD4
MIR26A1	MIR26A2	KCNMA1
MIR26A1	MIR26A2	BRWD1
MIR26A1	MIR26A2	CDK8
MIR26A1	MIR26A2	USP6NL
MIR26A1	MIR26A2	UBE2D1
MIR26A1	MIR26A2	RNF6
MIR26A1	MIR26A2	TACR1
MIR26A1	MIR26A2	PRKCD
MIR26A1	MIR26A2	ZFAND6
MIR26A1	MIR26A2	TMEM245
MIR26A1	MIR26A2	HMGA2
MIR26A1	MIR26A2	MAP7
MIR26A1	MIR26A2	NUP58
MIR26A1	MIR26A2	CHAC1
MIR26A1	MIR26A2	ATF2
MIR26A1	MIR26A2	CLASP2
MIR26A1	MIR26A2	GMDS
MIR26A1	MIR26A2	PCNX1
MIR26A1	MIR26A2	SACS
MIR26A1	MIR26A2	WNK3
MIR26A1	MIR26A2	BEND4
MIR26A1	MIR26A2	ULK1
MIR26A1	MIR26A2	RTF1
MIR26A1	MIR26A2	DCTPP1
MIR26A1	MIR26A2	ZNF568
MIR26A1	MIR26A2	SBSPON
MIR26A1	MIR26A2	FAM117B
MIR26A1	MIR26A2	NAB1
MIR26A1	MIR26A2	KPNA6
MIR26A1	MIR26A2	ANGPT1
MIR26A1	MIR26A2	CNOT6L
MIR26A1	MIR26A2	REEP3
MIR26A1	MIR26A2	JMJD1C
MIR26A1	MIR26A2	TET1
MIR26A1	MIR26A2	PAN3
MIR26A1	MIR26A2	TBC1D15
MIR26A1	MIR26A2	FAM98A
MIR26A1	MIR26A2	KCND2
MIR26A1	MIR26A2	MTDH
MIR26A1	MIR26A2	ZBTB4
MIR26A1	MIR26A2	HPGD
MIR26A1	MIR26A2	TCF7L2
MIR26A1	MIR26A2	LYST
MIR26A1	MIR26A2	KPNA4
MIR26A1	MIR26A2	TMEM106B
MIR26A1	MIR26A2	CEMIP2
MIR26A1	MIR26A2	BTLA
MIR26A1	MIR26A2	THAP2
MIR26A1	MIR26A2	TET3
MIR26A1	MIR26A2	CDK2AP1
MIR26A1	MIR26A2	FAM177A1
MIR26A1	MIR26A2	MYT1L
MIR26A1	MIR26A2	NAP1L5
MIR26A1	MIR26A2	MTBP
MIR26A1	MIR26A2	PURA
MIR26A1	MIR26A2	OSBPL11
MIR26A1	MIR26A2	DOCK4
MIR26A1	MIR26A2	ANKS1A
MIR26A1	MIR26A2	CALCOCO2
MIR26A1	MIR26A2	RELCH
MIR26A1	MIR26A2	ATP11C
MIR26A1	MIR26A2	CCDC6
MIR26A1	MIR26A2	SMARCE1
MIR26A1	MIR26A2	NRK
MIR26A1	MIR26A2	SLC6A14
MIR26A1	MIR26A2	RTN3
MIR26A1	MIR26A2	TAOK1
MIR26A1	MIR26A2	RALGAPB
MIR26A1	MIR26A2	ZNF644
MIR26A1	MIR26A2	ENPP4
MIR26A1	MIR26A2	UBN2
MIR26A1	MIR26A2	ZMYND11
MIR26A1	MIR26A2	SLC2A13
MIR26A1	MIR26A2	SLC7A11
MIR26A1	MIR26A2	C17orf80
MIR26A1	MIR26A2	MAP7D3
MIR26A1	MIR26A2	CCDC28A
MIR26A1	MIR26A2	PTGS2
MIR26A1	MIR26A2	NETO1
MIR26A1	MIR26A2	CPSF2
MIR26A1	MIR26A2	PLCB1
MIR26A1	MIR26A2	FMR1
MIR26A1	MIR26A2	ETNK1
MIR26A1	MIR26A2	ACBD5
MIR26A1	MIR26A2	PLOD2
MIR26A1	MIR26A2	MAPK6
MIR26A1	MIR26A2	SCML1
MIR26A1	MIR26A2	LIN28B
MIR26A1	MIR26A2	BHLHE40
MIR26A1	MIR26A2	DPYSL2
MIR26A1	MIR26A2	NUDT11
MIR26A1	MIR26A2	STK39
MIR26A1	MIR26A2	ZC3H12C
MIR26A1	MIR26A2	CNR1
MIR26A1	MIR26A2	FOXJ3
MIR26A1	MIR26A2	PPP6R3
MIR26A1	MIR26A2	ITPR1
MIR26A1	MIR26A2	PRRX1
MIR26A1	MIR26A2	COL19A1
MIR26A1	MIR26A2	AKIRIN1
MIR26A1	MIR26A2	TRPC3
MIR26A1	MIR26A2	ADM
MIR26A1	MIR26A2	TRIM2
MIR26A1	MIR26A2	SLC4A4
MIR26A1	MIR26A2	GJB2
MIR26A1	MIR26A2	ZBTB18
MIR26A1	MIR26A2	CHORDC1
MIR26A1	MIR26A2	ADGRF5
MIR26A1	MIR26A2	AKAP7
MIR26A1	MIR26A2	GNA13
MIR26A1	MIR26A2	USP15
MIR26A1	MIR26A2	RCOR3
MIR26A1	MIR26A2	HOXC8
MIR26A1	MIR26A2	RAP2C
MIR26A1	MIR26A2	SENP5
MIR26A1	MIR26A2	TRIB2
MIR26A1	MIR26A2	NCEH1
MIR26A1	MIR26A2	FBXO33
MIR26A1	MIR26A2	CLINT1
MIR26A1	MIR26A2	ADGRG6
MIR26A1	MIR26A2	MAB21L1
MIR26A1	MIR26A2	FKBP1A
MIR26A1	MIR26A2	POLR3G
MIR26A1	MIR26A2	CIPC
MIR26A1	MIR26A2	CTTNBP2NL
MIR26A1	MIR26A2	DMRT3
MIR26A1	MIR26A2	DHX40
MIR26A1	MIR26A2	G3BP2
MIR26A1	MIR26A2	SLC35G1
MIR26A1	MIR26A2	FAM135A
MIR26A1	MIR26A2	KLHL42
MIR26A1	MIR26A2	CCDC186
MIR26A1	MIR26A2	SATB2
MIR26A1	MIR26A2	LSM12
MIR26A1	MIR26A2	VCPIP1
MIR26A1	MIR26A2	NUS1
MIR26A1	MIR26A2	ATP6V1B2
MIR26A1	MIR26A2	ZDHHC6
MIR26A1	MIR26A2	BNIP3
MIR26A1	MIR26A2	PTPN11
MIR26A1	MIR26A2	ADAM9
MIR26A1	MIR26A2	STYX
MIR26A1	MIR26A2	PRKCQ
MIR26A1	MIR26A2	ST8SIA3
MIR26A1	MIR26A2	CPSF6
MIR26A1	MIR26A2	EIF5
MIR26A1	MIR26A2	MAN1A2
MIR26A1	MIR26A2	MFSD8
MIR26A1	MIR26A2	VKORC1L1
MIR26A1	MIR26A2	EPC2
MIR26A1	MIR26A2	MARK1
MIR26A1	MIR26A2	GABRG2
MIR26A1	MIR26A2	IDE
MIR26A1	MIR26A2	RPS6KA6
MIR26A1	MIR26A2	FXR1
MIR26A1	MIR26A2	RHOQ
MIR26A1	MIR26A2	SYT10
MIR26A1	MIR26A2	ELAVL2
MIR26A1	MIR26A2	TTC13
MIR26A1	MIR26A2	ATXN7L1
MIR26A1	MIR26A2	MIER3
MIR26A1	MIR26A2	DNAJB4
MIR26A1	MIR26A2	B3GNT5
MIR26A1	MIR26A2	TP53INP1
MIR26A1	MIR26A2	ZNF630
MIR26A1	MIR26A2	STRBP
MIR26A1	MIR26A2	PTEN
MIR26A1	MIR26A2	CAMSAP1
MIR26A1	MIR26A2	SLC35F1
MIR26A1	MIR26A2	ZFC3H1
MIR26A1	MIR26A2	SBNO1
MIR26A1	MIR26A2	ATM
MIR26A1	MIR26B	NHS
MIR26A1	MIR26B	UBE2G1
MIR26A1	MIR26B	KPNA3
MIR26A1	MIR26B	PHLDB2
MIR26A1	MIR26B	TOB1
MIR26A1	MIR26B	PDHX
MIR26A1	MIR26B	ZDHHC20
MIR26A1	MIR26B	CASZ1
MIR26A1	MIR26B	BLOC1S2
MIR26A1	MIR26B	MTM1
MIR26A1	MIR26B	ERLIN1
MIR26A1	MIR26B	ZIC5
MIR26A1	MIR26B	BOD1
MIR26A1	MIR26B	EZH2
MIR26A1	MIR26B	EIF2S1
MIR26A1	MIR26B	HGF
MIR26A1	MIR26B	SULF1
MIR26A1	MIR26B	UBR3
MIR26A1	MIR26B	HMGA1
MIR26A1	MIR26B	CREBRF
MIR26A1	MIR26B	SSX2IP
MIR26A1	MIR26B	HOXA5
MIR26A1	MIR26B	ACSL3
MIR26A1	MIR26B	KCNJ2
MIR26A1	MIR26B	SRP19
MIR26A1	MIR26B	FBXO11
MIR26A1	MIR26B	CREBZF
MIR26A1	MIR26B	JAG1
MIR26A1	MIR26B	TNRC6B
MIR26A1	MIR26B	ULK2
MIR26A1	MIR26B	FAM98B
MIR26A1	MIR26B	ACSL4
MIR26A1	MIR26B	PPP3R1
MIR26A1	MIR26B	USP3
MIR26A1	MIR26B	HOXA9
MIR26A1	MIR26B	RCN2
MIR26A1	MIR26B	LNX2
MIR26A1	MIR26B	PTBP3
MIR26A1	MIR26B	ASPN
MIR26A1	MIR26B	SERBP1
MIR26A1	MIR26B	INHBB
MIR26A1	MIR26B	CEP350
MIR26A1	MIR26B	LARP1
MIR26A1	MIR26B	FBXL19
MIR26A1	MIR26B	SLC25A16
MIR26A1	MIR26B	STRADB
MIR26A1	MIR26B	ZCCHC24
MIR26A1	MIR26B	ZSWIM6
MIR26A1	MIR26B	KLHL18
MIR26A1	MIR26B	MTFMT
MIR26A1	MIR26B	FRMD4B
MIR26A1	MIR26B	ZNF608
MIR26A1	MIR26B	ZNF410
MIR26A1	MIR26B	TET2
MIR26A1	MIR26B	ARPP19
MIR26A1	MIR26B	SLC38A2
MIR26A1	MIR26B	MEF2A
MIR26A1	MIR26B	CDK6
MIR26A1	MIR26B	EIF4G2
MIR26A1	MIR26B	COL10A1
MIR26A1	MIR26B	E2F7
MIR26A1	MIR26B	FAM8A1
MIR26A1	MIR26B	FRAT2
MIR26A1	MIR26B	SMAD1
MIR26A1	MIR26B	NAA15
MIR26A1	MIR26B	PELI2
MIR26A1	MIR26B	OTUD4
MIR26A1	MIR26B	BRWD1
MIR26A1	MIR26B	CDK8
MIR26A1	MIR26B	UBE2D1
MIR26A1	MIR26B	RNF6
MIR26A1	MIR26B	PRKCD
MIR26A1	MIR26B	MAP7
MIR26A1	MIR26B	HMGA2
MIR26A1	MIR26B	CHAC1
MIR26A1	MIR26B	ATF2
MIR26A1	MIR26B	CLASP2
MIR26A1	MIR26B	GMDS
MIR26A1	MIR26B	PCNX1
MIR26A1	MIR26B	SACS
MIR26A1	MIR26B	WNK3
MIR26A1	MIR26B	CDK12
MIR26A1	MIR26B	ULK1
MIR26A1	MIR26B	RTF1
MIR26A1	MIR26B	NAB1
MIR26A1	MIR26B	KPNA6
MIR26A1	MIR26B	REEP3
MIR26A1	MIR26B	PAN3
MIR26A1	MIR26B	TBC1D15
MIR26A1	MIR26B	FAM98A
MIR26A1	MIR26B	MTDH
MIR26A1	MIR26B	TMEM106B
MIR26A1	MIR26B	CEMIP2
MIR26A1	MIR26B	THAP2
MIR26A1	MIR26B	TET3
MIR26A1	MIR26B	CDK2AP1
MIR26A1	MIR26B	NAP1L5
MIR26A1	MIR26B	PURA
MIR26A1	MIR26B	OSBPL11
MIR26A1	MIR26B	DOCK4
MIR26A1	MIR26B	ANKS1A
MIR26A1	MIR26B	RELCH
MIR26A1	MIR26B	ATP11C
MIR26A1	MIR26B	CCDC6
MIR26A1	MIR26B	UBN2
MIR26A1	MIR26B	SLC2A13
MIR26A1	MIR26B	SLC7A11
MIR26A1	MIR26B	CCDC28A
MIR26A1	MIR26B	PTGS2
MIR26A1	MIR26B	CPSF2
MIR26A1	MIR26B	PLCB1
MIR26A1	MIR26B	ETNK1
MIR26A1	MIR26B	ACBD5
MIR26A1	MIR26B	PLOD2
MIR26A1	MIR26B	MAPK6
MIR26A1	MIR26B	LIN28B
MIR26A1	MIR26B	BHLHE40
MIR26A1	MIR26B	NUDT11
MIR26A1	MIR26B	STK39
MIR26A1	MIR26B	CNR1
MIR26A1	MIR26B	PRRX1
MIR26A1	MIR26B	COL19A1
MIR26A1	MIR26B	TRPC3
MIR26A1	MIR26B	ADM
MIR26A1	MIR26B	SLC4A4
MIR26A1	MIR26B	LARP4B
MIR26A1	MIR26B	ZBTB18
MIR26A1	MIR26B	CHORDC1
MIR26A1	MIR26B	GNA13
MIR26A1	MIR26B	AKAP7
MIR26A1	MIR26B	USP15
MIR26A1	MIR26B	RAP2C
MIR26A1	MIR26B	SENP5
MIR26A1	MIR26B	TRIB2
MIR26A1	MIR26B	NCEH1
MIR26A1	MIR26B	MAB21L1
MIR26A1	MIR26B	POLR3G
MIR26A1	MIR26B	CIPC
MIR26A1	MIR26B	CTTNBP2NL
MIR26A1	MIR26B	G3BP2
MIR26A1	MIR26B	KLHL42
MIR26A1	MIR26B	NUS1
MIR26A1	MIR26B	ZDHHC6
MIR26A1	MIR26B	ADAM9
MIR26A1	MIR26B	STYX
MIR26A1	MIR26B	PRKCQ
MIR26A1	MIR26B	EPC2
MIR26A1	MIR26B	MARK1
MIR26A1	MIR26B	RPS6KA6
MIR26A1	MIR26B	TTC13
MIR26A1	MIR26B	RHOQ
MIR26A1	MIR26B	SYT10
MIR26A1	MIR26B	ELAVL2
MIR26A1	MIR26B	B3GNT5
MIR26A1	MIR26B	TP53INP1
MIR26A1	MIR26B	MIER3
MIR26A1	MIR26B	STRBP
MIR26A1	MIR26B	PTEN
MIR26A1	MIR26B	CAMSAP1
MIR26A1	MIR26B	ZFC3H1
MIR26A1	MIR26B	TET1
MIR26A2	MIR26B	NHS
MIR26A2	MIR26B	UBE2G1
MIR26A2	MIR26B	KPNA3
MIR26A2	MIR26B	PHLDB2
MIR26A2	MIR26B	TOB1
MIR26A2	MIR26B	PDHX
MIR26A2	MIR26B	ZDHHC20
MIR26A2	MIR26B	CASZ1
MIR26A2	MIR26B	BLOC1S2
MIR26A2	MIR26B	MTM1
MIR26A2	MIR26B	ERLIN1
MIR26A2	MIR26B	ZIC5
MIR26A2	MIR26B	BOD1
MIR26A2	MIR26B	EZH2
MIR26A2	MIR26B	EIF2S1
MIR26A2	MIR26B	HGF
MIR26A2	MIR26B	SULF1
MIR26A2	MIR26B	UBR3
MIR26A2	MIR26B	HMGA1
MIR26A2	MIR26B	CREBRF
MIR26A2	MIR26B	NAA30
MIR26A2	MIR26B	SSX2IP
MIR26A2	MIR26B	HOXA5
MIR26A2	MIR26B	ACSL3
MIR26A2	MIR26B	KCNJ2
MIR26A2	MIR26B	SRP19
MIR26A2	MIR26B	FBXO11
MIR26A2	MIR26B	CREBZF
MIR26A2	MIR26B	JAG1
MIR26A2	MIR26B	TNRC6B
MIR26A2	MIR26B	ULK2
MIR26A2	MIR26B	FAM98B
MIR26A2	MIR26B	ACSL4
MIR26A2	MIR26B	PPP3R1
MIR26A2	MIR26B	USP3
MIR26A2	MIR26B	HOXA9
MIR26A2	MIR26B	RCN2
MIR26A2	MIR26B	LNX2
MIR26A2	MIR26B	PTBP3
MIR26A2	MIR26B	ASPN
MIR26A2	MIR26B	SERBP1
MIR26A2	MIR26B	INHBB
MIR26A2	MIR26B	CEP350
MIR26A2	MIR26B	LARP1
MIR26A2	MIR26B	FBXL19
MIR26A2	MIR26B	SLC25A16
MIR26A2	MIR26B	STRADB
MIR26A2	MIR26B	ZCCHC24
MIR26A2	MIR26B	ZSWIM6
MIR26A2	MIR26B	KLHL18
MIR26A2	MIR26B	MTFMT
MIR26A2	MIR26B	FRMD4B
MIR26A2	MIR26B	ZNF608
MIR26A2	MIR26B	ZNF410
MIR26A2	MIR26B	TET2
MIR26A2	MIR26B	ARPP19
MIR26A2	MIR26B	SLC38A2
MIR26A2	MIR26B	NR2C2
MIR26A2	MIR26B	MEF2A
MIR26A2	MIR26B	CDK6
MIR26A2	MIR26B	EIF4G2
MIR26A2	MIR26B	COL10A1
MIR26A2	MIR26B	E2F7
MIR26A2	MIR26B	FAM8A1
MIR26A2	MIR26B	FRAT2
MIR26A2	MIR26B	SMAD1
MIR26A2	MIR26B	NAA15
MIR26A2	MIR26B	PELI2
MIR26A2	MIR26B	OTUD4
MIR26A2	MIR26B	BRWD1
MIR26A2	MIR26B	CDK8
MIR26A2	MIR26B	UBE2D1
MIR26A2	MIR26B	RNF6
MIR26A2	MIR26B	PRKCD
MIR26A2	MIR26B	MAP7
MIR26A2	MIR26B	HMGA2
MIR26A2	MIR26B	CHAC1
MIR26A2	MIR26B	ATF2
MIR26A2	MIR26B	CLASP2
MIR26A2	MIR26B	GMDS
MIR26A2	MIR26B	PCNX1
MIR26A2	MIR26B	SACS
MIR26A2	MIR26B	WNK3
MIR26A2	MIR26B	ULK1
MIR26A2	MIR26B	RTF1
MIR26A2	MIR26B	NAB1
MIR26A2	MIR26B	KPNA6
MIR26A2	MIR26B	REEP3
MIR26A2	MIR26B	PAN3
MIR26A2	MIR26B	TBC1D15
MIR26A2	MIR26B	FAM98A
MIR26A2	MIR26B	MTDH
MIR26A2	MIR26B	TMEM106B
MIR26A2	MIR26B	CEMIP2
MIR26A2	MIR26B	THAP2
MIR26A2	MIR26B	TET3
MIR26A2	MIR26B	CDK2AP1
MIR26A2	MIR26B	NAP1L5
MIR26A2	MIR26B	PURA
MIR26A2	MIR26B	OSBPL11
MIR26A2	MIR26B	DOCK4
MIR26A2	MIR26B	ANKS1A
MIR26A2	MIR26B	RELCH
MIR26A2	MIR26B	ATP11C
MIR26A2	MIR26B	CCDC6
MIR26A2	MIR26B	UBN2
MIR26A2	MIR26B	SLC2A13
MIR26A2	MIR26B	SLC7A11
MIR26A2	MIR26B	CCDC28A
MIR26A2	MIR26B	PTGS2
MIR26A2	MIR26B	CPSF2
MIR26A2	MIR26B	PLCB1
MIR26A2	MIR26B	ETNK1
MIR26A2	MIR26B	ACBD5
MIR26A2	MIR26B	PLOD2
MIR26A2	MIR26B	MAPK6
MIR26A2	MIR26B	LIN28B
MIR26A2	MIR26B	BHLHE40
MIR26A2	MIR26B	NUDT11
MIR26A2	MIR26B	STK39
MIR26A2	MIR26B	CNR1
MIR26A2	MIR26B	PRRX1
MIR26A2	MIR26B	COL19A1
MIR26A2	MIR26B	TRPC3
MIR26A2	MIR26B	ADM
MIR26A2	MIR26B	SLC4A4
MIR26A2	MIR26B	ZBTB18
MIR26A2	MIR26B	CHORDC1
MIR26A2	MIR26B	GNA13
MIR26A2	MIR26B	AKAP7
MIR26A2	MIR26B	USP15
MIR26A2	MIR26B	RAP2C
MIR26A2	MIR26B	SENP5
MIR26A2	MIR26B	TRIB2
MIR26A2	MIR26B	NCEH1
MIR26A2	MIR26B	MAB21L1
MIR26A2	MIR26B	POLR3G
MIR26A2	MIR26B	CIPC
MIR26A2	MIR26B	CTTNBP2NL
MIR26A2	MIR26B	G3BP2
MIR26A2	MIR26B	KLHL42
MIR26A2	MIR26B	NUS1
MIR26A2	MIR26B	ZDHHC6
MIR26A2	MIR26B	ADAM9
MIR26A2	MIR26B	STYX
MIR26A2	MIR26B	PRKCQ
MIR26A2	MIR26B	EPC2
MIR26A2	MIR26B	MARK1
MIR26A2	MIR26B	TSC1
MIR26A2	MIR26B	RPS6KA6
MIR26A2	MIR26B	RHOQ
MIR26A2	MIR26B	SYT10
MIR26A2	MIR26B	ELAVL2
MIR26A2	MIR26B	TTC13
MIR26A2	MIR26B	B3GNT5
MIR26A2	MIR26B	MIER3
MIR26A2	MIR26B	TP53INP1
MIR26A2	MIR26B	STRBP
MIR26A2	MIR26B	PTEN
MIR26A2	MIR26B	CAMSAP1
MIR26A2	MIR26B	ZFC3H1
MIR26A2	MIR26B	TET1
MIR27A	MIR27B	HOXA10
MIR27A	MIR27B	GPAM
MIR27A	MIR27B	RYBP
MIR27A	MIR27B	ISL1
MIR27A	MIR27B	ACTA2
MIR27A	MIR27B	RGPD6
MIR27A	MIR27B	CAPZA1
MIR27A	MIR27B	WSB1
MIR27A	MIR27B	ZIC5
MIR27A	MIR27B	ROR1
MIR27A	MIR27B	AQP11
MIR27A	MIR27B	CREBRF
MIR27A	MIR27B	YWHAB
MIR27A	MIR27B	QKI
MIR27A	MIR27B	NABP1
MIR27A	MIR27B	FLRT3
MIR27A	MIR27B	PDIA5
MIR27A	MIR27B	MBTD1
MIR27A	MIR27B	RPGRIP1L
MIR27A	MIR27B	HOXA5
MIR27A	MIR27B	TAB3
MIR27A	MIR27B	ITSN2
MIR27A	MIR27B	PARD6B
MIR27A	MIR27B	UBE2N
MIR27A	MIR27B	APPBP2
MIR27A	MIR27B	B4GALT3
MIR27A	MIR27B	RNF141
MIR27A	MIR27B	CKAP4
MIR27A	MIR27B	DNAJC13
MIR27A	MIR27B	FBXW7
MIR27A	MIR27B	BRPF3
MIR27A	MIR27B	NRP2
MIR27A	MIR27B	SLC25A25
MIR27A	MIR27B	C1orf52
MIR27A	MIR27B	SNAP25
MIR27A	MIR27B	KDM7A
MIR27A	MIR27B	EPB41L4A
MIR27A	MIR27B	FAM133B
MIR27A	MIR27B	TCIM
MIR27A	MIR27B	NEDD4
MIR27A	MIR27B	BTG2
MIR27A	MIR27B	CACNA2D3
MIR27A	MIR27B	PKIA
MIR27A	MIR27B	USP42
MIR27A	MIR27B	TNPO1
MIR27A	MIR27B	ZNF608
MIR27A	MIR27B	PPARG
MIR27A	MIR27B	DCX
MIR27A	MIR27B	ARF3
MIR27A	MIR27B	GFPT2
MIR27A	MIR27B	PPIF
MIR27A	MIR27B	GRIN2D
MIR27A	MIR27B	GLRA2
MIR27A	MIR27B	ABCA1
MIR27A	MIR27B	RSBN1L
MIR27A	MIR27B	NR2F6
MIR27A	MIR27B	EDEM3
MIR27A	MIR27B	RNF139
MIR27A	MIR27B	HECW2
MIR27A	MIR27B	GNS
MIR27A	MIR27B	SLC6A1
MIR27A	MIR27B	PLCL2
MIR27A	MIR27B	EYA1
MIR27A	MIR27B	RARA
MIR27A	MIR27B	SOWAHA
MIR27A	MIR27B	SPRY2
MIR27A	MIR27B	OTUD3
MIR27A	MIR27B	GALNT7
MIR27A	MIR27B	NR2F2
MIR27A	MIR27B	E2F7
MIR27A	MIR27B	REPS1
MIR27A	MIR27B	EYA4
MIR27A	MIR27B	MAP3K1
MIR27A	MIR27B	CDR2
MIR27A	MIR27B	PAX9
MIR27A	MIR27B	CLCN3
MIR27A	MIR27B	MMD
MIR27A	MIR27B	POGLUT1
MIR27A	MIR27B	BEX3
MIR27A	MIR27B	GOLM1
MIR27A	MIR27B	ARFGEF1
MIR27A	MIR27B	AFF4
MIR27A	MIR27B	PCNX1
MIR27A	MIR27B	WNK3
MIR27A	MIR27B	BEND4
MIR27A	MIR27B	SUCO
MIR27A	MIR27B	TLK2
MIR27A	MIR27B	INO80D
MIR27A	MIR27B	PPP1CC
MIR27A	MIR27B	CCNG1
MIR27A	MIR27B	NREP
MIR27A	MIR27B	SEMA6A
MIR27A	MIR27B	ARMC8
MIR27A	MIR27B	MAP2K4
MIR27A	MIR27B	PRKX
MIR27A	MIR27B	PHB
MIR27A	MIR27B	PDS5B
MIR27A	MIR27B	ING5
MIR27A	MIR27B	TRPV3
MIR27A	MIR27B	CDS1
MIR27A	MIR27B	CSRP2
MIR27A	MIR27B	ABHD17C
MIR27A	MIR27B	ST6GALNAC3
MIR27A	MIR27B	MATN3
MIR27A	MIR27B	RAP1B
MIR27A	MIR27B	EFNB2
MIR27A	MIR27B	NRK
MIR27A	MIR27B	ARHGAP5
MIR27A	MIR27B	GIPC3
MIR27A	MIR27B	KMT2C
MIR27A	MIR27B	LPAR6
MIR27A	MIR27B	SLC7A11
MIR27A	MIR27B	CA10
MIR27A	MIR27B	GXYLT1
MIR27A	MIR27B	RUNX1
MIR27A	MIR27B	HAPLN1
MIR27A	MIR27B	ZHX1
MIR27A	MIR27B	KIAA1109
MIR27A	MIR27B	LIN28B
MIR27A	MIR27B	HBEGF
MIR27A	MIR27B	CAPRIN1
MIR27A	MIR27B	LIFR
MIR27A	MIR27B	RPS6KA5
MIR27A	MIR27B	EDRF1
MIR27A	MIR27B	CNR1
MIR27A	MIR27B	MED14
MIR27A	MIR27B	SOX11
MIR27A	MIR27B	GSPT1
MIR27A	MIR27B	AKIRIN1
MIR27A	MIR27B	USP46
MIR27A	MIR27B	ADAMTS10
MIR27A	MIR27B	FOXN3
MIR27A	MIR27B	PLK2
MIR27A	MIR27B	PAIP2
MIR27A	MIR27B	ONECUT2
MIR27A	MIR27B	ZNF800
MIR27A	MIR27B	ZBTB34
MIR27A	MIR27B	FAM193B
MIR27A	MIR27B	GAB1
MIR27A	MIR27B	TRIM23
MIR27A	MIR27B	RGPD5
MIR27A	MIR27B	KCNK2
MIR27A	MIR27B	NXT2
MIR27A	MIR27B	NOVA1
MIR27A	MIR27B	CREB1
MIR27A	MIR27B	ADORA2B
MIR27A	MIR27B	TMCC1
MIR27A	MIR27B	PDE7B
MIR27A	MIR27B	NCOA7
MIR27A	MIR27B	RREB1
MIR27A	MIR27B	TMEM170B
MIR27A	MIR27B	PHLPP2
MIR27A	MIR27B	MARK1
MIR27A	MIR27B	RCAN2
MIR27A	MIR27B	FAM184A
MIR27A	MIR27B	TMSB10
MIR27A	MIR27B	MIER3
MIR27A	MIR27B	STRBP
MIR27A	MIR27B	PRKCB
MIR27A	MIR27B	YWHAQ
MIR27A	MIR27B	LONRF1
MIR27A	MIR27B	DCUN1D4
MIR27A	MIR27B	ZFHX3
MIR27A	MIR27B	SZRD1
MIR29A	MIR29C	GPR37
MIR29A	MIR29C	GPR180
MIR29A	MIR29C	GPATCH2
MIR29A	MIR29C	COL11A1
MIR29A	MIR29C	ADAMTS17
MIR29A	MIR29C	RYBP
MIR29A	MIR29C	DENND6A
MIR29A	MIR29C	TUBB2A
MIR29A	MIR29C	USP34
MIR29A	MIR29C	HDAC4
MIR29A	MIR29C	ATAD2B
MIR29A	MIR29C	VEGFA
MIR29A	MIR29C	CDC42
MIR29A	MIR29C	COL5A1
MIR29A	MIR29C	FAM13B
MIR29A	MIR29C	C16orf72
MIR29A	MIR29C	EFNA5
MIR29A	MIR29C	FBN1
MIR29A	MIR29C	LOX
MIR29A	MIR29C	RLF
MIR29A	MIR29C	COMMD2
MIR29A	MIR29C	QKI
MIR29A	MIR29C	HBP1
MIR29A	MIR29C	MBTD1
MIR29A	MIR29C	AMMECR1L
MIR29A	MIR29C	GNG12
MIR29A	MIR29C	COL5A2
MIR29A	MIR29C	RNF39
MIR29A	MIR29C	CCDC117
MIR29A	MIR29C	CHIC2
MIR29A	MIR29C	ADAMTS9
MIR29A	MIR29C	ZBTB5
MIR29A	MIR29C	PGAP2
MIR29A	MIR29C	TFAP2C
MIR29A	MIR29C	PPM1D
MIR29A	MIR29C	SGK1
MIR29A	MIR29C	N4BP2L1
MIR29A	MIR29C	TMEM183A
MIR29A	MIR29C	IGF1
MIR29A	MIR29C	PTBP3
MIR29A	MIR29C	CCNYL1
MIR29A	MIR29C	FAM241A
MIR29A	MIR29C	NAV3
MIR29A	MIR29C	TMEM65
MIR29A	MIR29C	DNMT3B
MIR29A	MIR29C	BTG2
MIR29A	MIR29C	NKRF
MIR29A	MIR29C	PRRC2C
MIR29A	MIR29C	CLCN5
MIR29A	MIR29C	VPS37C
MIR29A	MIR29C	KCTD20
MIR29A	MIR29C	METAP2
MIR29A	MIR29C	SS18L1
MIR29A	MIR29C	SHPRH
MIR29A	MIR29C	DCX
MIR29A	MIR29C	TET2
MIR29A	MIR29C	DNMT3A
MIR29A	MIR29C	ELF2
MIR29A	MIR29C	CDK6
MIR29A	MIR29C	FEM1B
MIR29A	MIR29C	HMCN1
MIR29A	MIR29C	ABCE1
MIR29A	MIR29C	RNF19A
MIR29A	MIR29C	SH3PXD2A
MIR29A	MIR29C	NR2F2
MIR29A	MIR29C	FRAT2
MIR29A	MIR29C	ARRDC3
MIR29A	MIR29C	HMGCR
MIR29A	MIR29C	NASP
MIR29A	MIR29C	SESTD1
MIR29A	MIR29C	ANKRD13B
MIR29A	MIR29C	ID1
MIR29A	MIR29C	SPARC
MIR29A	MIR29C	ANKRD52
MIR29A	MIR29C	ISG20L2
MIR29A	MIR29C	TRAF4
MIR29A	MIR29C	XKR6
MIR29A	MIR29C	SLC30A3
MIR29A	MIR29C	YBX3
MIR29A	MIR29C	ATP6V1A
MIR29A	MIR29C	NEXMIF
MIR29A	MIR29C	RIC1
MIR29A	MIR29C	BRWD3
MIR29A	MIR29C	FAM126B
MIR29A	MIR29C	COL3A1
MIR29A	MIR29C	MLF1
MIR29A	MIR29C	PMP22
MIR29A	MIR29C	NREP
MIR29A	MIR29C	HIF3A
MIR29A	MIR29C	MYCN
MIR29A	MIR29C	KLHL28
MIR29A	MIR29C	C5orf15
MIR29A	MIR29C	CAV2
MIR29A	MIR29C	MINAR1
MIR29A	MIR29C	COL4A5
MIR29A	MIR29C	TRIM63
MIR29A	MIR29C	PI15
MIR29A	MIR29C	ROBO1
MIR29A	MIR29C	PXDN
MIR29A	MIR29C	CNKSR3
MIR29A	MIR29C	TMTC3
MIR29A	MIR29C	ZNF512B
MIR29A	MIR29C	TET3
MIR29A	MIR29C	OSTC
MIR29A	MIR29C	CPS1
MIR29A	MIR29C	IL1RAP
MIR29A	MIR29C	SMS
MIR29A	MIR29C	HMGCS1
MIR29A	MIR29C	COL5A3
MIR29A	MIR29C	CRISPLD1
MIR29A	MIR29C	NAV2
MIR29A	MIR29C	SIRT1
MIR29A	MIR29C	GPX7
MIR29A	MIR29C	HMGN3
MIR29A	MIR29C	PRR14L
MIR29A	MIR29C	ZFP36L1
MIR29A	MIR29C	BLMH
MIR29A	MIR29C	PXYLP1
MIR29A	MIR29C	NFIA
MIR29A	MIR29C	LRP6
MIR29A	MIR29C	NCKAP5
MIR29A	MIR29C	BMF
MIR29A	MIR29C	IREB2
MIR29A	MIR29C	STX16
MIR29A	MIR29C	PDIK1L
MIR29A	MIR29C	PPIC
MIR29A	MIR29C	SNIP1
MIR29A	MIR29C	COL19A1
MIR29A	MIR29C	GARRE1
MIR29A	MIR29C	POGLUT2
MIR29A	MIR29C	LARP4B
MIR29A	MIR29C	ELOVL4
MIR29A	MIR29C	NAV1
MIR29A	MIR29C	ZBTB34
MIR29A	MIR29C	TSPAN14
MIR29A	MIR29C	TRIB2
MIR29A	MIR29C	COL6A3
MIR29A	MIR29C	LOXL2
MIR29A	MIR29C	KIF26A
MIR29A	MIR29C	ADAMTS2
MIR29A	MIR29C	TMEM169
MIR29A	MIR29C	PIK3R1
MIR29A	MIR29C	RAB30
MIR29A	MIR29C	RAB15
MIR29A	MIR29C	SLC16A14
MIR29A	MIR29C	YPEL2
MIR29A	MIR29C	TDG
MIR29A	MIR29C	NPAS3
MIR29A	MIR29C	PTP4A1
MIR29A	MIR29C	COL4A4
MIR29A	MIR29C	CHSY1
MIR29A	MIR29C	C1QTNF6
MIR29A	MIR29C	REV3L
MIR29A	MIR29C	KMT5C
MIR29A	MIR29C	COL7A1
MIR29A	MIR29C	PTEN
MIR29A	MIR29C	FOXJ2
MIR29A	MIR29C	DCUN1D4
MIR29A	MIR29C	TET1
MIR29B1	MIR29B2	GPR37
MIR29B1	MIR29B2	MCL1
MIR29B1	MIR29B2	GPATCH2
MIR29B1	MIR29B2	COL11A1
MIR29B1	MIR29B2	PDGFC
MIR29B1	MIR29B2	ADAMTS17
MIR29B1	MIR29B2	DENND6A
MIR29B1	MIR29B2	PAFAH1B2
MIR29B1	MIR29B2	TUBB2A
MIR29B1	MIR29B2	USP34
MIR29B1	MIR29B2	HDAC4
MIR29B1	MIR29B2	VEGFA
MIR29B1	MIR29B2	ATAD2B
MIR29B1	MIR29B2	COL5A1
MIR29B1	MIR29B2	CDC42
MIR29B1	MIR29B2	FAM13B
MIR29B1	MIR29B2	C16orf72
MIR29B1	MIR29B2	EFNA5
MIR29B1	MIR29B2	LOX
MIR29B1	MIR29B2	FBN1
MIR29B1	MIR29B2	RLF
MIR29B1	MIR29B2	MBTD1
MIR29B1	MIR29B2	HBP1
MIR29B1	MIR29B2	AMMECR1L
MIR29B1	MIR29B2	GNG12
MIR29B1	MIR29B2	SNX30
MIR29B1	MIR29B2	COL5A2
MIR29B1	MIR29B2	RNF39
MIR29B1	MIR29B2	CCDC117
MIR29B1	MIR29B2	CHIC2
MIR29B1	MIR29B2	ADAMTS9
MIR29B1	MIR29B2	FBXW7
MIR29B1	MIR29B2	ZBTB5
MIR29B1	MIR29B2	PGAP2
MIR29B1	MIR29B2	TFAP2C
MIR29B1	MIR29B2	PPM1D
MIR29B1	MIR29B2	KCTD5
MIR29B1	MIR29B2	SGK1
MIR29B1	MIR29B2	N4BP2L1
MIR29B1	MIR29B2	IGF1
MIR29B1	MIR29B2	PTBP3
MIR29B1	MIR29B2	CCNYL1
MIR29B1	MIR29B2	NAV3
MIR29B1	MIR29B2	NEDD4L
MIR29B1	MIR29B2	RFX7
MIR29B1	MIR29B2	RASSF8
MIR29B1	MIR29B2	DNMT3B
MIR29B1	MIR29B2	GPR3
MIR29B1	MIR29B2	VPS37C
MIR29B1	MIR29B2	BTG2
MIR29B1	MIR29B2	NKRF
MIR29B1	MIR29B2	PRRC2C
MIR29B1	MIR29B2	KCTD20
MIR29B1	MIR29B2	LPL
MIR29B1	MIR29B2	COL9A1
MIR29B1	MIR29B2	METAP2
MIR29B1	MIR29B2	SS18L1
MIR29B1	MIR29B2	SHPRH
MIR29B1	MIR29B2	TET2
MIR29B1	MIR29B2	ELF2
MIR29B1	MIR29B2	CDK6
MIR29B1	MIR29B2	FEM1B
MIR29B1	MIR29B2	KLHL8
MIR29B1	MIR29B2	HMCN1
MIR29B1	MIR29B2	ABCE1
MIR29B1	MIR29B2	SH3PXD2A
MIR29B1	MIR29B2	RNF19A
MIR29B1	MIR29B2	WDFY1
MIR29B1	MIR29B2	KDM5B
MIR29B1	MIR29B2	FRAT2
MIR29B1	MIR29B2	OTUD4
MIR29B1	MIR29B2	HMGCR
MIR29B1	MIR29B2	NASP
MIR29B1	MIR29B2	ARRDC3
MIR29B1	MIR29B2	SESTD1
MIR29B1	MIR29B2	ANKRD13B
MIR29B1	MIR29B2	KSR2
MIR29B1	MIR29B2	PTEN
MIR29B1	MIR29B2	ID1
MIR29B1	MIR29B2	PGRMC2
MIR29B1	MIR29B2	ISG20L2
MIR29B1	MIR29B2	TRAF4
MIR29B1	MIR29B2	SPARC
MIR29B1	MIR29B2	HIPK1
MIR29B1	MIR29B2	ST6GAL2
MIR29B1	MIR29B2	XKR6
MIR29B1	MIR29B2	SLC30A3
MIR29B1	MIR29B2	MEX3B
MIR29B1	MIR29B2	YBX3
MIR29B1	MIR29B2	NEXMIF
MIR29B1	MIR29B2	RIC1
MIR29B1	MIR29B2	BRWD3
MIR29B1	MIR29B2	MLF1
MIR29B1	MIR29B2	COL3A1
MIR29B1	MIR29B2	PMP22
MIR29B1	MIR29B2	INO80D
MIR29B1	MIR29B2	NREP
MIR29B1	MIR29B2	HIF3A
MIR29B1	MIR29B2	MYCN
MIR29B1	MIR29B2	KLHL28
MIR29B1	MIR29B2	HECTD2
MIR29B1	MIR29B2	C5orf15
MIR29B1	MIR29B2	MINAR1
MIR29B1	MIR29B2	PI15
MIR29B1	MIR29B2	COL4A5
MIR29B1	MIR29B2	TRIM63
MIR29B1	MIR29B2	CAV2
MIR29B1	MIR29B2	ROBO1
MIR29B1	MIR29B2	COL1A2
MIR29B1	MIR29B2	PXDN
MIR29B1	MIR29B2	TMTC3
MIR29B1	MIR29B2	TET3
MIR29B1	MIR29B2	OSTC
MIR29B1	MIR29B2	COL15A1
MIR29B1	MIR29B2	CPS1
MIR29B1	MIR29B2	SMS
MIR29B1	MIR29B2	HMGCS1
MIR29B1	MIR29B2	COL5A3
MIR29B1	MIR29B2	POU2F2
MIR29B1	MIR29B2	CRISPLD1
MIR29B1	MIR29B2	PXYLP1
MIR29B1	MIR29B2	GPX7
MIR29B1	MIR29B2	HMGN3
MIR29B1	MIR29B2	PRR14L
MIR29B1	MIR29B2	NAV2
MIR29B1	MIR29B2	SIRT1
MIR29B1	MIR29B2	BLMH
MIR29B1	MIR29B2	ZFP36L1
MIR29B1	MIR29B2	NFIA
MIR29B1	MIR29B2	NIN
MIR29B1	MIR29B2	LRP6
MIR29B1	MIR29B2	REST
MIR29B1	MIR29B2	NCKAP5
MIR29B1	MIR29B2	AGO3
MIR29B1	MIR29B2	BMF
MIR29B1	MIR29B2	LYSMD1
MIR29B1	MIR29B2	KLF12
MIR29B1	MIR29B2	IREB2
MIR29B1	MIR29B2	STX16
MIR29B1	MIR29B2	DISC1
MIR29B1	MIR29B2	PDIK1L
MIR29B1	MIR29B2	PPIC
MIR29B1	MIR29B2	CNR1
MIR29B1	MIR29B2	SNIP1
MIR29B1	MIR29B2	COL19A1
MIR29B1	MIR29B2	GARRE1
MIR29B1	MIR29B2	POGLUT2
MIR29B1	MIR29B2	LARP4B
MIR29B1	MIR29B2	DTWD2
MIR29B1	MIR29B2	ELOVL4
MIR29B1	MIR29B2	NAV1
MIR29B1	MIR29B2	ZBTB34
MIR29B1	MIR29B2	TSPAN14
MIR29B1	MIR29B2	TRIB2
MIR29B1	MIR29B2	PPP2CA
MIR29B1	MIR29B2	COL6A3
MIR29B1	MIR29B2	FBXO33
MIR29B1	MIR29B2	CCNT2
MIR29B1	MIR29B2	ADAMTS2
MIR29B1	MIR29B2	TMEM169
MIR29B1	MIR29B2	PIK3R1
MIR29B1	MIR29B2	RAB30
MIR29B1	MIR29B2	RAB15
MIR29B1	MIR29B2	SLC16A14
MIR29B1	MIR29B2	ENPP2
MIR29B1	MIR29B2	PLPPR4
MIR29B1	MIR29B2	TEAD1
MIR29B1	MIR29B2	YPEL2
MIR29B1	MIR29B2	LSM11
MIR29B1	MIR29B2	TDG
MIR29B1	MIR29B2	NPAS3
MIR29B1	MIR29B2	PTP4A1
MIR29B1	MIR29B2	COL4A4
MIR29B1	MIR29B2	ATP2B4
MIR29B1	MIR29B2	CHSY1
MIR29B1	MIR29B2	C1QTNF6
MIR29B1	MIR29B2	TARDBP
MIR29B1	MIR29B2	RAP2A
MIR29B1	MIR29B2	REV3L
MIR29B1	MIR29B2	KMT5C
MIR29B1	MIR29B2	STRBP
MIR29B1	MIR29B2	COL7A1
MIR29B1	MIR29B2	RAB27B
MIR29B1	MIR29B2	FOXJ2
MIR29B1	MIR29B2	WDR48
MIR29B1	MIR29B2	TET1
MIR301A	MIR301B	ENPP5
MIR301A	MIR301B	NFYB
MIR301A	MIR301B	ZFYVE1
MIR301A	MIR301B	FAM43A
MIR301A	MIR301B	PTPN14
MIR301A	MIR301B	PAICS
MIR301A	MIR301B	PIP4P2
MIR301A	MIR301B	TICAM2
MIR301A	MIR301B	CPEB3
MIR301A	MIR301B	EOGT
MIR301A	MIR301B	CHMP3
MIR301A	MIR301B	RAB5A
MIR301A	MIR301B	AGO1
MIR301A	MIR301B	ZFX
MIR301A	MIR301B	MAP3K9
MIR301A	MIR301B	IMPDH1
MIR301A	MIR301B	MEMO1
MIR301A	MIR301B	ZIC5
MIR301A	MIR301B	PTPRG
MIR301A	MIR301B	PPIL3
MIR301A	MIR301B	FOXJ2
MIR301A	MIR301B	TRERF1
MIR301A	MIR301B	SH3D19
MIR301A	MIR301B	MET
MIR301A	MIR301B	SLC35A3
MIR301A	MIR301B	NPTX1
MIR301A	MIR301B	SULF1
MIR301A	MIR301B	KBTBD8
MIR301A	MIR301B	NAA30
MIR301A	MIR301B	ZNF3
MIR301A	MIR301B	SERINC3
MIR301A	MIR301B	NSL1
MIR301A	MIR301B	QKI
MIR301A	MIR301B	NABP1
MIR301A	MIR301B	BNC2
MIR301A	MIR301B	HPRT1
MIR301A	MIR301B	RAPGEF4
MIR301A	MIR301B	SLC6A6
MIR301A	MIR301B	CCDC126
MIR301A	MIR301B	HBP1
MIR301A	MIR301B	SSR3
MIR301A	MIR301B	DDX6
MIR301A	MIR301B	MIGA1
MIR301A	MIR301B	CPEB1
MIR301A	MIR301B	NPNT
MIR301A	MIR301B	PLS3
MIR301A	MIR301B	EIF2S2
MIR301A	MIR301B	CALM2
MIR301A	MIR301B	USP48
MIR301A	MIR301B	B4GALT5
MIR301A	MIR301B	ULK2
MIR301A	MIR301B	SMOC1
MIR301A	MIR301B	ARAP2
MIR301A	MIR301B	PGM2L1
MIR301A	MIR301B	PIGA
MIR301A	MIR301B	IGF1
MIR301A	MIR301B	DYNC2H1
MIR301A	MIR301B	HK2
MIR301A	MIR301B	CHD5
MIR301A	MIR301B	OTUD6B
MIR301A	MIR301B	RFX7
MIR301A	MIR301B	SH3TC2
MIR301A	MIR301B	SPIN1
MIR301A	MIR301B	TBC1D5
MIR301A	MIR301B	PKIA
MIR301A	MIR301B	ATP8A2
MIR301A	MIR301B	ZEB1
MIR301A	MIR301B	AGO4
MIR301A	MIR301B	PLEKHG4B
MIR301A	MIR301B	EXOC5
MIR301A	MIR301B	TNPO1
MIR301A	MIR301B	SMARCD2
MIR301A	MIR301B	SECISBP2L
MIR301A	MIR301B	SHANK2
MIR301A	MIR301B	VPS37A
MIR301A	MIR301B	NR2C2
MIR301A	MIR301B	PNMA1
MIR301A	MIR301B	DENND4C
MIR301A	MIR301B	ZFPM2
MIR301A	MIR301B	E2F7
MIR301A	MIR301B	ATG16L1
MIR301A	MIR301B	MAP3K1
MIR301A	MIR301B	MTF1
MIR301A	MIR301B	ACVR1
MIR301A	MIR301B	HS3ST4
MIR301A	MIR301B	MACIR
MIR301A	MIR301B	SGMS1
MIR301A	MIR301B	SHE
MIR301A	MIR301B	TMEM120B
MIR301A	MIR301B	BRWD1
MIR301A	MIR301B	BTBD7
MIR301A	MIR301B	PTEN
MIR301A	MIR301B	STIM2
MIR301A	MIR301B	MTMR9
MIR301A	MIR301B	SLAIN1
MIR301A	MIR301B	BHLHE41
MIR301A	MIR301B	APPL1
MIR301A	MIR301B	HNF1B
MIR301A	MIR301B	LCLAT1
MIR301A	MIR301B	FRZB
MIR301A	MIR301B	VANGL1
MIR301A	MIR301B	ST18
MIR301A	MIR301B	BMT2
MIR301A	MIR301B	LDLR
MIR301A	MIR301B	RHEB
MIR301A	MIR301B	PHF14
MIR301A	MIR301B	MYB
MIR301A	MIR301B	CDK19
MIR301A	MIR301B	ELK3
MIR301A	MIR301B	PAN3
MIR301A	MIR301B	MIER1
MIR301A	MIR301B	FOXF2
MIR301A	MIR301B	ZBTB4
MIR301A	MIR301B	LDLRAD4
MIR301A	MIR301B	GAREM1
MIR301A	MIR301B	PLEKHM1
MIR301A	MIR301B	EPS15
MIR301A	MIR301B	MEOX2
MIR301A	MIR301B	TM4SF20
MIR301A	MIR301B	WDR20
MIR301A	MIR301B	MMGT1
MIR301A	MIR301B	STUM
MIR301A	MIR301B	CLIP1
MIR301A	MIR301B	DYNC1LI2
MIR301A	MIR301B	MYT1L
MIR301A	MIR301B	ARHGAP12
MIR301A	MIR301B	SOS2
MIR301A	MIR301B	EREG
MIR301A	MIR301B	APCDD1
MIR301A	MIR301B	PHF20
MIR301A	MIR301B	ARRDC2
MIR301A	MIR301B	BTBD3
MIR301A	MIR301B	CBFB
MIR301A	MIR301B	UBN2
MIR301A	MIR301B	ZNF681
MIR301A	MIR301B	BTF3L4
MIR301A	MIR301B	RNF38
MIR301A	MIR301B	RBFOX1
MIR301A	MIR301B	PRX
MIR301A	MIR301B	TGFBR2
MIR301A	MIR301B	TUFT1
MIR301A	MIR301B	TBL1XR1
MIR301A	MIR301B	PLCB1
MIR301A	MIR301B	SKIDA1
MIR301A	MIR301B	FMR1
MIR301A	MIR301B	CIAO2A
MIR301A	MIR301B	EPOP
MIR301A	MIR301B	SBF2
MIR301A	MIR301B	NPAT
MIR301A	MIR301B	ACBD5
MIR301A	MIR301B	RRP7A
MIR301A	MIR301B	CHST1
MIR301A	MIR301B	DPYSL2
MIR301A	MIR301B	CEMIP
MIR301A	MIR301B	PI4K2A
MIR301A	MIR301B	EXT2
MIR301A	MIR301B	RPS6KA5
MIR301A	MIR301B	FZD6
MIR301A	MIR301B	SNIP1
MIR301A	MIR301B	COMMD8
MIR301A	MIR301B	ZNF286A
MIR301A	MIR301B	MAF
MIR301A	MIR301B	CAPRIN2
MIR301A	MIR301B	KLF3
MIR301A	MIR301B	RAB3B
MIR301A	MIR301B	TUSC2
MIR301A	MIR301B	DNAJC16
MIR301A	MIR301B	WDR33
MIR301A	MIR301B	SLC9A8
MIR301A	MIR301B	DYNLL2
MIR301A	MIR301B	ESR1
MIR301A	MIR301B	GJA1
MIR301A	MIR301B	ZBTB18
MIR301A	MIR301B	SEC24C
MIR301A	MIR301B	SNX2
MIR301A	MIR301B	MDM4
MIR301A	MIR301B	ALDH1A3
MIR301A	MIR301B	MYBL1
MIR301A	MIR301B	SYBU
MIR301A	MIR301B	RAP2C
MIR301A	MIR301B	CD84
MIR301A	MIR301B	SNRNP27
MIR301A	MIR301B	HIC2
MIR301A	MIR301B	CCNT2
MIR301A	MIR301B	RRAGD
MIR301A	MIR301B	CIPC
MIR301A	MIR301B	XPO6
MIR301A	MIR301B	G3BP2
MIR301A	MIR301B	SPOPL
MIR301A	MIR301B	TENT5A
MIR301A	MIR301B	PTPN12
MIR301A	MIR301B	RAB30
MIR301A	MIR301B	IGF2R
MIR301A	MIR301B	FAM102B
MIR301A	MIR301B	LCOR
MIR301A	MIR301B	MB21D2
MIR301A	MIR301B	KDM2A
MIR301A	MIR301B	SETX
MIR301A	MIR301B	IRF1
MIR301A	MIR301B	RICTOR
MIR301A	MIR301B	CPEB2
MIR301A	MIR301B	ZNF217
MIR301A	MIR301B	EPC2
MIR301A	MIR301B	JARID2
MIR301A	MIR301B	TSC1
MIR301A	MIR301B	FBXO28
MIR301A	MIR301B	TMTC2
MIR301A	MIR301B	HHEX
MIR301A	MIR301B	WDR47
MIR301A	MIR301B	FRMD6
MIR301A	MIR301B	LONRF1
MIR301A	MIR301B	MID1IP1
MIR301A	MIR301B	MBNL1
MIR301A	MIR301B	SLC9A1
MIR30A	MIR30E	WASL
MIR30A	MIR30E	CAMK2N1
MIR30A	MIR30E	IPCEF1
MIR30A	MIR30E	PDE7A
MIR30A	MIR30E	NR3C1
MIR30A	MIR30E	LUC7L3
MIR30A	MIR30E	UBE2G1
MIR30A	MIR30E	ANKFY1
MIR30A	MIR30E	CANX
MIR30A	MIR30E	GPR180
MIR30A	MIR30E	FAM43A
MIR30A	MIR30E	TMEFF1
MIR30A	MIR30E	ZDHHC20
MIR30A	MIR30E	PCDH17
MIR30A	MIR30E	LHX8
MIR30A	MIR30E	TMEM87A
MIR30A	MIR30E	TRIM37
MIR30A	MIR30E	MAP3K21
MIR30A	MIR30E	ZFX
MIR30A	MIR30E	PCNP
MIR30A	MIR30E	REV1
MIR30A	MIR30E	DDX3X
MIR30A	MIR30E	EXTL2
MIR30A	MIR30E	CAPZA1
MIR30A	MIR30E	FAM13B
MIR30A	MIR30E	TNRC6A
MIR30A	MIR30E	NPTX1
MIR30A	MIR30E	ZCCHC14
MIR30A	MIR30E	PARVA
MIR30A	MIR30E	CDC73
MIR30A	MIR30E	QKI
MIR30A	MIR30E	CACNB4
MIR30A	MIR30E	MBTD1
MIR30A	MIR30E	CDC37L1
MIR30A	MIR30E	SEMA3E
MIR30A	MIR30E	NR4A2
MIR30A	MIR30E	ATP1A1
MIR30A	MIR30E	ZEB2
MIR30A	MIR30E	RAB32
MIR30A	MIR30E	MKRN3
MIR30A	MIR30E	USP48
MIR30A	MIR30E	CCDC117
MIR30A	MIR30E	MOSPD2
MIR30A	MIR30E	ANTXR2
MIR30A	MIR30E	CCNE2
MIR30A	MIR30E	PIP4K2A
MIR30A	MIR30E	DNAJC13
MIR30A	MIR30E	TNRC6B
MIR30A	MIR30E	LMNB1
MIR30A	MIR30E	SOCS1
MIR30A	MIR30E	RORA
MIR30A	MIR30E	ANKIB1
MIR30A	MIR30E	APC
MIR30A	MIR30E	MNT
MIR30A	MIR30E	SEC24A
MIR30A	MIR30E	PRDM1
MIR30A	MIR30E	IGF1
MIR30A	MIR30E	SLC12A6
MIR30A	MIR30E	ITGA6
MIR30A	MIR30E	BCLAF1
MIR30A	MIR30E	TRAPPC14
MIR30A	MIR30E	RFX7
MIR30A	MIR30E	LRRC8D
MIR30A	MIR30E	STOX2
MIR30A	MIR30E	DOCK7
MIR30A	MIR30E	INTS8
MIR30A	MIR30E	NEDD4
MIR30A	MIR30E	FHIP2A
MIR30A	MIR30E	LIN9
MIR30A	MIR30E	CLCN5
MIR30A	MIR30E	AAK1
MIR30A	MIR30E	TWF1
MIR30A	MIR30E	HDAC9
MIR30A	MIR30E	ATG5
MIR30A	MIR30E	FZD3
MIR30A	MIR30E	NOL4
MIR30A	MIR30E	TENT2
MIR30A	MIR30E	MED12L
MIR30A	MIR30E	GCLC
MIR30A	MIR30E	GNAI2
MIR30A	MIR30E	KIAA2026
MIR30A	MIR30E	ARPP19
MIR30A	MIR30E	ABHD5
MIR30A	MIR30E	SCN2A
MIR30A	MIR30E	FAP
MIR30A	MIR30E	SYNGR3
MIR30A	MIR30E	CALU
MIR30A	MIR30E	NR2C2
MIR30A	MIR30E	GLCCI1
MIR30A	MIR30E	GPR158
MIR30A	MIR30E	NT5E
MIR30A	MIR30E	EDEM3
MIR30A	MIR30E	ADRA2A
MIR30A	MIR30E	UBE2V2
MIR30A	MIR30E	EYA1
MIR30A	MIR30E	EED
MIR30A	MIR30E	SH3PXD2A
MIR30A	MIR30E	GALNT1
MIR30A	MIR30E	GALNT7
MIR30A	MIR30E	KLHL20
MIR30A	MIR30E	GPR137C
MIR30A	MIR30E	FAM104A
MIR30A	MIR30E	PTPRD
MIR30A	MIR30E	B4GALT6
MIR30A	MIR30E	NFIB
MIR30A	MIR30E	R3HDM1
MIR30A	MIR30E	SESTD1
MIR30A	MIR30E	MTHFD1L
MIR30A	MIR30E	ZNHIT6
MIR30A	MIR30E	NFAT5
MIR30A	MIR30E	BRWD1
MIR30A	MIR30E	USP6NL
MIR30A	MIR30E	STIM2
MIR30A	MIR30E	MMD
MIR30A	MIR30E	UBL3
MIR30A	MIR30E	POU2F1
MIR30A	MIR30E	WDR82P1
MIR30A	MIR30E	TLL2
MIR30A	MIR30E	MEX3B
MIR30A	MIR30E	PTGFRN
MIR30A	MIR30E	YOD1
MIR30A	MIR30E	RRAD
MIR30A	MIR30E	DCUN1D3
MIR30A	MIR30E	CLASP2
MIR30A	MIR30E	PAG1
MIR30A	MIR30E	SNX16
MIR30A	MIR30E	BRWD3
MIR30A	MIR30E	MECP2
MIR30A	MIR30E	RARB
MIR30A	MIR30E	TMEM181
MIR30A	MIR30E	CCNK
MIR30A	MIR30E	FRZB
MIR30A	MIR30E	CUL5
MIR30A	MIR30E	SRSF7
MIR30A	MIR30E	PPARGC1B
MIR30A	MIR30E	BMT2
MIR30A	MIR30E	ANO4
MIR30A	MIR30E	ANKHD1
MIR30A	MIR30E	INO80D
MIR30A	MIR30E	NUFIP2
MIR30A	MIR30E	SCAI
MIR30A	MIR30E	RAD23B
MIR30A	MIR30E	SS18
MIR30A	MIR30E	SMG1
MIR30A	MIR30E	REEP3
MIR30A	MIR30E	SETD5
MIR30A	MIR30E	HIRA
MIR30A	MIR30E	NECAP1
MIR30A	MIR30E	CHD1
MIR30A	MIR30E	ELK3
MIR30A	MIR30E	COLEC12
MIR30A	MIR30E	GMNC
MIR30A	MIR30E	SOS1
MIR30A	MIR30E	MTDH
MIR30A	MIR30E	KLHL28
MIR30A	MIR30E	CUL4B
MIR30A	MIR30E	ELL2
MIR30A	MIR30E	LRRC17
MIR30A	MIR30E	GNG10
MIR30A	MIR30E	RALB
MIR30A	MIR30E	MEOX2
MIR30A	MIR30E	ROBO1
MIR30A	MIR30E	PHTF2
MIR30A	MIR30E	TMEM106B
MIR30A	MIR30E	UBE2J1
MIR30A	MIR30E	KRAS
MIR30A	MIR30E	ZNRF1
MIR30A	MIR30E	ACTC1
MIR30A	MIR30E	POU4F1
MIR30A	MIR30E	CNPY2
MIR30A	MIR30E	SOS2
MIR30A	MIR30E	NRCAM
MIR30A	MIR30E	OSBPL11
MIR30A	MIR30E	RAP1B
MIR30A	MIR30E	ARL4A
MIR30A	MIR30E	TFDP1
MIR30A	MIR30E	CCDC6
MIR30A	MIR30E	ANKRA2
MIR30A	MIR30E	KMT2C
MIR30A	MIR30E	TAOK1
MIR30A	MIR30E	PRKAA2
MIR30A	MIR30E	PDK1
MIR30A	MIR30E	ATG12
MIR30A	MIR30E	SEMA3C
MIR30A	MIR30E	TTLL7
MIR30A	MIR30E	ZNF644
MIR30A	MIR30E	UBN2
MIR30A	MIR30E	FOXG1
MIR30A	MIR30E	PITX2
MIR30A	MIR30E	PCLO
MIR30A	MIR30E	EPAS1
MIR30A	MIR30E	ARF6
MIR30A	MIR30E	EP300
MIR30A	MIR30E	TAB2
MIR30A	MIR30E	ETNK1
MIR30A	MIR30E	PIK3AP1
MIR30A	MIR30E	CPNE8
MIR30A	MIR30E	FAM214A
MIR30A	MIR30E	TMED7
MIR30A	MIR30E	IREB2
MIR30A	MIR30E	KLF12
MIR30A	MIR30E	LIN28B
MIR30A	MIR30E	RYR3
MIR30A	MIR30E	RHEBL1
MIR30A	MIR30E	FOXJ3
MIR30A	MIR30E	PHACTR2
MIR30A	MIR30E	FBXL20
MIR30A	MIR30E	RALA
MIR30A	MIR30E	PICALM
MIR30A	MIR30E	RARG
MIR30A	MIR30E	ARID4A
MIR30A	MIR30E	SCAF11
MIR30A	MIR30E	PAIP2
MIR30A	MIR30E	GJA1
MIR30A	MIR30E	DESI2
MIR30A	MIR30E	RUNX1T1
MIR30A	MIR30E	LIN28A
MIR30A	MIR30E	ELAPOR2
MIR30A	MIR30E	SEC23A
MIR30A	MIR30E	AP4E1
MIR30A	MIR30E	RAP2C
MIR30A	MIR30E	ELMOD2
MIR30A	MIR30E	FBXO33
MIR30A	MIR30E	TBC1D23
MIR30A	MIR30E	KIAA0232
MIR30A	MIR30E	CCNT2
MIR30A	MIR30E	PRKAA1
MIR30A	MIR30E	CSNK1G3
MIR30A	MIR30E	RFX6
MIR30A	MIR30E	KCNK10
MIR30A	MIR30E	C9orf72
MIR30A	MIR30E	GABRB1
MIR30A	MIR30E	LMBR1L
MIR30A	MIR30E	ANKH
MIR30A	MIR30E	CREB1
MIR30A	MIR30E	LPGAT1
MIR30A	MIR30E	SP3
MIR30A	MIR30E	CDKN1B
MIR30A	MIR30E	CAV1
MIR30A	MIR30E	CCDC186
MIR30A	MIR30E	EGR1
MIR30A	MIR30E	TEAD1
MIR30A	MIR30E	GFPT1
MIR30A	MIR30E	SCN9A
MIR30A	MIR30E	YPEL2
MIR30A	MIR30E	PANK3
MIR30A	MIR30E	VCPIP1
MIR30A	MIR30E	CCDC43
MIR30A	MIR30E	NHS
MIR30A	MIR30E	PTP4A1
MIR30A	MIR30E	STAU1
MIR30A	MIR30E	CELSR3
MIR30A	MIR30E	STAC
MIR30A	MIR30E	CPSF6
MIR30A	MIR30E	TMEM170B
MIR30A	MIR30E	UBE2K
MIR30A	MIR30E	PTPN13
MIR30A	MIR30E	SIAH1
MIR30A	MIR30E	PLAGL2
MIR30A	MIR30E	ROCK2
MIR30A	MIR30E	ISCU
MIR30A	MIR30E	ARMC1
MIR30A	MIR30E	FXR1
MIR30A	MIR30E	B3GNT5
MIR30A	MIR30E	C5orf24
MIR30A	MIR30E	MIER3
MIR30A	MIR30E	RUNX2
MIR30A	MIR30E	SIX4
MIR30A	MIR30E	PTEN
MIR30A	MIR30E	SBNO1
MIR30A	MIR30E	LIMCH1
MIR30A	MIR30D	CAMK2N1
MIR30A	MIR30D	PDE7A
MIR30A	MIR30D	NR3C1
MIR30A	MIR30D	LUC7L3
MIR30A	MIR30D	UBE2G1
MIR30A	MIR30D	ANKFY1
MIR30A	MIR30D	GPR180
MIR30A	MIR30D	FAM43A
MIR30A	MIR30D	NHS
MIR30A	MIR30D	TMEFF1
MIR30A	MIR30D	ZDHHC20
MIR30A	MIR30D	PCDH17
MIR30A	MIR30D	LHX8
MIR30A	MIR30D	TMEM87A
MIR30A	MIR30D	TRIM37
MIR30A	MIR30D	MAP3K21
MIR30A	MIR30D	PCNP
MIR30A	MIR30D	REV1
MIR30A	MIR30D	DDX3X
MIR30A	MIR30D	EXTL2
MIR30A	MIR30D	CAPZA1
MIR30A	MIR30D	FAM13B
MIR30A	MIR30D	TNRC6A
MIR30A	MIR30D	PARVA
MIR30A	MIR30D	CDC73
MIR30A	MIR30D	MBTD1
MIR30A	MIR30D	CDC37L1
MIR30A	MIR30D	SEMA3E
MIR30A	MIR30D	ZIC4
MIR30A	MIR30D	ZEB2
MIR30A	MIR30D	RAB32
MIR30A	MIR30D	MKRN3
MIR30A	MIR30D	SYNCRIP
MIR30A	MIR30D	USP48
MIR30A	MIR30D	CCDC117
MIR30A	MIR30D	MOSPD2
MIR30A	MIR30D	ANTXR2
MIR30A	MIR30D	CCNE2
MIR30A	MIR30D	PIP4K2A
MIR30A	MIR30D	DNAJC13
MIR30A	MIR30D	TNRC6B
MIR30A	MIR30D	LMNB1
MIR30A	MIR30D	SOCS1
MIR30A	MIR30D	RORA
MIR30A	MIR30D	ANKIB1
MIR30A	MIR30D	APC
MIR30A	MIR30D	SEC24A
MIR30A	MIR30D	PRDM1
MIR30A	MIR30D	IGF1
MIR30A	MIR30D	SLC12A6
MIR30A	MIR30D	ITGA6
MIR30A	MIR30D	BCLAF1
MIR30A	MIR30D	TPK1
MIR30A	MIR30D	RFX7
MIR30A	MIR30D	TRAPPC14
MIR30A	MIR30D	LRRC8D
MIR30A	MIR30D	DOCK7
MIR30A	MIR30D	ORC5
MIR30A	MIR30D	NEDD4
MIR30A	MIR30D	STOX2
MIR30A	MIR30D	INTS8
MIR30A	MIR30D	FHIP2A
MIR30A	MIR30D	LIN9
MIR30A	MIR30D	AAK1
MIR30A	MIR30D	TWF1
MIR30A	MIR30D	HDAC9
MIR30A	MIR30D	ATG5
MIR30A	MIR30D	FZD3
MIR30A	MIR30D	NOL4
MIR30A	MIR30D	TENT2
MIR30A	MIR30D	MED12L
MIR30A	MIR30D	GCLC
MIR30A	MIR30D	GNAI2
MIR30A	MIR30D	KIAA2026
MIR30A	MIR30D	ARPP19
MIR30A	MIR30D	ABHD5
MIR30A	MIR30D	SCN2A
MIR30A	MIR30D	FAP
MIR30A	MIR30D	SYNGR3
MIR30A	MIR30D	NR2C2
MIR30A	MIR30D	MAP3K4
MIR30A	MIR30D	GLCCI1
MIR30A	MIR30D	NT5E
MIR30A	MIR30D	EDEM3
MIR30A	MIR30D	ADRA2A
MIR30A	MIR30D	UBE2V2
MIR30A	MIR30D	EYA1
MIR30A	MIR30D	EED
MIR30A	MIR30D	SH3PXD2A
MIR30A	MIR30D	GALNT1
MIR30A	MIR30D	GALNT7
MIR30A	MIR30D	KLHL20
MIR30A	MIR30D	GPR137C
MIR30A	MIR30D	FAM104A
MIR30A	MIR30D	PTPRD
MIR30A	MIR30D	NFIB
MIR30A	MIR30D	R3HDM1
MIR30A	MIR30D	SESTD1
MIR30A	MIR30D	RIF1
MIR30A	MIR30D	MTHFD1L
MIR30A	MIR30D	ZNHIT6
MIR30A	MIR30D	NFAT5
MIR30A	MIR30D	BRWD1
MIR30A	MIR30D	USP6NL
MIR30A	MIR30D	STIM2
MIR30A	MIR30D	MMD
MIR30A	MIR30D	HMGA2
MIR30A	MIR30D	POU2F1
MIR30A	MIR30D	GALNT3
MIR30A	MIR30D	WDR82P1
MIR30A	MIR30D	TLL2
MIR30A	MIR30D	MEX3B
MIR30A	MIR30D	DAZ2
MIR30A	MIR30D	KMT5B
MIR30A	MIR30D	PTGFRN
MIR30A	MIR30D	RRAD
MIR30A	MIR30D	YOD1
MIR30A	MIR30D	DCUN1D3
MIR30A	MIR30D	CLASP2
MIR30A	MIR30D	SNX16
MIR30A	MIR30D	SLC7A10
MIR30A	MIR30D	BRWD3
MIR30A	MIR30D	MECP2
MIR30A	MIR30D	RARB
MIR30A	MIR30D	TMEM181
MIR30A	MIR30D	CCNK
MIR30A	MIR30D	LCLAT1
MIR30A	MIR30D	FRZB
MIR30A	MIR30D	SRSF7
MIR30A	MIR30D	PPARGC1B
MIR30A	MIR30D	BMT2
MIR30A	MIR30D	ANO4
MIR30A	MIR30D	ANKHD1
MIR30A	MIR30D	INO80D
MIR30A	MIR30D	NUFIP2
MIR30A	MIR30D	SCAI
MIR30A	MIR30D	RAD23B
MIR30A	MIR30D	SS18
MIR30A	MIR30D	SMG1
MIR30A	MIR30D	REEP3
MIR30A	MIR30D	HIRA
MIR30A	MIR30D	TBC1D10B
MIR30A	MIR30D	NECAP1
MIR30A	MIR30D	CHD1
MIR30A	MIR30D	ELK3
MIR30A	MIR30D	COLEC12
MIR30A	MIR30D	GMNC
MIR30A	MIR30D	SOS1
MIR30A	MIR30D	MTDH
MIR30A	MIR30D	KLHL28
MIR30A	MIR30D	CUL4B
MIR30A	MIR30D	ELL2
MIR30A	MIR30D	LRRC17
MIR30A	MIR30D	GRIA4
MIR30A	MIR30D	GNG10
MIR30A	MIR30D	RALB
MIR30A	MIR30D	MEOX2
MIR30A	MIR30D	ROBO1
MIR30A	MIR30D	PHTF2
MIR30A	MIR30D	TMEM106B
MIR30A	MIR30D	BCL9
MIR30A	MIR30D	UBE2J1
MIR30A	MIR30D	PSIP1
MIR30A	MIR30D	KRAS
MIR30A	MIR30D	ZNRF1
MIR30A	MIR30D	ACTC1
MIR30A	MIR30D	POU4F1
MIR30A	MIR30D	CNPY2
MIR30A	MIR30D	NRCAM
MIR30A	MIR30D	RAP1B
MIR30A	MIR30D	ARL4A
MIR30A	MIR30D	TFDP1
MIR30A	MIR30D	CCDC6
MIR30A	MIR30D	YWHAZ
MIR30A	MIR30D	ANKRA2
MIR30A	MIR30D	KMT2C
MIR30A	MIR30D	TAOK1
MIR30A	MIR30D	PRKAA2
MIR30A	MIR30D	PDK1
MIR30A	MIR30D	ATG12
MIR30A	MIR30D	SEMA3C
MIR30A	MIR30D	TTLL7
MIR30A	MIR30D	ZNF644
MIR30A	MIR30D	UBN2
MIR30A	MIR30D	FOXG1
MIR30A	MIR30D	PITX2
MIR30A	MIR30D	PCLO
MIR30A	MIR30D	EPAS1
MIR30A	MIR30D	ARF6
MIR30A	MIR30D	EP300
MIR30A	MIR30D	TAB2
MIR30A	MIR30D	ETNK1
MIR30A	MIR30D	YTHDC1
MIR30A	MIR30D	CPNE8
MIR30A	MIR30D	DCLK1
MIR30A	MIR30D	FAM214A
MIR30A	MIR30D	KLF12
MIR30A	MIR30D	LIN28B
MIR30A	MIR30D	RYR3
MIR30A	MIR30D	RHEBL1
MIR30A	MIR30D	FOXJ3
MIR30A	MIR30D	PHACTR2
MIR30A	MIR30D	RALA
MIR30A	MIR30D	PICALM
MIR30A	MIR30D	RARG
MIR30A	MIR30D	ARID4A
MIR30A	MIR30D	SCAF11
MIR30A	MIR30D	PAIP2
MIR30A	MIR30D	GJA1
MIR30A	MIR30D	DESI2
MIR30A	MIR30D	RUNX1T1
MIR30A	MIR30D	LIN28A
MIR30A	MIR30D	ELAPOR2
MIR30A	MIR30D	AP4E1
MIR30A	MIR30D	RAP2C
MIR30A	MIR30D	ELMOD2
MIR30A	MIR30D	KIAA0232
MIR30A	MIR30D	TBC1D23
MIR30A	MIR30D	CCNT2
MIR30A	MIR30D	PRKAA1
MIR30A	MIR30D	CSNK1G3
MIR30A	MIR30D	RFX6
MIR30A	MIR30D	C9orf72
MIR30A	MIR30D	LMBR1L
MIR30A	MIR30D	GABRB1
MIR30A	MIR30D	ANKH
MIR30A	MIR30D	CREB1
MIR30A	MIR30D	LPGAT1
MIR30A	MIR30D	TENT5A
MIR30A	MIR30D	SP3
MIR30A	MIR30D	CDKN1B
MIR30A	MIR30D	CAV1
MIR30A	MIR30D	EGR1
MIR30A	MIR30D	TEAD1
MIR30A	MIR30D	GFPT1
MIR30A	MIR30D	SCN9A
MIR30A	MIR30D	YPEL2
MIR30A	MIR30D	PANK3
MIR30A	MIR30D	VCPIP1
MIR30A	MIR30D	PTP4A1
MIR30A	MIR30D	STAU1
MIR30A	MIR30D	CELSR3
MIR30A	MIR30D	STAC
MIR30A	MIR30D	CPSF6
MIR30A	MIR30D	TMEM170B
MIR30A	MIR30D	UBE2K
MIR30A	MIR30D	CUL2
MIR30A	MIR30D	PTPN13
MIR30A	MIR30D	SIAH1
MIR30A	MIR30D	PLAGL2
MIR30A	MIR30D	ROCK2
MIR30A	MIR30D	ARMC1
MIR30A	MIR30D	FXR1
MIR30A	MIR30D	B3GNT5
MIR30A	MIR30D	C5orf24
MIR30A	MIR30D	MIER3
MIR30A	MIR30D	RUNX2
MIR30A	MIR30D	SIX4
MIR30A	MIR30D	PTEN
MIR30A	MIR30D	SBNO1
MIR30A	MIR30D	LIMCH1
MIR30E	MIR30D	CAMK2N1
MIR30E	MIR30D	PDE7A
MIR30E	MIR30D	NR3C1
MIR30E	MIR30D	LUC7L3
MIR30E	MIR30D	UBE2G1
MIR30E	MIR30D	ANKFY1
MIR30E	MIR30D	TOB1
MIR30E	MIR30D	FAM43A
MIR30E	MIR30D	GPR180
MIR30E	MIR30D	TMEFF1
MIR30E	MIR30D	ZDHHC20
MIR30E	MIR30D	PCDH17
MIR30E	MIR30D	LHX8
MIR30E	MIR30D	TMEM87A
MIR30E	MIR30D	TRIM37
MIR30E	MIR30D	MAP3K21
MIR30E	MIR30D	SOCS3
MIR30E	MIR30D	PCNP
MIR30E	MIR30D	REV1
MIR30E	MIR30D	DDX3X
MIR30E	MIR30D	EXTL2
MIR30E	MIR30D	CAPZA1
MIR30E	MIR30D	FAM13B
MIR30E	MIR30D	USP1
MIR30E	MIR30D	TIA1
MIR30E	MIR30D	TNRC6A
MIR30E	MIR30D	PARVA
MIR30E	MIR30D	CDC73
MIR30E	MIR30D	MBTD1
MIR30E	MIR30D	CDC37L1
MIR30E	MIR30D	SEMA3E
MIR30E	MIR30D	ZEB2
MIR30E	MIR30D	RAB32
MIR30E	MIR30D	MKRN3
MIR30E	MIR30D	USP48
MIR30E	MIR30D	CCDC117
MIR30E	MIR30D	MOSPD2
MIR30E	MIR30D	ANTXR2
MIR30E	MIR30D	CCNE2
MIR30E	MIR30D	PIP4K2A
MIR30E	MIR30D	DNAJC13
MIR30E	MIR30D	TNRC6B
MIR30E	MIR30D	LMNB1
MIR30E	MIR30D	SOCS1
MIR30E	MIR30D	RORA
MIR30E	MIR30D	ANKIB1
MIR30E	MIR30D	APC
MIR30E	MIR30D	SEC24A
MIR30E	MIR30D	PRDM1
MIR30E	MIR30D	IGF1
MIR30E	MIR30D	SLC12A6
MIR30E	MIR30D	NEGR1
MIR30E	MIR30D	ITGA6
MIR30E	MIR30D	BCLAF1
MIR30E	MIR30D	TRAPPC14
MIR30E	MIR30D	RFX7
MIR30E	MIR30D	LRRC8D
MIR30E	MIR30D	STOX2
MIR30E	MIR30D	DOCK7
MIR30E	MIR30D	CEP350
MIR30E	MIR30D	NEDD4
MIR30E	MIR30D	INTS8
MIR30E	MIR30D	FHIP2A
MIR30E	MIR30D	LIN9
MIR30E	MIR30D	AAK1
MIR30E	MIR30D	TWF1
MIR30E	MIR30D	HDAC9
MIR30E	MIR30D	ATG5
MIR30E	MIR30D	FZD3
MIR30E	MIR30D	NOL4
MIR30E	MIR30D	TENT2
MIR30E	MIR30D	MED12L
MIR30E	MIR30D	GCLC
MIR30E	MIR30D	GNAI2
MIR30E	MIR30D	KIAA2026
MIR30E	MIR30D	ARPP19
MIR30E	MIR30D	ABHD5
MIR30E	MIR30D	SCN2A
MIR30E	MIR30D	FAP
MIR30E	MIR30D	SYNGR3
MIR30E	MIR30D	NR2C2
MIR30E	MIR30D	GLCCI1
MIR30E	MIR30D	NT5E
MIR30E	MIR30D	HDX
MIR30E	MIR30D	EDEM3
MIR30E	MIR30D	ADRA2A
MIR30E	MIR30D	UBE2V2
MIR30E	MIR30D	EYA1
MIR30E	MIR30D	EED
MIR30E	MIR30D	SH3PXD2A
MIR30E	MIR30D	GALNT1
MIR30E	MIR30D	GALNT7
MIR30E	MIR30D	KLHL20
MIR30E	MIR30D	GPR137C
MIR30E	MIR30D	FAM104A
MIR30E	MIR30D	PTPRD
MIR30E	MIR30D	NFIB
MIR30E	MIR30D	R3HDM1
MIR30E	MIR30D	SESTD1
MIR30E	MIR30D	MACIR
MIR30E	MIR30D	MTHFD1L
MIR30E	MIR30D	ZNHIT6
MIR30E	MIR30D	NFAT5
MIR30E	MIR30D	BRWD1
MIR30E	MIR30D	USP6NL
MIR30E	MIR30D	STIM2
MIR30E	MIR30D	MMD
MIR30E	MIR30D	POU2F1
MIR30E	MIR30D	WDR82P1
MIR30E	MIR30D	TLL2
MIR30E	MIR30D	MEX3B
MIR30E	MIR30D	PTGFRN
MIR30E	MIR30D	YOD1
MIR30E	MIR30D	RRAD
MIR30E	MIR30D	DCUN1D3
MIR30E	MIR30D	CLASP2
MIR30E	MIR30D	SNX16
MIR30E	MIR30D	BRWD3
MIR30E	MIR30D	MECP2
MIR30E	MIR30D	TENT4B
MIR30E	MIR30D	RARB
MIR30E	MIR30D	TMEM181
MIR30E	MIR30D	CCNK
MIR30E	MIR30D	FRZB
MIR30E	MIR30D	SRSF7
MIR30E	MIR30D	PPARGC1B
MIR30E	MIR30D	BMT2
MIR30E	MIR30D	ANO4
MIR30E	MIR30D	ANKHD1
MIR30E	MIR30D	DNAJB14
MIR30E	MIR30D	INO80D
MIR30E	MIR30D	NUFIP2
MIR30E	MIR30D	SCAI
MIR30E	MIR30D	SS18
MIR30E	MIR30D	RAD23B
MIR30E	MIR30D	SMG1
MIR30E	MIR30D	REEP3
MIR30E	MIR30D	HIRA
MIR30E	MIR30D	CHD1
MIR30E	MIR30D	NECAP1
MIR30E	MIR30D	ELK3
MIR30E	MIR30D	COLEC12
MIR30E	MIR30D	GMNC
MIR30E	MIR30D	RASA1
MIR30E	MIR30D	SOS1
MIR30E	MIR30D	MTDH
MIR30E	MIR30D	KLHL28
MIR30E	MIR30D	CUL4B
MIR30E	MIR30D	ELL2
MIR30E	MIR30D	LRRC17
MIR30E	MIR30D	GNG10
MIR30E	MIR30D	RALB
MIR30E	MIR30D	MEOX2
MIR30E	MIR30D	ROBO1
MIR30E	MIR30D	PHTF2
MIR30E	MIR30D	TMEM106B
MIR30E	MIR30D	UBE2J1
MIR30E	MIR30D	KRAS
MIR30E	MIR30D	ZNRF1
MIR30E	MIR30D	ACTC1
MIR30E	MIR30D	POU4F1
MIR30E	MIR30D	CNPY2
MIR30E	MIR30D	NRCAM
MIR30E	MIR30D	RAP1B
MIR30E	MIR30D	ARL4A
MIR30E	MIR30D	TFDP1
MIR30E	MIR30D	ERBB4
MIR30E	MIR30D	CCDC6
MIR30E	MIR30D	ANKRA2
MIR30E	MIR30D	KMT2C
MIR30E	MIR30D	TAOK1
MIR30E	MIR30D	PRKAA2
MIR30E	MIR30D	PDK1
MIR30E	MIR30D	ATG12
MIR30E	MIR30D	SEMA3C
MIR30E	MIR30D	TTLL7
MIR30E	MIR30D	NRXN3
MIR30E	MIR30D	ZNF644
MIR30E	MIR30D	TUSC3
MIR30E	MIR30D	UBN2
MIR30E	MIR30D	FOXG1
MIR30E	MIR30D	PITX2
MIR30E	MIR30D	PCLO
MIR30E	MIR30D	EPAS1
MIR30E	MIR30D	ARF6
MIR30E	MIR30D	EP300
MIR30E	MIR30D	TAB2
MIR30E	MIR30D	ETNK1
MIR30E	MIR30D	CPNE8
MIR30E	MIR30D	FAM214A
MIR30E	MIR30D	KLF12
MIR30E	MIR30D	LIN28B
MIR30E	MIR30D	RYR3
MIR30E	MIR30D	RHEBL1
MIR30E	MIR30D	LIFR
MIR30E	MIR30D	FOXJ3
MIR30E	MIR30D	PHACTR2
MIR30E	MIR30D	RALA
MIR30E	MIR30D	PICALM
MIR30E	MIR30D	RARG
MIR30E	MIR30D	ARID4A
MIR30E	MIR30D	SCAF11
MIR30E	MIR30D	PAIP2
MIR30E	MIR30D	ZBTB41
MIR30E	MIR30D	GJA1
MIR30E	MIR30D	DESI2
MIR30E	MIR30D	RUNX1T1
MIR30E	MIR30D	LIN28A
MIR30E	MIR30D	ELAPOR2
MIR30E	MIR30D	AP4E1
MIR30E	MIR30D	RAP2C
MIR30E	MIR30D	GSKIP
MIR30E	MIR30D	ZFC3H1
MIR30E	MIR30D	ELMOD2
MIR30E	MIR30D	KIAA0232
MIR30E	MIR30D	TBC1D23
MIR30E	MIR30D	CCNT2
MIR30E	MIR30D	PRKAA1
MIR30E	MIR30D	CSNK1G3
MIR30E	MIR30D	RFX6
MIR30E	MIR30D	C9orf72
MIR30E	MIR30D	LMBR1L
MIR30E	MIR30D	GABRB1
MIR30E	MIR30D	ANKH
MIR30E	MIR30D	CREB1
MIR30E	MIR30D	LPGAT1
MIR30E	MIR30D	SP3
MIR30E	MIR30D	CDKN1B
MIR30E	MIR30D	CAV1
MIR30E	MIR30D	EGR1
MIR30E	MIR30D	TEAD1
MIR30E	MIR30D	GFPT1
MIR30E	MIR30D	SCN9A
MIR30E	MIR30D	YPEL2
MIR30E	MIR30D	PANK3
MIR30E	MIR30D	VCPIP1
MIR30E	MIR30D	NHS
MIR30E	MIR30D	PTP4A1
MIR30E	MIR30D	STAU1
MIR30E	MIR30D	CELSR3
MIR30E	MIR30D	STAC
MIR30E	MIR30D	CPSF6
MIR30E	MIR30D	TMEM170B
MIR30E	MIR30D	UBE2K
MIR30E	MIR30D	PTPN13
MIR30E	MIR30D	SIAH1
MIR30E	MIR30D	PLAGL2
MIR30E	MIR30D	ROCK2
MIR30E	MIR30D	ARMC1
MIR30E	MIR30D	FXR1
MIR30E	MIR30D	B3GNT5
MIR30E	MIR30D	C5orf24
MIR30E	MIR30D	MIER3
MIR30E	MIR30D	RUNX2
MIR30E	MIR30D	SIX4
MIR30E	MIR30D	PTEN
MIR30E	MIR30D	ZFHX3
MIR30E	MIR30D	SBNO1
MIR30E	MIR30D	LIMCH1
MIR30B	MIR30C1	STK35
MIR30B	MIR30C1	CAMK2N1
MIR30B	MIR30C1	PDE7A
MIR30B	MIR30C1	FAM43A
MIR30B	MIR30C1	TMEFF1
MIR30B	MIR30C1	XPO1
MIR30B	MIR30C1	LHX8
MIR30B	MIR30C1	TMEM87A
MIR30B	MIR30C1	REV1
MIR30B	MIR30C1	EXTL2
MIR30B	MIR30C1	CAPZA1
MIR30B	MIR30C1	TIA1
MIR30B	MIR30C1	TNRC6A
MIR30B	MIR30C1	NID1
MIR30B	MIR30C1	NSL1
MIR30B	MIR30C1	UBE2I
MIR30B	MIR30C1	RAPGEF4
MIR30B	MIR30C1	RAB32
MIR30B	MIR30C1	MKRN3
MIR30B	MIR30C1	USP48
MIR30B	MIR30C1	CCDC117
MIR30B	MIR30C1	CCNE2
MIR30B	MIR30C1	EFR3B
MIR30B	MIR30C1	PIP4K2A
MIR30B	MIR30C1	SH3BP2
MIR30B	MIR30C1	RORA
MIR30B	MIR30C1	SEC24A
MIR30B	MIR30C1	PRDM1
MIR30B	MIR30C1	RFX7
MIR30B	MIR30C1	LRRC8D
MIR30B	MIR30C1	STOX2
MIR30B	MIR30C1	DOCK7
MIR30B	MIR30C1	NEDD4
MIR30B	MIR30C1	FHIP2A
MIR30B	MIR30C1	AAK1
MIR30B	MIR30C1	TWF1
MIR30B	MIR30C1	FZD3
MIR30B	MIR30C1	ZNF608
MIR30B	MIR30C1	TENT2
MIR30B	MIR30C1	GCLC
MIR30B	MIR30C1	KIAA2026
MIR30B	MIR30C1	GNAI2
MIR30B	MIR30C1	FAP
MIR30B	MIR30C1	SCN2A
MIR30B	MIR30C1	SYNGR3
MIR30B	MIR30C1	GLCCI1
MIR30B	MIR30C1	NT5E
MIR30B	MIR30C1	ADRA2A
MIR30B	MIR30C1	UBE2V2
MIR30B	MIR30C1	EED
MIR30B	MIR30C1	SH3PXD2A
MIR30B	MIR30C1	GALNT1
MIR30B	MIR30C1	GALNT7
MIR30B	MIR30C1	KLHL20
MIR30B	MIR30C1	R3HDM1
MIR30B	MIR30C1	NFAT5
MIR30B	MIR30C1	BRWD1
MIR30B	MIR30C1	STIM2
MIR30B	MIR30C1	MMD
MIR30B	MIR30C1	GALNT3
MIR30B	MIR30C1	WDR82P1
MIR30B	MIR30C1	TLL2
MIR30B	MIR30C1	MEX3B
MIR30B	MIR30C1	PTGFRN
MIR30B	MIR30C1	RRAD
MIR30B	MIR30C1	DCUN1D3
MIR30B	MIR30C1	SNX16
MIR30B	MIR30C1	SHOC2
MIR30B	MIR30C1	BRWD3
MIR30B	MIR30C1	RARB
MIR30B	MIR30C1	TMEM181
MIR30B	MIR30C1	LCLAT1
MIR30B	MIR30C1	BAZ2A
MIR30B	MIR30C1	FRZB
MIR30B	MIR30C1	SRSF7
MIR30B	MIR30C1	PPARGC1B
MIR30B	MIR30C1	INO80D
MIR30B	MIR30C1	ANKHD1
MIR30B	MIR30C1	RAD23B
MIR30B	MIR30C1	REEP3
MIR30B	MIR30C1	CHD1
MIR30B	MIR30C1	NECAP1
MIR30B	MIR30C1	GMNC
MIR30B	MIR30C1	RASA1
MIR30B	MIR30C1	CFL2
MIR30B	MIR30C1	KLHL28
MIR30B	MIR30C1	MTDH
MIR30B	MIR30C1	ELL2
MIR30B	MIR30C1	SNAI1
MIR30B	MIR30C1	LRRC17
MIR30B	MIR30C1	THRA
MIR30B	MIR30C1	GNG10
MIR30B	MIR30C1	PHTF2
MIR30B	MIR30C1	BCL9
MIR30B	MIR30C1	UBE2J1
MIR30B	MIR30C1	ZNRF1
MIR30B	MIR30C1	ACTC1
MIR30B	MIR30C1	TMTC1
MIR30B	MIR30C1	CYRIA
MIR30B	MIR30C1	RAP1B
MIR30B	MIR30C1	ARL4A
MIR30B	MIR30C1	TFDP1
MIR30B	MIR30C1	PRKCA
MIR30B	MIR30C1	ANKRA2
MIR30B	MIR30C1	TAOK1
MIR30B	MIR30C1	YAF2
MIR30B	MIR30C1	TUSC3
MIR30B	MIR30C1	UBN2
MIR30B	MIR30C1	FOXG1
MIR30B	MIR30C1	DNAL1
MIR30B	MIR30C1	YTHDC1
MIR30B	MIR30C1	LIN28B
MIR30B	MIR30C1	RHEBL1
MIR30B	MIR30C1	LIFR
MIR30B	MIR30C1	PICALM
MIR30B	MIR30C1	RARG
MIR30B	MIR30C1	ZBTB41
MIR30B	MIR30C1	DESI2
MIR30B	MIR30C1	LIN28A
MIR30B	MIR30C1	NAV1
MIR30B	MIR30C1	SEC23A
MIR30B	MIR30C1	USP15
MIR30B	MIR30C1	GSKIP
MIR30B	MIR30C1	ELMOD2
MIR30B	MIR30C1	MBNL3
MIR30B	MIR30C1	CCNT2
MIR30B	MIR30C1	RFX6
MIR30B	MIR30C1	C9orf72
MIR30B	MIR30C1	LMBR1L
MIR30B	MIR30C1	GABRB1
MIR30B	MIR30C1	TMCC1
MIR30B	MIR30C1	HOOK3
MIR30B	MIR30C1	YPEL2
MIR30B	MIR30C1	SCN9A
MIR30B	MIR30C1	ZCCHC2
MIR30B	MIR30C1	PTP4A1
MIR30B	MIR30C1	NDST1
MIR30B	MIR30C1	ORAI2
MIR30B	MIR30C1	CELSR3
MIR30B	MIR30C1	CPSF6
MIR30B	MIR30C1	KLF9
MIR30B	MIR30C1	TMEM170B
MIR30B	MIR30C1	PTPN13
MIR30B	MIR30C1	PLAGL2
MIR30B	MIR30C1	RBMS2
MIR30B	MIR30C1	B3GNT5
MIR30B	MIR30C1	MIER3
MIR30B	MIR30C1	RUNX2
MIR30B	MIR30C1	YWHAQ
MIR30B	MIR30C1	BCL9L
MIR30B	MIR30C1	GNL3L
MIR30B	MIR30C1	LIMCH1
MIR30B	MIR30C2	STK35
MIR30B	MIR30C2	CAMK2N1
MIR30B	MIR30C2	FAM126A
MIR30B	MIR30C2	PDE7A
MIR30B	MIR30C2	FAM43A
MIR30B	MIR30C2	TMEFF1
MIR30B	MIR30C2	XPO1
MIR30B	MIR30C2	LHX8
MIR30B	MIR30C2	TMEM87A
MIR30B	MIR30C2	REV1
MIR30B	MIR30C2	EXTL2
MIR30B	MIR30C2	CAPZA1
MIR30B	MIR30C2	TIA1
MIR30B	MIR30C2	TNRC6A
MIR30B	MIR30C2	NID1
MIR30B	MIR30C2	UBE2I
MIR30B	MIR30C2	RAPGEF4
MIR30B	MIR30C2	RAB32
MIR30B	MIR30C2	MKRN3
MIR30B	MIR30C2	USP48
MIR30B	MIR30C2	CCDC117
MIR30B	MIR30C2	CCNE2
MIR30B	MIR30C2	EFR3B
MIR30B	MIR30C2	PIP4K2A
MIR30B	MIR30C2	SH3BP2
MIR30B	MIR30C2	RORA
MIR30B	MIR30C2	SEC24A
MIR30B	MIR30C2	PRDM1
MIR30B	MIR30C2	RFX7
MIR30B	MIR30C2	LRRC8D
MIR30B	MIR30C2	STOX2
MIR30B	MIR30C2	DOCK7
MIR30B	MIR30C2	NEDD4
MIR30B	MIR30C2	FHIP2A
MIR30B	MIR30C2	AAK1
MIR30B	MIR30C2	TWF1
MIR30B	MIR30C2	FZD3
MIR30B	MIR30C2	ZNF608
MIR30B	MIR30C2	TENT2
MIR30B	MIR30C2	GCLC
MIR30B	MIR30C2	KIAA2026
MIR30B	MIR30C2	GNAI2
MIR30B	MIR30C2	FAP
MIR30B	MIR30C2	SCN2A
MIR30B	MIR30C2	SYNGR3
MIR30B	MIR30C2	GLCCI1
MIR30B	MIR30C2	NT5E
MIR30B	MIR30C2	ADRA2A
MIR30B	MIR30C2	UBE2V2
MIR30B	MIR30C2	EED
MIR30B	MIR30C2	SH3PXD2A
MIR30B	MIR30C2	GALNT1
MIR30B	MIR30C2	GALNT7
MIR30B	MIR30C2	KLHL20
MIR30B	MIR30C2	R3HDM1
MIR30B	MIR30C2	NFAT5
MIR30B	MIR30C2	BRWD1
MIR30B	MIR30C2	STIM2
MIR30B	MIR30C2	MMD
MIR30B	MIR30C2	GALNT3
MIR30B	MIR30C2	WDR82P1
MIR30B	MIR30C2	TLL2
MIR30B	MIR30C2	MEX3B
MIR30B	MIR30C2	PTGFRN
MIR30B	MIR30C2	RRAD
MIR30B	MIR30C2	DCUN1D3
MIR30B	MIR30C2	SNX16
MIR30B	MIR30C2	SHOC2
MIR30B	MIR30C2	BRWD3
MIR30B	MIR30C2	RARB
MIR30B	MIR30C2	TMEM181
MIR30B	MIR30C2	LCLAT1
MIR30B	MIR30C2	BAZ2A
MIR30B	MIR30C2	FRZB
MIR30B	MIR30C2	SRSF7
MIR30B	MIR30C2	PPARGC1B
MIR30B	MIR30C2	INO80D
MIR30B	MIR30C2	ANKHD1
MIR30B	MIR30C2	RAD23B
MIR30B	MIR30C2	REEP3
MIR30B	MIR30C2	CHD1
MIR30B	MIR30C2	NECAP1
MIR30B	MIR30C2	GMNC
MIR30B	MIR30C2	RASA1
MIR30B	MIR30C2	CFL2
MIR30B	MIR30C2	KLHL28
MIR30B	MIR30C2	MTDH
MIR30B	MIR30C2	ELL2
MIR30B	MIR30C2	SNAI1
MIR30B	MIR30C2	LRRC17
MIR30B	MIR30C2	GNG10
MIR30B	MIR30C2	PHTF2
MIR30B	MIR30C2	BCL9
MIR30B	MIR30C2	UBE2J1
MIR30B	MIR30C2	ZNRF1
MIR30B	MIR30C2	ACTC1
MIR30B	MIR30C2	TMTC1
MIR30B	MIR30C2	CYRIA
MIR30B	MIR30C2	RAP1B
MIR30B	MIR30C2	ARL4A
MIR30B	MIR30C2	TFDP1
MIR30B	MIR30C2	PRKCA
MIR30B	MIR30C2	ANKRA2
MIR30B	MIR30C2	TAOK1
MIR30B	MIR30C2	YAF2
MIR30B	MIR30C2	STK4
MIR30B	MIR30C2	TUSC3
MIR30B	MIR30C2	UBN2
MIR30B	MIR30C2	FOXG1
MIR30B	MIR30C2	FNIP1
MIR30B	MIR30C2	DNAL1
MIR30B	MIR30C2	YTHDC1
MIR30B	MIR30C2	LIN28B
MIR30B	MIR30C2	RHEBL1
MIR30B	MIR30C2	LIFR
MIR30B	MIR30C2	PICALM
MIR30B	MIR30C2	RARG
MIR30B	MIR30C2	ZBTB41
MIR30B	MIR30C2	DESI2
MIR30B	MIR30C2	LIN28A
MIR30B	MIR30C2	NAV1
MIR30B	MIR30C2	SEC23A
MIR30B	MIR30C2	USP15
MIR30B	MIR30C2	MDM4
MIR30B	MIR30C2	GSKIP
MIR30B	MIR30C2	ELMOD2
MIR30B	MIR30C2	MBNL3
MIR30B	MIR30C2	CCNT2
MIR30B	MIR30C2	RFX6
MIR30B	MIR30C2	C9orf72
MIR30B	MIR30C2	LMBR1L
MIR30B	MIR30C2	GABRB1
MIR30B	MIR30C2	TMCC1
MIR30B	MIR30C2	HOOK3
MIR30B	MIR30C2	YPEL2
MIR30B	MIR30C2	SCN9A
MIR30B	MIR30C2	ZCCHC2
MIR30B	MIR30C2	PTP4A1
MIR30B	MIR30C2	NDST1
MIR30B	MIR30C2	ORAI2
MIR30B	MIR30C2	CELSR3
MIR30B	MIR30C2	CPSF6
MIR30B	MIR30C2	KLF9
MIR30B	MIR30C2	TMEM170B
MIR30B	MIR30C2	PTPN13
MIR30B	MIR30C2	PLAGL2
MIR30B	MIR30C2	RBMS2
MIR30B	MIR30C2	B3GNT5
MIR30B	MIR30C2	MIER3
MIR30B	MIR30C2	RUNX2
MIR30B	MIR30C2	BCL9L
MIR30B	MIR30C2	GNL3L
MIR30B	MIR30C2	LIMCH1
MIR30C1	MIR30C2	STK35
MIR30C1	MIR30C2	CAMK2N1
MIR30C1	MIR30C2	FZD4
MIR30C1	MIR30C2	TSHZ3
MIR30C1	MIR30C2	ARFGEF3
MIR30C1	MIR30C2	PDE7A
MIR30C1	MIR30C2	TNFRSF10B
MIR30C1	MIR30C2	EXD2
MIR30C1	MIR30C2	FAM43A
MIR30C1	MIR30C2	TMEFF1
MIR30C1	MIR30C2	SEPTIN8
MIR30C1	MIR30C2	PCDHA6
MIR30C1	MIR30C2	XPO1
MIR30C1	MIR30C2	LHX8
MIR30C1	MIR30C2	TMEM87A
MIR30C1	MIR30C2	GABPAP
MIR30C1	MIR30C2	REV1
MIR30C1	MIR30C2	YIPF6
MIR30C1	MIR30C2	GABBR1
MIR30C1	MIR30C2	DCBLD2
MIR30C1	MIR30C2	CAPZA1
MIR30C1	MIR30C2	EXTL2
MIR30C1	MIR30C2	TIA1
MIR30C1	MIR30C2	TNRC6A
MIR30C1	MIR30C2	ENTPD7
MIR30C1	MIR30C2	NID1
MIR30C1	MIR30C2	HMBOX1
MIR30C1	MIR30C2	ZCCHC14
MIR30C1	MIR30C2	UBQLN1
MIR30C1	MIR30C2	PARVA
MIR30C1	MIR30C2	POFUT1
MIR30C1	MIR30C2	UBE2I
MIR30C1	MIR30C2	RAPGEF4
MIR30C1	MIR30C2	BNC2
MIR30C1	MIR30C2	SLC6A6
MIR30C1	MIR30C2	CEP120
MIR30C1	MIR30C2	NR4A2
MIR30C1	MIR30C2	PITPNM2
MIR30C1	MIR30C2	BPTF
MIR30C1	MIR30C2	NAGA
MIR30C1	MIR30C2	RAB32
MIR30C1	MIR30C2	MKRN3
MIR30C1	MIR30C2	SKIL
MIR30C1	MIR30C2	USP48
MIR30C1	MIR30C2	CCDC117
MIR30C1	MIR30C2	PCDHA2
MIR30C1	MIR30C2	ZNF641
MIR30C1	MIR30C2	CCNE2
MIR30C1	MIR30C2	EFR3B
MIR30C1	MIR30C2	PCDHA4
MIR30C1	MIR30C2	PIP4K2A
MIR30C1	MIR30C2	CARHSP1
MIR30C1	MIR30C2	SH3BP2
MIR30C1	MIR30C2	NHLRC2
MIR30C1	MIR30C2	STX5
MIR30C1	MIR30C2	PCDHA3
MIR30C1	MIR30C2	ALPK3
MIR30C1	MIR30C2	SYT6
MIR30C1	MIR30C2	PAK1
MIR30C1	MIR30C2	SEC24A
MIR30C1	MIR30C2	RORA
MIR30C1	MIR30C2	EPB41
MIR30C1	MIR30C2	PRDM1
MIR30C1	MIR30C2	ITGA6
MIR30C1	MIR30C2	RFX7
MIR30C1	MIR30C2	KLC2
MIR30C1	MIR30C2	CORO1C
MIR30C1	MIR30C2	PER1
MIR30C1	MIR30C2	FNDC3A
MIR30C1	MIR30C2	DOCK7
MIR30C1	MIR30C2	NT5DC3
MIR30C1	MIR30C2	TMED10
MIR30C1	MIR30C2	TSPYL4
MIR30C1	MIR30C2	NEDD4
MIR30C1	MIR30C2	FHIP2A
MIR30C1	MIR30C2	CXCL12
MIR30C1	MIR30C2	AAK1
MIR30C1	MIR30C2	TWF1
MIR30C1	MIR30C2	ZNF275
MIR30C1	MIR30C2	EBAG9
MIR30C1	MIR30C2	DAB2
MIR30C1	MIR30C2	FZD3
MIR30C1	MIR30C2	PCDHA11
MIR30C1	MIR30C2	ZNF608
MIR30C1	MIR30C2	GCLC
MIR30C1	MIR30C2	KIAA2026
MIR30C1	MIR30C2	GNAI2
MIR30C1	MIR30C2	TENT2
MIR30C1	MIR30C2	SHANK2
MIR30C1	MIR30C2	SCN2A
MIR30C1	MIR30C2	FAP
MIR30C1	MIR30C2	HNRNPUL1
MIR30C1	MIR30C2	SYNGR3
MIR30C1	MIR30C2	MGLL
MIR30C1	MIR30C2	SRRM4
MIR30C1	MIR30C2	GLCCI1
MIR30C1	MIR30C2	MEF2A
MIR30C1	MIR30C2	E2F3
MIR30C1	MIR30C2	NAMPT
MIR30C1	MIR30C2	NT5E
MIR30C1	MIR30C2	ADRA2A
MIR30C1	MIR30C2	CDC42BPA
MIR30C1	MIR30C2	UBE2V2
MIR30C1	MIR30C2	WDR26
MIR30C1	MIR30C2	EED
MIR30C1	MIR30C2	TBC1D20
MIR30C1	MIR30C2	SH3PXD2A
MIR30C1	MIR30C2	GALNT1
MIR30C1	MIR30C2	GALNT7
MIR30C1	MIR30C2	ATF3
MIR30C1	MIR30C2	KLHL20
MIR30C1	MIR30C2	ATRN
MIR30C1	MIR30C2	EYA4
MIR30C1	MIR30C2	PTPN9
MIR30C1	MIR30C2	R3HDM1
MIR30C1	MIR30C2	SHROOM3
MIR30C1	MIR30C2	NFAT5
MIR30C1	MIR30C2	BRWD1
MIR30C1	MIR30C2	PPP1R12B
MIR30C1	MIR30C2	BTG1
MIR30C1	MIR30C2	STIM2
MIR30C1	MIR30C2	SPEN
MIR30C1	MIR30C2	MMD
MIR30C1	MIR30C2	PCDHA10
MIR30C1	MIR30C2	SPIRE1
MIR30C1	MIR30C2	GALNT3
MIR30C1	MIR30C2	WDR82P1
MIR30C1	MIR30C2	TLL2
MIR30C1	MIR30C2	MEX3B
MIR30C1	MIR30C2	PTGFRN
MIR30C1	MIR30C2	YOD1
MIR30C1	MIR30C2	RRAD
MIR30C1	MIR30C2	DCUN1D3
MIR30C1	MIR30C2	PAG1
MIR30C1	MIR30C2	USP37
MIR30C1	MIR30C2	SNX16
MIR30C1	MIR30C2	SHOC2
MIR30C1	MIR30C2	LPP
MIR30C1	MIR30C2	BRWD3
MIR30C1	MIR30C2	RARB
MIR30C1	MIR30C2	TMEM181
MIR30C1	MIR30C2	MAP3K13
MIR30C1	MIR30C2	PCDHAC1
MIR30C1	MIR30C2	LCLAT1
MIR30C1	MIR30C2	RLIM
MIR30C1	MIR30C2	BAZ2A
MIR30C1	MIR30C2	FRZB
MIR30C1	MIR30C2	PCDHA9
MIR30C1	MIR30C2	SRSF7
MIR30C1	MIR30C2	SP1
MIR30C1	MIR30C2	PPARGC1B
MIR30C1	MIR30C2	ANO4
MIR30C1	MIR30C2	ANKHD1
MIR30C1	MIR30C2	INO80D
MIR30C1	MIR30C2	FAM117B
MIR30C1	MIR30C2	RAD23B
MIR30C1	MIR30C2	ZNF395
MIR30C1	MIR30C2	CELF3
MIR30C1	MIR30C2	SMG1
MIR30C1	MIR30C2	REEP3
MIR30C1	MIR30C2	SHISAL1
MIR30C1	MIR30C2	SETD5
MIR30C1	MIR30C2	CHD1
MIR30C1	MIR30C2	NECAP1
MIR30C1	MIR30C2	GMNC
MIR30C1	MIR30C2	RASA1
MIR30C1	MIR30C2	MIER1
MIR30C1	MIR30C2	CFL2
MIR30C1	MIR30C2	KLHL28
MIR30C1	MIR30C2	MTDH
MIR30C1	MIR30C2	MRPL19
MIR30C1	MIR30C2	ERAP1
MIR30C1	MIR30C2	MYO5A
MIR30C1	MIR30C2	PELI1
MIR30C1	MIR30C2	GAREM1
MIR30C1	MIR30C2	ELL2
MIR30C1	MIR30C2	LRRC17
MIR30C1	MIR30C2	RPS6KA2
MIR30C1	MIR30C2	HNRNPL
MIR30C1	MIR30C2	SNAI1
MIR30C1	MIR30C2	AKAP6
MIR30C1	MIR30C2	FMNL3
MIR30C1	MIR30C2	GNG10
MIR30C1	MIR30C2	PHTF2
MIR30C1	MIR30C2	BCL9
MIR30C1	MIR30C2	UBE2J1
MIR30C1	MIR30C2	ZNRF1
MIR30C1	MIR30C2	ACTC1
MIR30C1	MIR30C2	TMTC1
MIR30C1	MIR30C2	PCDHA7
MIR30C1	MIR30C2	CYRIA
MIR30C1	MIR30C2	RAP1B
MIR30C1	MIR30C2	ARL4A
MIR30C1	MIR30C2	MARCKSL1
MIR30C1	MIR30C2	TFDP1
MIR30C1	MIR30C2	MGAT4A
MIR30C1	MIR30C2	PRKCA
MIR30C1	MIR30C2	YWHAZ
MIR30C1	MIR30C2	BTBD9
MIR30C1	MIR30C2	ANKRA2
MIR30C1	MIR30C2	TAOK1
MIR30C1	MIR30C2	LRRC8D
MIR30C1	MIR30C2	NRXN3
MIR30C1	MIR30C2	YAF2
MIR30C1	MIR30C2	TUSC3
MIR30C1	MIR30C2	UBN2
MIR30C1	MIR30C2	FOXG1
MIR30C1	MIR30C2	PSEN1
MIR30C1	MIR30C2	DNAL1
MIR30C1	MIR30C2	GIGYF1
MIR30C1	MIR30C2	YTHDC1
MIR30C1	MIR30C2	CPNE8
MIR30C1	MIR30C2	JAZF1
MIR30C1	MIR30C2	CALN1
MIR30C1	MIR30C2	SH3RF1
MIR30C1	MIR30C2	PCDHA12
MIR30C1	MIR30C2	HOXA1
MIR30C1	MIR30C2	LIN28B
MIR30C1	MIR30C2	CSRNP3
MIR30C1	MIR30C2	FZD7
MIR30C1	MIR30C2	RHEBL1
MIR30C1	MIR30C2	EZH1
MIR30C1	MIR30C2	ABCC4
MIR30C1	MIR30C2	LIFR
MIR30C1	MIR30C2	STX3
MIR30C1	MIR30C2	PICALM
MIR30C1	MIR30C2	RARG
MIR30C1	MIR30C2	ARID4A
MIR30C1	MIR30C2	SDC3
MIR30C1	MIR30C2	PCDHA13
MIR30C1	MIR30C2	MYEOV
MIR30C1	MIR30C2	ZBTB41
MIR30C1	MIR30C2	PCDHA5
MIR30C1	MIR30C2	DESI2
MIR30C1	MIR30C2	LIN28A
MIR30C1	MIR30C2	NAV1
MIR30C1	MIR30C2	SEC23A
MIR30C1	MIR30C2	GNA13
MIR30C1	MIR30C2	ASPH
MIR30C1	MIR30C2	USP15
MIR30C1	MIR30C2	GLCE
MIR30C1	MIR30C2	PLBD2
MIR30C1	MIR30C2	HNRNPU
MIR30C1	MIR30C2	RAP2C
MIR30C1	MIR30C2	BDP1
MIR30C1	MIR30C2	GSKIP
MIR30C1	MIR30C2	SMAD2
MIR30C1	MIR30C2	ELMOD2
MIR30C1	MIR30C2	MBNL3
MIR30C1	MIR30C2	CYFIP2
MIR30C1	MIR30C2	CCNT2
MIR30C1	MIR30C2	RFX6
MIR30C1	MIR30C2	C9orf72
MIR30C1	MIR30C2	LMBR1L
MIR30C1	MIR30C2	GABRB1
MIR30C1	MIR30C2	ANKH
MIR30C1	MIR30C2	BMI1
MIR30C1	MIR30C2	SP3
MIR30C1	MIR30C2	C1orf21
MIR30C1	MIR30C2	TMCC1
MIR30C1	MIR30C2	HOOK3
MIR30C1	MIR30C2	PCDHA8
MIR30C1	MIR30C2	YPEL2
MIR30C1	MIR30C2	SCN9A
MIR30C1	MIR30C2	MTRF1L
MIR30C1	MIR30C2	HIP1
MIR30C1	MIR30C2	CCDC43
MIR30C1	MIR30C2	SLC38A1
MIR30C1	MIR30C2	ZCCHC2
MIR30C1	MIR30C2	RNF220
MIR30C1	MIR30C2	STOX2
MIR30C1	MIR30C2	PTP4A1
MIR30C1	MIR30C2	NDST1
MIR30C1	MIR30C2	ORAI2
MIR30C1	MIR30C2	CELSR3
MIR30C1	MIR30C2	CPSF6
MIR30C1	MIR30C2	KLF9
MIR30C1	MIR30C2	TMEM170B
MIR30C1	MIR30C2	PHLPP2
MIR30C1	MIR30C2	PCDHAC2
MIR30C1	MIR30C2	PTPN13
MIR30C1	MIR30C2	KCNAB2
MIR30C1	MIR30C2	PBX1
MIR30C1	MIR30C2	RPRD1B
MIR30C1	MIR30C2	PLAGL2
MIR30C1	MIR30C2	RBMS2
MIR30C1	MIR30C2	SHTN1
MIR30C1	MIR30C2	MTCH2
MIR30C1	MIR30C2	PCDHA1
MIR30C1	MIR30C2	AHCYL1
MIR30C1	MIR30C2	B3GNT5
MIR30C1	MIR30C2	MIER3
MIR30C1	MIR30C2	NCAM1
MIR30C1	MIR30C2	GOLPH3L
MIR30C1	MIR30C2	RUNX2
MIR30C1	MIR30C2	BCL9L
MIR30C1	MIR30C2	FRMD6
MIR30C1	MIR30C2	FAM117A
MIR30C1	MIR30C2	VGLL3
MIR30C1	MIR30C2	MPZL1
MIR30C1	MIR30C2	GNL3L
MIR30C1	MIR30C2	LIMCH1
MIR33A	MIR33B	PDGFRA
MIR33A	MIR33B	MEIS2
MIR33A	MIR33B	PDE7A
MIR33A	MIR33B	HADHB
MIR33A	MIR33B	LUC7L3
MIR33A	MIR33B	KPNA3
MIR33A	MIR33B	SREK1
MIR33A	MIR33B	CPEB3
MIR33A	MIR33B	HIPK2
MIR33A	MIR33B	MLLT3
MIR33A	MIR33B	MAP3K3
MIR33A	MIR33B	FRS2
MIR33A	MIR33B	ATP1B1
MIR33A	MIR33B	MORF4L1
MIR33A	MIR33B	RMND5A
MIR33A	MIR33B	ZCCHC14
MIR33A	MIR33B	CREBRF
MIR33A	MIR33B	NAA30
MIR33A	MIR33B	KIF1B
MIR33A	MIR33B	EBF1
MIR33A	MIR33B	MDGA2
MIR33A	MIR33B	QKI
MIR33A	MIR33B	CCNY
MIR33A	MIR33B	TENT5C
MIR33A	MIR33B	ASAP1
MIR33A	MIR33B	NR4A2
MIR33A	MIR33B	RNF128
MIR33A	MIR33B	ZNF281
MIR33A	MIR33B	APPBP2
MIR33A	MIR33B	CSMD1
MIR33A	MIR33B	TM9SF3
MIR33A	MIR33B	GRIA3
MIR33A	MIR33B	SLC25A25
MIR33A	MIR33B	RORA
MIR33A	MIR33B	PRICKLE2
MIR33A	MIR33B	CADM2
MIR33A	MIR33B	GAS1
MIR33A	MIR33B	CCNYL1
MIR33A	MIR33B	NAV3
MIR33A	MIR33B	SETD7
MIR33A	MIR33B	ARID5B
MIR33A	MIR33B	PPTC7
MIR33A	MIR33B	SPIN1
MIR33A	MIR33B	LDHA
MIR33A	MIR33B	CAMK2G
MIR33A	MIR33B	PIM3
MIR33A	MIR33B	IRS2
MIR33A	MIR33B	SHANK2
MIR33A	MIR33B	VCAN
MIR33A	MIR33B	GLCCI1
MIR33A	MIR33B	ABCA1
MIR33A	MIR33B	CDK6
MIR33A	MIR33B	SLC26A7
MIR33A	MIR33B	KIAA1549L
MIR33A	MIR33B	CDC42BPA
MIR33A	MIR33B	UBE2V2
MIR33A	MIR33B	SOCS5
MIR33A	MIR33B	ATP8B1
MIR33A	MIR33B	ROBO2
MIR33A	MIR33B	SLC17A6
MIR33A	MIR33B	PFN2
MIR33A	MIR33B	MAP3K1
MIR33A	MIR33B	MTF1
MIR33A	MIR33B	FBXO34
MIR33A	MIR33B	NAA15
MIR33A	MIR33B	SIRT6
MIR33A	MIR33B	GDI2
MIR33A	MIR33B	CDK8
MIR33A	MIR33B	SMARCA5
MIR33A	MIR33B	TCF12
MIR33A	MIR33B	HIPK1
MIR33A	MIR33B	MAP4K4
MIR33A	MIR33B	HMGA2
MIR33A	MIR33B	ABHD2
MIR33A	MIR33B	EEF1A1
MIR33A	MIR33B	PCNX1
MIR33A	MIR33B	FOXP1
MIR33A	MIR33B	FAM126B
MIR33A	MIR33B	ADD3
MIR33A	MIR33B	BCOR
MIR33A	MIR33B	TTC28
MIR33A	MIR33B	CALML4
MIR33A	MIR33B	RLIM
MIR33A	MIR33B	BEND4
MIR33A	MIR33B	CSNK1D
MIR33A	MIR33B	WDFY3
MIR33A	MIR33B	ST18
MIR33A	MIR33B	ANO4
MIR33A	MIR33B	NUFIP2
MIR33A	MIR33B	GOPC
MIR33A	MIR33B	GRIK5
MIR33A	MIR33B	CNOT6L
MIR33A	MIR33B	CNTN4
MIR33A	MIR33B	SMG1
MIR33A	MIR33B	EN2
MIR33A	MIR33B	TENM1
MIR33A	MIR33B	NPC1
MIR33A	MIR33B	LDLRAD4
MIR33A	MIR33B	TMEM86A
MIR33A	MIR33B	TANC2
MIR33A	MIR33B	TCF7L2
MIR33A	MIR33B	KPNA4
MIR33A	MIR33B	SPAST
MIR33A	MIR33B	B3GALT2
MIR33A	MIR33B	HNRNPA2B1
MIR33A	MIR33B	SLITRK3
MIR33A	MIR33B	SLC12A5
MIR33A	MIR33B	CAMK4
MIR33A	MIR33B	RGMA
MIR33A	MIR33B	CROT
MIR33A	MIR33B	RCAN1
MIR33A	MIR33B	CPSF2
MIR33A	MIR33B	CACNA1C
MIR33A	MIR33B	PCDH7
MIR33A	MIR33B	PPP3CB
MIR33A	MIR33B	ESCO1
MIR33A	MIR33B	ZC3H12C
MIR33A	MIR33B	SAMD4A
MIR33A	MIR33B	CPT1A
MIR33A	MIR33B	SOX11
MIR33A	MIR33B	YWHAH
MIR33A	MIR33B	EIF5A2
MIR33A	MIR33B	SNAI2
MIR33A	MIR33B	DDX5
MIR33A	MIR33B	ANK3
MIR33A	MIR33B	BACH1
MIR33A	MIR33B	ZNF800
MIR33A	MIR33B	SEC24C
MIR33A	MIR33B	MMP16
MIR33A	MIR33B	CELF2
MIR33A	MIR33B	PALM2AKAP2
MIR33A	MIR33B	PRKAA1
MIR33A	MIR33B	USP32
MIR33A	MIR33B	TPM3
MIR33A	MIR33B	PIM1
MIR33A	MIR33B	SATB2
MIR33A	MIR33B	NFIX
MIR33A	MIR33B	VCPIP1
MIR33A	MIR33B	MRPS25
MIR33A	MIR33B	ANKRD44
MIR33A	MIR33B	ST3GAL2
MIR33A	MIR33B	CPEB2
MIR33A	MIR33B	SCN8A
MIR33A	MIR33B	RAP2A
MIR33A	MIR33B	CLPX
MIR33A	MIR33B	WDR47
MIR33A	MIR33B	ZFAND5
MIR33A	MIR33B	SIX4
MIR33A	MIR33B	ENC1
MIR33A	MIR33B	BACH2
MIR33A	MIR33B	CAND1
MIR33A	MIR33B	LIMCH1
MIR25	MIR363	WASL
MIR25	MIR363	RAB23
MIR25	MIR363	GPR180
MIR25	MIR363	TOB1
MIR25	MIR363	TULP4
MIR25	MIR363	CEP41
MIR25	MIR363	CPEB3
MIR25	MIR363	TMEM87A
MIR25	MIR363	UBE2W
MIR25	MIR363	DCAF6
MIR25	MIR363	NSMAF
MIR25	MIR363	CBLN4
MIR25	MIR363	PPCS
MIR25	MIR363	KLF2
MIR25	MIR363	TRIM67
MIR25	MIR363	HIPK3
MIR25	MIR363	UGP2
MIR25	MIR363	DUS2
MIR25	MIR363	TGIF1
MIR25	MIR363	ZEB2
MIR25	MIR363	CDCA7L
MIR25	MIR363	CASP2
MIR25	MIR363	RNF141
MIR25	MIR363	ADRB1
MIR25	MIR363	KLF4
MIR25	MIR363	DOCK9
MIR25	MIR363	FBXW7
MIR25	MIR363	PCMTD1
MIR25	MIR363	CLDN11
MIR25	MIR363	DDA1
MIR25	MIR363	C21orf91
MIR25	MIR363	ANKIB1
MIR25	MIR363	FNDC3B
MIR25	MIR363	PIKFYVE
MIR25	MIR363	PCDH11Y
MIR25	MIR363	ITGA6
MIR25	MIR363	CHST7
MIR25	MIR363	BTG2
MIR25	MIR363	PKDCC
MIR25	MIR363	CD69
MIR25	MIR363	TFDP2
MIR25	MIR363	ITPRID2
MIR25	MIR363	RBM47
MIR25	MIR363	CNEP1R1
MIR25	MIR363	MYCBP2
MIR25	MIR363	ERGIC2
MIR25	MIR363	ROBO2
MIR25	MIR363	SLC17A6
MIR25	MIR363	MTF1
MIR25	MIR363	NFIB
MIR25	MIR363	TENT4A
MIR25	MIR363	MORC3
MIR25	MIR363	ARRDC3
MIR25	MIR363	ANP32E
MIR25	MIR363	BCL2L11
MIR25	MIR363	PAX9
MIR25	MIR363	BSDC1
MIR25	MIR363	PCOLCE2
MIR25	MIR363	PRRT1
MIR25	MIR363	BCL11B
MIR25	MIR363	DUSP10
MIR25	MIR363	CIC
MIR25	MIR363	RIC1
MIR25	MIR363	EFR3A
MIR25	MIR363	RSBN1
MIR25	MIR363	APPL1
MIR25	MIR363	FAM126B
MIR25	MIR363	CD2AP
MIR25	MIR363	DNAJB12
MIR25	MIR363	FZD10
MIR25	MIR363	GOLGA4
MIR25	MIR363	MAP2K4
MIR25	MIR363	XPNPEP3
MIR25	MIR363	TCF7L2
MIR25	MIR363	DUSP5
MIR25	MIR363	B3GALT2
MIR25	MIR363	ACTC1
MIR25	MIR363	LHFPL2
MIR25	MIR363	PIK3R3
MIR25	MIR363	RAP1B
MIR25	MIR363	CDC27
MIR25	MIR363	LATS2
MIR25	MIR363	PTAR1
MIR25	MIR363	SLC12A5
MIR25	MIR363	SOX4
MIR25	MIR363	UBE2Z
MIR25	MIR363	JOSD1
MIR25	MIR363	RNF38
MIR25	MIR363	RNF4
MIR25	MIR363	FNIP1
MIR25	MIR363	FMR1
MIR25	MIR363	NFIA
MIR25	MIR363	SNX13
MIR25	MIR363	MYO1B
MIR25	MIR363	KIAA1109
MIR25	MIR363	USP28
MIR25	MIR363	DNAJB9
MIR25	MIR363	ADM
MIR25	MIR363	DKK3
MIR25	MIR363	YIPF4
MIR25	MIR363	ADAM10
MIR25	MIR363	PLEKHA1
MIR25	MIR363	PDZD2
MIR25	MIR363	CPEB4
MIR25	MIR363	NOVA1
MIR25	MIR363	NFIC
MIR25	MIR363	TMF1
MIR25	MIR363	MIA3
MIR25	MIR363	G3BP2
MIR25	MIR363	FAM135A
MIR25	MIR363	MAN2A1
MIR25	MIR363	TPM3
MIR25	MIR363	IDH1
MIR25	MIR363	FAR1
MIR25	MIR363	ITGAV
MIR25	MIR363	RGS17
MIR25	MIR363	ANKS1B
MIR25	MIR363	TEAD1
MIR25	MIR363	SLC25A32
MIR25	MIR363	KLHL14
MIR25	MIR363	GRAMD2B
MIR25	MIR363	RHPN2
MIR25	MIR363	PHLPP2
MIR25	MIR363	SGPP1
MIR25	MIR363	CPEB2
MIR25	MIR363	NSF
MIR25	MIR363	MARK1
MIR25	MIR363	ARMC1
MIR25	MIR363	FXR1
MIR25	MIR363	REV3L
MIR25	MIR363	BCAT2
MIR25	MIR363	NEFM
MIR25	MIR363	ZFC3H1
MIR25	MIR363	ATRX
MIR25	MIR367	WASL
MIR25	MIR367	RAB23
MIR25	MIR367	HIVEP1
MIR25	MIR367	GPR180
MIR25	MIR367	TOB1
MIR25	MIR367	TULP4
MIR25	MIR367	CEP41
MIR25	MIR367	CPEB3
MIR25	MIR367	UBE2W
MIR25	MIR367	DCAF6
MIR25	MIR367	CBLN4
MIR25	MIR367	PPCS
MIR25	MIR367	KLF2
MIR25	MIR367	HIPK3
MIR25	MIR367	UGP2
MIR25	MIR367	DUS2
MIR25	MIR367	PDE10A
MIR25	MIR367	TGIF1
MIR25	MIR367	ZEB2
MIR25	MIR367	CDCA7L
MIR25	MIR367	CNIH1
MIR25	MIR367	RNF141
MIR25	MIR367	KLF4
MIR25	MIR367	DOCK9
MIR25	MIR367	FBXW7
MIR25	MIR367	CLDN11
MIR25	MIR367	C21orf91
MIR25	MIR367	ANKIB1
MIR25	MIR367	FNDC3B
MIR25	MIR367	PIKFYVE
MIR25	MIR367	SESN3
MIR25	MIR367	PCDH11Y
MIR25	MIR367	ITGA6
MIR25	MIR367	CHST7
MIR25	MIR367	BTG2
MIR25	MIR367	PKDCC
MIR25	MIR367	CD69
MIR25	MIR367	ITPRID2
MIR25	MIR367	KIF5B
MIR25	MIR367	RBM47
MIR25	MIR367	CNEP1R1
MIR25	MIR367	MYCBP2
MIR25	MIR367	ERGIC2
MIR25	MIR367	SLC17A6
MIR25	MIR367	MTF1
MIR25	MIR367	NFIB
MIR25	MIR367	ARRDC3
MIR25	MIR367	MORC3
MIR25	MIR367	ANP32E
MIR25	MIR367	BCL2L11
MIR25	MIR367	PAX9
MIR25	MIR367	BSDC1
MIR25	MIR367	PCOLCE2
MIR25	MIR367	BCL11B
MIR25	MIR367	DUSP10
MIR25	MIR367	CIC
MIR25	MIR367	ITGA5
MIR25	MIR367	EFR3A
MIR25	MIR367	RIC1
MIR25	MIR367	RSBN1
MIR25	MIR367	SNAPC1
MIR25	MIR367	APPL1
MIR25	MIR367	FAM126B
MIR25	MIR367	CD2AP
MIR25	MIR367	GOLGA4
MIR25	MIR367	MAP2K4
MIR25	MIR367	SPRYD4
MIR25	MIR367	B3GALT2
MIR25	MIR367	ACTC1
MIR25	MIR367	LHFPL2
MIR25	MIR367	PIK3R3
MIR25	MIR367	RAP1B
MIR25	MIR367	PTAR1
MIR25	MIR367	SLC12A5
MIR25	MIR367	SOX4
MIR25	MIR367	FHL2
MIR25	MIR367	UBE2Z
MIR25	MIR367	JOSD1
MIR25	MIR367	RNF38
MIR25	MIR367	RNF4
MIR25	MIR367	FNIP1
MIR25	MIR367	FMR1
MIR25	MIR367	NFIA
MIR25	MIR367	MYO1B
MIR25	MIR367	KIAA1109
MIR25	MIR367	USP28
MIR25	MIR367	DNAJB9
MIR25	MIR367	ADAM10
MIR25	MIR367	PLEKHA1
MIR25	MIR367	PDZD2
MIR25	MIR367	CPEB4
MIR25	MIR367	NOVA1
MIR25	MIR367	TMF1
MIR25	MIR367	G3BP2
MIR25	MIR367	MIA3
MIR25	MIR367	MAN2A1
MIR25	MIR367	IDH1
MIR25	MIR367	TPM3
MIR25	MIR367	FAR1
MIR25	MIR367	ITGAV
MIR25	MIR367	TEAD1
MIR25	MIR367	SLC25A32
MIR25	MIR367	KLHL14
MIR25	MIR367	GRAMD2B
MIR25	MIR367	RHPN2
MIR25	MIR367	PHLPP2
MIR25	MIR367	SGPP1
MIR25	MIR367	CPEB2
MIR25	MIR367	MARK1
MIR25	MIR367	NEFM
MIR25	MIR367	ARMC1
MIR25	MIR367	FXR1
MIR25	MIR367	REV3L
MIR25	MIR367	BCAT2
MIR25	MIR367	DNAJC30
MIR25	MIR367	PTEN
MIR363	MIR367	WASL
MIR363	MIR367	RAB23
MIR363	MIR367	GPR180
MIR363	MIR367	TOB1
MIR363	MIR367	TULP4
MIR363	MIR367	CEP41
MIR363	MIR367	CPEB3
MIR363	MIR367	UBE2W
MIR363	MIR367	DCAF6
MIR363	MIR367	CBLN4
MIR363	MIR367	PPCS
MIR363	MIR367	KLF2
MIR363	MIR367	HIPK3
MIR363	MIR367	UGP2
MIR363	MIR367	DUS2
MIR363	MIR367	TGIF1
MIR363	MIR367	ZEB2
MIR363	MIR367	CDCA7L
MIR363	MIR367	FOXN2
MIR363	MIR367	RNF141
MIR363	MIR367	KLF4
MIR363	MIR367	DOCK9
MIR363	MIR367	TNRC6B
MIR363	MIR367	FBXW7
MIR363	MIR367	CLDN11
MIR363	MIR367	C21orf91
MIR363	MIR367	ANKIB1
MIR363	MIR367	FNDC3B
MIR363	MIR367	PIKFYVE
MIR363	MIR367	PCDH11Y
MIR363	MIR367	ITGA6
MIR363	MIR367	CHST7
MIR363	MIR367	BTG2
MIR363	MIR367	PKDCC
MIR363	MIR367	CD69
MIR363	MIR367	ITPRID2
MIR363	MIR367	GFPT2
MIR363	MIR367	DPY30
MIR363	MIR367	RBM47
MIR363	MIR367	CNEP1R1
MIR363	MIR367	MYCBP2
MIR363	MIR367	ERGIC2
MIR363	MIR367	SNN
MIR363	MIR367	PLEKHB2
MIR363	MIR367	SLC17A6
MIR363	MIR367	MTF1
MIR363	MIR367	NFIB
MIR363	MIR367	ARRDC3
MIR363	MIR367	MORC3
MIR363	MIR367	SRPRA
MIR363	MIR367	ANP32E
MIR363	MIR367	BCL2L11
MIR363	MIR367	PAX9
MIR363	MIR367	BSDC1
MIR363	MIR367	PCOLCE2
MIR363	MIR367	BCL11B
MIR363	MIR367	DUSP10
MIR363	MIR367	CIC
MIR363	MIR367	RIC1
MIR363	MIR367	EFR3A
MIR363	MIR367	RSBN1
MIR363	MIR367	APPL1
MIR363	MIR367	FAM126B
MIR363	MIR367	CD2AP
MIR363	MIR367	GOLGA4
MIR363	MIR367	MAP2K4
MIR363	MIR367	HERPUD2
MIR363	MIR367	B3GALT2
MIR363	MIR367	ACTC1
MIR363	MIR367	LHFPL2
MIR363	MIR367	PIK3R3
MIR363	MIR367	RAP1B
MIR363	MIR367	PTAR1
MIR363	MIR367	SLC12A5
MIR363	MIR367	SOX4
MIR363	MIR367	UBE2Z
MIR363	MIR367	JOSD1
MIR363	MIR367	RNF38
MIR363	MIR367	RNF4
MIR363	MIR367	FNIP1
MIR363	MIR367	FMR1
MIR363	MIR367	NFIA
MIR363	MIR367	MYO1B
MIR363	MIR367	KIAA1109
MIR363	MIR367	USP28
MIR363	MIR367	DNAJB9
MIR363	MIR367	NEFH
MIR363	MIR367	ADAM10
MIR363	MIR367	PLEKHA1
MIR363	MIR367	PDZD2
MIR363	MIR367	CPEB4
MIR363	MIR367	ATP2B1
MIR363	MIR367	NOVA1
MIR363	MIR367	TMF1
MIR363	MIR367	G3BP2
MIR363	MIR367	MIA3
MIR363	MIR367	MAN2A1
MIR363	MIR367	IDH1
MIR363	MIR367	TPM3
MIR363	MIR367	FAR1
MIR363	MIR367	ITGAV
MIR363	MIR367	TEAD1
MIR363	MIR367	SLC25A32
MIR363	MIR367	KLHL14
MIR363	MIR367	GRAMD2B
MIR363	MIR367	SGK3
MIR363	MIR367	RHPN2
MIR363	MIR367	PHLPP2
MIR363	MIR367	SGPP1
MIR363	MIR367	CPEB2
MIR363	MIR367	MARK1
MIR363	MIR367	ARMC1
MIR363	MIR367	FXR1
MIR363	MIR367	REV3L
MIR363	MIR367	BCAT2
MIR363	MIR367	NEFM
MIR363	MIR367	TEF
MIR365A	MIR365B	LIN52
MIR365A	MIR365B	VTA1
MIR365A	MIR365B	ECM2
MIR365A	MIR365B	BCLAF3
MIR365A	MIR365B	CYB561D1
MIR365A	MIR365B	COL11A1
MIR365A	MIR365B	PTCHD1
MIR365A	MIR365B	ETV1
MIR365A	MIR365B	UBE2W
MIR365A	MIR365B	PCNP
MIR365A	MIR365B	KCNJ3
MIR365A	MIR365B	TAOK3
MIR365A	MIR365B	LMAN1
MIR365A	MIR365B	PHC2
MIR365A	MIR365B	ARRB2
MIR365A	MIR365B	ADD1
MIR365A	MIR365B	ENTPD7
MIR365A	MIR365B	FAM53C
MIR365A	MIR365B	KLHL21
MIR365A	MIR365B	ZCCHC14
MIR365A	MIR365B	UBR3
MIR365A	MIR365B	CREBRF
MIR365A	MIR365B	NR3C2
MIR365A	MIR365B	OAZ2
MIR365A	MIR365B	NCOA2
MIR365A	MIR365B	U2SURP
MIR365A	MIR365B	TIAM2
MIR365A	MIR365B	RAPGEF4
MIR365A	MIR365B	NABP1
MIR365A	MIR365B	GRPEL2
MIR365A	MIR365B	ANKRD11
MIR365A	MIR365B	SENP2
MIR365A	MIR365B	COG6
MIR365A	MIR365B	NR4A2
MIR365A	MIR365B	ATP2C1
MIR365A	MIR365B	GRAMD1C
MIR365A	MIR365B	ANKRD17
MIR365A	MIR365B	FUT4
MIR365A	MIR365B	KCNJ2
MIR365A	MIR365B	BEST3
MIR365A	MIR365B	ZSWIM4
MIR365A	MIR365B	WDR37
MIR365A	MIR365B	C18orf25
MIR365A	MIR365B	SKP1
MIR365A	MIR365B	USP48
MIR365A	MIR365B	SET
MIR365A	MIR365B	ODF2
MIR365A	MIR365B	DLX3
MIR365A	MIR365B	TNRC6B
MIR365A	MIR365B	PRKCI
MIR365A	MIR365B	TANC1
MIR365A	MIR365B	EIF1
MIR365A	MIR365B	PRPF40A
MIR365A	MIR365B	ADPRH
MIR365A	MIR365B	HOXA9
MIR365A	MIR365B	SGK1
MIR365A	MIR365B	VAMP2
MIR365A	MIR365B	PRDM1
MIR365A	MIR365B	FTO
MIR365A	MIR365B	YTHDF2
MIR365A	MIR365B	GAB2
MIR365A	MIR365B	TBK1
MIR365A	MIR365B	LDHA
MIR365A	MIR365B	BTG2
MIR365A	MIR365B	ILRUN
MIR365A	MIR365B	BLNK
MIR365A	MIR365B	SIAH3
MIR365A	MIR365B	GOLT1B
MIR365A	MIR365B	GRM7
MIR365A	MIR365B	LYSMD3
MIR365A	MIR365B	DTNA
MIR365A	MIR365B	FZD3
MIR365A	MIR365B	KIAA2026
MIR365A	MIR365B	MAPT
MIR365A	MIR365B	SPCS2
MIR365A	MIR365B	KCNQ1
MIR365A	MIR365B	KMT2E
MIR365A	MIR365B	IVNS1ABP
MIR365A	MIR365B	MXRA8
MIR365A	MIR365B	ZNF24
MIR365A	MIR365B	SNRPA
MIR365A	MIR365B	SOCS5
MIR365A	MIR365B	PLEKHB2
MIR365A	MIR365B	RNF19A
MIR365A	MIR365B	PRKAR2A
MIR365A	MIR365B	PRLR
MIR365A	MIR365B	CLSTN2
MIR365A	MIR365B	RUFY4
MIR365A	MIR365B	KDM5A
MIR365A	MIR365B	ACVR1
MIR365A	MIR365B	INF2
MIR365A	MIR365B	NFIB
MIR365A	MIR365B	LAMP2
MIR365A	MIR365B	ARRDC3
MIR365A	MIR365B	SESTD1
MIR365A	MIR365B	COL4A6
MIR365A	MIR365B	E2F2
MIR365A	MIR365B	EPOR
MIR365A	MIR365B	UBP1
MIR365A	MIR365B	SINHCAF
MIR365A	MIR365B	DENND11
MIR365A	MIR365B	HMGA2
MIR365A	MIR365B	TLL2
MIR365A	MIR365B	POC1B-GALNT4
MIR365A	MIR365B	SYT2
MIR365A	MIR365B	TRHDE
MIR365A	MIR365B	HELZ
MIR365A	MIR365B	ADD3
MIR365A	MIR365B	VANGL1
MIR365A	MIR365B	PPARGC1B
MIR365A	MIR365B	DNMBP
MIR365A	MIR365B	RHEB
MIR365A	MIR365B	NUFIP2
MIR365A	MIR365B	SNX12
MIR365A	MIR365B	NUDT12
MIR365A	MIR365B	SERPINH1
MIR365A	MIR365B	MEX3A
MIR365A	MIR365B	CREB5
MIR365A	MIR365B	TMOD3
MIR365A	MIR365B	KLHL28
MIR365A	MIR365B	FAM91A1
MIR365A	MIR365B	CPA3
MIR365A	MIR365B	JADE2
MIR365A	MIR365B	PACS2
MIR365A	MIR365B	CCND2
MIR365A	MIR365B	AMMECR1
MIR365A	MIR365B	CCDC47
MIR365A	MIR365B	PIK3R3
MIR365A	MIR365B	SLC24A3
MIR365A	MIR365B	MYLK
MIR365A	MIR365B	AKT3
MIR365A	MIR365B	PAX6
MIR365A	MIR365B	TFDP1
MIR365A	MIR365B	RELCH
MIR365A	MIR365B	EHF
MIR365A	MIR365B	HMGCS1
MIR365A	MIR365B	SGTB
MIR365A	MIR365B	ZNF644
MIR365A	MIR365B	UBN2
MIR365A	MIR365B	DCP2
MIR365A	MIR365B	ANKRD28
MIR365A	MIR365B	ESRRA
MIR365A	MIR365B	PCLO
MIR365A	MIR365B	ZDHHC3
MIR365A	MIR365B	ARNTL
MIR365A	MIR365B	EPAS1
MIR365A	MIR365B	PRX
MIR365A	MIR365B	ZFP36L1
MIR365A	MIR365B	SEC23IP
MIR365A	MIR365B	GASK1B
MIR365A	MIR365B	TRIM25
MIR365A	MIR365B	CACNA1B
MIR365A	MIR365B	ZNF148
MIR365A	MIR365B	BOLL
MIR365A	MIR365B	ALMS1
MIR365A	MIR365B	NKX2-1
MIR365A	MIR365B	LIN7C
MIR365A	MIR365B	YWHAH
MIR365A	MIR365B	EYA3
MIR365A	MIR365B	RARG
MIR365A	MIR365B	IQCK
MIR365A	MIR365B	ASB6
MIR365A	MIR365B	C6orf89
MIR365A	MIR365B	KLF3
MIR365A	MIR365B	ADM
MIR365A	MIR365B	PPP1R18
MIR365A	MIR365B	ANK3
MIR365A	MIR365B	DCUN1D5
MIR365A	MIR365B	MCOLN2
MIR365A	MIR365B	SRGAP1
MIR365A	MIR365B	GALNT4
MIR365A	MIR365B	SMAD2
MIR365A	MIR365B	CELF2
MIR365A	MIR365B	DLAT
MIR365A	MIR365B	GATA3
MIR365A	MIR365B	SLC30A9
MIR365A	MIR365B	SNRK
MIR365A	MIR365B	SENP1
MIR365A	MIR365B	MAPK1IP1L
MIR365A	MIR365B	CDC23
MIR365A	MIR365B	POGZ
MIR365A	MIR365B	NR1D2
MIR365A	MIR365B	USP33
MIR365A	MIR365B	ACTB
MIR365A	MIR365B	CSK
MIR365A	MIR365B	PLPPR4
MIR365A	MIR365B	SATB2
MIR365A	MIR365B	ZFP91
MIR365A	MIR365B	EFEMP1
MIR365A	MIR365B	LPAR5
MIR365A	MIR365B	MYLIP
MIR365A	MIR365B	SGK3
MIR365A	MIR365B	HNRNPC
MIR365A	MIR365B	RICTOR
MIR365A	MIR365B	SYNJ1
MIR365A	MIR365B	RBMXL1
MIR365A	MIR365B	RAB1B
MIR365A	MIR365B	RPL22
MIR365A	MIR365B	REV3L
MIR365A	MIR365B	DCAF8
MIR365A	MIR365B	UBXN7
MIR365A	MIR365B	SIX4
MIR365A	MIR365B	BACH2
MIR365A	MIR365B	MBP
MIR365A	MIR365B	COL7A1
MIR365A	MIR365B	ARID3B
MIR365A	MIR365B	CHP1
MIR365A	MIR365B	C8orf44-SGK3
MIR365A	MIR365B	ANKRD33B
MIR365A	MIR365B	NWD2
MIR365A	MIR365B	HHIP
MIR551A	MIR551B	LSS
MIR551A	MIR551B	ADGRL1
MIR551A	MIR551B	ODC1
MIR551A	MIR551B	MAP3K21
MIR551A	MIR551B	TCHH
MIR551A	MIR551B	RDM1
MIR551A	MIR551B	LEFTY1
MIR551A	MIR551B	MRS2
MIR551A	MIR551B	BNC2
MIR551A	MIR551B	PGAM5
MIR551A	MIR551B	MYO1E
MIR551A	MIR551B	HEYL
MIR551A	MIR551B	CANT1
MIR551A	MIR551B	CASP2
MIR551A	MIR551B	GUCY1A2
MIR551A	MIR551B	ZNF562
MIR551A	MIR551B	ALDH2
MIR551A	MIR551B	EMC1
MIR551A	MIR551B	ATXN7
MIR551A	MIR551B	ZNF280C
MIR551A	MIR551B	CRB2
MIR551A	MIR551B	OTOR
MIR551A	MIR551B	TLCD5
MIR551A	MIR551B	NDEL1
MIR551A	MIR551B	ATG16L2
MIR551A	MIR551B	GLRA2
MIR551A	MIR551B	ITSN1
MIR551A	MIR551B	CTIF
MIR551A	MIR551B	GALNT7
MIR551A	MIR551B	NSD2
MIR551A	MIR551B	PJA1
MIR551A	MIR551B	NFIB
MIR551A	MIR551B	CHTOP
MIR551A	MIR551B	TRPM7
MIR551A	MIR551B	NEO1
MIR551A	MIR551B	ANGPTL4
MIR551A	MIR551B	TRIM31
MIR551A	MIR551B	SLC25A41
MIR551A	MIR551B	SLAIN1
MIR551A	MIR551B	HOXB9
MIR551A	MIR551B	SMARCA2
MIR551A	MIR551B	ACE
MIR551A	MIR551B	TMEM255A
MIR551A	MIR551B	ZFP36
MIR551A	MIR551B	IER3
MIR551A	MIR551B	NTRK2
MIR551A	MIR551B	HOXA7
MIR551A	MIR551B	PLEKHA5
MIR551A	MIR551B	PARD6G
MIR551A	MIR551B	CEMIP2
MIR551A	MIR551B	CNKSR3
MIR551A	MIR551B	MEF2C
MIR551A	MIR551B	GALNTL6
MIR551A	MIR551B	TIMELESS
MIR551A	MIR551B	ZNF483
MIR551A	MIR551B	ZNF35
MIR551A	MIR551B	ERBB4
MIR551A	MIR551B	LMO7
MIR551A	MIR551B	FGFRL1
MIR551A	MIR551B	ZNF707
MIR551A	MIR551B	REXO1
MIR551A	MIR551B	PDE4D
MIR551A	MIR551B	PDE4DIP
MIR551A	MIR551B	CHST11
MIR551A	MIR551B	JADE1
MIR551A	MIR551B	WDFY4
MIR551A	MIR551B	PTK2
MIR551A	MIR551B	PARP8
MIR551A	MIR551B	CDK17
MIR551A	MIR551B	TRMT61A
MIR551A	MIR551B	SMPD4
MIR551A	MIR551B	SMYD4
MIR551A	MIR551B	SRGAP1
MIR551A	MIR551B	IL11
MIR551A	MIR551B	FAM168B
MIR551A	MIR551B	ZMAT3
MIR551A	MIR551B	KIF13B
MIR551A	MIR551B	RNF168
MIR551A	MIR551B	RP11-644F5.10
MIR551A	MIR551B	KIFAP3
MIR551A	MIR551B	BPNT2
MIR551A	MIR551B	TMED3
MIR551A	MIR551B	TBC1D1
MIR7-1	MIR7-3	PSME3
MIR7-1	MIR7-3	USF3
MIR7-1	MIR7-3	SLC38A4
MIR7-1	MIR7-3	LEMD3
MIR7-1	MIR7-3	ANKFY1
MIR7-1	MIR7-3	ARL6IP1
MIR7-1	MIR7-3	POLE4
MIR7-1	MIR7-3	ASXL1
MIR7-1	MIR7-3	RGS7BP
MIR7-1	MIR7-3	TBC1D12
MIR7-1	MIR7-3	AGO1
MIR7-1	MIR7-3	ZFX
MIR7-1	MIR7-3	SPTY2D1
MIR7-1	MIR7-3	CAPZA1
MIR7-1	MIR7-3	ADCY9
MIR7-1	MIR7-3	FAM53C
MIR7-1	MIR7-3	CSMD3
MIR7-1	MIR7-3	SMYD5
MIR7-1	MIR7-3	CCSER2
MIR7-1	MIR7-3	KIF16B
MIR7-1	MIR7-3	U2SURP
MIR7-1	MIR7-3	PLAG1
MIR7-1	MIR7-3	CACNB4
MIR7-1	MIR7-3	PBX3
MIR7-1	MIR7-3	CNOT8
MIR7-1	MIR7-3	KCNJ2
MIR7-1	MIR7-3	RBMS3
MIR7-1	MIR7-3	IGLON5
MIR7-1	MIR7-3	RNF141
MIR7-1	MIR7-3	CKAP4
MIR7-1	MIR7-3	KLF4
MIR7-1	MIR7-3	RNF20
MIR7-1	MIR7-3	PAN2
MIR7-1	MIR7-3	ACSL4
MIR7-1	MIR7-3	KPNA1
MIR7-1	MIR7-3	GLI3
MIR7-1	MIR7-3	ATXN7
MIR7-1	MIR7-3	OGT
MIR7-1	MIR7-3	MEGF9
MIR7-1	MIR7-3	GRIN2A
MIR7-1	MIR7-3	OXR1
MIR7-1	MIR7-3	SPATA2
MIR7-1	MIR7-3	FAM131B
MIR7-1	MIR7-3	GJD3
MIR7-1	MIR7-3	CGGBP1
MIR7-1	MIR7-3	SLC16A7
MIR7-1	MIR7-3	VPS26A
MIR7-1	MIR7-3	PIGH
MIR7-1	MIR7-3	PIK3CD
MIR7-1	MIR7-3	IRS2
MIR7-1	MIR7-3	SHANK2
MIR7-1	MIR7-3	FLRT2
MIR7-1	MIR7-3	SLC38A2
MIR7-1	MIR7-3	PPIF
MIR7-1	MIR7-3	C5orf22
MIR7-1	MIR7-3	CALU
MIR7-1	MIR7-3	HMG20A
MIR7-1	MIR7-3	KBTBD2
MIR7-1	MIR7-3	EIF4E
MIR7-1	MIR7-3	CNPPD1
MIR7-1	MIR7-3	EED
MIR7-1	MIR7-3	PAK2
MIR7-1	MIR7-3	PFN2
MIR7-1	MIR7-3	LRRC59
MIR7-1	MIR7-3	PARP1
MIR7-1	MIR7-3	LRRC1
MIR7-1	MIR7-3	BRWD1
MIR7-1	MIR7-3	IPO11
MIR7-1	MIR7-3	TCF12
MIR7-1	MIR7-3	SH3GLB1
MIR7-1	MIR7-3	GALNT3
MIR7-1	MIR7-3	RRAS2
MIR7-1	MIR7-3	SEMA6D
MIR7-1	MIR7-3	NR1H2
MIR7-1	MIR7-3	ZNF609
MIR7-1	MIR7-3	CLASP2
MIR7-1	MIR7-3	RSBN1
MIR7-1	MIR7-3	FAM126B
MIR7-1	MIR7-3	TFRC
MIR7-1	MIR7-3	EGFR
MIR7-1	MIR7-3	CUL5
MIR7-1	MIR7-3	DDIT4
MIR7-1	MIR7-3	SP1
MIR7-1	MIR7-3	SUSD6
MIR7-1	MIR7-3	NREP
MIR7-1	MIR7-3	NECAB1
MIR7-1	MIR7-3	SMG1
MIR7-1	MIR7-3	ZNF395
MIR7-1	MIR7-3	GAL3ST3
MIR7-1	MIR7-3	RAF1
MIR7-1	MIR7-3	RB1
MIR7-1	MIR7-3	NDFIP2
MIR7-1	MIR7-3	IRS1
MIR7-1	MIR7-3	HERPUD2
MIR7-1	MIR7-3	TCF7L2
MIR7-1	MIR7-3	EXOSC2
MIR7-1	MIR7-3	ZBTB22
MIR7-1	MIR7-3	AMBRA1
MIR7-1	MIR7-3	ANKRD12
MIR7-1	MIR7-3	ACTC1
MIR7-1	MIR7-3	BLOC1S4
MIR7-1	MIR7-3	RNF144A
MIR7-1	MIR7-3	ATXN1
MIR7-1	MIR7-3	SNCA
MIR7-1	MIR7-3	OSBPL11
MIR7-1	MIR7-3	HCN1
MIR7-1	MIR7-3	PAX6
MIR7-1	MIR7-3	PTAR1
MIR7-1	MIR7-3	SATB1
MIR7-1	MIR7-3	IPO7
MIR7-1	MIR7-3	MAPK4
MIR7-1	MIR7-3	PLP2
MIR7-1	MIR7-3	VDAC1
MIR7-1	MIR7-3	RBMS1
MIR7-1	MIR7-3	PDE4D
MIR7-1	MIR7-3	PDXDC1
MIR7-1	MIR7-3	SERP1
MIR7-1	MIR7-3	RAB5IF
MIR7-1	MIR7-3	TAB2
MIR7-1	MIR7-3	RPS6KB1
MIR7-1	MIR7-3	JADE1
MIR7-1	MIR7-3	MAPKAP1
MIR7-1	MIR7-3	KMT5A
MIR7-1	MIR7-3	KLF12
MIR7-1	MIR7-3	PHF21A
MIR7-1	MIR7-3	ABI2
MIR7-1	MIR7-3	DPYSL2
MIR7-1	MIR7-3	WASF3
MIR7-1	MIR7-3	ZNF148
MIR7-1	MIR7-3	SMNDC1
MIR7-1	MIR7-3	ZC3H4
MIR7-1	MIR7-3	SMARCD1
MIR7-1	MIR7-3	SQSTM1
MIR7-1	MIR7-3	ARID4A
MIR7-1	MIR7-3	SLC4A4
MIR7-1	MIR7-3	FOXN3
MIR7-1	MIR7-3	ADGRL2
MIR7-1	MIR7-3	STRN3
MIR7-1	MIR7-3	IDS
MIR7-1	MIR7-3	PCGF5
MIR7-1	MIR7-3	WIPF2
MIR7-1	MIR7-3	UBXN2B
MIR7-1	MIR7-3	XPO7
MIR7-1	MIR7-3	ARF4
MIR7-1	MIR7-3	NXT2
MIR7-1	MIR7-3	CCNT2
MIR7-1	MIR7-3	FAM168B
MIR7-1	MIR7-3	NDUFA4
MIR7-1	MIR7-3	PDE4A
MIR7-1	MIR7-3	G3BP2
MIR7-1	MIR7-3	CHAMP1
MIR7-1	MIR7-3	BICRA
MIR7-1	MIR7-3	MKNK1
MIR7-1	MIR7-3	NR4A3
MIR7-1	MIR7-3	C1orf21
MIR7-1	MIR7-3	ARID2
MIR7-1	MIR7-3	MAFG
MIR7-1	MIR7-3	CCDC43
MIR7-1	MIR7-3	KDM3B
MIR7-1	MIR7-3	TRMT13
MIR7-1	MIR7-3	PATL1
MIR7-1	MIR7-3	RYK
MIR7-1	MIR7-3	PPP4R1
MIR7-1	MIR7-3	ATP2B4
MIR7-1	MIR7-3	CCT4
MIR7-1	MIR7-3	LUC7L2
MIR7-1	MIR7-3	ESRRG
MIR7-1	MIR7-3	IDE
MIR7-1	MIR7-3	MOB1B
MIR7-1	MIR7-3	SEMA4C
MIR7-1	MIR7-3	SLC6A9
MIR7-1	MIR7-3	SOX6
MIR7-1	MIR7-3	CNN3
MIR7-1	MIR7-3	WDR47
MIR7-1	MIR7-3	PRKCB
MIR7-1	MIR7-3	PDE4B
MIR7-1	MIR7-3	FNDC4
MIR7-1	MIR7-3	UBLCP1
MIR7-1	MIR7-3	TRIM33
MIR7-1	MIR7-3	TNRC6A
MIR7-1	MIR7-2	PSME3
MIR7-1	MIR7-2	USF3
MIR7-1	MIR7-2	SLC38A4
MIR7-1	MIR7-2	PAFAH1B1
MIR7-1	MIR7-2	LEMD3
MIR7-1	MIR7-2	RBM25
MIR7-1	MIR7-2	ANKFY1
MIR7-1	MIR7-2	GPR180
MIR7-1	MIR7-2	BCL11A
MIR7-1	MIR7-2	ARL6IP1
MIR7-1	MIR7-2	POLE4
MIR7-1	MIR7-2	ASXL1
MIR7-1	MIR7-2	RGS7BP
MIR7-1	MIR7-2	TBC1D12
MIR7-1	MIR7-2	AGO1
MIR7-1	MIR7-2	UBE2W
MIR7-1	MIR7-2	ZFX
MIR7-1	MIR7-2	DDX3X
MIR7-1	MIR7-2	SPTY2D1
MIR7-1	MIR7-2	VEGFA
MIR7-1	MIR7-2	CAPZA1
MIR7-1	MIR7-2	ADCY9
MIR7-1	MIR7-2	GMFB
MIR7-1	MIR7-2	NHSL1
MIR7-1	MIR7-2	FAM53C
MIR7-1	MIR7-2	CSMD3
MIR7-1	MIR7-2	PPM1A
MIR7-1	MIR7-2	NAA30
MIR7-1	MIR7-2	SMYD5
MIR7-1	MIR7-2	CCSER2
MIR7-1	MIR7-2	CDC73
MIR7-1	MIR7-2	U2SURP
MIR7-1	MIR7-2	PLAG1
MIR7-1	MIR7-2	KIF16B
MIR7-1	MIR7-2	ASF1A
MIR7-1	MIR7-2	THSD7A
MIR7-1	MIR7-2	CACNB4
MIR7-1	MIR7-2	RPGRIP1L
MIR7-1	MIR7-2	DCAF7
MIR7-1	MIR7-2	PBX3
MIR7-1	MIR7-2	CNOT8
MIR7-1	MIR7-2	GK5
MIR7-1	MIR7-2	KCNJ2
MIR7-1	MIR7-2	RBMS3
MIR7-1	MIR7-2	NAP1L1
MIR7-1	MIR7-2	FOXN2
MIR7-1	MIR7-2	IGLON5
MIR7-1	MIR7-2	RNF141
MIR7-1	MIR7-2	CKAP4
MIR7-1	MIR7-2	KLF4
MIR7-1	MIR7-2	RNF20
MIR7-1	MIR7-2	TM9SF3
MIR7-1	MIR7-2	PAN2
MIR7-1	MIR7-2	RAB10
MIR7-1	MIR7-2	ACSL4
MIR7-1	MIR7-2	KPNA1
MIR7-1	MIR7-2	PPP3R1
MIR7-1	MIR7-2	ANKRD13C
MIR7-1	MIR7-2	GLI3
MIR7-1	MIR7-2	OGT
MIR7-1	MIR7-2	ATXN7
MIR7-1	MIR7-2	MEGF9
MIR7-1	MIR7-2	GOLGA7
MIR7-1	MIR7-2	OXR1
MIR7-1	MIR7-2	SPATA2
MIR7-1	MIR7-2	APC
MIR7-1	MIR7-2	GRIN2A
MIR7-1	MIR7-2	CNOT7
MIR7-1	MIR7-2	FAM131B
MIR7-1	MIR7-2	OTUD6B
MIR7-1	MIR7-2	MAP3K2
MIR7-1	MIR7-2	RIMKLB
MIR7-1	MIR7-2	RFX7
MIR7-1	MIR7-2	GJD3
MIR7-1	MIR7-2	SLC16A7
MIR7-1	MIR7-2	CGGBP1
MIR7-1	MIR7-2	CTDSPL2
MIR7-1	MIR7-2	EIF1AX
MIR7-1	MIR7-2	STXBP5
MIR7-1	MIR7-2	VPS26A
MIR7-1	MIR7-2	FBXO30
MIR7-1	MIR7-2	CYP26B1
MIR7-1	MIR7-2	CAMSAP2
MIR7-1	MIR7-2	PIGH
MIR7-1	MIR7-2	PIK3CD
MIR7-1	MIR7-2	IRS2
MIR7-1	MIR7-2	AQP4
MIR7-1	MIR7-2	EEF1E1
MIR7-1	MIR7-2	MED12L
MIR7-1	MIR7-2	SCAF8
MIR7-1	MIR7-2	SHANK2
MIR7-1	MIR7-2	FLRT2
MIR7-1	MIR7-2	SLC38A2
MIR7-1	MIR7-2	PPIF
MIR7-1	MIR7-2	CALU
MIR7-1	MIR7-2	HMG20A
MIR7-1	MIR7-2	AZIN1
MIR7-1	MIR7-2	C5orf22
MIR7-1	MIR7-2	UBE2V2
MIR7-1	MIR7-2	EEA1
MIR7-1	MIR7-2	KBTBD2
MIR7-1	MIR7-2	EIF4E
MIR7-1	MIR7-2	CNPPD1
MIR7-1	MIR7-2	EED
MIR7-1	MIR7-2	PAK2
MIR7-1	MIR7-2	GALNT1
MIR7-1	MIR7-2	PFN2
MIR7-1	MIR7-2	LRRC59
MIR7-1	MIR7-2	PARP1
MIR7-1	MIR7-2	IPMK
MIR7-1	MIR7-2	LRRC1
MIR7-1	MIR7-2	BRWD1
MIR7-1	MIR7-2	IPO11
MIR7-1	MIR7-2	NMT2
MIR7-1	MIR7-2	TCF12
MIR7-1	MIR7-2	SH3GLB1
MIR7-1	MIR7-2	ARID4B
MIR7-1	MIR7-2	RRAS2
MIR7-1	MIR7-2	C5orf47
MIR7-1	MIR7-2	SEMA6D
MIR7-1	MIR7-2	NUP58
MIR7-1	MIR7-2	GALNT3
MIR7-1	MIR7-2	PTGFRN
MIR7-1	MIR7-2	NR1H2
MIR7-1	MIR7-2	MIPOL1
MIR7-1	MIR7-2	CLASP2
MIR7-1	MIR7-2	USP37
MIR7-1	MIR7-2	ZNF609
MIR7-1	MIR7-2	UBE2E1
MIR7-1	MIR7-2	CHN2
MIR7-1	MIR7-2	RSBN1
MIR7-1	MIR7-2	BRWD3
MIR7-1	MIR7-2	TENT4B
MIR7-1	MIR7-2	FAM126B
MIR7-1	MIR7-2	TFRC
MIR7-1	MIR7-2	VPS41
MIR7-1	MIR7-2	EGFR
MIR7-1	MIR7-2	CUL5
MIR7-1	MIR7-2	DDIT4
MIR7-1	MIR7-2	SP1
MIR7-1	MIR7-2	PDE5A
MIR7-1	MIR7-2	SYT14
MIR7-1	MIR7-2	SUSD6
MIR7-1	MIR7-2	NREP
MIR7-1	MIR7-2	ZNF395
MIR7-1	MIR7-2	NECAB1
MIR7-1	MIR7-2	SMG1
MIR7-1	MIR7-2	GAL3ST3
MIR7-1	MIR7-2	RAF1
MIR7-1	MIR7-2	MTDH
MIR7-1	MIR7-2	RB1
MIR7-1	MIR7-2	NDFIP2
MIR7-1	MIR7-2	SEL1L
MIR7-1	MIR7-2	IRS1
MIR7-1	MIR7-2	TOMM70
MIR7-1	MIR7-2	HERPUD2
MIR7-1	MIR7-2	TCF7L2
MIR7-1	MIR7-2	EXOSC2
MIR7-1	MIR7-2	PDS5B
MIR7-1	MIR7-2	ZBTB22
MIR7-1	MIR7-2	SRRM1
MIR7-1	MIR7-2	AMBRA1
MIR7-1	MIR7-2	BLOC1S4
MIR7-1	MIR7-2	ACTC1
MIR7-1	MIR7-2	ANKRD12
MIR7-1	MIR7-2	G3BP1
MIR7-1	MIR7-2	RNF144A
MIR7-1	MIR7-2	ATXN1
MIR7-1	MIR7-2	SNCA
MIR7-1	MIR7-2	OSBPL11
MIR7-1	MIR7-2	CDC27
MIR7-1	MIR7-2	HCN1
MIR7-1	MIR7-2	PAX6
MIR7-1	MIR7-2	PTAR1
MIR7-1	MIR7-2	SLITRK4
MIR7-1	MIR7-2	PCDH9
MIR7-1	MIR7-2	SATB1
MIR7-1	MIR7-2	IPO7
MIR7-1	MIR7-2	SPIN4
MIR7-1	MIR7-2	ARHGAP5
MIR7-1	MIR7-2	OPCML
MIR7-1	MIR7-2	MAPK4
MIR7-1	MIR7-2	VDAC1
MIR7-1	MIR7-2	PLP2
MIR7-1	MIR7-2	RBMS1
MIR7-1	MIR7-2	PDXDC1
MIR7-1	MIR7-2	PDE4D
MIR7-1	MIR7-2	CEP170
MIR7-1	MIR7-2	SERP1
MIR7-1	MIR7-2	DICER1
MIR7-1	MIR7-2	TOR1AIP2
MIR7-1	MIR7-2	ZMYND11
MIR7-1	MIR7-2	BTF3L4
MIR7-1	MIR7-2	UBLCP1
MIR7-1	MIR7-2	C2orf69
MIR7-1	MIR7-2	RAB5IF
MIR7-1	MIR7-2	TAB2
MIR7-1	MIR7-2	ATL2
MIR7-1	MIR7-2	RPS6KB1
MIR7-1	MIR7-2	STAU2
MIR7-1	MIR7-2	JADE1
MIR7-1	MIR7-2	MAPKAP1
MIR7-1	MIR7-2	MYEF2
MIR7-1	MIR7-2	KMT5A
MIR7-1	MIR7-2	KLF12
MIR7-1	MIR7-2	PRTG
MIR7-1	MIR7-2	ABI2
MIR7-1	MIR7-2	DPYSL2
MIR7-1	MIR7-2	PHF21A
MIR7-1	MIR7-2	WASF3
MIR7-1	MIR7-2	ZNF148
MIR7-1	MIR7-2	CAPRIN1
MIR7-1	MIR7-2	CTBP2
MIR7-1	MIR7-2	FGFR1OP2
MIR7-1	MIR7-2	SOX11
MIR7-1	MIR7-2	ZC3H4
MIR7-1	MIR7-2	SMARCD1
MIR7-1	MIR7-2	SQSTM1
MIR7-1	MIR7-2	ARID4A
MIR7-1	MIR7-2	SLC4A4
MIR7-1	MIR7-2	FOXN3
MIR7-1	MIR7-2	ADGRL2
MIR7-1	MIR7-2	CDK17
MIR7-1	MIR7-2	CCNG2
MIR7-1	MIR7-2	ANK3
MIR7-1	MIR7-2	EPB41L4B
MIR7-1	MIR7-2	PCGF5
MIR7-1	MIR7-2	STRN3
MIR7-1	MIR7-2	IDS
MIR7-1	MIR7-2	SETD2
MIR7-1	MIR7-2	WIPF2
MIR7-1	MIR7-2	GLCE
MIR7-1	MIR7-2	UBXN2B
MIR7-1	MIR7-2	XPO7
MIR7-1	MIR7-2	FRMD6
MIR7-1	MIR7-2	ARF4
MIR7-1	MIR7-2	CPEB4
MIR7-1	MIR7-2	NXT2
MIR7-1	MIR7-2	HNRNPR
MIR7-1	MIR7-2	NOVA1
MIR7-1	MIR7-2	CCNT2
MIR7-1	MIR7-2	FAM168B
MIR7-1	MIR7-2	NDUFA4
MIR7-1	MIR7-2	POLR3G
MIR7-1	MIR7-2	PDE4A
MIR7-1	MIR7-2	SMAD5
MIR7-1	MIR7-2	G3BP2
MIR7-1	MIR7-2	CHAMP1
MIR7-1	MIR7-2	BICRA
MIR7-1	MIR7-2	TENT5A
MIR7-1	MIR7-2	MKNK1
MIR7-1	MIR7-2	NR4A3
MIR7-1	MIR7-2	C1orf21
MIR7-1	MIR7-2	MAPK1IP1L
MIR7-1	MIR7-2	ARID2
MIR7-1	MIR7-2	BICRAL
MIR7-1	MIR7-2	MAFG
MIR7-1	MIR7-2	BAZ1A
MIR7-1	MIR7-2	CCDC43
MIR7-1	MIR7-2	KDM3B
MIR7-1	MIR7-2	NPAS3
MIR7-1	MIR7-2	TRMT13
MIR7-1	MIR7-2	PATL1
MIR7-1	MIR7-2	RYK
MIR7-1	MIR7-2	BZW1
MIR7-1	MIR7-2	PTP4A1
MIR7-1	MIR7-2	RREB1
MIR7-1	MIR7-2	PPP4R1
MIR7-1	MIR7-2	ATP2B4
MIR7-1	MIR7-2	CCT4
MIR7-1	MIR7-2	VGLL4
MIR7-1	MIR7-2	SIAH1
MIR7-1	MIR7-2	CPEB2
MIR7-1	MIR7-2	LUC7L2
MIR7-1	MIR7-2	ZFHX4
MIR7-1	MIR7-2	LRP12
MIR7-1	MIR7-2	TARDBP
MIR7-1	MIR7-2	ESRRG
MIR7-1	MIR7-2	IDE
MIR7-1	MIR7-2	MOB1B
MIR7-1	MIR7-2	SEMA4C
MIR7-1	MIR7-2	ZBTB38
MIR7-1	MIR7-2	SOX6
MIR7-1	MIR7-2	SLC6A9
MIR7-1	MIR7-2	TRIM33
MIR7-1	MIR7-2	CNN3
MIR7-1	MIR7-2	MIER3
MIR7-1	MIR7-2	THEMIS
MIR7-1	MIR7-2	WDR47
MIR7-1	MIR7-2	PRKCB
MIR7-1	MIR7-2	CCN2
MIR7-1	MIR7-2	PDE4B
MIR7-1	MIR7-2	KHDRBS2
MIR7-1	MIR7-2	FNDC4
MIR7-1	MIR7-2	SMNDC1
MIR7-1	MIR7-2	ZFHX3
MIR7-1	MIR7-2	VGLL3
MIR7-1	MIR7-2	TNRC6A
MIR7-3	MIR7-2	PSME3
MIR7-3	MIR7-2	USF3
MIR7-3	MIR7-2	SLC38A4
MIR7-3	MIR7-2	LEMD3
MIR7-3	MIR7-2	ANKFY1
MIR7-3	MIR7-2	ARL6IP1
MIR7-3	MIR7-2	POLE4
MIR7-3	MIR7-2	ASXL1
MIR7-3	MIR7-2	RGS7BP
MIR7-3	MIR7-2	TBC1D12
MIR7-3	MIR7-2	AGO1
MIR7-3	MIR7-2	ZFX
MIR7-3	MIR7-2	SPTY2D1
MIR7-3	MIR7-2	CAPZA1
MIR7-3	MIR7-2	ADCY9
MIR7-3	MIR7-2	FAM53C
MIR7-3	MIR7-2	CSMD3
MIR7-3	MIR7-2	SMYD5
MIR7-3	MIR7-2	CCSER2
MIR7-3	MIR7-2	KIF16B
MIR7-3	MIR7-2	U2SURP
MIR7-3	MIR7-2	PLAG1
MIR7-3	MIR7-2	CACNB4
MIR7-3	MIR7-2	PBX3
MIR7-3	MIR7-2	CNOT8
MIR7-3	MIR7-2	KCNJ2
MIR7-3	MIR7-2	RBMS3
MIR7-3	MIR7-2	IGLON5
MIR7-3	MIR7-2	RNF141
MIR7-3	MIR7-2	CKAP4
MIR7-3	MIR7-2	KLF4
MIR7-3	MIR7-2	RNF20
MIR7-3	MIR7-2	PAN2
MIR7-3	MIR7-2	ACSL4
MIR7-3	MIR7-2	KPNA1
MIR7-3	MIR7-2	GLI3
MIR7-3	MIR7-2	ATXN7
MIR7-3	MIR7-2	OGT
MIR7-3	MIR7-2	MEGF9
MIR7-3	MIR7-2	GRIN2A
MIR7-3	MIR7-2	OXR1
MIR7-3	MIR7-2	SPATA2
MIR7-3	MIR7-2	FAM131B
MIR7-3	MIR7-2	GJD3
MIR7-3	MIR7-2	CGGBP1
MIR7-3	MIR7-2	SLC16A7
MIR7-3	MIR7-2	VPS26A
MIR7-3	MIR7-2	PIGH
MIR7-3	MIR7-2	PIK3CD
MIR7-3	MIR7-2	IRS2
MIR7-3	MIR7-2	SHANK2
MIR7-3	MIR7-2	FLRT2
MIR7-3	MIR7-2	SLC38A2
MIR7-3	MIR7-2	PPIF
MIR7-3	MIR7-2	C5orf22
MIR7-3	MIR7-2	CALU
MIR7-3	MIR7-2	HMG20A
MIR7-3	MIR7-2	KBTBD2
MIR7-3	MIR7-2	EIF4E
MIR7-3	MIR7-2	CNPPD1
MIR7-3	MIR7-2	EED
MIR7-3	MIR7-2	PAK2
MIR7-3	MIR7-2	PFN2
MIR7-3	MIR7-2	LRRC59
MIR7-3	MIR7-2	PARP1
MIR7-3	MIR7-2	LRRC1
MIR7-3	MIR7-2	BRWD1
MIR7-3	MIR7-2	IPO11
MIR7-3	MIR7-2	TCF12
MIR7-3	MIR7-2	SH3GLB1
MIR7-3	MIR7-2	GALNT3
MIR7-3	MIR7-2	RRAS2
MIR7-3	MIR7-2	SEMA6D
MIR7-3	MIR7-2	NR1H2
MIR7-3	MIR7-2	ZNF609
MIR7-3	MIR7-2	CLASP2
MIR7-3	MIR7-2	RSBN1
MIR7-3	MIR7-2	FAM126B
MIR7-3	MIR7-2	TFRC
MIR7-3	MIR7-2	EGFR
MIR7-3	MIR7-2	CUL5
MIR7-3	MIR7-2	DDIT4
MIR7-3	MIR7-2	SP1
MIR7-3	MIR7-2	SUSD6
MIR7-3	MIR7-2	NREP
MIR7-3	MIR7-2	NECAB1
MIR7-3	MIR7-2	SMG1
MIR7-3	MIR7-2	ZNF395
MIR7-3	MIR7-2	GAL3ST3
MIR7-3	MIR7-2	RAF1
MIR7-3	MIR7-2	RB1
MIR7-3	MIR7-2	NDFIP2
MIR7-3	MIR7-2	IRS1
MIR7-3	MIR7-2	HERPUD2
MIR7-3	MIR7-2	TCF7L2
MIR7-3	MIR7-2	EXOSC2
MIR7-3	MIR7-2	ZBTB22
MIR7-3	MIR7-2	AMBRA1
MIR7-3	MIR7-2	ANKRD12
MIR7-3	MIR7-2	ACTC1
MIR7-3	MIR7-2	BLOC1S4
MIR7-3	MIR7-2	RNF144A
MIR7-3	MIR7-2	ATXN1
MIR7-3	MIR7-2	SNCA
MIR7-3	MIR7-2	OSBPL11
MIR7-3	MIR7-2	HCN1
MIR7-3	MIR7-2	PAX6
MIR7-3	MIR7-2	PTAR1
MIR7-3	MIR7-2	SATB1
MIR7-3	MIR7-2	IPO7
MIR7-3	MIR7-2	MAPK4
MIR7-3	MIR7-2	PLP2
MIR7-3	MIR7-2	VDAC1
MIR7-3	MIR7-2	RBMS1
MIR7-3	MIR7-2	PDE4D
MIR7-3	MIR7-2	PDXDC1
MIR7-3	MIR7-2	SERP1
MIR7-3	MIR7-2	RAB5IF
MIR7-3	MIR7-2	TAB2
MIR7-3	MIR7-2	RPS6KB1
MIR7-3	MIR7-2	JADE1
MIR7-3	MIR7-2	MAPKAP1
MIR7-3	MIR7-2	KMT5A
MIR7-3	MIR7-2	KLF12
MIR7-3	MIR7-2	PHF21A
MIR7-3	MIR7-2	ABI2
MIR7-3	MIR7-2	DPYSL2
MIR7-3	MIR7-2	WASF3
MIR7-3	MIR7-2	ZNF148
MIR7-3	MIR7-2	SMNDC1
MIR7-3	MIR7-2	ZC3H4
MIR7-3	MIR7-2	SMARCD1
MIR7-3	MIR7-2	SQSTM1
MIR7-3	MIR7-2	ARID4A
MIR7-3	MIR7-2	SLC4A4
MIR7-3	MIR7-2	FOXN3
MIR7-3	MIR7-2	ADGRL2
MIR7-3	MIR7-2	STRN3
MIR7-3	MIR7-2	IDS
MIR7-3	MIR7-2	PCGF5
MIR7-3	MIR7-2	WIPF2
MIR7-3	MIR7-2	UBXN2B
MIR7-3	MIR7-2	XPO7
MIR7-3	MIR7-2	ARF4
MIR7-3	MIR7-2	NXT2
MIR7-3	MIR7-2	CCNT2
MIR7-3	MIR7-2	FAM168B
MIR7-3	MIR7-2	NDUFA4
MIR7-3	MIR7-2	PDE4A
MIR7-3	MIR7-2	G3BP2
MIR7-3	MIR7-2	CHAMP1
MIR7-3	MIR7-2	BICRA
MIR7-3	MIR7-2	MKNK1
MIR7-3	MIR7-2	NR4A3
MIR7-3	MIR7-2	C1orf21
MIR7-3	MIR7-2	ARID2
MIR7-3	MIR7-2	MAFG
MIR7-3	MIR7-2	CCDC43
MIR7-3	MIR7-2	KDM3B
MIR7-3	MIR7-2	TRMT13
MIR7-3	MIR7-2	PATL1
MIR7-3	MIR7-2	RYK
MIR7-3	MIR7-2	PPP4R1
MIR7-3	MIR7-2	ATP2B4
MIR7-3	MIR7-2	CCT4
MIR7-3	MIR7-2	LUC7L2
MIR7-3	MIR7-2	ESRRG
MIR7-3	MIR7-2	IDE
MIR7-3	MIR7-2	MOB1B
MIR7-3	MIR7-2	SEMA4C
MIR7-3	MIR7-2	SLC6A9
MIR7-3	MIR7-2	SOX6
MIR7-3	MIR7-2	CNN3
MIR7-3	MIR7-2	WDR47
MIR7-3	MIR7-2	PRKCB
MIR7-3	MIR7-2	PDE4B
MIR7-3	MIR7-2	FNDC4
MIR7-3	MIR7-2	UBLCP1
MIR7-3	MIR7-2	TRIM33
MIR7-3	MIR7-2	TNRC6A
MIR92A1	MIR92A2	WASL
MIR92A1	MIR92A2	RAB23
MIR92A1	MIR92A2	CDKN1C
MIR92A1	MIR92A2	GPR180
MIR92A1	MIR92A2	TOB1
MIR92A1	MIR92A2	TULP4
MIR92A1	MIR92A2	ZFYVE21
MIR92A1	MIR92A2	CPEB3
MIR92A1	MIR92A2	PUM1
MIR92A1	MIR92A2	UBE2W
MIR92A1	MIR92A2	DCAF6
MIR92A1	MIR92A2	NSMAF
MIR92A1	MIR92A2	CBLN4
MIR92A1	MIR92A2	PPCS
MIR92A1	MIR92A2	KLF2
MIR92A1	MIR92A2	HIPK3
MIR92A1	MIR92A2	UGP2
MIR92A1	MIR92A2	DUS2
MIR92A1	MIR92A2	FBN1
MIR92A1	MIR92A2	HMBOX1
MIR92A1	MIR92A2	KBTBD8
MIR92A1	MIR92A2	C11orf24
MIR92A1	MIR92A2	PDE10A
MIR92A1	MIR92A2	TGIF1
MIR92A1	MIR92A2	ZEB2
MIR92A1	MIR92A2	CDCA7L
MIR92A1	MIR92A2	CNIH1
MIR92A1	MIR92A2	RNF141
MIR92A1	MIR92A2	ADRB1
MIR92A1	MIR92A2	KLF4
MIR92A1	MIR92A2	DOCK9
MIR92A1	MIR92A2	FBXW7
MIR92A1	MIR92A2	IKZF2
MIR92A1	MIR92A2	PCMTD1
MIR92A1	MIR92A2	CLDN11
MIR92A1	MIR92A2	DYRK2
MIR92A1	MIR92A2	KCNC4
MIR92A1	MIR92A2	TFAP2B
MIR92A1	MIR92A2	C21orf91
MIR92A1	MIR92A2	ANKIB1
MIR92A1	MIR92A2	FNDC3B
MIR92A1	MIR92A2	PIKFYVE
MIR92A1	MIR92A2	SESN3
MIR92A1	MIR92A2	PCDH11Y
MIR92A1	MIR92A2	ITGA6
MIR92A1	MIR92A2	MSI1
MIR92A1	MIR92A2	CHST7
MIR92A1	MIR92A2	BTG2
MIR92A1	MIR92A2	PKDCC
MIR92A1	MIR92A2	CD69
MIR92A1	MIR92A2	EXOC5
MIR92A1	MIR92A2	ITPRID2
MIR92A1	MIR92A2	KLHDC10
MIR92A1	MIR92A2	KIF5B
MIR92A1	MIR92A2	EDEM1
MIR92A1	MIR92A2	CNEP1R1
MIR92A1	MIR92A2	RBM47
MIR92A1	MIR92A2	MYCBP2
MIR92A1	MIR92A2	ERGIC2
MIR92A1	MIR92A2	SNN
MIR92A1	MIR92A2	RPL15
MIR92A1	MIR92A2	ROBO2
MIR92A1	MIR92A2	SLC17A6
MIR92A1	MIR92A2	GPR137C
MIR92A1	MIR92A2	MTF1
MIR92A1	MIR92A2	NFIB
MIR92A1	MIR92A2	TENT4A
MIR92A1	MIR92A2	MORC3
MIR92A1	MIR92A2	ARRDC3
MIR92A1	MIR92A2	CHCHD10
MIR92A1	MIR92A2	KSR2
MIR92A1	MIR92A2	BCL2L11
MIR92A1	MIR92A2	ANP32E
MIR92A1	MIR92A2	PTEN
MIR92A1	MIR92A2	BSDC1
MIR92A1	MIR92A2	MMD
MIR92A1	MIR92A2	PCOLCE2
MIR92A1	MIR92A2	MTMR9
MIR92A1	MIR92A2	BCL11B
MIR92A1	MIR92A2	IGF2BP1
MIR92A1	MIR92A2	DUSP10
MIR92A1	MIR92A2	CIC
MIR92A1	MIR92A2	RIC1
MIR92A1	MIR92A2	EFR3A
MIR92A1	MIR92A2	RSBN1
MIR92A1	MIR92A2	RAD21
MIR92A1	MIR92A2	ITGA5
MIR92A1	MIR92A2	APPL1
MIR92A1	MIR92A2	FAM126B
MIR92A1	MIR92A2	FRY
MIR92A1	MIR92A2	SNAPC1
MIR92A1	MIR92A2	CD2AP
MIR92A1	MIR92A2	BAZ2B
MIR92A1	MIR92A2	PCDH11X
MIR92A1	MIR92A2	NECAP1
MIR92A1	MIR92A2	GOLGA4
MIR92A1	MIR92A2	MAP2K4
MIR92A1	MIR92A2	SPRYD4
MIR92A1	MIR92A2	DUSP5
MIR92A1	MIR92A2	TCF21
MIR92A1	MIR92A2	B3GALT2
MIR92A1	MIR92A2	ACTC1
MIR92A1	MIR92A2	LHFPL2
MIR92A1	MIR92A2	PIK3R3
MIR92A1	MIR92A2	RAP1B
MIR92A1	MIR92A2	CDC27
MIR92A1	MIR92A2	LATS2
MIR92A1	MIR92A2	PTAR1
MIR92A1	MIR92A2	SLC12A5
MIR92A1	MIR92A2	FAM20C
MIR92A1	MIR92A2	NKD1
MIR92A1	MIR92A2	SOX4
MIR92A1	MIR92A2	FHL2
MIR92A1	MIR92A2	JOSD1
MIR92A1	MIR92A2	RNF38
MIR92A1	MIR92A2	TRAF3
MIR92A1	MIR92A2	RNF4
MIR92A1	MIR92A2	NKX2-4
MIR92A1	MIR92A2	FNIP1
MIR92A1	MIR92A2	FMR1
MIR92A1	MIR92A2	SNX13
MIR92A1	MIR92A2	MYO1B
MIR92A1	MIR92A2	KIAA1109
MIR92A1	MIR92A2	USP28
MIR92A1	MIR92A2	MYO18A
MIR92A1	MIR92A2	ITPR1
MIR92A1	MIR92A2	MAVS
MIR92A1	MIR92A2	DNAJB9
MIR92A1	MIR92A2	DKK3
MIR92A1	MIR92A2	YIPF4
MIR92A1	MIR92A2	MCOLN2
MIR92A1	MIR92A2	ADAM10
MIR92A1	MIR92A2	PLEKHA1
MIR92A1	MIR92A2	PDZD2
MIR92A1	MIR92A2	CPEB4
MIR92A1	MIR92A2	NOVA1
MIR92A1	MIR92A2	UBXN4
MIR92A1	MIR92A2	TMF1
MIR92A1	MIR92A2	MIA3
MIR92A1	MIR92A2	G3BP2
MIR92A1	MIR92A2	FAM135A
MIR92A1	MIR92A2	MAN2A1
MIR92A1	MIR92A2	NR4A3
MIR92A1	MIR92A2	IDH1
MIR92A1	MIR92A2	ITGAV
MIR92A1	MIR92A2	CCDC186
MIR92A1	MIR92A2	RGS17
MIR92A1	MIR92A2	TEAD1
MIR92A1	MIR92A2	JMY
MIR92A1	MIR92A2	SLC25A32
MIR92A1	MIR92A2	KLHL14
MIR92A1	MIR92A2	KLHL15
MIR92A1	MIR92A2	GRAMD2B
MIR92A1	MIR92A2	RNF44
MIR92A1	MIR92A2	RHPN2
MIR92A1	MIR92A2	PHLPP2
MIR92A1	MIR92A2	SYNJ1
MIR92A1	MIR92A2	SGPP1
MIR92A1	MIR92A2	CPEB2
MIR92A1	MIR92A2	NSF
MIR92A1	MIR92A2	PLAGL2
MIR92A1	MIR92A2	MARK1
MIR92A1	MIR92A2	ARMC1
MIR92A1	MIR92A2	REV3L
MIR92A1	MIR92A2	BCAT2
MIR92A1	MIR92A2	TACC2
MIR92A1	MIR92A2	DNAJC30
MIR92A1	MIR92A2	NEFM
MIR92A1	MIR92A2	TFE3
MIR92A1	MIR92A2	ZFC3H1
MIR92A1	MIR92A2	TEF
MIR92A1	MIR92B	WASL
MIR92A1	MIR92B	RAB23
MIR92A1	MIR92B	CDKN1C
MIR92A1	MIR92B	GPR180
MIR92A1	MIR92B	TOB1
MIR92A1	MIR92B	TULP4
MIR92A1	MIR92B	ZFYVE21
MIR92A1	MIR92B	CPEB3
MIR92A1	MIR92B	UBE2W
MIR92A1	MIR92B	DCAF6
MIR92A1	MIR92B	NSMAF
MIR92A1	MIR92B	CBLN4
MIR92A1	MIR92B	PLEC
MIR92A1	MIR92B	PPCS
MIR92A1	MIR92B	KLF2
MIR92A1	MIR92B	HIPK3
MIR92A1	MIR92B	UGP2
MIR92A1	MIR92B	DUS2
MIR92A1	MIR92B	TP73
MIR92A1	MIR92B	TGIF1
MIR92A1	MIR92B	ZEB2
MIR92A1	MIR92B	CDCA7L
MIR92A1	MIR92B	TPP1
MIR92A1	MIR92B	RNF141
MIR92A1	MIR92B	CNIH1
MIR92A1	MIR92B	KLF4
MIR92A1	MIR92B	DOCK9
MIR92A1	MIR92B	FBXW7
MIR92A1	MIR92B	PCMTD1
MIR92A1	MIR92B	CLDN11
MIR92A1	MIR92B	KCNC4
MIR92A1	MIR92B	C21orf91
MIR92A1	MIR92B	ANKIB1
MIR92A1	MIR92B	FNDC3B
MIR92A1	MIR92B	PIKFYVE
MIR92A1	MIR92B	SESN3
MIR92A1	MIR92B	PCDH11Y
MIR92A1	MIR92B	CHST7
MIR92A1	MIR92B	BTG2
MIR92A1	MIR92B	PKDCC
MIR92A1	MIR92B	CD69
MIR92A1	MIR92B	ITPRID2
MIR92A1	MIR92B	RBM47
MIR92A1	MIR92B	EDEM1
MIR92A1	MIR92B	CNEP1R1
MIR92A1	MIR92B	MYCBP2
MIR92A1	MIR92B	ERGIC2
MIR92A1	MIR92B	SNN
MIR92A1	MIR92B	RPL15
MIR92A1	MIR92B	ROBO2
MIR92A1	MIR92B	SLC17A6
MIR92A1	MIR92B	MTF1
MIR92A1	MIR92B	NFIB
MIR92A1	MIR92B	TENT4A
MIR92A1	MIR92B	MORC3
MIR92A1	MIR92B	ARRDC3
MIR92A1	MIR92B	CHCHD10
MIR92A1	MIR92B	ANP32E
MIR92A1	MIR92B	BCL2L11
MIR92A1	MIR92B	PTEN
MIR92A1	MIR92B	BSDC1
MIR92A1	MIR92B	PCOLCE2
MIR92A1	MIR92B	MTMR9
MIR92A1	MIR92B	BCL11B
MIR92A1	MIR92B	DUSP10
MIR92A1	MIR92B	CIC
MIR92A1	MIR92B	RIC1
MIR92A1	MIR92B	EFR3A
MIR92A1	MIR92B	RSBN1
MIR92A1	MIR92B	RAD21
MIR92A1	MIR92B	ITGA5
MIR92A1	MIR92B	APPL1
MIR92A1	MIR92B	FAM126B
MIR92A1	MIR92B	SNAPC1
MIR92A1	MIR92B	CD2AP
MIR92A1	MIR92B	BAZ2B
MIR92A1	MIR92B	PCDH11X
MIR92A1	MIR92B	NECAP1
MIR92A1	MIR92B	GOLGA4
MIR92A1	MIR92B	MAP2K4
MIR92A1	MIR92B	SPRYD4
MIR92A1	MIR92B	PALLD
MIR92A1	MIR92B	TCF21
MIR92A1	MIR92B	B3GALT2
MIR92A1	MIR92B	ACTC1
MIR92A1	MIR92B	LHFPL2
MIR92A1	MIR92B	RAP1B
MIR92A1	MIR92B	LATS2
MIR92A1	MIR92B	PTAR1
MIR92A1	MIR92B	SLC12A5
MIR92A1	MIR92B	FAM20C
MIR92A1	MIR92B	SOX4
MIR92A1	MIR92B	FHL2
MIR92A1	MIR92B	JOSD1
MIR92A1	MIR92B	RNF38
MIR92A1	MIR92B	RNF4
MIR92A1	MIR92B	FNIP1
MIR92A1	MIR92B	FMR1
MIR92A1	MIR92B	SNX13
MIR92A1	MIR92B	MYO1B
MIR92A1	MIR92B	KIAA1109
MIR92A1	MIR92B	USP28
MIR92A1	MIR92B	ITPR1
MIR92A1	MIR92B	DNAJB9
MIR92A1	MIR92B	DKK3
MIR92A1	MIR92B	YIPF4
MIR92A1	MIR92B	MCOLN2
MIR92A1	MIR92B	ADAM10
MIR92A1	MIR92B	PLEKHA1
MIR92A1	MIR92B	PDZD2
MIR92A1	MIR92B	CPEB4
MIR92A1	MIR92B	MLLT6
MIR92A1	MIR92B	NOVA1
MIR92A1	MIR92B	UBXN4
MIR92A1	MIR92B	TMF1
MIR92A1	MIR92B	MIA3
MIR92A1	MIR92B	G3BP2
MIR92A1	MIR92B	FAM135A
MIR92A1	MIR92B	MAN2A1
MIR92A1	MIR92B	IDH1
MIR92A1	MIR92B	ITGAV
MIR92A1	MIR92B	RGS17
MIR92A1	MIR92B	TEAD1
MIR92A1	MIR92B	JMY
MIR92A1	MIR92B	SLC25A32
MIR92A1	MIR92B	KLHL14
MIR92A1	MIR92B	KLHL15
MIR92A1	MIR92B	GRAMD2B
MIR92A1	MIR92B	RHPN2
MIR92A1	MIR92B	PHLPP2
MIR92A1	MIR92B	SYNJ1
MIR92A1	MIR92B	SGPP1
MIR92A1	MIR92B	CPEB2
MIR92A1	MIR92B	NSF
MIR92A1	MIR92B	MARK1
MIR92A1	MIR92B	ARMC1
MIR92A1	MIR92B	REV3L
MIR92A1	MIR92B	BCAT2
MIR92A1	MIR92B	TACC2
MIR92A1	MIR92B	DNAJC30
MIR92A1	MIR92B	NEFM
MIR92A1	MIR92B	FOXJ2
MIR92A1	MIR92B	ZFC3H1
MIR92A1	MIR92B	TEF
MIR92A2	MIR92B	WASL
MIR92A2	MIR92B	RAB23
MIR92A2	MIR92B	CDKN1C
MIR92A2	MIR92B	GPR180
MIR92A2	MIR92B	TOB1
MIR92A2	MIR92B	TULP4
MIR92A2	MIR92B	ZFYVE21
MIR92A2	MIR92B	ADGRL1
MIR92A2	MIR92B	CPEB3
MIR92A2	MIR92B	UBE2W
MIR92A2	MIR92B	DCAF6
MIR92A2	MIR92B	NSMAF
MIR92A2	MIR92B	CBLN4
MIR92A2	MIR92B	PPCS
MIR92A2	MIR92B	KLF2
MIR92A2	MIR92B	HIPK3
MIR92A2	MIR92B	UGP2
MIR92A2	MIR92B	DUS2
MIR92A2	MIR92B	PITPNM2
MIR92A2	MIR92B	TGIF1
MIR92A2	MIR92B	ZEB2
MIR92A2	MIR92B	CDCA7L
MIR92A2	MIR92B	CNIH1
MIR92A2	MIR92B	RNF141
MIR92A2	MIR92B	KLF4
MIR92A2	MIR92B	DOCK9
MIR92A2	MIR92B	FBXW7
MIR92A2	MIR92B	PCMTD1
MIR92A2	MIR92B	CLDN11
MIR92A2	MIR92B	KCNC4
MIR92A2	MIR92B	C21orf91
MIR92A2	MIR92B	IFFO2
MIR92A2	MIR92B	ANKIB1
MIR92A2	MIR92B	FNDC3B
MIR92A2	MIR92B	PIKFYVE
MIR92A2	MIR92B	SESN3
MIR92A2	MIR92B	PCDH11Y
MIR92A2	MIR92B	TMEM201
MIR92A2	MIR92B	CHST7
MIR92A2	MIR92B	BTG2
MIR92A2	MIR92B	PKDCC
MIR92A2	MIR92B	CD69
MIR92A2	MIR92B	ITPRID2
MIR92A2	MIR92B	RBM47
MIR92A2	MIR92B	EDEM1
MIR92A2	MIR92B	CNEP1R1
MIR92A2	MIR92B	MYCBP2
MIR92A2	MIR92B	ERGIC2
MIR92A2	MIR92B	MTSS2
MIR92A2	MIR92B	SNN
MIR92A2	MIR92B	RPL15
MIR92A2	MIR92B	ROBO2
MIR92A2	MIR92B	SLC17A6
MIR92A2	MIR92B	MTF1
MIR92A2	MIR92B	NFIB
MIR92A2	MIR92B	TENT4A
MIR92A2	MIR92B	MORC3
MIR92A2	MIR92B	ARRDC3
MIR92A2	MIR92B	CHCHD10
MIR92A2	MIR92B	ANP32E
MIR92A2	MIR92B	BCL2L11
MIR92A2	MIR92B	PTEN
MIR92A2	MIR92B	BSDC1
MIR92A2	MIR92B	PCOLCE2
MIR92A2	MIR92B	MTMR9
MIR92A2	MIR92B	BCL11B
MIR92A2	MIR92B	DUSP10
MIR92A2	MIR92B	CIC
MIR92A2	MIR92B	RIC1
MIR92A2	MIR92B	EFR3A
MIR92A2	MIR92B	RSBN1
MIR92A2	MIR92B	RAD21
MIR92A2	MIR92B	ITGA5
MIR92A2	MIR92B	APPL1
MIR92A2	MIR92B	FAM126B
MIR92A2	MIR92B	SNAPC1
MIR92A2	MIR92B	CD2AP
MIR92A2	MIR92B	BAZ2B
MIR92A2	MIR92B	PCDH11X
MIR92A2	MIR92B	CARM1
MIR92A2	MIR92B	NECAP1
MIR92A2	MIR92B	GOLGA4
MIR92A2	MIR92B	CMIP
MIR92A2	MIR92B	MAP2K4
MIR92A2	MIR92B	SPRYD4
MIR92A2	MIR92B	TCF21
MIR92A2	MIR92B	B3GALT2
MIR92A2	MIR92B	ACTC1
MIR92A2	MIR92B	LHFPL2
MIR92A2	MIR92B	RAP1B
MIR92A2	MIR92B	LATS2
MIR92A2	MIR92B	PTAR1
MIR92A2	MIR92B	SLC12A5
MIR92A2	MIR92B	FAM20C
MIR92A2	MIR92B	SOX4
MIR92A2	MIR92B	FHL2
MIR92A2	MIR92B	JOSD1
MIR92A2	MIR92B	RNF38
MIR92A2	MIR92B	RNF4
MIR92A2	MIR92B	ZDHHC3
MIR92A2	MIR92B	FNIP1
MIR92A2	MIR92B	FMR1
MIR92A2	MIR92B	SNX13
MIR92A2	MIR92B	MYO1B
MIR92A2	MIR92B	KIAA1109
MIR92A2	MIR92B	USP28
MIR92A2	MIR92B	ITPR1
MIR92A2	MIR92B	DNAJB9
MIR92A2	MIR92B	SRF
MIR92A2	MIR92B	DKK3
MIR92A2	MIR92B	YIPF4
MIR92A2	MIR92B	MCOLN2
MIR92A2	MIR92B	ADAM10
MIR92A2	MIR92B	PLEKHA1
MIR92A2	MIR92B	PDZD2
MIR92A2	MIR92B	CPEB4
MIR92A2	MIR92B	NOVA1
MIR92A2	MIR92B	UBXN4
MIR92A2	MIR92B	TMF1
MIR92A2	MIR92B	MIA3
MIR92A2	MIR92B	G3BP2
MIR92A2	MIR92B	FAM135A
MIR92A2	MIR92B	MAN2A1
MIR92A2	MIR92B	IDH1
MIR92A2	MIR92B	ITGAV
MIR92A2	MIR92B	RGS17
MIR92A2	MIR92B	FOXP4
MIR92A2	MIR92B	TEAD1
MIR92A2	MIR92B	JMY
MIR92A2	MIR92B	NFIX
MIR92A2	MIR92B	SLC25A32
MIR92A2	MIR92B	KLHL14
MIR92A2	MIR92B	KLHL15
MIR92A2	MIR92B	GRAMD2B
MIR92A2	MIR92B	RHPN2
MIR92A2	MIR92B	PHLPP2
MIR92A2	MIR92B	SYNJ1
MIR92A2	MIR92B	SGPP1
MIR92A2	MIR92B	CPEB2
MIR92A2	MIR92B	NSF
MIR92A2	MIR92B	MARK1
MIR92A2	MIR92B	ARMC1
MIR92A2	MIR92B	VANGL2
MIR92A2	MIR92B	REV3L
MIR92A2	MIR92B	BCAT2
MIR92A2	MIR92B	TACC2
MIR92A2	MIR92B	DNAJC30
MIR92A2	MIR92B	NEFM
MIR92A2	MIR92B	ZFC3H1
MIR92A2	MIR92B	TEF
MIR92A2	MIR92B	PLXNA3
MIR9-1	MIR9-2	CDKN1C
MIR9-1	MIR9-2	MZT1
MIR9-1	MIR9-2	GNPDA2
MIR9-1	MIR9-2	PFKM
MIR9-1	MIR9-2	WDR1
MIR9-1	MIR9-2	PDGFC
MIR9-1	MIR9-2	STAG2
MIR9-1	MIR9-2	TENT5D
MIR9-1	MIR9-2	DYRK1B
MIR9-1	MIR9-2	DLG1
MIR9-1	MIR9-2	GMFB
MIR9-1	MIR9-2	PCDH19
MIR9-1	MIR9-2	KLF5
MIR9-1	MIR9-2	CCSER2
MIR9-1	MIR9-2	SGMS2
MIR9-1	MIR9-2	MDGA2
MIR9-1	MIR9-2	UBASH3B
MIR9-1	MIR9-2	TMEM64
MIR9-1	MIR9-2	POU2F3
MIR9-1	MIR9-2	ULK2
MIR9-1	MIR9-2	TFAP2B
MIR9-1	MIR9-2	MYOCD
MIR9-1	MIR9-2	PRDM1
MIR9-1	MIR9-2	MTHFD2
MIR9-1	MIR9-2	SCRIB
MIR9-1	MIR9-2	CERT1
MIR9-1	MIR9-2	TNPO1
MIR9-1	MIR9-2	PBRM1
MIR9-1	MIR9-2	DYRK1A
MIR9-1	MIR9-2	SNX25
MIR9-1	MIR9-2	IGF2BP3
MIR9-1	MIR9-2	ZC3H11A
MIR9-1	MIR9-2	KCNMB3
MIR9-1	MIR9-2	AP3B1
MIR9-1	MIR9-2	TBPL1
MIR9-1	MIR9-2	E2F7
MIR9-1	MIR9-2	PIK3CA
MIR9-1	MIR9-2	CSNK1A1
MIR9-1	MIR9-2	PELI2
MIR9-1	MIR9-2	UBE2D3
MIR9-1	MIR9-2	HIPK1
MIR9-1	MIR9-2	ATP11A
MIR9-1	MIR9-2	AP1S2
MIR9-1	MIR9-2	CCNG1
MIR9-1	MIR9-2	MYH10
MIR9-1	MIR9-2	SLC8A1
MIR9-1	MIR9-2	STC1
MIR9-1	MIR9-2	CPD
MIR9-1	MIR9-2	OSBPL3
MIR9-1	MIR9-2	AEBP2
MIR9-1	MIR9-2	ARHGAP5
MIR9-1	MIR9-2	EHD4
MIR9-1	MIR9-2	TNC
MIR9-1	MIR9-2	PARG
MIR9-1	MIR9-2	MSANTD4
MIR9-1	MIR9-2	ATL2
MIR9-1	MIR9-2	EIF4E3
MIR9-1	MIR9-2	IPO4
MIR9-1	MIR9-2	NID2
MIR9-1	MIR9-2	ACBD3
MIR9-1	MIR9-2	GPBP1
MIR9-1	MIR9-2	ID4
MIR9-1	MIR9-2	TRIM2
MIR9-1	MIR9-2	PDGFRB
MIR9-1	MIR9-2	BHLHE22
MIR9-1	MIR9-2	MMP16
MIR9-1	MIR9-2	BNIP3L
MIR9-1	MIR9-2	GNPNAT1
MIR9-1	MIR9-2	CLOCK
MIR9-1	MIR9-2	ANKH
MIR9-1	MIR9-2	BICRAL
MIR9-1	MIR9-2	FOXP4
MIR9-1	MIR9-2	NUS1
MIR9-1	MIR9-2	ZCCHC2
MIR9-1	MIR9-2	PDCD4
MIR9-1	MIR9-2	ESRRG
MIR9-1	MIR9-2	ALCAM
MIR9-1	MIR9-2	ANK2
MIR9-1	MIR9-2	KHDRBS2
MIR9-1	MIR9-2	FRMD6
MIR9-1	MIR9-2	TRERF1
MIR9-1	MIR9-2	SLC35B3
MIR9-1	MIR9-2	CPEB3
MIR9-1	MIR9-2	DCBLD2
MIR9-1	MIR9-2	EMB
MIR9-1	MIR9-2	CAPZA1
MIR9-1	MIR9-2	RNF111
MIR9-1	MIR9-2	SHC1
MIR9-1	MIR9-2	FBN1
MIR9-1	MIR9-2	PPM1A
MIR9-1	MIR9-2	SUDS3
MIR9-1	MIR9-2	DAZAP1
MIR9-1	MIR9-2	ANO1
MIR9-1	MIR9-2	ELOVL6
MIR9-1	MIR9-2	PBX3
MIR9-1	MIR9-2	TIAM1
MIR9-1	MIR9-2	LYVE1
MIR9-1	MIR9-2	PCDHA4
MIR9-1	MIR9-2	SH3KBP1
MIR9-1	MIR9-2	PCMTD1
MIR9-1	MIR9-2	ARFGEF2
MIR9-1	MIR9-2	DDHD2
MIR9-1	MIR9-2	AP3M1
MIR9-1	MIR9-2	PTBP3
MIR9-1	MIR9-2	HERPUD1
MIR9-1	MIR9-2	PRDM6
MIR9-1	MIR9-2	CALB2
MIR9-1	MIR9-2	GPR137C
MIR9-1	MIR9-2	RBBP6
MIR9-1	MIR9-2	POU2F1
MIR9-1	MIR9-2	LDLRAP1
MIR9-1	MIR9-2	DIPK2A
MIR9-1	MIR9-2	HUNK
MIR9-1	MIR9-2	NR5A2
MIR9-1	MIR9-2	CNOT6L
MIR9-1	MIR9-2	PYGO2
MIR9-1	MIR9-2	PAN3
MIR9-1	MIR9-2	FAM91A1
MIR9-1	MIR9-2	BLCAP
MIR9-1	MIR9-2	CTNNA1
MIR9-1	MIR9-2	ACOT7
MIR9-1	MIR9-2	YAF2
MIR9-1	MIR9-2	PDE4D
MIR9-1	MIR9-2	SUCLA2
MIR9-1	MIR9-2	RBPJ
MIR9-1	MIR9-2	GNAI1
MIR9-1	MIR9-2	ZHX1
MIR9-1	MIR9-2	STARD13
MIR9-1	MIR9-2	TNKS
MIR9-1	MIR9-2	RAB34
MIR9-1	MIR9-2	PDLIM5
MIR9-1	MIR9-2	PCGF5
MIR9-1	MIR9-2	SLC10A3
MIR9-1	MIR9-2	CPEB4
MIR9-1	MIR9-2	CYLD
MIR9-1	MIR9-2	DHX40
MIR9-1	MIR9-2	ADIPOR1
MIR9-1	MIR9-2	PANK3
MIR9-1	MIR9-2	YPEL2
MIR9-1	MIR9-2	CCDC43
MIR9-1	MIR9-2	RREB1
MIR9-1	MIR9-2	ABCC5
MIR9-1	MIR9-2	ZFHX4
MIR9-1	MIR9-2	YIPF5
MIR9-1	MIR9-2	CNOT6
MIR9-1	MIR9-2	FBXO28
MIR9-1	MIR9-2	MIER3
MIR9-1	MIR9-2	ATF1
MIR9-1	MIR9-2	VAV3
MIR9-1	MIR9-2	ITPRIPL2
MIR9-1	MIR9-2	TESK2
MIR9-1	MIR9-2	TLE4
MIR9-1	MIR9-2	STK3
MIR9-1	MIR9-2	MAP3K3
MIR9-1	MIR9-2	ZIC5
MIR9-1	MIR9-2	POU3F2
MIR9-1	MIR9-2	ZNF292
MIR9-1	MIR9-2	FAM13C
MIR9-1	MIR9-2	TMEM167B
MIR9-1	MIR9-2	NAP1L1
MIR9-1	MIR9-2	UHMK1
MIR9-1	MIR9-2	IKZF2
MIR9-1	MIR9-2	SPTLC2
MIR9-1	MIR9-2	MBLAC2
MIR9-1	MIR9-2	MXI1
MIR9-1	MIR9-2	FBN2
MIR9-1	MIR9-2	IGF1
MIR9-1	MIR9-2	NEDD4
MIR9-1	MIR9-2	SMARCD2
MIR9-1	MIR9-2	EIF4E
MIR9-1	MIR9-2	DMD
MIR9-1	MIR9-2	HSPA4
MIR9-1	MIR9-2	RAB14
MIR9-1	MIR9-2	DOK6
MIR9-1	MIR9-2	HIVEP2
MIR9-1	MIR9-2	HMGA2
MIR9-1	MIR9-2	GALNT3
MIR9-1	MIR9-2	YOD1
MIR9-1	MIR9-2	NEXMIF
MIR9-1	MIR9-2	SACS
MIR9-1	MIR9-2	MFSD14A
MIR9-1	MIR9-2	PCDHAC1
MIR9-1	MIR9-2	ENPEP
MIR9-1	MIR9-2	KLLN
MIR9-1	MIR9-2	NUFIP2
MIR9-1	MIR9-2	TPD52L2
MIR9-1	MIR9-2	ZNF395
MIR9-1	MIR9-2	FAF2
MIR9-1	MIR9-2	TBC1D15
MIR9-1	MIR9-2	CFL2
MIR9-1	MIR9-2	PWWP3B
MIR9-1	MIR9-2	SFXN2
MIR9-1	MIR9-2	TNKS2
MIR9-1	MIR9-2	RIT1
MIR9-1	MIR9-2	KIAA1217
MIR9-1	MIR9-2	PXDN
MIR9-1	MIR9-2	CNKSR3
MIR9-1	MIR9-2	RANBP2
MIR9-1	MIR9-2	SOS2
MIR9-1	MIR9-2	SHROOM4
MIR9-1	MIR9-2	COL15A1
MIR9-1	MIR9-2	PCDH9
MIR9-1	MIR9-2	PRKAA2
MIR9-1	MIR9-2	ZKSCAN1
MIR9-1	MIR9-2	STK4
MIR9-1	MIR9-2	UBE2Z
MIR9-1	MIR9-2	ELAVL1
MIR9-1	MIR9-2	LRP6
MIR9-1	MIR9-2	TOMM20
MIR9-1	MIR9-2	LIN28B
MIR9-1	MIR9-2	PRRX1
MIR9-1	MIR9-2	SNTB2
MIR9-1	MIR9-2	STK24
MIR9-1	MIR9-2	LIN28A
MIR9-1	MIR9-2	ECPAS
MIR9-1	MIR9-2	AP4E1
MIR9-1	MIR9-2	FSTL1
MIR9-1	MIR9-2	SLC25A24
MIR9-1	MIR9-2	FYTTD1
MIR9-1	MIR9-2	FBXO33
MIR9-1	MIR9-2	GABRB2
MIR9-1	MIR9-2	PLPPR1
MIR9-1	MIR9-2	CSNK1G3
MIR9-1	MIR9-2	BOD1L1
MIR9-1	MIR9-2	MAGT1
MIR9-1	MIR9-2	PALMD
MIR9-1	MIR9-2	TPD52
MIR9-1	MIR9-2	KLHL15
MIR9-1	MIR9-2	RHOQ
MIR9-1	MIR9-2	ZBTB33
MIR9-1	MIR9-2	C5orf24
MIR9-1	MIR9-2	AGFG1
MIR9-1	MIR9-2	SIX4
MIR9-1	MIR9-2	MTMR2
MIR9-1	MIR9-2	TSC22D2
MIR9-1	MIR9-2	PHLDB2
MIR9-1	MIR9-2	PHF20L1
MIR9-1	MIR9-2	SLC50A1
MIR9-1	MIR9-2	GABRA1
MIR9-1	MIR9-2	WASF2
MIR9-1	MIR9-2	PHF3
MIR9-1	MIR9-2	NAA20
MIR9-1	MIR9-2	UBR3
MIR9-1	MIR9-2	PSD3
MIR9-1	MIR9-2	SLC6A6
MIR9-1	MIR9-2	KCTD9
MIR9-1	MIR9-2	TENT5C
MIR9-1	MIR9-2	NXPE3
MIR9-1	MIR9-2	KCNJ2
MIR9-1	MIR9-2	FOXN2
MIR9-1	MIR9-2	KCTD12
MIR9-1	MIR9-2	CAST
MIR9-1	MIR9-2	HLTF
MIR9-1	MIR9-2	LAMP1
MIR9-1	MIR9-2	HK2
MIR9-1	MIR9-2	DIXDC1
MIR9-1	MIR9-2	DTNA
MIR9-1	MIR9-2	BACE1
MIR9-1	MIR9-2	TLNRD1
MIR9-1	MIR9-2	SOCS5
MIR9-1	MIR9-2	ONECUT1
MIR9-1	MIR9-2	ARID1A
MIR9-1	MIR9-2	TRPM7
MIR9-1	MIR9-2	DIAPH2
MIR9-1	MIR9-2	ARL8B
MIR9-1	MIR9-2	MINDY3
MIR9-1	MIR9-2	FIGN
MIR9-1	MIR9-2	YBX3
MIR9-1	MIR9-2	ERMN
MIR9-1	MIR9-2	PDK4
MIR9-1	MIR9-2	CCNDBP1
MIR9-1	MIR9-2	SLC31A2
MIR9-1	MIR9-2	SH2B3
MIR9-1	MIR9-2	FOXP1
MIR9-1	MIR9-2	WWTR1
MIR9-1	MIR9-2	VANGL1
MIR9-1	MIR9-2	MPPED2
MIR9-1	MIR9-2	ITGB1
MIR9-1	MIR9-2	P3H1
MIR9-1	MIR9-2	CDK13
MIR9-1	MIR9-2	RASA1
MIR9-1	MIR9-2	FOXP2
MIR9-1	MIR9-2	CSDE1
MIR9-1	MIR9-2	TMEM109
MIR9-1	MIR9-2	TANC2
MIR9-1	MIR9-2	ZNF664
MIR9-1	MIR9-2	KITLG
MIR9-1	MIR9-2	CCND2
MIR9-1	MIR9-2	PTPRB
MIR9-1	MIR9-2	PURA
MIR9-1	MIR9-2	ARL4A
MIR9-1	MIR9-2	ENTPD5
MIR9-1	MIR9-2	SIRT1
MIR9-1	MIR9-2	SDC2
MIR9-1	MIR9-2	SEC23IP
MIR9-1	MIR9-2	JAZF1
MIR9-1	MIR9-2	RANBP17
MIR9-1	MIR9-2	PRPS2
MIR9-1	MIR9-2	CD109
MIR9-1	MIR9-2	P4HA2
MIR9-1	MIR9-2	USP46
MIR9-1	MIR9-2	ZBTB41
MIR9-1	MIR9-2	JPT2
MIR9-1	MIR9-2	ONECUT2
MIR9-1	MIR9-2	MARCHF6
MIR9-1	MIR9-2	LMO3
MIR9-1	MIR9-2	TGFBI
MIR9-1	MIR9-2	SPOPL
MIR9-1	MIR9-2	IGFBP3
MIR9-1	MIR9-2	TNFAIP8
MIR9-1	MIR9-2	ARID2
MIR9-1	MIR9-2	DR1
MIR9-1	MIR9-2	ITM2B
MIR9-1	MIR9-2	CPEB2
MIR9-1	MIR9-2	UBE3C
MIR9-1	MIR9-2	RAP2A
MIR9-1	MIR9-2	ACTL6A
MIR9-1	MIR9-2	CRIM1
MIR9-1	MIR9-2	E2F1
MIR9-1	MIR9-2	SRSF10
MIR9-1	MIR9-2	DCUN1D4
MIR9-1	MIR9-2	ZFHX3
MIR9-1	MIR9-3	CDKN1C
MIR9-1	MIR9-3	MZT1
MIR9-1	MIR9-3	GNPDA2
MIR9-1	MIR9-3	PFKM
MIR9-1	MIR9-3	WDR1
MIR9-1	MIR9-3	PDGFC
MIR9-1	MIR9-3	STAG2
MIR9-1	MIR9-3	TENT5D
MIR9-1	MIR9-3	DYRK1B
MIR9-1	MIR9-3	DLG1
MIR9-1	MIR9-3	GMFB
MIR9-1	MIR9-3	PCDH19
MIR9-1	MIR9-3	KLF5
MIR9-1	MIR9-3	CCSER2
MIR9-1	MIR9-3	SGMS2
MIR9-1	MIR9-3	MDGA2
MIR9-1	MIR9-3	UBASH3B
MIR9-1	MIR9-3	TMEM64
MIR9-1	MIR9-3	POU2F3
MIR9-1	MIR9-3	ULK2
MIR9-1	MIR9-3	TFAP2B
MIR9-1	MIR9-3	MYOCD
MIR9-1	MIR9-3	PRDM1
MIR9-1	MIR9-3	MTHFD2
MIR9-1	MIR9-3	SCRIB
MIR9-1	MIR9-3	CERT1
MIR9-1	MIR9-3	TNPO1
MIR9-1	MIR9-3	PBRM1
MIR9-1	MIR9-3	DYRK1A
MIR9-1	MIR9-3	SNX25
MIR9-1	MIR9-3	IGF2BP3
MIR9-1	MIR9-3	ZC3H11A
MIR9-1	MIR9-3	KCNMB3
MIR9-1	MIR9-3	AP3B1
MIR9-1	MIR9-3	TBPL1
MIR9-1	MIR9-3	E2F7
MIR9-1	MIR9-3	PIK3CA
MIR9-1	MIR9-3	CSNK1A1
MIR9-1	MIR9-3	PELI2
MIR9-1	MIR9-3	UBE2D3
MIR9-1	MIR9-3	HIPK1
MIR9-1	MIR9-3	ATP11A
MIR9-1	MIR9-3	AP1S2
MIR9-1	MIR9-3	CCNG1
MIR9-1	MIR9-3	MYH10
MIR9-1	MIR9-3	SLC8A1
MIR9-1	MIR9-3	STC1
MIR9-1	MIR9-3	CPD
MIR9-1	MIR9-3	OSBPL3
MIR9-1	MIR9-3	AEBP2
MIR9-1	MIR9-3	ARHGAP5
MIR9-1	MIR9-3	EHD4
MIR9-1	MIR9-3	TNC
MIR9-1	MIR9-3	PARG
MIR9-1	MIR9-3	MSANTD4
MIR9-1	MIR9-3	ATL2
MIR9-1	MIR9-3	EIF4E3
MIR9-1	MIR9-3	IPO4
MIR9-1	MIR9-3	NID2
MIR9-1	MIR9-3	ACBD3
MIR9-1	MIR9-3	GPBP1
MIR9-1	MIR9-3	ID4
MIR9-1	MIR9-3	TRIM2
MIR9-1	MIR9-3	PDGFRB
MIR9-1	MIR9-3	BHLHE22
MIR9-1	MIR9-3	MMP16
MIR9-1	MIR9-3	BNIP3L
MIR9-1	MIR9-3	GNPNAT1
MIR9-1	MIR9-3	CLOCK
MIR9-1	MIR9-3	ANKH
MIR9-1	MIR9-3	BICRAL
MIR9-1	MIR9-3	FOXP4
MIR9-1	MIR9-3	NUS1
MIR9-1	MIR9-3	ZCCHC2
MIR9-1	MIR9-3	PDCD4
MIR9-1	MIR9-3	ESRRG
MIR9-1	MIR9-3	ALCAM
MIR9-1	MIR9-3	ANK2
MIR9-1	MIR9-3	KHDRBS2
MIR9-1	MIR9-3	FRMD6
MIR9-1	MIR9-3	TRERF1
MIR9-1	MIR9-3	SLC35B3
MIR9-1	MIR9-3	CPEB3
MIR9-1	MIR9-3	DCBLD2
MIR9-1	MIR9-3	EMB
MIR9-1	MIR9-3	CAPZA1
MIR9-1	MIR9-3	RNF111
MIR9-1	MIR9-3	SHC1
MIR9-1	MIR9-3	FBN1
MIR9-1	MIR9-3	PPM1A
MIR9-1	MIR9-3	SUDS3
MIR9-1	MIR9-3	DAZAP1
MIR9-1	MIR9-3	ANO1
MIR9-1	MIR9-3	ELOVL6
MIR9-1	MIR9-3	PBX3
MIR9-1	MIR9-3	TIAM1
MIR9-1	MIR9-3	LYVE1
MIR9-1	MIR9-3	PCDHA4
MIR9-1	MIR9-3	SH3KBP1
MIR9-1	MIR9-3	PCMTD1
MIR9-1	MIR9-3	ARFGEF2
MIR9-1	MIR9-3	DDHD2
MIR9-1	MIR9-3	AP3M1
MIR9-1	MIR9-3	PTBP3
MIR9-1	MIR9-3	HERPUD1
MIR9-1	MIR9-3	PRDM6
MIR9-1	MIR9-3	CALB2
MIR9-1	MIR9-3	GPR137C
MIR9-1	MIR9-3	RBBP6
MIR9-1	MIR9-3	POU2F1
MIR9-1	MIR9-3	LDLRAP1
MIR9-1	MIR9-3	DIPK2A
MIR9-1	MIR9-3	HUNK
MIR9-1	MIR9-3	NR5A2
MIR9-1	MIR9-3	CNOT6L
MIR9-1	MIR9-3	PYGO2
MIR9-1	MIR9-3	PAN3
MIR9-1	MIR9-3	FAM91A1
MIR9-1	MIR9-3	BLCAP
MIR9-1	MIR9-3	CTNNA1
MIR9-1	MIR9-3	ACOT7
MIR9-1	MIR9-3	YAF2
MIR9-1	MIR9-3	PDE4D
MIR9-1	MIR9-3	SUCLA2
MIR9-1	MIR9-3	RBPJ
MIR9-1	MIR9-3	GNAI1
MIR9-1	MIR9-3	ZHX1
MIR9-1	MIR9-3	STARD13
MIR9-1	MIR9-3	TNKS
MIR9-1	MIR9-3	RAB34
MIR9-1	MIR9-3	PDLIM5
MIR9-1	MIR9-3	PCGF5
MIR9-1	MIR9-3	SLC10A3
MIR9-1	MIR9-3	CPEB4
MIR9-1	MIR9-3	CYLD
MIR9-1	MIR9-3	DHX40
MIR9-1	MIR9-3	ADIPOR1
MIR9-1	MIR9-3	PANK3
MIR9-1	MIR9-3	YPEL2
MIR9-1	MIR9-3	CCDC43
MIR9-1	MIR9-3	RREB1
MIR9-1	MIR9-3	ABCC5
MIR9-1	MIR9-3	ZFHX4
MIR9-1	MIR9-3	YIPF5
MIR9-1	MIR9-3	CNOT6
MIR9-1	MIR9-3	FBXO28
MIR9-1	MIR9-3	MIER3
MIR9-1	MIR9-3	ATF1
MIR9-1	MIR9-3	VAV3
MIR9-1	MIR9-3	ITPRIPL2
MIR9-1	MIR9-3	TESK2
MIR9-1	MIR9-3	TLE4
MIR9-1	MIR9-3	STK3
MIR9-1	MIR9-3	MAP3K3
MIR9-1	MIR9-3	ZIC5
MIR9-1	MIR9-3	POU3F2
MIR9-1	MIR9-3	ZNF292
MIR9-1	MIR9-3	FAM13C
MIR9-1	MIR9-3	TMEM167B
MIR9-1	MIR9-3	NAP1L1
MIR9-1	MIR9-3	UHMK1
MIR9-1	MIR9-3	IKZF2
MIR9-1	MIR9-3	SPTLC2
MIR9-1	MIR9-3	MBLAC2
MIR9-1	MIR9-3	MXI1
MIR9-1	MIR9-3	FBN2
MIR9-1	MIR9-3	IGF1
MIR9-1	MIR9-3	NEDD4
MIR9-1	MIR9-3	SMARCD2
MIR9-1	MIR9-3	EIF4E
MIR9-1	MIR9-3	DMD
MIR9-1	MIR9-3	HSPA4
MIR9-1	MIR9-3	RAB14
MIR9-1	MIR9-3	DOK6
MIR9-1	MIR9-3	HIVEP2
MIR9-1	MIR9-3	HMGA2
MIR9-1	MIR9-3	GALNT3
MIR9-1	MIR9-3	YOD1
MIR9-1	MIR9-3	NEXMIF
MIR9-1	MIR9-3	SACS
MIR9-1	MIR9-3	MFSD14A
MIR9-1	MIR9-3	PCDHAC1
MIR9-1	MIR9-3	ENPEP
MIR9-1	MIR9-3	KLLN
MIR9-1	MIR9-3	NUFIP2
MIR9-1	MIR9-3	TPD52L2
MIR9-1	MIR9-3	ZNF395
MIR9-1	MIR9-3	FAF2
MIR9-1	MIR9-3	TBC1D15
MIR9-1	MIR9-3	CFL2
MIR9-1	MIR9-3	PWWP3B
MIR9-1	MIR9-3	SFXN2
MIR9-1	MIR9-3	TNKS2
MIR9-1	MIR9-3	RIT1
MIR9-1	MIR9-3	KIAA1217
MIR9-1	MIR9-3	PXDN
MIR9-1	MIR9-3	CNKSR3
MIR9-1	MIR9-3	RANBP2
MIR9-1	MIR9-3	SOS2
MIR9-1	MIR9-3	SHROOM4
MIR9-1	MIR9-3	COL15A1
MIR9-1	MIR9-3	PCDH9
MIR9-1	MIR9-3	PRKAA2
MIR9-1	MIR9-3	ZKSCAN1
MIR9-1	MIR9-3	STK4
MIR9-1	MIR9-3	UBE2Z
MIR9-1	MIR9-3	ELAVL1
MIR9-1	MIR9-3	LRP6
MIR9-1	MIR9-3	TOMM20
MIR9-1	MIR9-3	LIN28B
MIR9-1	MIR9-3	PRRX1
MIR9-1	MIR9-3	SNTB2
MIR9-1	MIR9-3	STK24
MIR9-1	MIR9-3	LIN28A
MIR9-1	MIR9-3	ECPAS
MIR9-1	MIR9-3	AP4E1
MIR9-1	MIR9-3	FSTL1
MIR9-1	MIR9-3	SLC25A24
MIR9-1	MIR9-3	FYTTD1
MIR9-1	MIR9-3	FBXO33
MIR9-1	MIR9-3	GABRB2
MIR9-1	MIR9-3	PLPPR1
MIR9-1	MIR9-3	CSNK1G3
MIR9-1	MIR9-3	BOD1L1
MIR9-1	MIR9-3	MAGT1
MIR9-1	MIR9-3	PALMD
MIR9-1	MIR9-3	TPD52
MIR9-1	MIR9-3	KLHL15
MIR9-1	MIR9-3	RHOQ
MIR9-1	MIR9-3	ZBTB33
MIR9-1	MIR9-3	C5orf24
MIR9-1	MIR9-3	AGFG1
MIR9-1	MIR9-3	SIX4
MIR9-1	MIR9-3	MTMR2
MIR9-1	MIR9-3	TSC22D2
MIR9-1	MIR9-3	PHLDB2
MIR9-1	MIR9-3	PHF20L1
MIR9-1	MIR9-3	SLC50A1
MIR9-1	MIR9-3	GABRA1
MIR9-1	MIR9-3	WASF2
MIR9-1	MIR9-3	PHF3
MIR9-1	MIR9-3	NAA20
MIR9-1	MIR9-3	UBR3
MIR9-1	MIR9-3	PSD3
MIR9-1	MIR9-3	SLC6A6
MIR9-1	MIR9-3	KCTD9
MIR9-1	MIR9-3	TENT5C
MIR9-1	MIR9-3	NXPE3
MIR9-1	MIR9-3	KCNJ2
MIR9-1	MIR9-3	FOXN2
MIR9-1	MIR9-3	KCTD12
MIR9-1	MIR9-3	CAST
MIR9-1	MIR9-3	HLTF
MIR9-1	MIR9-3	LAMP1
MIR9-1	MIR9-3	HK2
MIR9-1	MIR9-3	DIXDC1
MIR9-1	MIR9-3	DTNA
MIR9-1	MIR9-3	BACE1
MIR9-1	MIR9-3	TLNRD1
MIR9-1	MIR9-3	SOCS5
MIR9-1	MIR9-3	ONECUT1
MIR9-1	MIR9-3	ARID1A
MIR9-1	MIR9-3	TRPM7
MIR9-1	MIR9-3	DIAPH2
MIR9-1	MIR9-3	ARL8B
MIR9-1	MIR9-3	MINDY3
MIR9-1	MIR9-3	FIGN
MIR9-1	MIR9-3	YBX3
MIR9-1	MIR9-3	ERMN
MIR9-1	MIR9-3	PDK4
MIR9-1	MIR9-3	CCNDBP1
MIR9-1	MIR9-3	SLC31A2
MIR9-1	MIR9-3	SH2B3
MIR9-1	MIR9-3	FOXP1
MIR9-1	MIR9-3	WWTR1
MIR9-1	MIR9-3	VANGL1
MIR9-1	MIR9-3	MPPED2
MIR9-1	MIR9-3	ITGB1
MIR9-1	MIR9-3	P3H1
MIR9-1	MIR9-3	CDK13
MIR9-1	MIR9-3	RASA1
MIR9-1	MIR9-3	FOXP2
MIR9-1	MIR9-3	CSDE1
MIR9-1	MIR9-3	TMEM109
MIR9-1	MIR9-3	TANC2
MIR9-1	MIR9-3	ZNF664
MIR9-1	MIR9-3	KITLG
MIR9-1	MIR9-3	CCND2
MIR9-1	MIR9-3	PTPRB
MIR9-1	MIR9-3	PURA
MIR9-1	MIR9-3	ARL4A
MIR9-1	MIR9-3	ENTPD5
MIR9-1	MIR9-3	SIRT1
MIR9-1	MIR9-3	SDC2
MIR9-1	MIR9-3	SEC23IP
MIR9-1	MIR9-3	JAZF1
MIR9-1	MIR9-3	RANBP17
MIR9-1	MIR9-3	PRPS2
MIR9-1	MIR9-3	CD109
MIR9-1	MIR9-3	P4HA2
MIR9-1	MIR9-3	USP46
MIR9-1	MIR9-3	ZBTB41
MIR9-1	MIR9-3	JPT2
MIR9-1	MIR9-3	ONECUT2
MIR9-1	MIR9-3	MARCHF6
MIR9-1	MIR9-3	LMO3
MIR9-1	MIR9-3	TGFBI
MIR9-1	MIR9-3	SPOPL
MIR9-1	MIR9-3	IGFBP3
MIR9-1	MIR9-3	TNFAIP8
MIR9-1	MIR9-3	ARID2
MIR9-1	MIR9-3	DR1
MIR9-1	MIR9-3	ITM2B
MIR9-1	MIR9-3	CPEB2
MIR9-1	MIR9-3	UBE3C
MIR9-1	MIR9-3	RAP2A
MIR9-1	MIR9-3	ACTL6A
MIR9-1	MIR9-3	CRIM1
MIR9-1	MIR9-3	E2F1
MIR9-1	MIR9-3	SRSF10
MIR9-1	MIR9-3	DCUN1D4
MIR9-1	MIR9-3	ZFHX3
MIR9-2	MIR9-3	CDKN1C
MIR9-2	MIR9-3	MZT1
MIR9-2	MIR9-3	GNPDA2
MIR9-2	MIR9-3	PFKM
MIR9-2	MIR9-3	WDR1
MIR9-2	MIR9-3	PDGFC
MIR9-2	MIR9-3	STAG2
MIR9-2	MIR9-3	TENT5D
MIR9-2	MIR9-3	DYRK1B
MIR9-2	MIR9-3	DLG1
MIR9-2	MIR9-3	GMFB
MIR9-2	MIR9-3	PCDH19
MIR9-2	MIR9-3	KLF5
MIR9-2	MIR9-3	CCSER2
MIR9-2	MIR9-3	SGMS2
MIR9-2	MIR9-3	MDGA2
MIR9-2	MIR9-3	UBASH3B
MIR9-2	MIR9-3	TMEM64
MIR9-2	MIR9-3	POU2F3
MIR9-2	MIR9-3	ULK2
MIR9-2	MIR9-3	TFAP2B
MIR9-2	MIR9-3	MYOCD
MIR9-2	MIR9-3	PRDM1
MIR9-2	MIR9-3	MTHFD2
MIR9-2	MIR9-3	SCRIB
MIR9-2	MIR9-3	CERT1
MIR9-2	MIR9-3	TNPO1
MIR9-2	MIR9-3	PBRM1
MIR9-2	MIR9-3	DYRK1A
MIR9-2	MIR9-3	SNX25
MIR9-2	MIR9-3	IGF2BP3
MIR9-2	MIR9-3	ZC3H11A
MIR9-2	MIR9-3	KCNMB3
MIR9-2	MIR9-3	AP3B1
MIR9-2	MIR9-3	TBPL1
MIR9-2	MIR9-3	E2F7
MIR9-2	MIR9-3	PIK3CA
MIR9-2	MIR9-3	CSNK1A1
MIR9-2	MIR9-3	PELI2
MIR9-2	MIR9-3	UBE2D3
MIR9-2	MIR9-3	HIPK1
MIR9-2	MIR9-3	ATP11A
MIR9-2	MIR9-3	AP1S2
MIR9-2	MIR9-3	CCNG1
MIR9-2	MIR9-3	MYH10
MIR9-2	MIR9-3	SLC8A1
MIR9-2	MIR9-3	STC1
MIR9-2	MIR9-3	CPD
MIR9-2	MIR9-3	OSBPL3
MIR9-2	MIR9-3	AEBP2
MIR9-2	MIR9-3	ARHGAP5
MIR9-2	MIR9-3	EHD4
MIR9-2	MIR9-3	TNC
MIR9-2	MIR9-3	PARG
MIR9-2	MIR9-3	MSANTD4
MIR9-2	MIR9-3	ATL2
MIR9-2	MIR9-3	EIF4E3
MIR9-2	MIR9-3	IPO4
MIR9-2	MIR9-3	NID2
MIR9-2	MIR9-3	ACBD3
MIR9-2	MIR9-3	GPBP1
MIR9-2	MIR9-3	ID4
MIR9-2	MIR9-3	TRIM2
MIR9-2	MIR9-3	PDGFRB
MIR9-2	MIR9-3	BHLHE22
MIR9-2	MIR9-3	MMP16
MIR9-2	MIR9-3	BNIP3L
MIR9-2	MIR9-3	GNPNAT1
MIR9-2	MIR9-3	CLOCK
MIR9-2	MIR9-3	ANKH
MIR9-2	MIR9-3	BICRAL
MIR9-2	MIR9-3	FOXP4
MIR9-2	MIR9-3	NUS1
MIR9-2	MIR9-3	ZCCHC2
MIR9-2	MIR9-3	PDCD4
MIR9-2	MIR9-3	ESRRG
MIR9-2	MIR9-3	ALCAM
MIR9-2	MIR9-3	ANK2
MIR9-2	MIR9-3	KHDRBS2
MIR9-2	MIR9-3	FRMD6
MIR9-2	MIR9-3	TRERF1
MIR9-2	MIR9-3	SLC35B3
MIR9-2	MIR9-3	CPEB3
MIR9-2	MIR9-3	DCBLD2
MIR9-2	MIR9-3	EMB
MIR9-2	MIR9-3	CAPZA1
MIR9-2	MIR9-3	RNF111
MIR9-2	MIR9-3	SHC1
MIR9-2	MIR9-3	FBN1
MIR9-2	MIR9-3	PPM1A
MIR9-2	MIR9-3	SUDS3
MIR9-2	MIR9-3	DAZAP1
MIR9-2	MIR9-3	ANO1
MIR9-2	MIR9-3	ELOVL6
MIR9-2	MIR9-3	PBX3
MIR9-2	MIR9-3	TIAM1
MIR9-2	MIR9-3	LYVE1
MIR9-2	MIR9-3	PCDHA4
MIR9-2	MIR9-3	SH3KBP1
MIR9-2	MIR9-3	PCMTD1
MIR9-2	MIR9-3	ARFGEF2
MIR9-2	MIR9-3	DDHD2
MIR9-2	MIR9-3	AP3M1
MIR9-2	MIR9-3	PTBP3
MIR9-2	MIR9-3	HERPUD1
MIR9-2	MIR9-3	PRDM6
MIR9-2	MIR9-3	CALB2
MIR9-2	MIR9-3	GPR137C
MIR9-2	MIR9-3	RBBP6
MIR9-2	MIR9-3	POU2F1
MIR9-2	MIR9-3	LDLRAP1
MIR9-2	MIR9-3	DIPK2A
MIR9-2	MIR9-3	HUNK
MIR9-2	MIR9-3	NR5A2
MIR9-2	MIR9-3	CNOT6L
MIR9-2	MIR9-3	PYGO2
MIR9-2	MIR9-3	PAN3
MIR9-2	MIR9-3	FAM91A1
MIR9-2	MIR9-3	BLCAP
MIR9-2	MIR9-3	CTNNA1
MIR9-2	MIR9-3	ACOT7
MIR9-2	MIR9-3	YAF2
MIR9-2	MIR9-3	PDE4D
MIR9-2	MIR9-3	SUCLA2
MIR9-2	MIR9-3	RBPJ
MIR9-2	MIR9-3	GNAI1
MIR9-2	MIR9-3	ZHX1
MIR9-2	MIR9-3	STARD13
MIR9-2	MIR9-3	TNKS
MIR9-2	MIR9-3	RAB34
MIR9-2	MIR9-3	PDLIM5
MIR9-2	MIR9-3	PCGF5
MIR9-2	MIR9-3	SLC10A3
MIR9-2	MIR9-3	CPEB4
MIR9-2	MIR9-3	CYLD
MIR9-2	MIR9-3	DHX40
MIR9-2	MIR9-3	ADIPOR1
MIR9-2	MIR9-3	PANK3
MIR9-2	MIR9-3	YPEL2
MIR9-2	MIR9-3	CCDC43
MIR9-2	MIR9-3	RREB1
MIR9-2	MIR9-3	ABCC5
MIR9-2	MIR9-3	ZFHX4
MIR9-2	MIR9-3	YIPF5
MIR9-2	MIR9-3	CNOT6
MIR9-2	MIR9-3	FBXO28
MIR9-2	MIR9-3	MIER3
MIR9-2	MIR9-3	ATF1
MIR9-2	MIR9-3	VAV3
MIR9-2	MIR9-3	ITPRIPL2
MIR9-2	MIR9-3	TESK2
MIR9-2	MIR9-3	TLE4
MIR9-2	MIR9-3	STK3
MIR9-2	MIR9-3	MAP3K3
MIR9-2	MIR9-3	ZIC5
MIR9-2	MIR9-3	POU3F2
MIR9-2	MIR9-3	ZNF292
MIR9-2	MIR9-3	FAM13C
MIR9-2	MIR9-3	TMEM167B
MIR9-2	MIR9-3	NAP1L1
MIR9-2	MIR9-3	UHMK1
MIR9-2	MIR9-3	IKZF2
MIR9-2	MIR9-3	SPTLC2
MIR9-2	MIR9-3	MBLAC2
MIR9-2	MIR9-3	MXI1
MIR9-2	MIR9-3	FBN2
MIR9-2	MIR9-3	IGF1
MIR9-2	MIR9-3	NEDD4
MIR9-2	MIR9-3	SMARCD2
MIR9-2	MIR9-3	EIF4E
MIR9-2	MIR9-3	DMD
MIR9-2	MIR9-3	HSPA4
MIR9-2	MIR9-3	RAB14
MIR9-2	MIR9-3	DOK6
MIR9-2	MIR9-3	HIVEP2
MIR9-2	MIR9-3	HMGA2
MIR9-2	MIR9-3	GALNT3
MIR9-2	MIR9-3	YOD1
MIR9-2	MIR9-3	NEXMIF
MIR9-2	MIR9-3	SACS
MIR9-2	MIR9-3	MFSD14A
MIR9-2	MIR9-3	PCDHAC1
MIR9-2	MIR9-3	ENPEP
MIR9-2	MIR9-3	KLLN
MIR9-2	MIR9-3	NUFIP2
MIR9-2	MIR9-3	TPD52L2
MIR9-2	MIR9-3	ZNF395
MIR9-2	MIR9-3	FAF2
MIR9-2	MIR9-3	TBC1D15
MIR9-2	MIR9-3	CFL2
MIR9-2	MIR9-3	PWWP3B
MIR9-2	MIR9-3	SFXN2
MIR9-2	MIR9-3	TNKS2
MIR9-2	MIR9-3	RIT1
MIR9-2	MIR9-3	KIAA1217
MIR9-2	MIR9-3	PXDN
MIR9-2	MIR9-3	CNKSR3
MIR9-2	MIR9-3	RANBP2
MIR9-2	MIR9-3	SOS2
MIR9-2	MIR9-3	SHROOM4
MIR9-2	MIR9-3	COL15A1
MIR9-2	MIR9-3	PCDH9
MIR9-2	MIR9-3	PRKAA2
MIR9-2	MIR9-3	ZKSCAN1
MIR9-2	MIR9-3	STK4
MIR9-2	MIR9-3	UBE2Z
MIR9-2	MIR9-3	ELAVL1
MIR9-2	MIR9-3	LRP6
MIR9-2	MIR9-3	TOMM20
MIR9-2	MIR9-3	LIN28B
MIR9-2	MIR9-3	PRRX1
MIR9-2	MIR9-3	SNTB2
MIR9-2	MIR9-3	STK24
MIR9-2	MIR9-3	LIN28A
MIR9-2	MIR9-3	ECPAS
MIR9-2	MIR9-3	AP4E1
MIR9-2	MIR9-3	FSTL1
MIR9-2	MIR9-3	SLC25A24
MIR9-2	MIR9-3	FYTTD1
MIR9-2	MIR9-3	FBXO33
MIR9-2	MIR9-3	GABRB2
MIR9-2	MIR9-3	PLPPR1
MIR9-2	MIR9-3	CSNK1G3
MIR9-2	MIR9-3	BOD1L1
MIR9-2	MIR9-3	MAGT1
MIR9-2	MIR9-3	PALMD
MIR9-2	MIR9-3	TPD52
MIR9-2	MIR9-3	KLHL15
MIR9-2	MIR9-3	RHOQ
MIR9-2	MIR9-3	ZBTB33
MIR9-2	MIR9-3	C5orf24
MIR9-2	MIR9-3	AGFG1
MIR9-2	MIR9-3	SIX4
MIR9-2	MIR9-3	MTMR2
MIR9-2	MIR9-3	TSC22D2
MIR9-2	MIR9-3	PHLDB2
MIR9-2	MIR9-3	PHF20L1
MIR9-2	MIR9-3	SLC50A1
MIR9-2	MIR9-3	GABRA1
MIR9-2	MIR9-3	WASF2
MIR9-2	MIR9-3	PHF3
MIR9-2	MIR9-3	NAA20
MIR9-2	MIR9-3	UBR3
MIR9-2	MIR9-3	PSD3
MIR9-2	MIR9-3	SLC6A6
MIR9-2	MIR9-3	KCTD9
MIR9-2	MIR9-3	TENT5C
MIR9-2	MIR9-3	NXPE3
MIR9-2	MIR9-3	KCNJ2
MIR9-2	MIR9-3	FOXN2
MIR9-2	MIR9-3	KCTD12
MIR9-2	MIR9-3	CAST
MIR9-2	MIR9-3	HLTF
MIR9-2	MIR9-3	LAMP1
MIR9-2	MIR9-3	HK2
MIR9-2	MIR9-3	DIXDC1
MIR9-2	MIR9-3	DTNA
MIR9-2	MIR9-3	BACE1
MIR9-2	MIR9-3	TLNRD1
MIR9-2	MIR9-3	SOCS5
MIR9-2	MIR9-3	ONECUT1
MIR9-2	MIR9-3	ARID1A
MIR9-2	MIR9-3	TRPM7
MIR9-2	MIR9-3	DIAPH2
MIR9-2	MIR9-3	ARL8B
MIR9-2	MIR9-3	MINDY3
MIR9-2	MIR9-3	FIGN
MIR9-2	MIR9-3	YBX3
MIR9-2	MIR9-3	ERMN
MIR9-2	MIR9-3	PDK4
MIR9-2	MIR9-3	CCNDBP1
MIR9-2	MIR9-3	SLC31A2
MIR9-2	MIR9-3	SH2B3
MIR9-2	MIR9-3	FOXP1
MIR9-2	MIR9-3	WWTR1
MIR9-2	MIR9-3	VANGL1
MIR9-2	MIR9-3	MPPED2
MIR9-2	MIR9-3	ITGB1
MIR9-2	MIR9-3	P3H1
MIR9-2	MIR9-3	CDK13
MIR9-2	MIR9-3	RASA1
MIR9-2	MIR9-3	FOXP2
MIR9-2	MIR9-3	CSDE1
MIR9-2	MIR9-3	TMEM109
MIR9-2	MIR9-3	TANC2
MIR9-2	MIR9-3	ZNF664
MIR9-2	MIR9-3	KITLG
MIR9-2	MIR9-3	CCND2
MIR9-2	MIR9-3	PTPRB
MIR9-2	MIR9-3	PURA
MIR9-2	MIR9-3	ARL4A
MIR9-2	MIR9-3	ENTPD5
MIR9-2	MIR9-3	SIRT1
MIR9-2	MIR9-3	SDC2
MIR9-2	MIR9-3	SEC23IP
MIR9-2	MIR9-3	JAZF1
MIR9-2	MIR9-3	RANBP17
MIR9-2	MIR9-3	PRPS2
MIR9-2	MIR9-3	CD109
MIR9-2	MIR9-3	P4HA2
MIR9-2	MIR9-3	USP46
MIR9-2	MIR9-3	ZBTB41
MIR9-2	MIR9-3	JPT2
MIR9-2	MIR9-3	ONECUT2
MIR9-2	MIR9-3	MARCHF6
MIR9-2	MIR9-3	LMO3
MIR9-2	MIR9-3	TGFBI
MIR9-2	MIR9-3	SPOPL
MIR9-2	MIR9-3	IGFBP3
MIR9-2	MIR9-3	TNFAIP8
MIR9-2	MIR9-3	ARID2
MIR9-2	MIR9-3	DR1
MIR9-2	MIR9-3	ITM2B
MIR9-2	MIR9-3	CPEB2
MIR9-2	MIR9-3	UBE3C
MIR9-2	MIR9-3	RAP2A
MIR9-2	MIR9-3	ACTL6A
MIR9-2	MIR9-3	CRIM1
MIR9-2	MIR9-3	E2F1
MIR9-2	MIR9-3	SRSF10
MIR9-2	MIR9-3	DCUN1D4
MIR9-2	MIR9-3	ZFHX3
MIR100	MIR99A	RASGRP3
MIR100	MIR99A	MBNL1
MIR100	MIR99A	TUBB6
MIR100	MIR99A	NOX4
MIR100	MIR99A	IMPDH1
MIR100	MIR99A	SMAD7
MIR100	MIR99A	LRRC8B
MIR100	MIR99A	RMND5A
MIR100	MIR99A	KBTBD8
MIR100	MIR99A	NAA30
MIR100	MIR99A	TMEM135
MIR100	MIR99A	ZADH2
MIR100	MIR99A	FGFR3
MIR100	MIR99A	DDX6
MIR100	MIR99A	CDC25A
MIR100	MIR99A	CDYL2
MIR100	MIR99A	AGO2
MIR100	MIR99A	CLDN11
MIR100	MIR99A	MTMR3
MIR100	MIR99A	PRDM1
MIR100	MIR99A	NUDT16L1
MIR100	MIR99A	RRN3
MIR100	MIR99A	HSP90B1
MIR100	MIR99A	NT5DC3
MIR100	MIR99A	ETV3
MIR100	MIR99A	NTRK3
MIR100	MIR99A	CYP26B1
MIR100	MIR99A	SETD1B
MIR100	MIR99A	GSK3B
MIR100	MIR99A	CERT1
MIR100	MIR99A	PCSK9
MIR100	MIR99A	UST
MIR100	MIR99A	PPP1CB
MIR100	MIR99A	C5orf22
MIR100	MIR99A	ZNRF2
MIR100	MIR99A	SOCS5
MIR100	MIR99A	ZBTB7B
MIR100	MIR99A	CEP85
MIR100	MIR99A	ST6GALNAC4
MIR100	MIR99A	NIPBL
MIR100	MIR99A	NSD2
MIR100	MIR99A	IGF1R
MIR100	MIR99A	EPDR1
MIR100	MIR99A	SMARCA5
MIR100	MIR99A	INSM1
MIR100	MIR99A	BMPR2
MIR100	MIR99A	GRHL1
MIR100	MIR99A	CTDSPL
MIR100	MIR99A	DENND2B
MIR100	MIR99A	MARCKS
MIR100	MIR99A	ZNF845
MIR100	MIR99A	RAVER2
MIR100	MIR99A	BAZ2A
MIR100	MIR99A	TTC39A
MIR100	MIR99A	KDM6B
MIR100	MIR99A	CERK
MIR100	MIR99A	TRIM71
MIR100	MIR99A	GMPS
MIR100	MIR99A	PI15
MIR100	MIR99A	HES7
MIR100	MIR99A	THAP2
MIR100	MIR99A	ZNF483
MIR100	MIR99A	RAP1B
MIR100	MIR99A	PPP3CA
MIR100	MIR99A	ATP11C
MIR100	MIR99A	SATB1
MIR100	MIR99A	TAOK1
MIR100	MIR99A	HS3ST3B1
MIR100	MIR99A	ANKRD28
MIR100	MIR99A	ZNF554
MIR100	MIR99A	ZZEF1
MIR100	MIR99A	AP1AR
MIR100	MIR99A	PCDH7
MIR100	MIR99A	HOXA1
MIR100	MIR99A	IREB2
MIR100	MIR99A	SAMD4A
MIR100	MIR99A	FOXJ3
MIR100	MIR99A	ACVR2B
MIR100	MIR99A	SMARCD1
MIR100	MIR99A	NR6A1
MIR100	MIR99A	DESI2
MIR100	MIR99A	WIPF2
MIR100	MIR99A	AFAP1L1
MIR100	MIR99A	HNRNPU
MIR100	MIR99A	FZD5
MIR100	MIR99A	ICMT
MIR100	MIR99A	REPS2
MIR100	MIR99A	TRIB2
MIR100	MIR99A	RRAGD
MIR100	MIR99A	SLC44A1
MIR100	MIR99A	MAP2K3
MIR100	MIR99A	HS3ST2
MIR100	MIR99A	TMEM30A
MIR100	MIR99A	OSMR
MIR100	MIR99A	MPRIP
MIR100	MIR99A	ZCCHC2
MIR100	MIR99A	FKBP5
MIR100	MIR99A	RSL24D1
MIR100	MIR99A	ZBTB7A
MIR100	MIR99A	MTOR
MIR100	MIR99A	FZD8
MIR100	MIR99A	TARDBP
MIR100	MIR99A	FXR1
MIR100	MIR99A	NXF1
MIR100	MIR99A	ADCY1
MIR100	MIR99A	TRIB1
MIR100	MIR99B	RASGRP3
MIR100	MIR99B	MBNL1
MIR100	MIR99B	TUBB6
MIR100	MIR99B	NOX4
MIR100	MIR99B	IMPDH1
MIR100	MIR99B	SMAD7
MIR100	MIR99B	LRRC8B
MIR100	MIR99B	RMND5A
MIR100	MIR99B	KBTBD8
MIR100	MIR99B	NAA30
MIR100	MIR99B	TMEM135
MIR100	MIR99B	ZADH2
MIR100	MIR99B	FGFR3
MIR100	MIR99B	CDC25A
MIR100	MIR99B	CDYL2
MIR100	MIR99B	AGO2
MIR100	MIR99B	CLDN11
MIR100	MIR99B	MTMR3
MIR100	MIR99B	NUDT16L1
MIR100	MIR99B	RRN3
MIR100	MIR99B	GOLGA3
MIR100	MIR99B	NT5DC3
MIR100	MIR99B	ETV3
MIR100	MIR99B	NTRK3
MIR100	MIR99B	CYP26B1
MIR100	MIR99B	SETD1B
MIR100	MIR99B	GSK3B
MIR100	MIR99B	CERT1
MIR100	MIR99B	PCSK9
MIR100	MIR99B	UST
MIR100	MIR99B	PPP1CB
MIR100	MIR99B	MDM2
MIR100	MIR99B	ZNRF2
MIR100	MIR99B	SOCS5
MIR100	MIR99B	CEP85
MIR100	MIR99B	ST6GALNAC4
MIR100	MIR99B	NIPBL
MIR100	MIR99B	IGF1R
MIR100	MIR99B	EPDR1
MIR100	MIR99B	SMARCA5
MIR100	MIR99B	INSM1
MIR100	MIR99B	BMPR2
MIR100	MIR99B	GRHL1
MIR100	MIR99B	IP6K1
MIR100	MIR99B	CTDSPL
MIR100	MIR99B	DENND2B
MIR100	MIR99B	ZNF845
MIR100	MIR99B	RAVER2
MIR100	MIR99B	BAZ2A
MIR100	MIR99B	TTC39A
MIR100	MIR99B	KDM6B
MIR100	MIR99B	TRIM71
MIR100	MIR99B	GMPS
MIR100	MIR99B	PI15
MIR100	MIR99B	HES7
MIR100	MIR99B	THAP2
MIR100	MIR99B	ZNF483
MIR100	MIR99B	PPP3CA
MIR100	MIR99B	ATP11C
MIR100	MIR99B	SATB1
MIR100	MIR99B	TAOK1
MIR100	MIR99B	HS3ST3B1
MIR100	MIR99B	ANKRD28
MIR100	MIR99B	ZNF554
MIR100	MIR99B	ZZEF1
MIR100	MIR99B	AP1AR
MIR100	MIR99B	HOXA1
MIR100	MIR99B	IREB2
MIR100	MIR99B	SAMD4A
MIR100	MIR99B	ACVR2B
MIR100	MIR99B	SMARCD1
MIR100	MIR99B	NR6A1
MIR100	MIR99B	DESI2
MIR100	MIR99B	HNRNPU
MIR100	MIR99B	FZD5
MIR100	MIR99B	ICMT
MIR100	MIR99B	TRIB2
MIR100	MIR99B	RRAGD
MIR100	MIR99B	SLC44A1
MIR100	MIR99B	TMEM30A
MIR100	MIR99B	HS3ST2
MIR100	MIR99B	OSMR
MIR100	MIR99B	NR1D2
MIR100	MIR99B	ZCCHC2
MIR100	MIR99B	FKBP5
MIR100	MIR99B	ZBTB7A
MIR100	MIR99B	MTOR
MIR100	MIR99B	FZD8
MIR100	MIR99B	TARDBP
MIR100	MIR99B	FXR1
MIR100	MIR99B	NXF1
MIR100	MIR99B	ADCY1
MIR100	MIR99B	ADGRE2
MIR100	MIR99B	TRIB1
MIR99A	MIR99B	LDAF1
MIR99A	MIR99B	ROR2
MIR99A	MIR99B	PAFAH1B1
MIR99A	MIR99B	RASGRP3
MIR99A	MIR99B	LEMD3
MIR99A	MIR99B	TGOLN2
MIR99A	MIR99B	BCL11A
MIR99A	MIR99B	CCDC32
MIR99A	MIR99B	TUBB6
MIR99A	MIR99B	NOX4
MIR99A	MIR99B	IMPDH1
MIR99A	MIR99B	SMAD7
MIR99A	MIR99B	ATAD2B
MIR99A	MIR99B	RPRD2
MIR99A	MIR99B	ILF3
MIR99A	MIR99B	LRRC8B
MIR99A	MIR99B	RMND5A
MIR99A	MIR99B	ZCCHC14
MIR99A	MIR99B	KBTBD8
MIR99A	MIR99B	NAA30
MIR99A	MIR99B	TMEM135
MIR99A	MIR99B	ZADH2
MIR99A	MIR99B	FGFR3
MIR99A	MIR99B	CDC25A
MIR99A	MIR99B	UCK2
MIR99A	MIR99B	CDYL2
MIR99A	MIR99B	GK5
MIR99A	MIR99B	EIF2AK4
MIR99A	MIR99B	AGO2
MIR99A	MIR99B	NXPE3
MIR99A	MIR99B	THUMPD1
MIR99A	MIR99B	SYNCRIP
MIR99A	MIR99B	MMP8
MIR99A	MIR99B	MLEC
MIR99A	MIR99B	CLDN11
MIR99A	MIR99B	ANKRD13C
MIR99A	MIR99B	CREB3L2
MIR99A	MIR99B	MTMR3
MIR99A	MIR99B	IRF2BPL
MIR99A	MIR99B	HCFC2
MIR99A	MIR99B	ATP9A
MIR99A	MIR99B	NUDT16L1
MIR99A	MIR99B	GSR
MIR99A	MIR99B	RRN3
MIR99A	MIR99B	NT5DC3
MIR99A	MIR99B	CPTP
MIR99A	MIR99B	ETV3
MIR99A	MIR99B	NTRK3
MIR99A	MIR99B	CYP26B1
MIR99A	MIR99B	SETD1B
MIR99A	MIR99B	STX6
MIR99A	MIR99B	GSK3B
MIR99A	MIR99B	CERT1
MIR99A	MIR99B	EHMT1
MIR99A	MIR99B	PCSK9
MIR99A	MIR99B	COA7
MIR99A	MIR99B	CCN5
MIR99A	MIR99B	SKI
MIR99A	MIR99B	UST
MIR99A	MIR99B	PPP1CB
MIR99A	MIR99B	ZNRF2
MIR99A	MIR99B	GLOD4
MIR99A	MIR99B	RSBN1L
MIR99A	MIR99B	SOCS5
MIR99A	MIR99B	EEA1
MIR99A	MIR99B	FHIP1A
MIR99A	MIR99B	CEP85
MIR99A	MIR99B	ST6GALNAC4
MIR99A	MIR99B	NIPBL
MIR99A	MIR99B	NF2
MIR99A	MIR99B	IGF1R
MIR99A	MIR99B	EPDR1
MIR99A	MIR99B	PKD1
MIR99A	MIR99B	SPRED1
MIR99A	MIR99B	BCL2L11
MIR99A	MIR99B	CRTC1
MIR99A	MIR99B	SMARCA5
MIR99A	MIR99B	EIF4EBP2
MIR99A	MIR99B	INSM1
MIR99A	MIR99B	PRDX2
MIR99A	MIR99B	BMPR2
MIR99A	MIR99B	THSD4
MIR99A	MIR99B	GRHL1
MIR99A	MIR99B	MEX3B
MIR99A	MIR99B	NUP210
MIR99A	MIR99B	RIC1
MIR99A	MIR99B	CTDSPL
MIR99A	MIR99B	PCNX1
MIR99A	MIR99B	DENND2B
MIR99A	MIR99B	RAVER2
MIR99A	MIR99B	ZNF845
MIR99A	MIR99B	BAZ2A
MIR99A	MIR99B	GOSR2
MIR99A	MIR99B	ZNF189
MIR99A	MIR99B	TTC39A
MIR99A	MIR99B	NSMF
MIR99A	MIR99B	TPD52L2
MIR99A	MIR99B	KDM6B
MIR99A	MIR99B	SLC35E2B
MIR99A	MIR99B	TRIM71
MIR99A	MIR99B	GMPS
MIR99A	MIR99B	SOCS6
MIR99A	MIR99B	INSR
MIR99A	MIR99B	PI15
MIR99A	MIR99B	ZNF664
MIR99A	MIR99B	HES7
MIR99A	MIR99B	NUP160
MIR99A	MIR99B	THAP2
MIR99A	MIR99B	ZNF483
MIR99A	MIR99B	SPATA33
MIR99A	MIR99B	TMEM203
MIR99A	MIR99B	TMPO
MIR99A	MIR99B	PPP3CA
MIR99A	MIR99B	ATP11C
MIR99A	MIR99B	DCP1A
MIR99A	MIR99B	SATB1
MIR99A	MIR99B	DENND1B
MIR99A	MIR99B	TAOK1
MIR99A	MIR99B	SOX4
MIR99A	MIR99B	HS3ST3B1
MIR99A	MIR99B	PDE4D
MIR99A	MIR99B	ANKRD28
MIR99A	MIR99B	ANKRD10
MIR99A	MIR99B	ZMYND11
MIR99A	MIR99B	ZNF554
MIR99A	MIR99B	TRIB1
MIR99A	MIR99B	TBL1XR1
MIR99A	MIR99B	ZZEF1
MIR99A	MIR99B	AP1AR
MIR99A	MIR99B	DLGAP1
MIR99A	MIR99B	PRKAG2
MIR99A	MIR99B	HOXA1
MIR99A	MIR99B	IREB2
MIR99A	MIR99B	ABI2
MIR99A	MIR99B	SAMD4A
MIR99A	MIR99B	ACVR2B
MIR99A	MIR99B	SNIP1
MIR99A	MIR99B	ZC3H4
MIR99A	MIR99B	SMARCD1
MIR99A	MIR99B	NR6A1
MIR99A	MIR99B	FKTN
MIR99A	MIR99B	WAC
MIR99A	MIR99B	NCSTN
MIR99A	MIR99B	WEE1
MIR99A	MIR99B	DESI2
MIR99A	MIR99B	HNRNPU
MIR99A	MIR99B	SELENOI
MIR99A	MIR99B	SRGAP1
MIR99A	MIR99B	FZD5
MIR99A	MIR99B	ICMT
MIR99A	MIR99B	TRIB2
MIR99A	MIR99B	PPP2CA
MIR99A	MIR99B	SMAD2
MIR99A	MIR99B	MAGIX
MIR99A	MIR99B	RRAGD
MIR99A	MIR99B	SLC44A1
MIR99A	MIR99B	TMEM30A
MIR99A	MIR99B	HS3ST2
MIR99A	MIR99B	SMAD5
MIR99A	MIR99B	SYNE1
MIR99A	MIR99B	OSMR
MIR99A	MIR99B	MEAK7
MIR99A	MIR99B	MTAP
MIR99A	MIR99B	CREM
MIR99A	MIR99B	ZCCHC2
MIR99A	MIR99B	FKBP5
MIR99A	MIR99B	VGLL4
MIR99A	MIR99B	SNAP23
MIR99A	MIR99B	LETM1
MIR99A	MIR99B	ZBTB7A
MIR99A	MIR99B	MTOR
MIR99A	MIR99B	FZD8
MIR99A	MIR99B	EXOC7
MIR99A	MIR99B	LRP12
MIR99A	MIR99B	NME3
MIR99A	MIR99B	TARDBP
MIR99A	MIR99B	FXR1
MIR99A	MIR99B	NXF1
MIR99A	MIR99B	RANBP6
MIR99A	MIR99B	ADCY1
MIR99A	MIR99B	BCAT1
MIR99A	MIR99B	ZFHX3
MIR99A	MIR99B	MBNL1
MIRLET7A1	MIRLET7A3	LRIG3
MIRLET7A1	MIRLET7A3	SLC12A9
MIRLET7A1	MIRLET7A3	NR3C1
MIRLET7A1	MIRLET7A3	TSHZ3
MIRLET7A1	MIRLET7A3	GALC
MIRLET7A1	MIRLET7A3	AHR
MIRLET7A1	MIRLET7A3	DCAF6
MIRLET7A1	MIRLET7A3	MAST4
MIRLET7A1	MIRLET7A3	AHCTF1
MIRLET7A1	MIRLET7A3	HNRNPD
MIRLET7A1	MIRLET7A3	SLC35D2
MIRLET7A1	MIRLET7A3	ADRB2
MIRLET7A1	MIRLET7A3	NBEA
MIRLET7A1	MIRLET7A3	ADAMTS8
MIRLET7A1	MIRLET7A3	CILK1
MIRLET7A1	MIRLET7A3	GRPEL2
MIRLET7A1	MIRLET7A3	PDE12
MIRLET7A1	MIRLET7A3	USP44
MIRLET7A1	MIRLET7A3	RNF20
MIRLET7A1	MIRLET7A3	ULK2
MIRLET7A1	MIRLET7A3	ARAP2
MIRLET7A1	MIRLET7A3	PIGA
MIRLET7A1	MIRLET7A3	SRSF2
MIRLET7A1	MIRLET7A3	OXR1
MIRLET7A1	MIRLET7A3	ATG2B
MIRLET7A1	MIRLET7A3	ITGA6
MIRLET7A1	MIRLET7A3	DTX2
MIRLET7A1	MIRLET7A3	FNDC3A
MIRLET7A1	MIRLET7A3	IL13
MIRLET7A1	MIRLET7A3	SSH1
MIRLET7A1	MIRLET7A3	AGO4
MIRLET7A1	MIRLET7A3	TIMM17B
MIRLET7A1	MIRLET7A3	KLHL31
MIRLET7A1	MIRLET7A3	HDAC9
MIRLET7A1	MIRLET7A3	RAB11FIP4
MIRLET7A1	MIRLET7A3	IGF2BP3
MIRLET7A1	MIRLET7A3	C5orf51
MIRLET7A1	MIRLET7A3	PCGF3
MIRLET7A1	MIRLET7A3	EIF4G2
MIRLET7A1	MIRLET7A3	DPH3
MIRLET7A1	MIRLET7A3	RAB11FIP2
MIRLET7A1	MIRLET7A3	HMGCR
MIRLET7A1	MIRLET7A3	NASP
MIRLET7A1	MIRLET7A3	MON2
MIRLET7A1	MIRLET7A3	CLASP2
MIRLET7A1	MIRLET7A3	ANO4
MIRLET7A1	MIRLET7A3	LSM14A
MIRLET7A1	MIRLET7A3	PUM2
MIRLET7A1	MIRLET7A3	DOCK1
MIRLET7A1	MIRLET7A3	NAA25
MIRLET7A1	MIRLET7A3	AKAP9
MIRLET7A1	MIRLET7A3	RALGDS
MIRLET7A1	MIRLET7A3	SPRYD4
MIRLET7A1	MIRLET7A3	BEGAIN
MIRLET7A1	MIRLET7A3	BTAF1
MIRLET7A1	MIRLET7A3	SRSF11
MIRLET7A1	MIRLET7A3	CNTRL
MIRLET7A1	MIRLET7A3	PALD1
MIRLET7A1	MIRLET7A3	ZNF583
MIRLET7A1	MIRLET7A3	AKTIP
MIRLET7A1	MIRLET7A3	TAOK1
MIRLET7A1	MIRLET7A3	SLC5A9
MIRLET7A1	MIRLET7A3	GAS7
MIRLET7A1	MIRLET7A3	NEUROG2
MIRLET7A1	MIRLET7A3	GXYLT1
MIRLET7A1	MIRLET7A3	ZFYVE16
MIRLET7A1	MIRLET7A3	NGF
MIRLET7A1	MIRLET7A3	YY1
MIRLET7A1	MIRLET7A3	EFHD2
MIRLET7A1	MIRLET7A3	RNF149
MIRLET7A1	MIRLET7A3	PLA2G3
MIRLET7A1	MIRLET7A3	CDK17
MIRLET7A1	MIRLET7A3	GIPC1
MIRLET7A1	MIRLET7A3	ELOVL4
MIRLET7A1	MIRLET7A3	C14orf28
MIRLET7A1	MIRLET7A3	LPGAT1
MIRLET7A1	MIRLET7A3	SOX9
MIRLET7A1	MIRLET7A3	RDH10
MIRLET7A1	MIRLET7A3	GATM
MIRLET7A1	MIRLET7A3	MARK1
MIRLET7A1	MIRLET7A3	ARHGAP20
MIRLET7A1	MIRLET7A3	ESRRG
MIRLET7A1	MIRLET7A3	CEP76
MIRLET7A1	MIRLET7A3	PUM1
MIRLET7A1	MIRLET7A3	MAP4K3
MIRLET7A1	MIRLET7A3	PPM1A
MIRLET7A1	MIRLET7A3	CCDC126
MIRLET7A1	MIRLET7A3	PBX3
MIRLET7A1	MIRLET7A3	CPEB1
MIRLET7A1	MIRLET7A3	TRANK1
MIRLET7A1	MIRLET7A3	JAG1
MIRLET7A1	MIRLET7A3	HOXA9
MIRLET7A1	MIRLET7A3	C8orf58
MIRLET7A1	MIRLET7A3	ACTR3
MIRLET7A1	MIRLET7A3	PTBP3
MIRLET7A1	MIRLET7A3	KDM7A
MIRLET7A1	MIRLET7A3	LIN9
MIRLET7A1	MIRLET7A3	ZNF275
MIRLET7A1	MIRLET7A3	WWC1
MIRLET7A1	MIRLET7A3	HDX
MIRLET7A1	MIRLET7A3	FAM3C
MIRLET7A1	MIRLET7A3	GCNT4
MIRLET7A1	MIRLET7A3	FAM76B
MIRLET7A1	MIRLET7A3	GALNT1
MIRLET7A1	MIRLET7A3	NR2F2
MIRLET7A1	MIRLET7A3	UTRN
MIRLET7A1	MIRLET7A3	ANKRD46
MIRLET7A1	MIRLET7A3	KCTD21
MIRLET7A1	MIRLET7A3	SLC66A1
MIRLET7A1	MIRLET7A3	PGRMC1
MIRLET7A1	MIRLET7A3	GALE
MIRLET7A1	MIRLET7A3	ARID4B
MIRLET7A1	MIRLET7A3	IGF2BP1
MIRLET7A1	MIRLET7A3	PIK3C2A
MIRLET7A1	MIRLET7A3	HAND1
MIRLET7A1	MIRLET7A3	NR5A2
MIRLET7A1	MIRLET7A3	BEND4
MIRLET7A1	MIRLET7A3	INO80D
MIRLET7A1	MIRLET7A3	CNOT6L
MIRLET7A1	MIRLET7A3	COIL
MIRLET7A1	MIRLET7A3	PAN3
MIRLET7A1	MIRLET7A3	XKR8
MIRLET7A1	MIRLET7A3	TRIM71
MIRLET7A1	MIRLET7A3	SOCS6
MIRLET7A1	MIRLET7A3	TRIM63
MIRLET7A1	MIRLET7A3	CEMIP2
MIRLET7A1	MIRLET7A3	ARHGAP12
MIRLET7A1	MIRLET7A3	KIAA0408
MIRLET7A1	MIRLET7A3	ARL4D
MIRLET7A1	MIRLET7A3	IER5
MIRLET7A1	MIRLET7A3	CCNA2
MIRLET7A1	MIRLET7A3	MIB1
MIRLET7A1	MIRLET7A3	PBX2P1
MIRLET7A1	MIRLET7A3	DDX19B
MIRLET7A1	MIRLET7A3	CRISPLD1
MIRLET7A1	MIRLET7A3	CPA4
MIRLET7A1	MIRLET7A3	TGFBR1
MIRLET7A1	MIRLET7A3	SMARCAD1
MIRLET7A1	MIRLET7A3	CAMTA1
MIRLET7A1	MIRLET7A3	SLF2
MIRLET7A1	MIRLET7A3	NME6
MIRLET7A1	MIRLET7A3	MARS2
MIRLET7A1	MIRLET7A3	NR6A1
MIRLET7A1	MIRLET7A3	WAC
MIRLET7A1	MIRLET7A3	HOXD1
MIRLET7A1	MIRLET7A3	GPCPD1
MIRLET7A1	MIRLET7A3	MYO1F
MIRLET7A1	MIRLET7A3	APBB3
MIRLET7A1	MIRLET7A3	ZNF652
MIRLET7A1	MIRLET7A3	LCOR
MIRLET7A1	MIRLET7A3	ARRDC4
MIRLET7A1	MIRLET7A3	NLGN1
MIRLET7A1	MIRLET7A3	BZW1
MIRLET7A1	MIRLET7A3	ABCC5
MIRLET7A1	MIRLET7A3	CCNJ
MIRLET7A1	MIRLET7A3	GPR26
MIRLET7A1	MIRLET7A3	EPS8
MIRLET7A1	MIRLET7A3	NCAM1
MIRLET7A1	MIRLET7A3	USP25
MIRLET7A1	MIRLET7A3	PPP1R15B
MIRLET7A1	MIRLET7A3	TUT4
MIRLET7A1	MIRLET7A3	NFYB
MIRLET7A1	MIRLET7A3	LEMD3
MIRLET7A1	MIRLET7A3	SMC1A
MIRLET7A1	MIRLET7A3	COL11A1
MIRLET7A1	MIRLET7A3	FAM118A
MIRLET7A1	MIRLET7A3	SLAIN2
MIRLET7A1	MIRLET7A3	TLE4
MIRLET7A1	MIRLET7A3	NRAS
MIRLET7A1	MIRLET7A3	ACVR1C
MIRLET7A1	MIRLET7A3	CBLN4
MIRLET7A1	MIRLET7A3	ZNF292
MIRLET7A1	MIRLET7A3	UHRF2
MIRLET7A1	MIRLET7A3	PLAG1
MIRLET7A1	MIRLET7A3	DCAF7
MIRLET7A1	MIRLET7A3	CDC25A
MIRLET7A1	MIRLET7A3	RUFY3
MIRLET7A1	MIRLET7A3	DOP1A
MIRLET7A1	MIRLET7A3	IGDCC3
MIRLET7A1	MIRLET7A3	NAP1L1
MIRLET7A1	MIRLET7A3	ADRB1
MIRLET7A1	MIRLET7A3	TARBP2
MIRLET7A1	MIRLET7A3	RAB10
MIRLET7A1	MIRLET7A3	SOCS1
MIRLET7A1	MIRLET7A3	ERO1A
MIRLET7A1	MIRLET7A3	CLCN5
MIRLET7A1	MIRLET7A3	LCORL
MIRLET7A1	MIRLET7A3	LYSMD3
MIRLET7A1	MIRLET7A3	GSK3B
MIRLET7A1	MIRLET7A3	EMP2
MIRLET7A1	MIRLET7A3	APP
MIRLET7A1	MIRLET7A3	RAMAC
MIRLET7A1	MIRLET7A3	LIMD2
MIRLET7A1	MIRLET7A3	PTPRD
MIRLET7A1	MIRLET7A3	DMD
MIRLET7A1	MIRLET7A3	FBXO34
MIRLET7A1	MIRLET7A3	IGF1R
MIRLET7A1	MIRLET7A3	SORBS1
MIRLET7A1	MIRLET7A3	HIVEP2
MIRLET7A1	MIRLET7A3	DDI2
MIRLET7A1	MIRLET7A3	HMGA2
MIRLET7A1	MIRLET7A3	YOD1
MIRLET7A1	MIRLET7A3	PAPPA
MIRLET7A1	MIRLET7A3	TGFBR3
MIRLET7A1	MIRLET7A3	RDX
MIRLET7A1	MIRLET7A3	AP1S1
MIRLET7A1	MIRLET7A3	GNPTAB
MIRLET7A1	MIRLET7A3	ITCH
MIRLET7A1	MIRLET7A3	KLHDC8B
MIRLET7A1	MIRLET7A3	COL1A2
MIRLET7A1	MIRLET7A3	RALB
MIRLET7A1	MIRLET7A3	AHDC1
MIRLET7A1	MIRLET7A3	PDS5B
MIRLET7A1	MIRLET7A3	EEF2K
MIRLET7A1	MIRLET7A3	MEF2C
MIRLET7A1	MIRLET7A3	TET3
MIRLET7A1	MIRLET7A3	MYT1L
MIRLET7A1	MIRLET7A3	CDV3
MIRLET7A1	MIRLET7A3	ARHGAP28
MIRLET7A1	MIRLET7A3	FAM214B
MIRLET7A1	MIRLET7A3	HMGXB4
MIRLET7A1	MIRLET7A3	NEK3
MIRLET7A1	MIRLET7A3	NUDT4
MIRLET7A1	MIRLET7A3	KMT2C
MIRLET7A1	MIRLET7A3	NKD1
MIRLET7A1	MIRLET7A3	LRP6
MIRLET7A1	MIRLET7A3	MAPK6
MIRLET7A1	MIRLET7A3	HOXA1
MIRLET7A1	MIRLET7A3	LIN28B
MIRLET7A1	MIRLET7A3	ACVR2B
MIRLET7A1	MIRLET7A3	MED14
MIRLET7A1	MIRLET7A3	FOXO1
MIRLET7A1	MIRLET7A3	ELP1
MIRLET7A1	MIRLET7A3	STX3
MIRLET7A1	MIRLET7A3	BACH1
MIRLET7A1	MIRLET7A3	LIN28A
MIRLET7A1	MIRLET7A3	ZNF800
MIRLET7A1	MIRLET7A3	SLC25A24
MIRLET7A1	MIRLET7A3	PTCH1
MIRLET7A1	MIRLET7A3	USP38
MIRLET7A1	MIRLET7A3	RFX6
MIRLET7A1	MIRLET7A3	GAN
MIRLET7A1	MIRLET7A3	OSMR
MIRLET7A1	MIRLET7A3	GNG5
MIRLET7A1	MIRLET7A3	BDNF
MIRLET7A1	MIRLET7A3	KLF9
MIRLET7A1	MIRLET7A3	PTPRE
MIRLET7A1	MIRLET7A3	SEMA4C
MIRLET7A1	MIRLET7A3	ATRX
MIRLET7A1	MIRLET7A3	GPR37
MIRLET7A1	MIRLET7A3	RAB2A
MIRLET7A1	MIRLET7A3	FRS2
MIRLET7A1	MIRLET7A3	NHLRC3
MIRLET7A1	MIRLET7A3	NAA30
MIRLET7A1	MIRLET7A3	PSD3
MIRLET7A1	MIRLET7A3	CCNY
MIRLET7A1	MIRLET7A3	LRIG2
MIRLET7A1	MIRLET7A3	ARIH1
MIRLET7A1	MIRLET7A3	PIAS1
MIRLET7A1	MIRLET7A3	PARD6B
MIRLET7A1	MIRLET7A3	CREBZF
MIRLET7A1	MIRLET7A3	SLC25A27
MIRLET7A1	MIRLET7A3	VAPA
MIRLET7A1	MIRLET7A3	SCD
MIRLET7A1	MIRLET7A3	LBR
MIRLET7A1	MIRLET7A3	TTLL4
MIRLET7A1	MIRLET7A3	IGF2BP2
MIRLET7A1	MIRLET7A3	PCDH8
MIRLET7A1	MIRLET7A3	IRS2
MIRLET7A1	MIRLET7A3	FRMD4B
MIRLET7A1	MIRLET7A3	EEA1
MIRLET7A1	MIRLET7A3	ETS2
MIRLET7A1	MIRLET7A3	ZFPM2
MIRLET7A1	MIRLET7A3	MAP3K1
MIRLET7A1	MIRLET7A3	DIAPH2
MIRLET7A1	MIRLET7A3	VEZF1
MIRLET7A1	MIRLET7A3	SMARCA5
MIRLET7A1	MIRLET7A3	FIGN
MIRLET7A1	MIRLET7A3	DLC1
MIRLET7A1	MIRLET7A3	CCR7
MIRLET7A1	MIRLET7A3	PDPR
MIRLET7A1	MIRLET7A3	COL3A1
MIRLET7A1	MIRLET7A3	PTAFR
MIRLET7A1	MIRLET7A3	ZFYVE26
MIRLET7A1	MIRLET7A3	E2F6
MIRLET7A1	MIRLET7A3	DDX19A
MIRLET7A1	MIRLET7A3	CDK19
MIRLET7A1	MIRLET7A3	FOXP2
MIRLET7A1	MIRLET7A3	HECTD2
MIRLET7A1	MIRLET7A3	INTS6L
MIRLET7A1	MIRLET7A3	ZNF341
MIRLET7A1	MIRLET7A3	CCND2
MIRLET7A1	MIRLET7A3	ZNF512B
MIRLET7A1	MIRLET7A3	AMMECR1
MIRLET7A1	MIRLET7A3	PRPF38B
MIRLET7A1	MIRLET7A3	MGAT4A
MIRLET7A1	MIRLET7A3	CASP8AP2
MIRLET7A1	MIRLET7A3	E2F5
MIRLET7A1	MIRLET7A3	ZNF644
MIRLET7A1	MIRLET7A3	CASP3
MIRLET7A1	MIRLET7A3	FNIP1
MIRLET7A1	MIRLET7A3	SH3GL3
MIRLET7A1	MIRLET7A3	ZNF710
MIRLET7A1	MIRLET7A3	CLDN12
MIRLET7A1	MIRLET7A3	PRTG
MIRLET7A1	MIRLET7A3	HAT1
MIRLET7A1	MIRLET7A3	ONECUT2
MIRLET7A1	MIRLET7A3	MARCHF6
MIRLET7A1	MIRLET7A3	HIC2
MIRLET7A1	MIRLET7A3	NDST2
MIRLET7A1	MIRLET7A3	EBF3
MIRLET7A1	MIRLET7A3	CDC34
MIRLET7A1	MIRLET7A3	ATP2A2
MIRLET7A1	MIRLET7A3	HOOK3
MIRLET7A1	MIRLET7A3	LGR4
MIRLET7A1	MIRLET7A3	IGDCC4
MIRLET7A1	MIRLET7A3	RICTOR
MIRLET7A1	MIRLET7A3	CPEB2
MIRLET7A1	MIRLET7A3	OPA1
MIRLET7A1	MIRLET7A3	REV3L
MIRLET7A1	MIRLET7A3	DCUN1D4
MIRLET7A1	MIRLET7A3	KIAA1217
MIRLET7A1	MIRLET7F2	PPP1R15B
MIRLET7A1	MIRLET7F2	LRIG3
MIRLET7A1	MIRLET7F2	GALC
MIRLET7A1	MIRLET7F2	SMC1A
MIRLET7A1	MIRLET7F2	FAM118A
MIRLET7A1	MIRLET7F2	TLE4
MIRLET7A1	MIRLET7F2	RAB2A
MIRLET7A1	MIRLET7F2	MAP4K3
MIRLET7A1	MIRLET7F2	NRAS
MIRLET7A1	MIRLET7F2	ACVR1C
MIRLET7A1	MIRLET7F2	AHCTF1
MIRLET7A1	MIRLET7F2	NHLRC3
MIRLET7A1	MIRLET7F2	SLC35D2
MIRLET7A1	MIRLET7F2	ADRB2
MIRLET7A1	MIRLET7F2	ZNF292
MIRLET7A1	MIRLET7F2	UHRF2
MIRLET7A1	MIRLET7F2	ADAMTS8
MIRLET7A1	MIRLET7F2	NAA30
MIRLET7A1	MIRLET7F2	GRPEL2
MIRLET7A1	MIRLET7F2	DCAF7
MIRLET7A1	MIRLET7F2	PBX3
MIRLET7A1	MIRLET7F2	CDC25A
MIRLET7A1	MIRLET7F2	RUFY3
MIRLET7A1	MIRLET7F2	LRIG2
MIRLET7A1	MIRLET7F2	PARD6B
MIRLET7A1	MIRLET7F2	CPEB1
MIRLET7A1	MIRLET7F2	PDE12
MIRLET7A1	MIRLET7F2	IGDCC3
MIRLET7A1	MIRLET7F2	NAP1L1
MIRLET7A1	MIRLET7F2	USP44
MIRLET7A1	MIRLET7F2	SLC25A27
MIRLET7A1	MIRLET7F2	ADRB1
MIRLET7A1	MIRLET7F2	TRANK1
MIRLET7A1	MIRLET7F2	RNF20
MIRLET7A1	MIRLET7F2	TARBP2
MIRLET7A1	MIRLET7F2	ULK2
MIRLET7A1	MIRLET7F2	SCD
MIRLET7A1	MIRLET7F2	PIGA
MIRLET7A1	MIRLET7F2	LBR
MIRLET7A1	MIRLET7F2	SOCS1
MIRLET7A1	MIRLET7F2	HOXA9
MIRLET7A1	MIRLET7F2	C8orf58
MIRLET7A1	MIRLET7F2	DTX2
MIRLET7A1	MIRLET7F2	TTLL4
MIRLET7A1	MIRLET7F2	FNDC3A
MIRLET7A1	MIRLET7F2	IL13
MIRLET7A1	MIRLET7F2	ERO1A
MIRLET7A1	MIRLET7F2	CLCN5
MIRLET7A1	MIRLET7F2	IGF2BP2
MIRLET7A1	MIRLET7F2	ZNF275
MIRLET7A1	MIRLET7F2	AGO4
MIRLET7A1	MIRLET7F2	GSK3B
MIRLET7A1	MIRLET7F2	KLHL31
MIRLET7A1	MIRLET7F2	IRS2
MIRLET7A1	MIRLET7F2	FRMD4B
MIRLET7A1	MIRLET7F2	RAB11FIP4
MIRLET7A1	MIRLET7F2	IGF2BP3
MIRLET7A1	MIRLET7F2	C5orf51
MIRLET7A1	MIRLET7F2	PCGF3
MIRLET7A1	MIRLET7F2	EIF4G2
MIRLET7A1	MIRLET7F2	EEA1
MIRLET7A1	MIRLET7F2	GALNT1
MIRLET7A1	MIRLET7F2	ZFPM2
MIRLET7A1	MIRLET7F2	NR2F2
MIRLET7A1	MIRLET7F2	ANKRD46
MIRLET7A1	MIRLET7F2	LIMD2
MIRLET7A1	MIRLET7F2	PTPRD
MIRLET7A1	MIRLET7F2	DMD
MIRLET7A1	MIRLET7F2	MAP3K1
MIRLET7A1	MIRLET7F2	IGF1R
MIRLET7A1	MIRLET7F2	DIAPH2
MIRLET7A1	MIRLET7F2	HMGCR
MIRLET7A1	MIRLET7F2	KCTD21
MIRLET7A1	MIRLET7F2	PGRMC1
MIRLET7A1	MIRLET7F2	DDI2
MIRLET7A1	MIRLET7F2	FIGN
MIRLET7A1	MIRLET7F2	HMGA2
MIRLET7A1	MIRLET7F2	DLC1
MIRLET7A1	MIRLET7F2	MON2
MIRLET7A1	MIRLET7F2	ARID4B
MIRLET7A1	MIRLET7F2	PDPR
MIRLET7A1	MIRLET7F2	IGF2BP1
MIRLET7A1	MIRLET7F2	YOD1
MIRLET7A1	MIRLET7F2	CLASP2
MIRLET7A1	MIRLET7F2	PAPPA
MIRLET7A1	MIRLET7F2	HAND1
MIRLET7A1	MIRLET7F2	TGFBR3
MIRLET7A1	MIRLET7F2	BEND4
MIRLET7A1	MIRLET7F2	INO80D
MIRLET7A1	MIRLET7F2	LSM14A
MIRLET7A1	MIRLET7F2	PUM2
MIRLET7A1	MIRLET7F2	ZFYVE26
MIRLET7A1	MIRLET7F2	RDX
MIRLET7A1	MIRLET7F2	E2F6
MIRLET7A1	MIRLET7F2	DDX19A
MIRLET7A1	MIRLET7F2	COIL
MIRLET7A1	MIRLET7F2	FOXP2
MIRLET7A1	MIRLET7F2	XKR8
MIRLET7A1	MIRLET7F2	TRIM71
MIRLET7A1	MIRLET7F2	GNPTAB
MIRLET7A1	MIRLET7F2	SPRYD4
MIRLET7A1	MIRLET7F2	BEGAIN
MIRLET7A1	MIRLET7F2	SOCS6
MIRLET7A1	MIRLET7F2	COL1A2
MIRLET7A1	MIRLET7F2	INTS6L
MIRLET7A1	MIRLET7F2	ZNF341
MIRLET7A1	MIRLET7F2	PDS5B
MIRLET7A1	MIRLET7F2	CNTRL
MIRLET7A1	MIRLET7F2	CEMIP2
MIRLET7A1	MIRLET7F2	EEF2K
MIRLET7A1	MIRLET7F2	CCND2
MIRLET7A1	MIRLET7F2	ZNF512B
MIRLET7A1	MIRLET7F2	TET3
MIRLET7A1	MIRLET7F2	CDV3
MIRLET7A1	MIRLET7F2	ARL4D
MIRLET7A1	MIRLET7F2	PALD1
MIRLET7A1	MIRLET7F2	ARHGAP28
MIRLET7A1	MIRLET7F2	ZNF583
MIRLET7A1	MIRLET7F2	MIB1
MIRLET7A1	MIRLET7F2	HMGXB4
MIRLET7A1	MIRLET7F2	NEK3
MIRLET7A1	MIRLET7F2	PRPF38B
MIRLET7A1	MIRLET7F2	CASP8AP2
MIRLET7A1	MIRLET7F2	MGAT4A
MIRLET7A1	MIRLET7F2	E2F5
MIRLET7A1	MIRLET7F2	NKD1
MIRLET7A1	MIRLET7F2	DDX19B
MIRLET7A1	MIRLET7F2	CPA4
MIRLET7A1	MIRLET7F2	CASP3
MIRLET7A1	MIRLET7F2	FNIP1
MIRLET7A1	MIRLET7F2	GAS7
MIRLET7A1	MIRLET7F2	TGFBR1
MIRLET7A1	MIRLET7F2	SMARCAD1
MIRLET7A1	MIRLET7F2	GXYLT1
MIRLET7A1	MIRLET7F2	ZNF710
MIRLET7A1	MIRLET7F2	LRP6
MIRLET7A1	MIRLET7F2	NGF
MIRLET7A1	MIRLET7F2	MAPK6
MIRLET7A1	MIRLET7F2	CLDN12
MIRLET7A1	MIRLET7F2	SLF2
MIRLET7A1	MIRLET7F2	HOXA1
MIRLET7A1	MIRLET7F2	LIN28B
MIRLET7A1	MIRLET7F2	PRTG
MIRLET7A1	MIRLET7F2	EFHD2
MIRLET7A1	MIRLET7F2	NME6
MIRLET7A1	MIRLET7F2	MARS2
MIRLET7A1	MIRLET7F2	STX3
MIRLET7A1	MIRLET7F2	PLA2G3
MIRLET7A1	MIRLET7F2	NR6A1
MIRLET7A1	MIRLET7F2	BACH1
MIRLET7A1	MIRLET7F2	HOXD1
MIRLET7A1	MIRLET7F2	LIN28A
MIRLET7A1	MIRLET7F2	ELOVL4
MIRLET7A1	MIRLET7F2	GPCPD1
MIRLET7A1	MIRLET7F2	ONECUT2
MIRLET7A1	MIRLET7F2	SLC25A24
MIRLET7A1	MIRLET7F2	HIC2
MIRLET7A1	MIRLET7F2	USP38
MIRLET7A1	MIRLET7F2	EBF3
MIRLET7A1	MIRLET7F2	APBB3
MIRLET7A1	MIRLET7F2	CDC34
MIRLET7A1	MIRLET7F2	ATP2A2
MIRLET7A1	MIRLET7F2	C14orf28
MIRLET7A1	MIRLET7F2	GAN
MIRLET7A1	MIRLET7F2	OSMR
MIRLET7A1	MIRLET7F2	LPGAT1
MIRLET7A1	MIRLET7F2	SOX9
MIRLET7A1	MIRLET7F2	RDH10
MIRLET7A1	MIRLET7F2	LCOR
MIRLET7A1	MIRLET7F2	GNG5
MIRLET7A1	MIRLET7F2	GATM
MIRLET7A1	MIRLET7F2	ARRDC4
MIRLET7A1	MIRLET7F2	BZW1
MIRLET7A1	MIRLET7F2	LGR4
MIRLET7A1	MIRLET7F2	KLF9
MIRLET7A1	MIRLET7F2	ABCC5
MIRLET7A1	MIRLET7F2	CPEB2
MIRLET7A1	MIRLET7F2	CCNJ
MIRLET7A1	MIRLET7F2	GPR26
MIRLET7A1	MIRLET7F2	SEMA4C
MIRLET7A1	MIRLET7F2	ATRX
MIRLET7A3	MIRLET7F2	PPP1R15B
MIRLET7A3	MIRLET7F2	LRIG3
MIRLET7A3	MIRLET7F2	GALC
MIRLET7A3	MIRLET7F2	SMC1A
MIRLET7A3	MIRLET7F2	FAM118A
MIRLET7A3	MIRLET7F2	TLE4
MIRLET7A3	MIRLET7F2	RAB2A
MIRLET7A3	MIRLET7F2	MAP4K3
MIRLET7A3	MIRLET7F2	NRAS
MIRLET7A3	MIRLET7F2	ACVR1C
MIRLET7A3	MIRLET7F2	AHCTF1
MIRLET7A3	MIRLET7F2	NHLRC3
MIRLET7A3	MIRLET7F2	SLC35D2
MIRLET7A3	MIRLET7F2	ADRB2
MIRLET7A3	MIRLET7F2	ZNF292
MIRLET7A3	MIRLET7F2	UHRF2
MIRLET7A3	MIRLET7F2	ADAMTS8
MIRLET7A3	MIRLET7F2	NAA30
MIRLET7A3	MIRLET7F2	GRPEL2
MIRLET7A3	MIRLET7F2	DCAF7
MIRLET7A3	MIRLET7F2	PBX3
MIRLET7A3	MIRLET7F2	CDC25A
MIRLET7A3	MIRLET7F2	RUFY3
MIRLET7A3	MIRLET7F2	LRIG2
MIRLET7A3	MIRLET7F2	PARD6B
MIRLET7A3	MIRLET7F2	CPEB1
MIRLET7A3	MIRLET7F2	PDE12
MIRLET7A3	MIRLET7F2	IGDCC3
MIRLET7A3	MIRLET7F2	NAP1L1
MIRLET7A3	MIRLET7F2	USP44
MIRLET7A3	MIRLET7F2	SLC25A27
MIRLET7A3	MIRLET7F2	ADRB1
MIRLET7A3	MIRLET7F2	TRANK1
MIRLET7A3	MIRLET7F2	RNF20
MIRLET7A3	MIRLET7F2	TARBP2
MIRLET7A3	MIRLET7F2	ULK2
MIRLET7A3	MIRLET7F2	SCD
MIRLET7A3	MIRLET7F2	PIGA
MIRLET7A3	MIRLET7F2	LBR
MIRLET7A3	MIRLET7F2	SOCS1
MIRLET7A3	MIRLET7F2	HOXA9
MIRLET7A3	MIRLET7F2	C8orf58
MIRLET7A3	MIRLET7F2	DTX2
MIRLET7A3	MIRLET7F2	TTLL4
MIRLET7A3	MIRLET7F2	FNDC3A
MIRLET7A3	MIRLET7F2	IL13
MIRLET7A3	MIRLET7F2	ERO1A
MIRLET7A3	MIRLET7F2	CLCN5
MIRLET7A3	MIRLET7F2	IGF2BP2
MIRLET7A3	MIRLET7F2	ZNF275
MIRLET7A3	MIRLET7F2	AGO4
MIRLET7A3	MIRLET7F2	GSK3B
MIRLET7A3	MIRLET7F2	KLHL31
MIRLET7A3	MIRLET7F2	IRS2
MIRLET7A3	MIRLET7F2	FRMD4B
MIRLET7A3	MIRLET7F2	RAB11FIP4
MIRLET7A3	MIRLET7F2	IGF2BP3
MIRLET7A3	MIRLET7F2	C5orf51
MIRLET7A3	MIRLET7F2	PCGF3
MIRLET7A3	MIRLET7F2	EIF4G2
MIRLET7A3	MIRLET7F2	EEA1
MIRLET7A3	MIRLET7F2	GALNT1
MIRLET7A3	MIRLET7F2	ZFPM2
MIRLET7A3	MIRLET7F2	NR2F2
MIRLET7A3	MIRLET7F2	ANKRD46
MIRLET7A3	MIRLET7F2	LIMD2
MIRLET7A3	MIRLET7F2	PTPRD
MIRLET7A3	MIRLET7F2	DMD
MIRLET7A3	MIRLET7F2	MAP3K1
MIRLET7A3	MIRLET7F2	IGF1R
MIRLET7A3	MIRLET7F2	DIAPH2
MIRLET7A3	MIRLET7F2	HMGCR
MIRLET7A3	MIRLET7F2	KCTD21
MIRLET7A3	MIRLET7F2	PGRMC1
MIRLET7A3	MIRLET7F2	DDI2
MIRLET7A3	MIRLET7F2	FIGN
MIRLET7A3	MIRLET7F2	HMGA2
MIRLET7A3	MIRLET7F2	DLC1
MIRLET7A3	MIRLET7F2	MON2
MIRLET7A3	MIRLET7F2	ARID4B
MIRLET7A3	MIRLET7F2	PDPR
MIRLET7A3	MIRLET7F2	IGF2BP1
MIRLET7A3	MIRLET7F2	YOD1
MIRLET7A3	MIRLET7F2	CLASP2
MIRLET7A3	MIRLET7F2	PAPPA
MIRLET7A3	MIRLET7F2	HAND1
MIRLET7A3	MIRLET7F2	TGFBR3
MIRLET7A3	MIRLET7F2	BEND4
MIRLET7A3	MIRLET7F2	INO80D
MIRLET7A3	MIRLET7F2	LSM14A
MIRLET7A3	MIRLET7F2	PUM2
MIRLET7A3	MIRLET7F2	ZFYVE26
MIRLET7A3	MIRLET7F2	RDX
MIRLET7A3	MIRLET7F2	E2F6
MIRLET7A3	MIRLET7F2	DDX19A
MIRLET7A3	MIRLET7F2	COIL
MIRLET7A3	MIRLET7F2	FOXP2
MIRLET7A3	MIRLET7F2	XKR8
MIRLET7A3	MIRLET7F2	TRIM71
MIRLET7A3	MIRLET7F2	GNPTAB
MIRLET7A3	MIRLET7F2	SPRYD4
MIRLET7A3	MIRLET7F2	BEGAIN
MIRLET7A3	MIRLET7F2	SOCS6
MIRLET7A3	MIRLET7F2	COL1A2
MIRLET7A3	MIRLET7F2	INTS6L
MIRLET7A3	MIRLET7F2	ZNF341
MIRLET7A3	MIRLET7F2	PDS5B
MIRLET7A3	MIRLET7F2	CNTRL
MIRLET7A3	MIRLET7F2	CEMIP2
MIRLET7A3	MIRLET7F2	EEF2K
MIRLET7A3	MIRLET7F2	CCND2
MIRLET7A3	MIRLET7F2	ZNF512B
MIRLET7A3	MIRLET7F2	TET3
MIRLET7A3	MIRLET7F2	CDV3
MIRLET7A3	MIRLET7F2	ARL4D
MIRLET7A3	MIRLET7F2	PALD1
MIRLET7A3	MIRLET7F2	ARHGAP28
MIRLET7A3	MIRLET7F2	ZNF583
MIRLET7A3	MIRLET7F2	MIB1
MIRLET7A3	MIRLET7F2	HMGXB4
MIRLET7A3	MIRLET7F2	NEK3
MIRLET7A3	MIRLET7F2	PRPF38B
MIRLET7A3	MIRLET7F2	CASP8AP2
MIRLET7A3	MIRLET7F2	MGAT4A
MIRLET7A3	MIRLET7F2	E2F5
MIRLET7A3	MIRLET7F2	NKD1
MIRLET7A3	MIRLET7F2	DDX19B
MIRLET7A3	MIRLET7F2	CPA4
MIRLET7A3	MIRLET7F2	CASP3
MIRLET7A3	MIRLET7F2	FNIP1
MIRLET7A3	MIRLET7F2	GAS7
MIRLET7A3	MIRLET7F2	TGFBR1
MIRLET7A3	MIRLET7F2	SMARCAD1
MIRLET7A3	MIRLET7F2	GXYLT1
MIRLET7A3	MIRLET7F2	ZNF710
MIRLET7A3	MIRLET7F2	LRP6
MIRLET7A3	MIRLET7F2	NGF
MIRLET7A3	MIRLET7F2	MAPK6
MIRLET7A3	MIRLET7F2	CLDN12
MIRLET7A3	MIRLET7F2	SLF2
MIRLET7A3	MIRLET7F2	HOXA1
MIRLET7A3	MIRLET7F2	LIN28B
MIRLET7A3	MIRLET7F2	PRTG
MIRLET7A3	MIRLET7F2	EFHD2
MIRLET7A3	MIRLET7F2	NME6
MIRLET7A3	MIRLET7F2	MARS2
MIRLET7A3	MIRLET7F2	STX3
MIRLET7A3	MIRLET7F2	PLA2G3
MIRLET7A3	MIRLET7F2	NR6A1
MIRLET7A3	MIRLET7F2	BACH1
MIRLET7A3	MIRLET7F2	HOXD1
MIRLET7A3	MIRLET7F2	LIN28A
MIRLET7A3	MIRLET7F2	ELOVL4
MIRLET7A3	MIRLET7F2	GPCPD1
MIRLET7A3	MIRLET7F2	ONECUT2
MIRLET7A3	MIRLET7F2	SLC25A24
MIRLET7A3	MIRLET7F2	HIC2
MIRLET7A3	MIRLET7F2	USP38
MIRLET7A3	MIRLET7F2	EBF3
MIRLET7A3	MIRLET7F2	APBB3
MIRLET7A3	MIRLET7F2	CDC34
MIRLET7A3	MIRLET7F2	ATP2A2
MIRLET7A3	MIRLET7F2	C14orf28
MIRLET7A3	MIRLET7F2	GAN
MIRLET7A3	MIRLET7F2	OSMR
MIRLET7A3	MIRLET7F2	LPGAT1
MIRLET7A3	MIRLET7F2	SOX9
MIRLET7A3	MIRLET7F2	RDH10
MIRLET7A3	MIRLET7F2	LCOR
MIRLET7A3	MIRLET7F2	GNG5
MIRLET7A3	MIRLET7F2	GATM
MIRLET7A3	MIRLET7F2	ARRDC4
MIRLET7A3	MIRLET7F2	BZW1
MIRLET7A3	MIRLET7F2	LGR4
MIRLET7A3	MIRLET7F2	KLF9
MIRLET7A3	MIRLET7F2	ABCC5
MIRLET7A3	MIRLET7F2	CPEB2
MIRLET7A3	MIRLET7F2	CCNJ
MIRLET7A3	MIRLET7F2	GPR26
MIRLET7A3	MIRLET7F2	SEMA4C
MIRLET7A3	MIRLET7F2	ATRX
MIR98	MIRLET7B	PPP1R15B
MIR98	MIRLET7B	TUT4
MIR98	MIRLET7B	LRIG3
MIR98	MIRLET7B	TSHZ3
MIR98	MIRLET7B	NR3C1
MIR98	MIRLET7B	NFYB
MIR98	MIRLET7B	GALC
MIR98	MIRLET7B	LEMD3
MIR98	MIRLET7B	SMC1A
MIR98	MIRLET7B	GPR37
MIR98	MIRLET7B	SLAIN2
MIR98	MIRLET7B	EOGT
MIR98	MIRLET7B	PUM1
MIR98	MIRLET7B	MAP4K3
MIR98	MIRLET7B	NRAS
MIR98	MIRLET7B	ACVR1C
MIR98	MIRLET7B	CBLN4
MIR98	MIRLET7B	MAST4
MIR98	MIRLET7B	AHCTF1
MIR98	MIRLET7B	ZNF689
MIR98	MIRLET7B	FRS2
MIR98	MIRLET7B	NHLRC3
MIR98	MIRLET7B	PPM1A
MIR98	MIRLET7B	SLC35D2
MIR98	MIRLET7B	ADRB2
MIR98	MIRLET7B	UHRF2
MIR98	MIRLET7B	NBEA
MIR98	MIRLET7B	ADAMTS8
MIR98	MIRLET7B	NAA30
MIR98	MIRLET7B	CILK1
MIR98	MIRLET7B	PLAG1
MIR98	MIRLET7B	PSD3
MIR98	MIRLET7B	CCDC126
MIR98	MIRLET7B	DCAF7
MIR98	MIRLET7B	PBX3
MIR98	MIRLET7B	RUFY3
MIR98	MIRLET7B	LRIG2
MIR98	MIRLET7B	ARIH1
MIR98	MIRLET7B	PARD6B
MIR98	MIRLET7B	CPEB1
MIR98	MIRLET7B	PDE12
MIR98	MIRLET7B	IGDCC3
MIR98	MIRLET7B	NAP1L1
MIR98	MIRLET7B	CREBZF
MIR98	MIRLET7B	RNF20
MIR98	MIRLET7B	JAG1
MIR98	MIRLET7B	TARBP2
MIR98	MIRLET7B	RAB10
MIR98	MIRLET7B	ZBTB5
MIR98	MIRLET7B	VAPA
MIR98	MIRLET7B	ARAP2
MIR98	MIRLET7B	CD200R1
MIR98	MIRLET7B	PIGA
MIR98	MIRLET7B	OXR1
MIR98	MIRLET7B	ATG2B
MIR98	MIRLET7B	CEP135
MIR98	MIRLET7B	C8orf58
MIR98	MIRLET7B	ITGA6
MIR98	MIRLET7B	PTBP3
MIR98	MIRLET7B	DTX2
MIR98	MIRLET7B	TTLL4
MIR98	MIRLET7B	FNDC3A
MIR98	MIRLET7B	IL13
MIR98	MIRLET7B	SSH1
MIR98	MIRLET7B	ERO1A
MIR98	MIRLET7B	CLCN5
MIR98	MIRLET7B	IGF2BP2
MIR98	MIRLET7B	PCDH8
MIR98	MIRLET7B	LYSMD3
MIR98	MIRLET7B	EMP2
MIR98	MIRLET7B	FRMD4B
MIR98	MIRLET7B	RAB11FIP4
MIR98	MIRLET7B	IGF2BP3
MIR98	MIRLET7B	C5orf51
MIR98	MIRLET7B	FAM3C
MIR98	MIRLET7B	EIF4G2
MIR98	MIRLET7B	EEA1
MIR98	MIRLET7B	DPH3
MIR98	MIRLET7B	GALNT1
MIR98	MIRLET7B	RAMAC
MIR98	MIRLET7B	NR2F2
MIR98	MIRLET7B	UTRN
MIR98	MIRLET7B	ANKRD46
MIR98	MIRLET7B	LIMD2
MIR98	MIRLET7B	PTPRD
MIR98	MIRLET7B	DMD
MIR98	MIRLET7B	MAP3K1
MIR98	MIRLET7B	IGF1R
MIR98	MIRLET7B	RAB11FIP2
MIR98	MIRLET7B	HMGCR
MIR98	MIRLET7B	SORBS1
MIR98	MIRLET7B	KCTD21
MIR98	MIRLET7B	SMARCA5
MIR98	MIRLET7B	HIVEP2
MIR98	MIRLET7B	PGRMC1
MIR98	MIRLET7B	DDI2
MIR98	MIRLET7B	FIGN
MIR98	MIRLET7B	HMGA2
MIR98	MIRLET7B	ARID4B
MIR98	MIRLET7B	PDPR
MIR98	MIRLET7B	MLLT10
MIR98	MIRLET7B	IGF2BP1
MIR98	MIRLET7B	YOD1
MIR98	MIRLET7B	CLASP2
MIR98	MIRLET7B	PIK3C2A
MIR98	MIRLET7B	PAPPA
MIR98	MIRLET7B	HAND1
MIR98	MIRLET7B	USP25
MIR98	MIRLET7B	TGFBR3
MIR98	MIRLET7B	NR5A2
MIR98	MIRLET7B	BEND4
MIR98	MIRLET7B	PTAFR
MIR98	MIRLET7B	INO80D
MIR98	MIRLET7B	LSM14A
MIR98	MIRLET7B	PUM2
MIR98	MIRLET7B	ZFYVE26
MIR98	MIRLET7B	RDX
MIR98	MIRLET7B	E2F6
MIR98	MIRLET7B	DOCK1
MIR98	MIRLET7B	CNOT6L
MIR98	MIRLET7B	DDX19A
MIR98	MIRLET7B	COIL
MIR98	MIRLET7B	CDK19
MIR98	MIRLET7B	FOXP2
MIR98	MIRLET7B	AKAP9
MIR98	MIRLET7B	XKR8
MIR98	MIRLET7B	TRIM71
MIR98	MIRLET7B	GNPTAB
MIR98	MIRLET7B	ITCH
MIR98	MIRLET7B	HECTD2
MIR98	MIRLET7B	SPRYD4
MIR98	MIRLET7B	BEGAIN
MIR98	MIRLET7B	ZMYM4
MIR98	MIRLET7B	BTAF1
MIR98	MIRLET7B	TRIM63
MIR98	MIRLET7B	COL1A2
MIR98	MIRLET7B	INTS6L
MIR98	MIRLET7B	ZNF341
MIR98	MIRLET7B	SRSF11
MIR98	MIRLET7B	CNTRL
MIR98	MIRLET7B	CEMIP2
MIR98	MIRLET7B	CCND2
MIR98	MIRLET7B	ZNF512B
MIR98	MIRLET7B	ARHGAP12
MIR98	MIRLET7B	KIAA0408
MIR98	MIRLET7B	CDV3
MIR98	MIRLET7B	PALD1
MIR98	MIRLET7B	ARHGAP28
MIR98	MIRLET7B	FAM214B
MIR98	MIRLET7B	CCNA2
MIR98	MIRLET7B	ZNF583
MIR98	MIRLET7B	MIB1
MIR98	MIRLET7B	NEK3
MIR98	MIRLET7B	NUDT4
MIR98	MIRLET7B	PRPF38B
MIR98	MIRLET7B	CASP8AP2
MIR98	MIRLET7B	MGAT4A
MIR98	MIRLET7B	E2F5
MIR98	MIRLET7B	KMT2C
MIR98	MIRLET7B	TAOK1
MIR98	MIRLET7B	NKD1
MIR98	MIRLET7B	DDX19B
MIR98	MIRLET7B	CRISPLD1
MIR98	MIRLET7B	CASP3
MIR98	MIRLET7B	FNIP1
MIR98	MIRLET7B	NEUROG2
MIR98	MIRLET7B	TGFBR1
MIR98	MIRLET7B	SMARCAD1
MIR98	MIRLET7B	GXYLT1
MIR98	MIRLET7B	CAMTA1
MIR98	MIRLET7B	ZFYVE16
MIR98	MIRLET7B	ZNF710
MIR98	MIRLET7B	LRP6
MIR98	MIRLET7B	NGF
MIR98	MIRLET7B	YY1
MIR98	MIRLET7B	MAPK6
MIR98	MIRLET7B	CLDN12
MIR98	MIRLET7B	SLF2
MIR98	MIRLET7B	HOXA1
MIR98	MIRLET7B	LIN28B
MIR98	MIRLET7B	PRTG
MIR98	MIRLET7B	NME6
MIR98	MIRLET7B	MARS2
MIR98	MIRLET7B	FOXO1
MIR98	MIRLET7B	ELP1
MIR98	MIRLET7B	STX3
MIR98	MIRLET7B	NR6A1
MIR98	MIRLET7B	WAC
MIR98	MIRLET7B	GIPC1
MIR98	MIRLET7B	BACH1
MIR98	MIRLET7B	ONECUT2
MIR98	MIRLET7B	LIN28A
MIR98	MIRLET7B	ELOVL4
MIR98	MIRLET7B	GPCPD1
MIR98	MIRLET7B	FYTTD1
MIR98	MIRLET7B	PTCH1
MIR98	MIRLET7B	MARCHF6
MIR98	MIRLET7B	HIC2
MIR98	MIRLET7B	INTS6
MIR98	MIRLET7B	USP38
MIR98	MIRLET7B	EBF3
MIR98	MIRLET7B	APBB3
MIR98	MIRLET7B	CDC34
MIR98	MIRLET7B	C14orf28
MIR98	MIRLET7B	GAN
MIR98	MIRLET7B	LPGAT1
MIR98	MIRLET7B	SOX9
MIR98	MIRLET7B	RDH10
MIR98	MIRLET7B	ZNF652
MIR98	MIRLET7B	HOOK3
MIR98	MIRLET7B	LCOR
MIR98	MIRLET7B	RSPO2
MIR98	MIRLET7B	GNG5
MIR98	MIRLET7B	GATM
MIR98	MIRLET7B	ARRDC4
MIR98	MIRLET7B	NLGN1
MIR98	MIRLET7B	BZW1
MIR98	MIRLET7B	LGR4
MIR98	MIRLET7B	RICTOR
MIR98	MIRLET7B	ABCC5
MIR98	MIRLET7B	CPEB2
MIR98	MIRLET7B	PTPRE
MIR98	MIRLET7B	CCNJ
MIR98	MIRLET7B	MARK1
MIR98	MIRLET7B	GPR26
MIR98	MIRLET7B	REV3L
MIR98	MIRLET7B	BCAT1
MIR98	MIRLET7B	ITGB3
MIR98	MIRLET7B	DCUN1D4
MIR98	MIRLET7B	KIAA1217
MIR98	MIRLET7B	ATRX
MIR98	MIRLET7F1	PPP1R15B
MIR98	MIRLET7F1	TUT4
MIR98	MIRLET7F1	LRIG3
MIR98	MIRLET7F1	TSHZ3
MIR98	MIRLET7F1	NR3C1
MIR98	MIRLET7F1	NFYB
MIR98	MIRLET7F1	GALC
MIR98	MIRLET7F1	LEMD3
MIR98	MIRLET7F1	SMC1A
MIR98	MIRLET7F1	GPR37
MIR98	MIRLET7F1	SLAIN2
MIR98	MIRLET7F1	PUM1
MIR98	MIRLET7F1	GDAP2
MIR98	MIRLET7F1	MAP4K3
MIR98	MIRLET7F1	NRAS
MIR98	MIRLET7F1	ACVR1C
MIR98	MIRLET7F1	CBLN4
MIR98	MIRLET7F1	MAST4
MIR98	MIRLET7F1	AHCTF1
MIR98	MIRLET7F1	FRS2
MIR98	MIRLET7F1	NHLRC3
MIR98	MIRLET7F1	PPM1A
MIR98	MIRLET7F1	SLC35D2
MIR98	MIRLET7F1	ADRB2
MIR98	MIRLET7F1	UHRF2
MIR98	MIRLET7F1	NBEA
MIR98	MIRLET7F1	ADAMTS8
MIR98	MIRLET7F1	HMGA1
MIR98	MIRLET7F1	NAA30
MIR98	MIRLET7F1	CILK1
MIR98	MIRLET7F1	PLAG1
MIR98	MIRLET7F1	PSD3
MIR98	MIRLET7F1	GRPEL2
MIR98	MIRLET7F1	CCDC126
MIR98	MIRLET7F1	DCAF7
MIR98	MIRLET7F1	PBX3
MIR98	MIRLET7F1	RUFY3
MIR98	MIRLET7F1	LRIG2
MIR98	MIRLET7F1	PARD6B
MIR98	MIRLET7F1	CPEB1
MIR98	MIRLET7F1	PDE12
MIR98	MIRLET7F1	IGDCC3
MIR98	MIRLET7F1	NAP1L1
MIR98	MIRLET7F1	CREBZF
MIR98	MIRLET7F1	FOXN2
MIR98	MIRLET7F1	SLC25A27
MIR98	MIRLET7F1	TRANK1
MIR98	MIRLET7F1	RNF20
MIR98	MIRLET7F1	JAG1
MIR98	MIRLET7F1	TARBP2
MIR98	MIRLET7F1	RAB10
MIR98	MIRLET7F1	ULK2
MIR98	MIRLET7F1	VAPA
MIR98	MIRLET7F1	ARAP2
MIR98	MIRLET7F1	SCD
MIR98	MIRLET7F1	PIGA
MIR98	MIRLET7F1	LBR
MIR98	MIRLET7F1	OXR1
MIR98	MIRLET7F1	ATG2B
MIR98	MIRLET7F1	C8orf58
MIR98	MIRLET7F1	ITGA6
MIR98	MIRLET7F1	PTBP3
MIR98	MIRLET7F1	DTX2
MIR98	MIRLET7F1	TTLL4
MIR98	MIRLET7F1	FNDC3A
MIR98	MIRLET7F1	IL13
MIR98	MIRLET7F1	ERO1A
MIR98	MIRLET7F1	CLCN5
MIR98	MIRLET7F1	IGF2BP2
MIR98	MIRLET7F1	PCDH8
MIR98	MIRLET7F1	LYSMD3
MIR98	MIRLET7F1	GSK3B
MIR98	MIRLET7F1	KLHL31
MIR98	MIRLET7F1	EMP2
MIR98	MIRLET7F1	FRMD4B
MIR98	MIRLET7F1	RAB11FIP4
MIR98	MIRLET7F1	IGF2BP3
MIR98	MIRLET7F1	C5orf51
MIR98	MIRLET7F1	PCGF3
MIR98	MIRLET7F1	FAM3C
MIR98	MIRLET7F1	EIF4G2
MIR98	MIRLET7F1	ST8SIA4
MIR98	MIRLET7F1	EEA1
MIR98	MIRLET7F1	GALNT1
MIR98	MIRLET7F1	NR2F2
MIR98	MIRLET7F1	ANKRD46
MIR98	MIRLET7F1	LIMD2
MIR98	MIRLET7F1	PTPRD
MIR98	MIRLET7F1	DMD
MIR98	MIRLET7F1	MAP3K1
MIR98	MIRLET7F1	IGF1R
MIR98	MIRLET7F1	RAB11FIP2
MIR98	MIRLET7F1	HMGCR
MIR98	MIRLET7F1	SORBS1
MIR98	MIRLET7F1	ELF4
MIR98	MIRLET7F1	KCTD21
MIR98	MIRLET7F1	ATAD5
MIR98	MIRLET7F1	CDK8
MIR98	MIRLET7F1	SMARCA5
MIR98	MIRLET7F1	HIVEP2
MIR98	MIRLET7F1	PGRMC1
MIR98	MIRLET7F1	DDI2
MIR98	MIRLET7F1	FIGN
MIR98	MIRLET7F1	HMGA2
MIR98	MIRLET7F1	DLC1
MIR98	MIRLET7F1	MON2
MIR98	MIRLET7F1	ARID4B
MIR98	MIRLET7F1	PDPR
MIR98	MIRLET7F1	IGF2BP1
MIR98	MIRLET7F1	YOD1
MIR98	MIRLET7F1	CLASP2
MIR98	MIRLET7F1	PIK3C2A
MIR98	MIRLET7F1	PAPPA
MIR98	MIRLET7F1	HAND1
MIR98	MIRLET7F1	USP25
MIR98	MIRLET7F1	TGFBR3
MIR98	MIRLET7F1	NR5A2
MIR98	MIRLET7F1	BEND4
MIR98	MIRLET7F1	INO80D
MIR98	MIRLET7F1	LSM14A
MIR98	MIRLET7F1	PUM2
MIR98	MIRLET7F1	ZFYVE26
MIR98	MIRLET7F1	RDX
MIR98	MIRLET7F1	E2F6
MIR98	MIRLET7F1	DOCK1
MIR98	MIRLET7F1	CNOT6L
MIR98	MIRLET7F1	DDX19A
MIR98	MIRLET7F1	COIL
MIR98	MIRLET7F1	CDK19
MIR98	MIRLET7F1	FOXP2
MIR98	MIRLET7F1	AKAP9
MIR98	MIRLET7F1	XKR8
MIR98	MIRLET7F1	TRIM71
MIR98	MIRLET7F1	GNPTAB
MIR98	MIRLET7F1	ITCH
MIR98	MIRLET7F1	HECTD2
MIR98	MIRLET7F1	SPRYD4
MIR98	MIRLET7F1	BEGAIN
MIR98	MIRLET7F1	BTAF1
MIR98	MIRLET7F1	COL1A2
MIR98	MIRLET7F1	TRIM63
MIR98	MIRLET7F1	INTS6L
MIR98	MIRLET7F1	ZNF341
MIR98	MIRLET7F1	SRSF11
MIR98	MIRLET7F1	CNTRL
MIR98	MIRLET7F1	CEMIP2
MIR98	MIRLET7F1	EEF2K
MIR98	MIRLET7F1	CCND2
MIR98	MIRLET7F1	ZNF512B
MIR98	MIRLET7F1	ARHGAP12
MIR98	MIRLET7F1	KIAA0408
MIR98	MIRLET7F1	CDV3
MIR98	MIRLET7F1	ARL4D
MIR98	MIRLET7F1	PALD1
MIR98	MIRLET7F1	ARHGAP28
MIR98	MIRLET7F1	IER5
MIR98	MIRLET7F1	CCNA2
MIR98	MIRLET7F1	ZNF583
MIR98	MIRLET7F1	AKTIP
MIR98	MIRLET7F1	MIB1
MIR98	MIRLET7F1	NEK3
MIR98	MIRLET7F1	NUDT4
MIR98	MIRLET7F1	PRPF38B
MIR98	MIRLET7F1	CASP8AP2
MIR98	MIRLET7F1	TBKBP1
MIR98	MIRLET7F1	KMT2C
MIR98	MIRLET7F1	TAOK1
MIR98	MIRLET7F1	MGAT4A
MIR98	MIRLET7F1	E2F5
MIR98	MIRLET7F1	NKD1
MIR98	MIRLET7F1	DDX19B
MIR98	MIRLET7F1	CRISPLD1
MIR98	MIRLET7F1	CASP3
MIR98	MIRLET7F1	FNIP1
MIR98	MIRLET7F1	NEUROG2
MIR98	MIRLET7F1	TGFBR1
MIR98	MIRLET7F1	SMARCAD1
MIR98	MIRLET7F1	GXYLT1
MIR98	MIRLET7F1	CAMTA1
MIR98	MIRLET7F1	ZFYVE16
MIR98	MIRLET7F1	ZNF710
MIR98	MIRLET7F1	LRP6
MIR98	MIRLET7F1	NGF
MIR98	MIRLET7F1	YY1
MIR98	MIRLET7F1	MAPK6
MIR98	MIRLET7F1	CLDN12
MIR98	MIRLET7F1	SLF2
MIR98	MIRLET7F1	HOXA1
MIR98	MIRLET7F1	LIN28B
MIR98	MIRLET7F1	PRTG
MIR98	MIRLET7F1	NME6
MIR98	MIRLET7F1	ACVR2B
MIR98	MIRLET7F1	MARS2
MIR98	MIRLET7F1	FOXO1
MIR98	MIRLET7F1	STX3
MIR98	MIRLET7F1	NR6A1
MIR98	MIRLET7F1	WAC
MIR98	MIRLET7F1	BACH1
MIR98	MIRLET7F1	HOXD1
MIR98	MIRLET7F1	LIN28A
MIR98	MIRLET7F1	ELOVL4
MIR98	MIRLET7F1	GPCPD1
MIR98	MIRLET7F1	ONECUT2
MIR98	MIRLET7F1	ICMT
MIR98	MIRLET7F1	FYTTD1
MIR98	MIRLET7F1	PTCH1
MIR98	MIRLET7F1	SLC25A24
MIR98	MIRLET7F1	MARCHF6
MIR98	MIRLET7F1	HIC2
MIR98	MIRLET7F1	USP38
MIR98	MIRLET7F1	EBF3
MIR98	MIRLET7F1	APBB3
MIR98	MIRLET7F1	CDC34
MIR98	MIRLET7F1	ATP2A2
MIR98	MIRLET7F1	C14orf28
MIR98	MIRLET7F1	GAN
MIR98	MIRLET7F1	LPGAT1
MIR98	MIRLET7F1	NKTR
MIR98	MIRLET7F1	SOX9
MIR98	MIRLET7F1	RDH10
MIR98	MIRLET7F1	ZNF652
MIR98	MIRLET7F1	HOOK3
MIR98	MIRLET7F1	LCOR
MIR98	MIRLET7F1	RSPO2
MIR98	MIRLET7F1	GNG5
MIR98	MIRLET7F1	GATM
MIR98	MIRLET7F1	ARRDC4
MIR98	MIRLET7F1	NLGN1
MIR98	MIRLET7F1	BZW1
MIR98	MIRLET7F1	LGR4
MIR98	MIRLET7F1	RICTOR
MIR98	MIRLET7F1	KLF9
MIR98	MIRLET7F1	ABCC5
MIR98	MIRLET7F1	CPEB2
MIR98	MIRLET7F1	PTPRE
MIR98	MIRLET7F1	CCNJ
MIR98	MIRLET7F1	MARK1
MIR98	MIRLET7F1	GPR26
MIR98	MIRLET7F1	REV3L
MIR98	MIRLET7F1	MMS22L
MIR98	MIRLET7F1	BCAT1
MIR98	MIRLET7F1	ITGB3
MIR98	MIRLET7F1	DCUN1D4
MIR98	MIRLET7F1	KIAA1217
MIR98	MIRLET7F1	ATRX
MIRLET7B	MIRLET7F1	PPP1R15B
MIRLET7B	MIRLET7F1	TUT4
MIRLET7B	MIRLET7F1	LRIG3
MIRLET7B	MIRLET7F1	PAFAH1B1
MIRLET7B	MIRLET7F1	NR3C1
MIRLET7B	MIRLET7F1	TSHZ3
MIRLET7B	MIRLET7F1	GALC
MIRLET7B	MIRLET7F1	NFYB
MIRLET7B	MIRLET7F1	LEMD3
MIRLET7B	MIRLET7F1	SMC1A
MIRLET7B	MIRLET7F1	GPR37
MIRLET7B	MIRLET7F1	AHR
MIRLET7B	MIRLET7F1	COL11A1
MIRLET7B	MIRLET7F1	FAM118A
MIRLET7B	MIRLET7F1	SLAIN2
MIRLET7B	MIRLET7F1	PUM1
MIRLET7B	MIRLET7F1	TLE4
MIRLET7B	MIRLET7F1	MAP4K3
MIRLET7B	MIRLET7F1	DCAF6
MIRLET7B	MIRLET7F1	NRAS
MIRLET7B	MIRLET7F1	ACVR1C
MIRLET7B	MIRLET7F1	CBLN4
MIRLET7B	MIRLET7F1	MAST4
MIRLET7B	MIRLET7F1	AHCTF1
MIRLET7B	MIRLET7F1	HNRNPD
MIRLET7B	MIRLET7F1	FRS2
MIRLET7B	MIRLET7F1	NHLRC3
MIRLET7B	MIRLET7F1	PPM1A
MIRLET7B	MIRLET7F1	SLC35D2
MIRLET7B	MIRLET7F1	ADRB2
MIRLET7B	MIRLET7F1	ZNF292
MIRLET7B	MIRLET7F1	NBEA
MIRLET7B	MIRLET7F1	ADAMTS8
MIRLET7B	MIRLET7F1	UHRF2
MIRLET7B	MIRLET7F1	NAA30
MIRLET7B	MIRLET7F1	CILK1
MIRLET7B	MIRLET7F1	PLAG1
MIRLET7B	MIRLET7F1	PSD3
MIRLET7B	MIRLET7F1	CCNY
MIRLET7B	MIRLET7F1	CCDC126
MIRLET7B	MIRLET7F1	DCAF7
MIRLET7B	MIRLET7F1	PBX3
MIRLET7B	MIRLET7F1	RUFY3
MIRLET7B	MIRLET7F1	LRIG2
MIRLET7B	MIRLET7F1	PARD6B
MIRLET7B	MIRLET7F1	CPEB1
MIRLET7B	MIRLET7F1	DOP1A
MIRLET7B	MIRLET7F1	PDE12
MIRLET7B	MIRLET7F1	IGDCC3
MIRLET7B	MIRLET7F1	NAP1L1
MIRLET7B	MIRLET7F1	CREBZF
MIRLET7B	MIRLET7F1	USP44
MIRLET7B	MIRLET7F1	ADRB1
MIRLET7B	MIRLET7F1	RNF20
MIRLET7B	MIRLET7F1	JAG1
MIRLET7B	MIRLET7F1	TARBP2
MIRLET7B	MIRLET7F1	RAB10
MIRLET7B	MIRLET7F1	VAPA
MIRLET7B	MIRLET7F1	ARAP2
MIRLET7B	MIRLET7F1	PIGA
MIRLET7B	MIRLET7F1	SOCS1
MIRLET7B	MIRLET7F1	SRSF2
MIRLET7B	MIRLET7F1	ARID3B
MIRLET7B	MIRLET7F1	OXR1
MIRLET7B	MIRLET7F1	ATG2B
MIRLET7B	MIRLET7F1	C8orf58
MIRLET7B	MIRLET7F1	ACTR3
MIRLET7B	MIRLET7F1	ITGA6
MIRLET7B	MIRLET7F1	DTX2
MIRLET7B	MIRLET7F1	PTBP3
MIRLET7B	MIRLET7F1	TTLL4
MIRLET7B	MIRLET7F1	FNDC3A
MIRLET7B	MIRLET7F1	IL13
MIRLET7B	MIRLET7F1	ERO1A
MIRLET7B	MIRLET7F1	LIN9
MIRLET7B	MIRLET7F1	CLCN5
MIRLET7B	MIRLET7F1	IGF2BP2
MIRLET7B	MIRLET7F1	PCDH8
MIRLET7B	MIRLET7F1	LYSMD3
MIRLET7B	MIRLET7F1	ZNF275
MIRLET7B	MIRLET7F1	HDAC9
MIRLET7B	MIRLET7F1	IRS2
MIRLET7B	MIRLET7F1	EMP2
MIRLET7B	MIRLET7F1	FRMD4B
MIRLET7B	MIRLET7F1	DYRK1A
MIRLET7B	MIRLET7F1	RAB11FIP4
MIRLET7B	MIRLET7F1	IGF2BP3
MIRLET7B	MIRLET7F1	WWC1
MIRLET7B	MIRLET7F1	C5orf51
MIRLET7B	MIRLET7F1	FAM3C
MIRLET7B	MIRLET7F1	EIF4G2
MIRLET7B	MIRLET7F1	EEA1
MIRLET7B	MIRLET7F1	TLE1
MIRLET7B	MIRLET7F1	ETS2
MIRLET7B	MIRLET7F1	ITGB8
MIRLET7B	MIRLET7F1	GALNT1
MIRLET7B	MIRLET7F1	ZFPM2
MIRLET7B	MIRLET7F1	NR2F2
MIRLET7B	MIRLET7F1	ANKRD46
MIRLET7B	MIRLET7F1	LIMD2
MIRLET7B	MIRLET7F1	PTPRD
MIRLET7B	MIRLET7F1	DMD
MIRLET7B	MIRLET7F1	MAP3K1
MIRLET7B	MIRLET7F1	IGF1R
MIRLET7B	MIRLET7F1	RAB11FIP2
MIRLET7B	MIRLET7F1	DIAPH2
MIRLET7B	MIRLET7F1	HMGCR
MIRLET7B	MIRLET7F1	NASP
MIRLET7B	MIRLET7F1	SPRED1
MIRLET7B	MIRLET7F1	SORBS1
MIRLET7B	MIRLET7F1	KCTD21
MIRLET7B	MIRLET7F1	SMARCA5
MIRLET7B	MIRLET7F1	HIVEP2
MIRLET7B	MIRLET7F1	PGRMC1
MIRLET7B	MIRLET7F1	DDI2
MIRLET7B	MIRLET7F1	FIGN
MIRLET7B	MIRLET7F1	HMGA2
MIRLET7B	MIRLET7F1	ARID4B
MIRLET7B	MIRLET7F1	PDPR
MIRLET7B	MIRLET7F1	IGF2BP1
MIRLET7B	MIRLET7F1	YOD1
MIRLET7B	MIRLET7F1	CLASP2
MIRLET7B	MIRLET7F1	PIK3C2A
MIRLET7B	MIRLET7F1	PAPPA
MIRLET7B	MIRLET7F1	HAND1
MIRLET7B	MIRLET7F1	USP25
MIRLET7B	MIRLET7F1	TGFBR3
MIRLET7B	MIRLET7F1	NR5A2
MIRLET7B	MIRLET7F1	BEND4
MIRLET7B	MIRLET7F1	ANO4
MIRLET7B	MIRLET7F1	LSM14A
MIRLET7B	MIRLET7F1	PUM2
MIRLET7B	MIRLET7F1	INO80D
MIRLET7B	MIRLET7F1	RDX
MIRLET7B	MIRLET7F1	ZFYVE26
MIRLET7B	MIRLET7F1	DOCK1
MIRLET7B	MIRLET7F1	CNOT6L
MIRLET7B	MIRLET7F1	E2F6
MIRLET7B	MIRLET7F1	DDX19A
MIRLET7B	MIRLET7F1	COIL
MIRLET7B	MIRLET7F1	CDK19
MIRLET7B	MIRLET7F1	PAN3
MIRLET7B	MIRLET7F1	FOXP2
MIRLET7B	MIRLET7F1	AKAP9
MIRLET7B	MIRLET7F1	XKR8
MIRLET7B	MIRLET7F1	TRIM71
MIRLET7B	MIRLET7F1	RALGDS
MIRLET7B	MIRLET7F1	GNPTAB
MIRLET7B	MIRLET7F1	ITCH
MIRLET7B	MIRLET7F1	HECTD2
MIRLET7B	MIRLET7F1	SPRYD4
MIRLET7B	MIRLET7F1	BEGAIN
MIRLET7B	MIRLET7F1	BTAF1
MIRLET7B	MIRLET7F1	COL1A2
MIRLET7B	MIRLET7F1	TRIM63
MIRLET7B	MIRLET7F1	AHDC1
MIRLET7B	MIRLET7F1	INTS6L
MIRLET7B	MIRLET7F1	PDS5B
MIRLET7B	MIRLET7F1	ZNF341
MIRLET7B	MIRLET7F1	SRSF11
MIRLET7B	MIRLET7F1	CNTRL
MIRLET7B	MIRLET7F1	CEMIP2
MIRLET7B	MIRLET7F1	CNKSR3
MIRLET7B	MIRLET7F1	MEF2C
MIRLET7B	MIRLET7F1	CCND2
MIRLET7B	MIRLET7F1	ZNF512B
MIRLET7B	MIRLET7F1	TET3
MIRLET7B	MIRLET7F1	MYT1L
MIRLET7B	MIRLET7F1	ARHGAP12
MIRLET7B	MIRLET7F1	KIAA0408
MIRLET7B	MIRLET7F1	CDV3
MIRLET7B	MIRLET7F1	PALD1
MIRLET7B	MIRLET7F1	ARHGAP28
MIRLET7B	MIRLET7F1	CCNA2
MIRLET7B	MIRLET7F1	ZNF583
MIRLET7B	MIRLET7F1	MIB1
MIRLET7B	MIRLET7F1	NEK3
MIRLET7B	MIRLET7F1	NUDT4
MIRLET7B	MIRLET7F1	PRPF38B
MIRLET7B	MIRLET7F1	CASP8AP2
MIRLET7B	MIRLET7F1	MGAT4A
MIRLET7B	MIRLET7F1	E2F5
MIRLET7B	MIRLET7F1	KMT2C
MIRLET7B	MIRLET7F1	TAOK1
MIRLET7B	MIRLET7F1	NKD1
MIRLET7B	MIRLET7F1	DDX19B
MIRLET7B	MIRLET7F1	CRISPLD1
MIRLET7B	MIRLET7F1	CPA4
MIRLET7B	MIRLET7F1	CASP3
MIRLET7B	MIRLET7F1	FNIP1
MIRLET7B	MIRLET7F1	GAS7
MIRLET7B	MIRLET7F1	NEUROG2
MIRLET7B	MIRLET7F1	ZNF200
MIRLET7B	MIRLET7F1	TGFBR1
MIRLET7B	MIRLET7F1	SMARCAD1
MIRLET7B	MIRLET7F1	GXYLT1
MIRLET7B	MIRLET7F1	CAMTA1
MIRLET7B	MIRLET7F1	ZFYVE16
MIRLET7B	MIRLET7F1	SH3GL3
MIRLET7B	MIRLET7F1	ZNF710
MIRLET7B	MIRLET7F1	LRP6
MIRLET7B	MIRLET7F1	NGF
MIRLET7B	MIRLET7F1	YY1
MIRLET7B	MIRLET7F1	MAPK6
MIRLET7B	MIRLET7F1	CLDN12
MIRLET7B	MIRLET7F1	SLF2
MIRLET7B	MIRLET7F1	HOXA1
MIRLET7B	MIRLET7F1	LIN28B
MIRLET7B	MIRLET7F1	PRTG
MIRLET7B	MIRLET7F1	EFHD2
MIRLET7B	MIRLET7F1	NME6
MIRLET7B	MIRLET7F1	MED14
MIRLET7B	MIRLET7F1	MARS2
MIRLET7B	MIRLET7F1	FOXO1
MIRLET7B	MIRLET7F1	STX3
MIRLET7B	MIRLET7F1	NR6A1
MIRLET7B	MIRLET7F1	GULP1
MIRLET7B	MIRLET7F1	WAC
MIRLET7B	MIRLET7F1	BACH1
MIRLET7B	MIRLET7F1	ONECUT2
MIRLET7B	MIRLET7F1	LIN28A
MIRLET7B	MIRLET7F1	ELOVL4
MIRLET7B	MIRLET7F1	GPCPD1
MIRLET7B	MIRLET7F1	ZNF800
MIRLET7B	MIRLET7F1	FYTTD1
MIRLET7B	MIRLET7F1	PTCH1
MIRLET7B	MIRLET7F1	MARCHF6
MIRLET7B	MIRLET7F1	HIC2
MIRLET7B	MIRLET7F1	USP38
MIRLET7B	MIRLET7F1	EBF3
MIRLET7B	MIRLET7F1	APBB3
MIRLET7B	MIRLET7F1	CDC34
MIRLET7B	MIRLET7F1	C14orf28
MIRLET7B	MIRLET7F1	GAN
MIRLET7B	MIRLET7F1	LPGAT1
MIRLET7B	MIRLET7F1	SOX9
MIRLET7B	MIRLET7F1	RDH10
MIRLET7B	MIRLET7F1	ZNF652
MIRLET7B	MIRLET7F1	HOOK3
MIRLET7B	MIRLET7F1	LCOR
MIRLET7B	MIRLET7F1	RSPO2
MIRLET7B	MIRLET7F1	GNG5
MIRLET7B	MIRLET7F1	GATM
MIRLET7B	MIRLET7F1	BDNF
MIRLET7B	MIRLET7F1	ARRDC4
MIRLET7B	MIRLET7F1	NLGN1
MIRLET7B	MIRLET7F1	BZW1
MIRLET7B	MIRLET7F1	LGR4
MIRLET7B	MIRLET7F1	RICTOR
MIRLET7B	MIRLET7F1	ITM2B
MIRLET7B	MIRLET7F1	ABCC5
MIRLET7B	MIRLET7F1	CPEB2
MIRLET7B	MIRLET7F1	PTPRE
MIRLET7B	MIRLET7F1	CCNJ
MIRLET7B	MIRLET7F1	MARK1
MIRLET7B	MIRLET7F1	GPR26
MIRLET7B	MIRLET7F1	ESRRG
MIRLET7B	MIRLET7F1	SEMA4C
MIRLET7B	MIRLET7F1	EPS8
MIRLET7B	MIRLET7F1	REV3L
MIRLET7B	MIRLET7F1	NCAM1
MIRLET7B	MIRLET7F1	BCAT1
MIRLET7B	MIRLET7F1	CEP76
MIRLET7B	MIRLET7F1	ITGB3
MIRLET7B	MIRLET7F1	DCUN1D4
MIRLET7B	MIRLET7F1	KIAA1217
MIRLET7B	MIRLET7F1	ATRX
MIRLET7A2	MIRLET7C	PPP1R15B
MIRLET7A2	MIRLET7C	LRIG3
MIRLET7A2	MIRLET7C	SLC12A9
MIRLET7A2	MIRLET7C	GALC
MIRLET7A2	MIRLET7C	SMC1A
MIRLET7A2	MIRLET7C	LRIG1
MIRLET7A2	MIRLET7C	FAM118A
MIRLET7A2	MIRLET7C	STXBP5L
MIRLET7A2	MIRLET7C	MAP4K3
MIRLET7A2	MIRLET7C	NRAS
MIRLET7A2	MIRLET7C	ACVR1C
MIRLET7A2	MIRLET7C	AHCTF1
MIRLET7A2	MIRLET7C	NHLRC3
MIRLET7A2	MIRLET7C	SLC35D2
MIRLET7A2	MIRLET7C	ADRB2
MIRLET7A2	MIRLET7C	UHRF2
MIRLET7A2	MIRLET7C	ADAMTS8
MIRLET7A2	MIRLET7C	NAA30
MIRLET7A2	MIRLET7C	MBTD1
MIRLET7A2	MIRLET7C	PBX3
MIRLET7A2	MIRLET7C	CDC25A
MIRLET7A2	MIRLET7C	RUFY3
MIRLET7A2	MIRLET7C	LRIG2
MIRLET7A2	MIRLET7C	PARD6B
MIRLET7A2	MIRLET7C	CPEB1
MIRLET7A2	MIRLET7C	PDE12
MIRLET7A2	MIRLET7C	IGDCC3
MIRLET7A2	MIRLET7C	NAP1L1
MIRLET7A2	MIRLET7C	USP44
MIRLET7A2	MIRLET7C	ADRB1
MIRLET7A2	MIRLET7C	RNF20
MIRLET7A2	MIRLET7C	TARBP2
MIRLET7A2	MIRLET7C	ULK2
MIRLET7A2	MIRLET7C	SCD
MIRLET7A2	MIRLET7C	PIGA
MIRLET7A2	MIRLET7C	LBR
MIRLET7A2	MIRLET7C	SOCS1
MIRLET7A2	MIRLET7C	CADM2
MIRLET7A2	MIRLET7C	C8orf58
MIRLET7A2	MIRLET7C	DTX2
MIRLET7A2	MIRLET7C	TTLL4
MIRLET7A2	MIRLET7C	FNDC3A
MIRLET7A2	MIRLET7C	IL13
MIRLET7A2	MIRLET7C	ERO1A
MIRLET7A2	MIRLET7C	CLCN5
MIRLET7A2	MIRLET7C	IGF2BP2
MIRLET7A2	MIRLET7C	ZNF275
MIRLET7A2	MIRLET7C	KLHL31
MIRLET7A2	MIRLET7C	IRS2
MIRLET7A2	MIRLET7C	FRMD4B
MIRLET7A2	MIRLET7C	RAB11FIP4
MIRLET7A2	MIRLET7C	IGF2BP3
MIRLET7A2	MIRLET7C	C5orf51
MIRLET7A2	MIRLET7C	HDX
MIRLET7A2	MIRLET7C	EIF4G2
MIRLET7A2	MIRLET7C	AKAP1
MIRLET7A2	MIRLET7C	ZNF704
MIRLET7A2	MIRLET7C	TLK1
MIRLET7A2	MIRLET7C	SLC20A1
MIRLET7A2	MIRLET7C	DPH3
MIRLET7A2	MIRLET7C	GALNT1
MIRLET7A2	MIRLET7C	RAMAC
MIRLET7A2	MIRLET7C	UTRN
MIRLET7A2	MIRLET7C	ANKRD46
MIRLET7A2	MIRLET7C	LIMD2
MIRLET7A2	MIRLET7C	PTPRD
MIRLET7A2	MIRLET7C	DMD
MIRLET7A2	MIRLET7C	MAP3K1
MIRLET7A2	MIRLET7C	IGF1R
MIRLET7A2	MIRLET7C	KCTD21
MIRLET7A2	MIRLET7C	SLC66A1
MIRLET7A2	MIRLET7C	BTG1
MIRLET7A2	MIRLET7C	PGRMC1
MIRLET7A2	MIRLET7C	DDI2
MIRLET7A2	MIRLET7C	GALE
MIRLET7A2	MIRLET7C	FIGN
MIRLET7A2	MIRLET7C	HMGA2
MIRLET7A2	MIRLET7C	CCR7
MIRLET7A2	MIRLET7C	PDPR
MIRLET7A2	MIRLET7C	IGF2BP1
MIRLET7A2	MIRLET7C	YOD1
MIRLET7A2	MIRLET7C	PAPPA
MIRLET7A2	MIRLET7C	HAND1
MIRLET7A2	MIRLET7C	TGFBR3
MIRLET7A2	MIRLET7C	COL3A1
MIRLET7A2	MIRLET7C	BEND4
MIRLET7A2	MIRLET7C	ATP13A3
MIRLET7A2	MIRLET7C	PTAFR
MIRLET7A2	MIRLET7C	ZFYVE26
MIRLET7A2	MIRLET7C	E2F6
MIRLET7A2	MIRLET7C	RDX
MIRLET7A2	MIRLET7C	DDX19A
MIRLET7A2	MIRLET7C	COIL
MIRLET7A2	MIRLET7C	FOXP2
MIRLET7A2	MIRLET7C	XKR8
MIRLET7A2	MIRLET7C	TRIM71
MIRLET7A2	MIRLET7C	GNPTAB
MIRLET7A2	MIRLET7C	SPRYD4
MIRLET7A2	MIRLET7C	BEGAIN
MIRLET7A2	MIRLET7C	SOCS6
MIRLET7A2	MIRLET7C	COL1A2
MIRLET7A2	MIRLET7C	INTS6L
MIRLET7A2	MIRLET7C	TCF7L2
MIRLET7A2	MIRLET7C	ZNF341
MIRLET7A2	MIRLET7C	CNTRL
MIRLET7A2	MIRLET7C	CEMIP2
MIRLET7A2	MIRLET7C	CCND2
MIRLET7A2	MIRLET7C	ZNF512B
MIRLET7A2	MIRLET7C	MYT1L
MIRLET7A2	MIRLET7C	CDV3
MIRLET7A2	MIRLET7C	ARL4D
MIRLET7A2	MIRLET7C	PALD1
MIRLET7A2	MIRLET7C	ARHGAP28
MIRLET7A2	MIRLET7C	FAM214B
MIRLET7A2	MIRLET7C	ZNF583
MIRLET7A2	MIRLET7C	MIB1
MIRLET7A2	MIRLET7C	PBX2P1
MIRLET7A2	MIRLET7C	NEK3
MIRLET7A2	MIRLET7C	PRPF38B
MIRLET7A2	MIRLET7C	MGAT4A
MIRLET7A2	MIRLET7C	E2F5
MIRLET7A2	MIRLET7C	TAOK1
MIRLET7A2	MIRLET7C	NKD1
MIRLET7A2	MIRLET7C	DDX19B
MIRLET7A2	MIRLET7C	ZNF644
MIRLET7A2	MIRLET7C	CPA4
MIRLET7A2	MIRLET7C	CASP3
MIRLET7A2	MIRLET7C	FNIP1
MIRLET7A2	MIRLET7C	GAS7
MIRLET7A2	MIRLET7C	TGFBR1
MIRLET7A2	MIRLET7C	SMARCAD1
MIRLET7A2	MIRLET7C	GXYLT1
MIRLET7A2	MIRLET7C	ZNF710
MIRLET7A2	MIRLET7C	NGF
MIRLET7A2	MIRLET7C	PCDH7
MIRLET7A2	MIRLET7C	MAPK6
MIRLET7A2	MIRLET7C	CLDN12
MIRLET7A2	MIRLET7C	SLF2
MIRLET7A2	MIRLET7C	HOXA1
MIRLET7A2	MIRLET7C	LIN28B
MIRLET7A2	MIRLET7C	PRTG
MIRLET7A2	MIRLET7C	ZNF148
MIRLET7A2	MIRLET7C	NME6
MIRLET7A2	MIRLET7C	MARS2
MIRLET7A2	MIRLET7C	ELP1
MIRLET7A2	MIRLET7C	STX3
MIRLET7A2	MIRLET7C	PLA2G3
MIRLET7A2	MIRLET7C	NR6A1
MIRLET7A2	MIRLET7C	DACH1
MIRLET7A2	MIRLET7C	GIPC1
MIRLET7A2	MIRLET7C	BACH1
MIRLET7A2	MIRLET7C	ONECUT2
MIRLET7A2	MIRLET7C	LIN28A
MIRLET7A2	MIRLET7C	ELOVL4
MIRLET7A2	MIRLET7C	GPCPD1
MIRLET7A2	MIRLET7C	SLC25A24
MIRLET7A2	MIRLET7C	HIC2
MIRLET7A2	MIRLET7C	USP38
MIRLET7A2	MIRLET7C	NDST2
MIRLET7A2	MIRLET7C	RFX6
MIRLET7A2	MIRLET7C	APBB3
MIRLET7A2	MIRLET7C	CDC34
MIRLET7A2	MIRLET7C	C14orf28
MIRLET7A2	MIRLET7C	GAN
MIRLET7A2	MIRLET7C	OSMR
MIRLET7A2	MIRLET7C	LPGAT1
MIRLET7A2	MIRLET7C	RDH10
MIRLET7A2	MIRLET7C	LCOR
MIRLET7A2	MIRLET7C	GNG5
MIRLET7A2	MIRLET7C	GATM
MIRLET7A2	MIRLET7C	ARRDC4
MIRLET7A2	MIRLET7C	BZW1
MIRLET7A2	MIRLET7C	LGR4
MIRLET7A2	MIRLET7C	KLF9
MIRLET7A2	MIRLET7C	ABCC5
MIRLET7A2	MIRLET7C	CPEB2
MIRLET7A2	MIRLET7C	CCNJ
MIRLET7A2	MIRLET7C	GPR26
MIRLET7A2	MIRLET7C	SEMA4C
MIRLET7A2	MIRLET7C	ELAVL2
MIRLET7A2	MIRLET7E	PPP1R15B
MIRLET7A2	MIRLET7E	LRIG3
MIRLET7A2	MIRLET7E	SLC12A9
MIRLET7A2	MIRLET7E	GALC
MIRLET7A2	MIRLET7E	SMC1A
MIRLET7A2	MIRLET7E	CPEB3
MIRLET7A2	MIRLET7E	STAG2
MIRLET7A2	MIRLET7E	MAP4K3
MIRLET7A2	MIRLET7E	NRAS
MIRLET7A2	MIRLET7E	ACVR1C
MIRLET7A2	MIRLET7E	AHCTF1
MIRLET7A2	MIRLET7E	NHLRC3
MIRLET7A2	MIRLET7E	SLC35D2
MIRLET7A2	MIRLET7E	ADRB2
MIRLET7A2	MIRLET7E	UHRF2
MIRLET7A2	MIRLET7E	ADAMTS8
MIRLET7A2	MIRLET7E	NAA30
MIRLET7A2	MIRLET7E	GRPEL2
MIRLET7A2	MIRLET7E	PBX3
MIRLET7A2	MIRLET7E	RUFY3
MIRLET7A2	MIRLET7E	LRIG2
MIRLET7A2	MIRLET7E	PARD6B
MIRLET7A2	MIRLET7E	CPEB1
MIRLET7A2	MIRLET7E	PDE12
MIRLET7A2	MIRLET7E	IGDCC3
MIRLET7A2	MIRLET7E	NAP1L1
MIRLET7A2	MIRLET7E	USP44
MIRLET7A2	MIRLET7E	SLC25A27
MIRLET7A2	MIRLET7E	ADRB1
MIRLET7A2	MIRLET7E	RNF20
MIRLET7A2	MIRLET7E	TARBP2
MIRLET7A2	MIRLET7E	ULK2
MIRLET7A2	MIRLET7E	PIGA
MIRLET7A2	MIRLET7E	LBR
MIRLET7A2	MIRLET7E	SOCS1
MIRLET7A2	MIRLET7E	C8orf58
MIRLET7A2	MIRLET7E	DTX2
MIRLET7A2	MIRLET7E	TTLL4
MIRLET7A2	MIRLET7E	FNDC3A
MIRLET7A2	MIRLET7E	IL13
MIRLET7A2	MIRLET7E	ERO1A
MIRLET7A2	MIRLET7E	CLCN5
MIRLET7A2	MIRLET7E	IGF2BP2
MIRLET7A2	MIRLET7E	ZNF275
MIRLET7A2	MIRLET7E	AGO4
MIRLET7A2	MIRLET7E	TIMM17B
MIRLET7A2	MIRLET7E	KLHL31
MIRLET7A2	MIRLET7E	IRS2
MIRLET7A2	MIRLET7E	FRMD4B
MIRLET7A2	MIRLET7E	RAB11FIP4
MIRLET7A2	MIRLET7E	IGF2BP3
MIRLET7A2	MIRLET7E	C5orf51
MIRLET7A2	MIRLET7E	EIF4G2
MIRLET7A2	MIRLET7E	SLC20A1
MIRLET7A2	MIRLET7E	RAMAC
MIRLET7A2	MIRLET7E	GALNT1
MIRLET7A2	MIRLET7E	UTRN
MIRLET7A2	MIRLET7E	ANKRD46
MIRLET7A2	MIRLET7E	LIMD2
MIRLET7A2	MIRLET7E	PTPRD
MIRLET7A2	MIRLET7E	DMD
MIRLET7A2	MIRLET7E	MAP3K1
MIRLET7A2	MIRLET7E	IGF1R
MIRLET7A2	MIRLET7E	DIAPH2
MIRLET7A2	MIRLET7E	KCTD21
MIRLET7A2	MIRLET7E	SLC66A1
MIRLET7A2	MIRLET7E	PGRMC1
MIRLET7A2	MIRLET7E	DDI2
MIRLET7A2	MIRLET7E	GALE
MIRLET7A2	MIRLET7E	NEO1
MIRLET7A2	MIRLET7E	HMGA2
MIRLET7A2	MIRLET7E	TBP
MIRLET7A2	MIRLET7E	FIGN
MIRLET7A2	MIRLET7E	DLC1
MIRLET7A2	MIRLET7E	PDPR
MIRLET7A2	MIRLET7E	IGF2BP1
MIRLET7A2	MIRLET7E	YOD1
MIRLET7A2	MIRLET7E	CLASP2
MIRLET7A2	MIRLET7E	PAPPA
MIRLET7A2	MIRLET7E	SHOC2
MIRLET7A2	MIRLET7E	HAND1
MIRLET7A2	MIRLET7E	BEND4
MIRLET7A2	MIRLET7E	PTAFR
MIRLET7A2	MIRLET7E	ZFYVE26
MIRLET7A2	MIRLET7E	E2F6
MIRLET7A2	MIRLET7E	RDX
MIRLET7A2	MIRLET7E	DDX19A
MIRLET7A2	MIRLET7E	COIL
MIRLET7A2	MIRLET7E	AP1S1
MIRLET7A2	MIRLET7E	FOXP2
MIRLET7A2	MIRLET7E	XKR8
MIRLET7A2	MIRLET7E	TRIM71
MIRLET7A2	MIRLET7E	GNPTAB
MIRLET7A2	MIRLET7E	KLHDC8B
MIRLET7A2	MIRLET7E	SPRYD4
MIRLET7A2	MIRLET7E	BEGAIN
MIRLET7A2	MIRLET7E	COL1A2
MIRLET7A2	MIRLET7E	INTS6L
MIRLET7A2	MIRLET7E	ZNF341
MIRLET7A2	MIRLET7E	CNTRL
MIRLET7A2	MIRLET7E	CEMIP2
MIRLET7A2	MIRLET7E	CCND2
MIRLET7A2	MIRLET7E	ZNF512B
MIRLET7A2	MIRLET7E	CDV3
MIRLET7A2	MIRLET7E	ARL4D
MIRLET7A2	MIRLET7E	PALD1
MIRLET7A2	MIRLET7E	ARHGAP28
MIRLET7A2	MIRLET7E	FAM214B
MIRLET7A2	MIRLET7E	ZNF583
MIRLET7A2	MIRLET7E	MIB1
MIRLET7A2	MIRLET7E	PBX2P1
MIRLET7A2	MIRLET7E	NEK3
MIRLET7A2	MIRLET7E	PRPF38B
MIRLET7A2	MIRLET7E	MGAT4A
MIRLET7A2	MIRLET7E	E2F5
MIRLET7A2	MIRLET7E	NKD1
MIRLET7A2	MIRLET7E	DDX19B
MIRLET7A2	MIRLET7E	CPA4
MIRLET7A2	MIRLET7E	CASP3
MIRLET7A2	MIRLET7E	FNIP1
MIRLET7A2	MIRLET7E	GAS7
MIRLET7A2	MIRLET7E	TGFBR1
MIRLET7A2	MIRLET7E	SMARCAD1
MIRLET7A2	MIRLET7E	GXYLT1
MIRLET7A2	MIRLET7E	CAMTA1
MIRLET7A2	MIRLET7E	ZNF710
MIRLET7A2	MIRLET7E	MAPK6
MIRLET7A2	MIRLET7E	CLDN12
MIRLET7A2	MIRLET7E	SLF2
MIRLET7A2	MIRLET7E	HOXA1
MIRLET7A2	MIRLET7E	LIN28B
MIRLET7A2	MIRLET7E	PRTG
MIRLET7A2	MIRLET7E	EFHD2
MIRLET7A2	MIRLET7E	NME6
MIRLET7A2	MIRLET7E	MARS2
MIRLET7A2	MIRLET7E	ELP1
MIRLET7A2	MIRLET7E	STX3
MIRLET7A2	MIRLET7E	PLA2G3
MIRLET7A2	MIRLET7E	NR6A1
MIRLET7A2	MIRLET7E	GIPC1
MIRLET7A2	MIRLET7E	BACH1
MIRLET7A2	MIRLET7E	ONECUT2
MIRLET7A2	MIRLET7E	LIN28A
MIRLET7A2	MIRLET7E	GPCPD1
MIRLET7A2	MIRLET7E	USP15
MIRLET7A2	MIRLET7E	MYO1F
MIRLET7A2	MIRLET7E	SLC25A24
MIRLET7A2	MIRLET7E	HIC2
MIRLET7A2	MIRLET7E	USP38
MIRLET7A2	MIRLET7E	NDST2
MIRLET7A2	MIRLET7E	RFX6
MIRLET7A2	MIRLET7E	APBB3
MIRLET7A2	MIRLET7E	CDC34
MIRLET7A2	MIRLET7E	C14orf28
MIRLET7A2	MIRLET7E	GAN
MIRLET7A2	MIRLET7E	LPGAT1
MIRLET7A2	MIRLET7E	PTGES3
MIRLET7A2	MIRLET7E	RDH10
MIRLET7A2	MIRLET7E	LCOR
MIRLET7A2	MIRLET7E	GNG5
MIRLET7A2	MIRLET7E	GATM
MIRLET7A2	MIRLET7E	ARRDC4
MIRLET7A2	MIRLET7E	BZW1
MIRLET7A2	MIRLET7E	LGR4
MIRLET7A2	MIRLET7E	KLF9
MIRLET7A2	MIRLET7E	ABCC5
MIRLET7A2	MIRLET7E	CPEB2
MIRLET7A2	MIRLET7E	CCNJ
MIRLET7A2	MIRLET7E	GPR26
MIRLET7A2	MIRLET7E	SEMA4C
MIRLET7A2	MIRLET7E	ELAVL2
MIRLET7C	MIRLET7E	PPP1R15B
MIRLET7C	MIRLET7E	LRIG3
MIRLET7C	MIRLET7E	SLC12A9
MIRLET7C	MIRLET7E	GALC
MIRLET7C	MIRLET7E	SMC1A
MIRLET7C	MIRLET7E	MAP4K3
MIRLET7C	MIRLET7E	NRAS
MIRLET7C	MIRLET7E	CYP19A1
MIRLET7C	MIRLET7E	ACVR1C
MIRLET7C	MIRLET7E	AHCTF1
MIRLET7C	MIRLET7E	NHLRC3
MIRLET7C	MIRLET7E	SLC35D2
MIRLET7C	MIRLET7E	ADRB2
MIRLET7C	MIRLET7E	UHRF2
MIRLET7C	MIRLET7E	ADAMTS8
MIRLET7C	MIRLET7E	NAA30
MIRLET7C	MIRLET7E	PBX3
MIRLET7C	MIRLET7E	RUFY3
MIRLET7C	MIRLET7E	LRIG2
MIRLET7C	MIRLET7E	PARD6B
MIRLET7C	MIRLET7E	CPEB1
MIRLET7C	MIRLET7E	PDE12
MIRLET7C	MIRLET7E	IGDCC3
MIRLET7C	MIRLET7E	NAP1L1
MIRLET7C	MIRLET7E	USP44
MIRLET7C	MIRLET7E	ADRB1
MIRLET7C	MIRLET7E	RNF20
MIRLET7C	MIRLET7E	TARBP2
MIRLET7C	MIRLET7E	TMEM47
MIRLET7C	MIRLET7E	ULK2
MIRLET7C	MIRLET7E	PIGA
MIRLET7C	MIRLET7E	LBR
MIRLET7C	MIRLET7E	SOCS1
MIRLET7C	MIRLET7E	CEP135
MIRLET7C	MIRLET7E	C8orf58
MIRLET7C	MIRLET7E	DTX2
MIRLET7C	MIRLET7E	TTLL4
MIRLET7C	MIRLET7E	FNDC3A
MIRLET7C	MIRLET7E	IL13
MIRLET7C	MIRLET7E	ERO1A
MIRLET7C	MIRLET7E	CLCN5
MIRLET7C	MIRLET7E	IGF2BP2
MIRLET7C	MIRLET7E	ZNF275
MIRLET7C	MIRLET7E	KLHL31
MIRLET7C	MIRLET7E	IRS2
MIRLET7C	MIRLET7E	FRMD4B
MIRLET7C	MIRLET7E	RAB11FIP4
MIRLET7C	MIRLET7E	IGF2BP3
MIRLET7C	MIRLET7E	C5orf51
MIRLET7C	MIRLET7E	EIF4G2
MIRLET7C	MIRLET7E	SLC20A1
MIRLET7C	MIRLET7E	RAMAC
MIRLET7C	MIRLET7E	GALNT1
MIRLET7C	MIRLET7E	UTRN
MIRLET7C	MIRLET7E	ANKRD46
MIRLET7C	MIRLET7E	LIMD2
MIRLET7C	MIRLET7E	PTPRD
MIRLET7C	MIRLET7E	DMD
MIRLET7C	MIRLET7E	MAP3K1
MIRLET7C	MIRLET7E	IGF1R
MIRLET7C	MIRLET7E	KCTD21
MIRLET7C	MIRLET7E	KSR2
MIRLET7C	MIRLET7E	SLC66A1
MIRLET7C	MIRLET7E	PGRMC1
MIRLET7C	MIRLET7E	DDI2
MIRLET7C	MIRLET7E	GALE
MIRLET7C	MIRLET7E	FIGN
MIRLET7C	MIRLET7E	HMGA2
MIRLET7C	MIRLET7E	PDPR
MIRLET7C	MIRLET7E	IGF2BP1
MIRLET7C	MIRLET7E	YOD1
MIRLET7C	MIRLET7E	PAPPA
MIRLET7C	MIRLET7E	HAND1
MIRLET7C	MIRLET7E	BEND4
MIRLET7C	MIRLET7E	PTAFR
MIRLET7C	MIRLET7E	ZFYVE26
MIRLET7C	MIRLET7E	E2F6
MIRLET7C	MIRLET7E	RDX
MIRLET7C	MIRLET7E	DDX19A
MIRLET7C	MIRLET7E	COIL
MIRLET7C	MIRLET7E	FOXP2
MIRLET7C	MIRLET7E	XKR8
MIRLET7C	MIRLET7E	TRIM71
MIRLET7C	MIRLET7E	GNPTAB
MIRLET7C	MIRLET7E	SPRYD4
MIRLET7C	MIRLET7E	BEGAIN
MIRLET7C	MIRLET7E	COL1A2
MIRLET7C	MIRLET7E	INTS6L
MIRLET7C	MIRLET7E	ZNF341
MIRLET7C	MIRLET7E	CNTRL
MIRLET7C	MIRLET7E	CEMIP2
MIRLET7C	MIRLET7E	CCND2
MIRLET7C	MIRLET7E	ZNF512B
MIRLET7C	MIRLET7E	CDV3
MIRLET7C	MIRLET7E	ARL4D
MIRLET7C	MIRLET7E	RAP1B
MIRLET7C	MIRLET7E	PALD1
MIRLET7C	MIRLET7E	ARHGAP28
MIRLET7C	MIRLET7E	FAM214B
MIRLET7C	MIRLET7E	ZNF583
MIRLET7C	MIRLET7E	MIB1
MIRLET7C	MIRLET7E	PBX2P1
MIRLET7C	MIRLET7E	NEK3
MIRLET7C	MIRLET7E	PRPF38B
MIRLET7C	MIRLET7E	MGAT4A
MIRLET7C	MIRLET7E	E2F5
MIRLET7C	MIRLET7E	TBKBP1
MIRLET7C	MIRLET7E	NKD1
MIRLET7C	MIRLET7E	DDX19B
MIRLET7C	MIRLET7E	CPA4
MIRLET7C	MIRLET7E	CASP3
MIRLET7C	MIRLET7E	FNIP1
MIRLET7C	MIRLET7E	GAS7
MIRLET7C	MIRLET7E	TGFBR1
MIRLET7C	MIRLET7E	SMARCAD1
MIRLET7C	MIRLET7E	GXYLT1
MIRLET7C	MIRLET7E	ZNF710
MIRLET7C	MIRLET7E	MAPK6
MIRLET7C	MIRLET7E	CLDN12
MIRLET7C	MIRLET7E	SLF2
MIRLET7C	MIRLET7E	HOXA1
MIRLET7C	MIRLET7E	LIN28B
MIRLET7C	MIRLET7E	PRTG
MIRLET7C	MIRLET7E	STARD13
MIRLET7C	MIRLET7E	NME6
MIRLET7C	MIRLET7E	MARS2
MIRLET7C	MIRLET7E	ELP1
MIRLET7C	MIRLET7E	PRRX1
MIRLET7C	MIRLET7E	STX3
MIRLET7C	MIRLET7E	PLA2G3
MIRLET7C	MIRLET7E	NR6A1
MIRLET7C	MIRLET7E	GIPC1
MIRLET7C	MIRLET7E	BACH1
MIRLET7C	MIRLET7E	ONECUT2
MIRLET7C	MIRLET7E	LIN28A
MIRLET7C	MIRLET7E	GPCPD1
MIRLET7C	MIRLET7E	ORC4
MIRLET7C	MIRLET7E	SLC25A24
MIRLET7C	MIRLET7E	HIC2
MIRLET7C	MIRLET7E	USP38
MIRLET7C	MIRLET7E	NDST2
MIRLET7C	MIRLET7E	RFX6
MIRLET7C	MIRLET7E	APBB3
MIRLET7C	MIRLET7E	CDC34
MIRLET7C	MIRLET7E	C14orf28
MIRLET7C	MIRLET7E	GAN
MIRLET7C	MIRLET7E	LPGAT1
MIRLET7C	MIRLET7E	RDH10
MIRLET7C	MIRLET7E	LCOR
MIRLET7C	MIRLET7E	RSPO2
MIRLET7C	MIRLET7E	GNG5
MIRLET7C	MIRLET7E	GATM
MIRLET7C	MIRLET7E	ARRDC4
MIRLET7C	MIRLET7E	BZW1
MIRLET7C	MIRLET7E	LGR4
MIRLET7C	MIRLET7E	KLF9
MIRLET7C	MIRLET7E	ABCC5
MIRLET7C	MIRLET7E	CPEB2
MIRLET7C	MIRLET7E	CCNJ
MIRLET7C	MIRLET7E	GPR26
MIRLET7C	MIRLET7E	SEMA4C
MIRLET7C	MIRLET7E	ELAVL2
MIRLET7C	MIRLET7E	BCAT1
MIRLET7C	MIRLET7E	ITGB3
MIRLET7D	MIRLET7G	PPP1R15B
MIRLET7D	MIRLET7G	LRIG3
MIRLET7D	MIRLET7G	SLC12A9
MIRLET7D	MIRLET7G	GALC
MIRLET7D	MIRLET7G	SMC1A
MIRLET7D	MIRLET7G	DUSP16
MIRLET7D	MIRLET7G	FAM118A
MIRLET7D	MIRLET7G	CPEB3
MIRLET7D	MIRLET7G	EOGT
MIRLET7D	MIRLET7G	MAP4K3
MIRLET7D	MIRLET7G	NRAS
MIRLET7D	MIRLET7G	ACVR1C
MIRLET7D	MIRLET7G	AHCTF1
MIRLET7D	MIRLET7G	NHLRC3
MIRLET7D	MIRLET7G	SLC35D2
MIRLET7D	MIRLET7G	ADRB2
MIRLET7D	MIRLET7G	ADAMTS8
MIRLET7D	MIRLET7G	HMGA1
MIRLET7D	MIRLET7G	NAA30
MIRLET7D	MIRLET7G	GRPEL2
MIRLET7D	MIRLET7G	MBTD1
MIRLET7D	MIRLET7G	PBX3
MIRLET7D	MIRLET7G	RUFY3
MIRLET7D	MIRLET7G	LRIG2
MIRLET7D	MIRLET7G	PARD6B
MIRLET7D	MIRLET7G	CPEB1
MIRLET7D	MIRLET7G	PDE12
MIRLET7D	MIRLET7G	IGDCC3
MIRLET7D	MIRLET7G	NAP1L1
MIRLET7D	MIRLET7G	USP44
MIRLET7D	MIRLET7G	SLC25A27
MIRLET7D	MIRLET7G	ADRB1
MIRLET7D	MIRLET7G	RNF20
MIRLET7D	MIRLET7G	TARBP2
MIRLET7D	MIRLET7G	SCD
MIRLET7D	MIRLET7G	PIGA
MIRLET7D	MIRLET7G	CEP135
MIRLET7D	MIRLET7G	C8orf58
MIRLET7D	MIRLET7G	TTLL4
MIRLET7D	MIRLET7G	FNDC3A
MIRLET7D	MIRLET7G	IL13
MIRLET7D	MIRLET7G	ERO1A
MIRLET7D	MIRLET7G	CLCN5
MIRLET7D	MIRLET7G	IGF2BP2
MIRLET7D	MIRLET7G	ZNF275
MIRLET7D	MIRLET7G	AGO4
MIRLET7D	MIRLET7G	IRS2
MIRLET7D	MIRLET7G	FRMD4B
MIRLET7D	MIRLET7G	RAB11FIP4
MIRLET7D	MIRLET7G	IGF2BP3
MIRLET7D	MIRLET7G	RIOK3
MIRLET7D	MIRLET7G	C5orf51
MIRLET7D	MIRLET7G	KIF5B
MIRLET7D	MIRLET7G	EIF4G2
MIRLET7D	MIRLET7G	SLC20A1
MIRLET7D	MIRLET7G	RAMAC
MIRLET7D	MIRLET7G	GALNT1
MIRLET7D	MIRLET7G	UTRN
MIRLET7D	MIRLET7G	ANKRD46
MIRLET7D	MIRLET7G	LIMD2
MIRLET7D	MIRLET7G	PTPRD
MIRLET7D	MIRLET7G	DMD
MIRLET7D	MIRLET7G	IGF1R
MIRLET7D	MIRLET7G	ELF4
MIRLET7D	MIRLET7G	SNAP91
MIRLET7D	MIRLET7G	KCTD21
MIRLET7D	MIRLET7G	PGRMC1
MIRLET7D	MIRLET7G	DDI2
MIRLET7D	MIRLET7G	FIGN
MIRLET7D	MIRLET7G	HMGA2
MIRLET7D	MIRLET7G	PDPR
MIRLET7D	MIRLET7G	IGF2BP1
MIRLET7D	MIRLET7G	YOD1
MIRLET7D	MIRLET7G	CLASP2
MIRLET7D	MIRLET7G	PAPPA
MIRLET7D	MIRLET7G	HAND1
MIRLET7D	MIRLET7G	TGFBR3
MIRLET7D	MIRLET7G	BEND4
MIRLET7D	MIRLET7G	PTAFR
MIRLET7D	MIRLET7G	ZFYVE26
MIRLET7D	MIRLET7G	PPP1CC
MIRLET7D	MIRLET7G	RDX
MIRLET7D	MIRLET7G	DDX19A
MIRLET7D	MIRLET7G	COIL
MIRLET7D	MIRLET7G	FOXP2
MIRLET7D	MIRLET7G	XKR8
MIRLET7D	MIRLET7G	TRIM71
MIRLET7D	MIRLET7G	GNPTAB
MIRLET7D	MIRLET7G	SPRYD4
MIRLET7D	MIRLET7G	BEGAIN
MIRLET7D	MIRLET7G	COL1A2
MIRLET7D	MIRLET7G	ZNF341
MIRLET7D	MIRLET7G	GDF6
MIRLET7D	MIRLET7G	CNTRL
MIRLET7D	MIRLET7G	CEMIP2
MIRLET7D	MIRLET7G	CCND2
MIRLET7D	MIRLET7G	KMT2D
MIRLET7D	MIRLET7G	ZNF512B
MIRLET7D	MIRLET7G	CDV3
MIRLET7D	MIRLET7G	ARL4D
MIRLET7D	MIRLET7G	PALD1
MIRLET7D	MIRLET7G	ARHGAP28
MIRLET7D	MIRLET7G	ZNF583
MIRLET7D	MIRLET7G	MIB1
MIRLET7D	MIRLET7G	NEK3
MIRLET7D	MIRLET7G	PRPF38B
MIRLET7D	MIRLET7G	MGAT4A
MIRLET7D	MIRLET7G	E2F5
MIRLET7D	MIRLET7G	TBKBP1
MIRLET7D	MIRLET7G	NKD1
MIRLET7D	MIRLET7G	DDX19B
MIRLET7D	MIRLET7G	ZNF644
MIRLET7D	MIRLET7G	RBMS1
MIRLET7D	MIRLET7G	CPA4
MIRLET7D	MIRLET7G	CASP3
MIRLET7D	MIRLET7G	FNIP1
MIRLET7D	MIRLET7G	GAS7
MIRLET7D	MIRLET7G	TGFBR1
MIRLET7D	MIRLET7G	SMARCAD1
MIRLET7D	MIRLET7G	GXYLT1
MIRLET7D	MIRLET7G	ZNF710
MIRLET7D	MIRLET7G	NGF
MIRLET7D	MIRLET7G	MAPK6
MIRLET7D	MIRLET7G	PRTG
MIRLET7D	MIRLET7G	SLF2
MIRLET7D	MIRLET7G	HOXA1
MIRLET7D	MIRLET7G	LIN28B
MIRLET7D	MIRLET7G	EFHD2
MIRLET7D	MIRLET7G	NME6
MIRLET7D	MIRLET7G	MARS2
MIRLET7D	MIRLET7G	STX3
MIRLET7D	MIRLET7G	BACH1
MIRLET7D	MIRLET7G	HOXD1
MIRLET7D	MIRLET7G	LIN28A
MIRLET7D	MIRLET7G	ELOVL4
MIRLET7D	MIRLET7G	SLC25A24
MIRLET7D	MIRLET7G	HIC2
MIRLET7D	MIRLET7G	USP38
MIRLET7D	MIRLET7G	RFX6
MIRLET7D	MIRLET7G	CDC34
MIRLET7D	MIRLET7G	ATP2A2
MIRLET7D	MIRLET7G	C14orf28
MIRLET7D	MIRLET7G	GAN
MIRLET7D	MIRLET7G	LPGAT1
MIRLET7D	MIRLET7G	LCOR
MIRLET7D	MIRLET7G	RSPO2
MIRLET7D	MIRLET7G	GNG5
MIRLET7D	MIRLET7G	GATM
MIRLET7D	MIRLET7G	ARRDC4
MIRLET7D	MIRLET7G	BZW1
MIRLET7D	MIRLET7G	LGR4
MIRLET7D	MIRLET7G	KLF9
MIRLET7D	MIRLET7G	ABCC5
MIRLET7D	MIRLET7G	CPEB2
MIRLET7D	MIRLET7G	CCNJ
MIRLET7D	MIRLET7G	GPR26
MIRLET7D	MIRLET7G	SEMA4C
MIRLET7D	MIRLET7G	ELAVL2
MIRLET7D	MIRLET7G	BCAT1
MIRLET7D	MIRLET7G	ITGB3
MIRLET7D	MIRLET7I	PPP1R15B
MIRLET7D	MIRLET7I	LRIG3
MIRLET7D	MIRLET7I	SLC12A9
MIRLET7D	MIRLET7I	GALC
MIRLET7D	MIRLET7I	SMC1A
MIRLET7D	MIRLET7I	CPEB3
MIRLET7D	MIRLET7I	EOGT
MIRLET7D	MIRLET7I	MAP4K3
MIRLET7D	MIRLET7I	NRAS
MIRLET7D	MIRLET7I	CYP19A1
MIRLET7D	MIRLET7I	ACVR1C
MIRLET7D	MIRLET7I	AHCTF1
MIRLET7D	MIRLET7I	NHLRC3
MIRLET7D	MIRLET7I	SLC35D2
MIRLET7D	MIRLET7I	ADRB2
MIRLET7D	MIRLET7I	UHRF2
MIRLET7D	MIRLET7I	ADAMTS8
MIRLET7D	MIRLET7I	HMGA1
MIRLET7D	MIRLET7I	NAA30
MIRLET7D	MIRLET7I	GRPEL2
MIRLET7D	MIRLET7I	PBX3
MIRLET7D	MIRLET7I	RUFY3
MIRLET7D	MIRLET7I	LRIG2
MIRLET7D	MIRLET7I	PARD6B
MIRLET7D	MIRLET7I	CPEB1
MIRLET7D	MIRLET7I	PDE12
MIRLET7D	MIRLET7I	IGDCC3
MIRLET7D	MIRLET7I	NAP1L1
MIRLET7D	MIRLET7I	SLC25A27
MIRLET7D	MIRLET7I	RNF20
MIRLET7D	MIRLET7I	SCD
MIRLET7D	MIRLET7I	PIGA
MIRLET7D	MIRLET7I	CEP135
MIRLET7D	MIRLET7I	C8orf58
MIRLET7D	MIRLET7I	HOOK1
MIRLET7D	MIRLET7I	TTLL4
MIRLET7D	MIRLET7I	FNDC3A
MIRLET7D	MIRLET7I	IL13
MIRLET7D	MIRLET7I	ERO1A
MIRLET7D	MIRLET7I	CLCN5
MIRLET7D	MIRLET7I	IGF2BP2
MIRLET7D	MIRLET7I	ZNF275
MIRLET7D	MIRLET7I	IRS2
MIRLET7D	MIRLET7I	FRMD4B
MIRLET7D	MIRLET7I	COL12A1
MIRLET7D	MIRLET7I	RAB11FIP4
MIRLET7D	MIRLET7I	IGF2BP3
MIRLET7D	MIRLET7I	RIOK3
MIRLET7D	MIRLET7I	C5orf51
MIRLET7D	MIRLET7I	EIF4G2
MIRLET7D	MIRLET7I	DPH3
MIRLET7D	MIRLET7I	ZFP36L2
MIRLET7D	MIRLET7I	GALNT1
MIRLET7D	MIRLET7I	RAMAC
MIRLET7D	MIRLET7I	UTRN
MIRLET7D	MIRLET7I	ANKRD46
MIRLET7D	MIRLET7I	LIMD2
MIRLET7D	MIRLET7I	PTPRD
MIRLET7D	MIRLET7I	DMD
MIRLET7D	MIRLET7I	MAP3K1
MIRLET7D	MIRLET7I	IGF1R
MIRLET7D	MIRLET7I	ELF4
MIRLET7D	MIRLET7I	KCTD21
MIRLET7D	MIRLET7I	PGRMC1
MIRLET7D	MIRLET7I	DDI2
MIRLET7D	MIRLET7I	GALE
MIRLET7D	MIRLET7I	FIGN
MIRLET7D	MIRLET7I	HMGA2
MIRLET7D	MIRLET7I	PDPR
MIRLET7D	MIRLET7I	MLLT10
MIRLET7D	MIRLET7I	IGF2BP1
MIRLET7D	MIRLET7I	YOD1
MIRLET7D	MIRLET7I	CLASP2
MIRLET7D	MIRLET7I	PAPPA
MIRLET7D	MIRLET7I	HAND1
MIRLET7D	MIRLET7I	TGFBR3
MIRLET7D	MIRLET7I	BEND4
MIRLET7D	MIRLET7I	PTAFR
MIRLET7D	MIRLET7I	ZFYVE26
MIRLET7D	MIRLET7I	RDX
MIRLET7D	MIRLET7I	DDX19A
MIRLET7D	MIRLET7I	COIL
MIRLET7D	MIRLET7I	FOXP2
MIRLET7D	MIRLET7I	XKR8
MIRLET7D	MIRLET7I	TRIM71
MIRLET7D	MIRLET7I	GNPTAB
MIRLET7D	MIRLET7I	SPRYD4
MIRLET7D	MIRLET7I	BEGAIN
MIRLET7D	MIRLET7I	COL1A2
MIRLET7D	MIRLET7I	ZNF341
MIRLET7D	MIRLET7I	GDF6
MIRLET7D	MIRLET7I	CNTRL
MIRLET7D	MIRLET7I	CEMIP2
MIRLET7D	MIRLET7I	EEF2K
MIRLET7D	MIRLET7I	FGD6
MIRLET7D	MIRLET7I	CCND2
MIRLET7D	MIRLET7I	KMT2D
MIRLET7D	MIRLET7I	TET3
MIRLET7D	MIRLET7I	ZNF512B
MIRLET7D	MIRLET7I	CDV3
MIRLET7D	MIRLET7I	ARL4D
MIRLET7D	MIRLET7I	PALD1
MIRLET7D	MIRLET7I	ARHGAP28
MIRLET7D	MIRLET7I	ZNF583
MIRLET7D	MIRLET7I	MIB1
MIRLET7D	MIRLET7I	NEK3
MIRLET7D	MIRLET7I	PRPF38B
MIRLET7D	MIRLET7I	MGAT4A
MIRLET7D	MIRLET7I	E2F5
MIRLET7D	MIRLET7I	TBKBP1
MIRLET7D	MIRLET7I	NKD1
MIRLET7D	MIRLET7I	DDX19B
MIRLET7D	MIRLET7I	ZNF644
MIRLET7D	MIRLET7I	CPA4
MIRLET7D	MIRLET7I	CASP3
MIRLET7D	MIRLET7I	FNIP1
MIRLET7D	MIRLET7I	GAS7
MIRLET7D	MIRLET7I	TGFBR1
MIRLET7D	MIRLET7I	SMARCAD1
MIRLET7D	MIRLET7I	ZNF710
MIRLET7D	MIRLET7I	NGF
MIRLET7D	MIRLET7I	MAPK6
MIRLET7D	MIRLET7I	PRTG
MIRLET7D	MIRLET7I	SLF2
MIRLET7D	MIRLET7I	HOXA1
MIRLET7D	MIRLET7I	LIN28B
MIRLET7D	MIRLET7I	EFHD2
MIRLET7D	MIRLET7I	NME6
MIRLET7D	MIRLET7I	MARS2
MIRLET7D	MIRLET7I	ELP1
MIRLET7D	MIRLET7I	STX3
MIRLET7D	MIRLET7I	NR6A1
MIRLET7D	MIRLET7I	BACH1
MIRLET7D	MIRLET7I	LIN28A
MIRLET7D	MIRLET7I	ELOVL4
MIRLET7D	MIRLET7I	KMT2B
MIRLET7D	MIRLET7I	SLC25A24
MIRLET7D	MIRLET7I	HIC2
MIRLET7D	MIRLET7I	USP38
MIRLET7D	MIRLET7I	RFX6
MIRLET7D	MIRLET7I	CDC34
MIRLET7D	MIRLET7I	ATP2A2
MIRLET7D	MIRLET7I	C14orf28
MIRLET7D	MIRLET7I	GAN
MIRLET7D	MIRLET7I	LPGAT1
MIRLET7D	MIRLET7I	RDH10
MIRLET7D	MIRLET7I	LCOR
MIRLET7D	MIRLET7I	GNG5
MIRLET7D	MIRLET7I	GATM
MIRLET7D	MIRLET7I	ARRDC4
MIRLET7D	MIRLET7I	BZW1
MIRLET7D	MIRLET7I	LGR4
MIRLET7D	MIRLET7I	ABCC5
MIRLET7D	MIRLET7I	CPEB2
MIRLET7D	MIRLET7I	CCNJ
MIRLET7D	MIRLET7I	GPR26
MIRLET7D	MIRLET7I	SEMA4C
MIRLET7D	MIRLET7I	BCAT1
MIRLET7D	MIRLET7I	ITGB3
MIRLET7G	MIRLET7I	PPP1R15B
MIRLET7G	MIRLET7I	LRIG3
MIRLET7G	MIRLET7I	SLC12A9
MIRLET7G	MIRLET7I	GALC
MIRLET7G	MIRLET7I	SMC1A
MIRLET7G	MIRLET7I	CPEB3
MIRLET7G	MIRLET7I	EOGT
MIRLET7G	MIRLET7I	STAG2
MIRLET7G	MIRLET7I	MAP4K3
MIRLET7G	MIRLET7I	NRAS
MIRLET7G	MIRLET7I	ACVR1C
MIRLET7G	MIRLET7I	AHCTF1
MIRLET7G	MIRLET7I	RB1CC1
MIRLET7G	MIRLET7I	NHLRC3
MIRLET7G	MIRLET7I	SLC35D2
MIRLET7G	MIRLET7I	ADRB2
MIRLET7G	MIRLET7I	ADAMTS8
MIRLET7G	MIRLET7I	HMGA1
MIRLET7G	MIRLET7I	NAA30
MIRLET7G	MIRLET7I	GRPEL2
MIRLET7G	MIRLET7I	PBX3
MIRLET7G	MIRLET7I	RUFY3
MIRLET7G	MIRLET7I	LRIG2
MIRLET7G	MIRLET7I	PARD6B
MIRLET7G	MIRLET7I	CPEB1
MIRLET7G	MIRLET7I	PDE12
MIRLET7G	MIRLET7I	IGDCC3
MIRLET7G	MIRLET7I	NAP1L1
MIRLET7G	MIRLET7I	SLC25A27
MIRLET7G	MIRLET7I	RNF20
MIRLET7G	MIRLET7I	SCD
MIRLET7G	MIRLET7I	PIGA
MIRLET7G	MIRLET7I	LBR
MIRLET7G	MIRLET7I	ARID3B
MIRLET7G	MIRLET7I	CEP135
MIRLET7G	MIRLET7I	C8orf58
MIRLET7G	MIRLET7I	DTX2
MIRLET7G	MIRLET7I	TTLL4
MIRLET7G	MIRLET7I	FNDC3A
MIRLET7G	MIRLET7I	IL13
MIRLET7G	MIRLET7I	SSH1
MIRLET7G	MIRLET7I	ERO1A
MIRLET7G	MIRLET7I	CLCN5
MIRLET7G	MIRLET7I	IGF2BP2
MIRLET7G	MIRLET7I	ZNF275
MIRLET7G	MIRLET7I	IRS2
MIRLET7G	MIRLET7I	FRMD4B
MIRLET7G	MIRLET7I	RAB11FIP4
MIRLET7G	MIRLET7I	IGF2BP3
MIRLET7G	MIRLET7I	RIOK3
MIRLET7G	MIRLET7I	C5orf51
MIRLET7G	MIRLET7I	PCGF3
MIRLET7G	MIRLET7I	EIF4G2
MIRLET7G	MIRLET7I	GCNT4
MIRLET7G	MIRLET7I	RAMAC
MIRLET7G	MIRLET7I	GALNT1
MIRLET7G	MIRLET7I	UTRN
MIRLET7G	MIRLET7I	ANKRD46
MIRLET7G	MIRLET7I	LIMD2
MIRLET7G	MIRLET7I	PTPRD
MIRLET7G	MIRLET7I	DMD
MIRLET7G	MIRLET7I	IGF1R
MIRLET7G	MIRLET7I	DIAPH2
MIRLET7G	MIRLET7I	ELF4
MIRLET7G	MIRLET7I	KCTD21
MIRLET7G	MIRLET7I	PGRMC1
MIRLET7G	MIRLET7I	DDI2
MIRLET7G	MIRLET7I	FIGN
MIRLET7G	MIRLET7I	HMGA2
MIRLET7G	MIRLET7I	PDPR
MIRLET7G	MIRLET7I	IGF2BP1
MIRLET7G	MIRLET7I	YOD1
MIRLET7G	MIRLET7I	CLASP2
MIRLET7G	MIRLET7I	PAPPA
MIRLET7G	MIRLET7I	HAND1
MIRLET7G	MIRLET7I	TGFBR3
MIRLET7G	MIRLET7I	BEND4
MIRLET7G	MIRLET7I	PTAFR
MIRLET7G	MIRLET7I	ZFYVE26
MIRLET7G	MIRLET7I	KCTD17
MIRLET7G	MIRLET7I	RDX
MIRLET7G	MIRLET7I	DDX19A
MIRLET7G	MIRLET7I	COIL
MIRLET7G	MIRLET7I	FOXP2
MIRLET7G	MIRLET7I	XKR8
MIRLET7G	MIRLET7I	TRIM71
MIRLET7G	MIRLET7I	GNPTAB
MIRLET7G	MIRLET7I	SPRYD4
MIRLET7G	MIRLET7I	BEGAIN
MIRLET7G	MIRLET7I	SOCS6
MIRLET7G	MIRLET7I	COL1A2
MIRLET7G	MIRLET7I	RALB
MIRLET7G	MIRLET7I	MED8
MIRLET7G	MIRLET7I	GDF6
MIRLET7G	MIRLET7I	ZNF341
MIRLET7G	MIRLET7I	CNTRL
MIRLET7G	MIRLET7I	CEMIP2
MIRLET7G	MIRLET7I	CCND2
MIRLET7G	MIRLET7I	KMT2D
MIRLET7G	MIRLET7I	ZNF512B
MIRLET7G	MIRLET7I	CDV3
MIRLET7G	MIRLET7I	ARL4D
MIRLET7G	MIRLET7I	PALD1
MIRLET7G	MIRLET7I	ARHGAP28
MIRLET7G	MIRLET7I	ZNF583
MIRLET7G	MIRLET7I	MIB1
MIRLET7G	MIRLET7I	NEK3
MIRLET7G	MIRLET7I	PRPF38B
MIRLET7G	MIRLET7I	MGAT4A
MIRLET7G	MIRLET7I	E2F5
MIRLET7G	MIRLET7I	TBKBP1
MIRLET7G	MIRLET7I	NKD1
MIRLET7G	MIRLET7I	DDX19B
MIRLET7G	MIRLET7I	ZNF644
MIRLET7G	MIRLET7I	CPA4
MIRLET7G	MIRLET7I	CASP3
MIRLET7G	MIRLET7I	FNIP1
MIRLET7G	MIRLET7I	GAS7
MIRLET7G	MIRLET7I	ZNF200
MIRLET7G	MIRLET7I	TGFBR1
MIRLET7G	MIRLET7I	SMARCAD1
MIRLET7G	MIRLET7I	ZNF710
MIRLET7G	MIRLET7I	NGF
MIRLET7G	MIRLET7I	MAPK6
MIRLET7G	MIRLET7I	CLDN12
MIRLET7G	MIRLET7I	SLF2
MIRLET7G	MIRLET7I	HOXA1
MIRLET7G	MIRLET7I	LIN28B
MIRLET7G	MIRLET7I	PRTG
MIRLET7G	MIRLET7I	EFHD2
MIRLET7G	MIRLET7I	NME6
MIRLET7G	MIRLET7I	MARS2
MIRLET7G	MIRLET7I	STX3
MIRLET7G	MIRLET7I	BACH1
MIRLET7G	MIRLET7I	ONECUT2
MIRLET7G	MIRLET7I	LIN28A
MIRLET7G	MIRLET7I	ELOVL4
MIRLET7G	MIRLET7I	GPCPD1
MIRLET7G	MIRLET7I	SLC25A24
MIRLET7G	MIRLET7I	HIC2
MIRLET7G	MIRLET7I	USP38
MIRLET7G	MIRLET7I	RFX6
MIRLET7G	MIRLET7I	APBB3
MIRLET7G	MIRLET7I	CDC34
MIRLET7G	MIRLET7I	ATP2A2
MIRLET7G	MIRLET7I	C14orf28
MIRLET7G	MIRLET7I	GAN
MIRLET7G	MIRLET7I	LPGAT1
MIRLET7G	MIRLET7I	LCOR
MIRLET7G	MIRLET7I	GNG5
MIRLET7G	MIRLET7I	GATM
MIRLET7G	MIRLET7I	ARRDC4
MIRLET7G	MIRLET7I	BZW1
MIRLET7G	MIRLET7I	LGR4
MIRLET7G	MIRLET7I	ATP2B4
MIRLET7G	MIRLET7I	ABCC5
MIRLET7G	MIRLET7I	CPEB2
MIRLET7G	MIRLET7I	PLEKHH1
MIRLET7G	MIRLET7I	CCNJ
MIRLET7G	MIRLET7I	GPR26
MIRLET7G	MIRLET7I	SEMA4C
MIRLET7G	MIRLET7I	BCAT1
MIRLET7G	MIRLET7I	ITGB3
